a	ei	第一个字母 A; 一个; 第一的
abacus	'æbәkәs	n. 算盘
abacuses	'æbəkəs	n. 算盘
abacuss	'æbəkəs	n. 算盘；【建筑学】(圆柱)顶板
abandon	ә'bændәn	vt. 放弃, 抛弃, 遗弃, 使屈从, 沉溺, 放纵
abandoned	ә'bændәnd	a. 被抛弃的, 无约束的, 恣意放荡的
abandoner	ә'bændәnә	n. 遗弃者, 委付者
abandoning		v. 放弃；屈服（abandon的现在分词）
abandons	əˈbændənz	v. 离弃( abandon的第三人称单数 ); 放弃; 遗弃; 陷入
abbreviation	ә.bri:vi'eiʃәn	n. 缩写词, 缩写, 缩短, 节略
abbreviations	əbri:v'ɪeɪʃnz	n. 缩写( abbreviation的复数形式 ); 缩写词; 略语
abide	ә'baid	vi. 停留, 遵守, 居留, 继续下去
abided		abide的过去式和过去分词
abider	ə'baɪd	vi. 停留；逗留；等候：；保持, 继续存在；持续：
abides	əˈbaidz	v. 容忍( abide的第三人称单数 ); 等候; 逗留; 停留
abidest	ə'baɪd	vi. 停留；逗留；等候：；保持，继续存在；持续：
abigail	'æbigeil	n. 贴身使女
abigails		(abigail 的复数) n. 贴身使女
abilities		n. 能力, 才能（ability的复数形式）
ability	ә'biliti	n. 能力, 才干
abilitys		n. 本领
able	'eibl	a. 能干的, 能够的
abled	'eibld	a. [前面往往带副词] (体格)强壮的, 身体(或体格)健全的；无残疾的
abler		n. 阿伯勒（男子名）
ables		埃布尔斯
ablest	ˈeɪblɪst	a. 能够…的( able的最高级 ); 得以…的; 有才干的; 有本事的
abnormal	æb'nɒ:mәl	a. 反常的, 不规则的, 变态的, 畸形的
abnormals		(abnormal 的复数) a. 反常的, 不规则的, 变态的, 畸形的
aboard	ә'bɒ:d	adv. 在船上, 在火车上, 在飞机上
abolish	ә'bɒliʃ	vt. 废止, 革除, 消灭
abolished		v. 彻底废除；摧毁（abolish的过去分词）
abolisher	ә'bɒliʃә	n. 废除者
abolishes	əˈbɔliʃiz	v. 废除, 废止( abolish的第三人称单数 )
abolishing	ə'bɒlɪʃ	vt. 废除, 废止；取消, 革除
abolition	.æbәu'liʃәn	n. 废除, 废奴运动
abolitions	网络	[原型] abolitions 是 abolition 的复数
aboriginal	.æbә'ridʒәnәl	a. 原始的, 土著的
aboriginals		n. 土著居民（aboriginal复数）
abortion	ә'bɒ:ʃәn	n. 流产, 堕胎, 失败, 夭折, 中止
abortions	ə'bɔ:ʃnz	n. 小产( abortion的复数形式 ); 小产胎儿; （计划）等中止或夭折; <生>败育
about	ә'baut	prep. 在...周围, 大约, 有关, 关于
abouts	ə'baʊt	prep. 关于；大约
above	ә'bʌv	prep. 在上方, 超出
abover	ə'bʌv	adv. 在上头，在顶上，在上方；在(或向)上面，在(或向)较高处；在(或向)楼上；在(或向)上游处
aboves	ə'bʌv	prep. 超过；在……上面；在……之上
abovest	ə'bʌv	adv. 在上头，在顶上，在上方；在(或向)上面，在(或向)较高处；在(或向)楼上；在(或向)上游处
abroad	ә'brɒ:d	adv. 往国外, 到室外, 到处
abrupt	ә'brʌpt	a. 突然的, 唐突的, 陡峭的, 不连贯的
abruptest	ə'brʌpt	abrupt
abrupting	ə'brʌpt	adj. 生硬的；突然的；唐突的；陡峭的
abruptly	ә'brʌptli	adv. 突然地, 唐突地
abrupts	ə'brʌpt	adj. 生硬的；突然的；唐突的；陡峭的
abseil	'ɑ:bzail	n. (登山运动中的)沿绳滑下法
abseiled	ˈɑ:bzaild	v. （登山运动中的）沿绳滑下法( abseil的过去式和过去分词 )
abseiler		n. 沿绳滑下法 (abseil的变形)
abseiling	æb'si:lɪŋ	v. （登山运动中的）沿绳滑下法( abseil的现在分词 )
abseils	ˈɑ:bzailz	v. （登山运动中的）沿绳滑下法( abseil的第三人称单数 )
absence	'æbsәns	n. 缺席, 缺乏, 没有
absences	ˈæbsənsiz	n. 缺席( absence的复数形式 ); 离开; 不在场的次数或时间; 缺乏
absent	'æbsәnt	a. 缺席的, 不在的, 缺乏的, 漫不经心的
absented	'æbs(ə)nt	a. 缺席的；缺少的；心不在焉的；茫然的
absenting	ˈæbsəntɪŋ	v. 缺席, 不参加, 不在( absent的现在分词 )
absents	ˈæbsənts	v. 缺席, 不参加, 不在( absent的第三人称单数 )
absolute	'æbsәlu:t	a. 绝对的, 专制的, 完全的, 独立的
absolutely	'æbsәlu:tli	adv. 完全地, 绝对地, 确确实实地
absoluter	'æbsəluːt	adj. 完全的；全然的；全部的；纯粹的；不掺杂的，不掺假的；纯的，无水的
absolutes	ˈæbsəlju:ts	n. 绝对真理（指思想或原理）( absolute的复数形式 )
absolutest	'æbsəluːt	adj. 完全的；全然的；全部的；纯粹的；不掺杂的，不掺假的；纯的，无水的
absorb	әb'sɒ:b	vt. 吸收, 使全神贯注, 同化, 买进, 理解, 承受, 忍受, 承担
absorbed	әb'sɒ:bd	a. 全神贯注的, 一心一意的
absorber	әb'sɔ:bә	n. 吸收器
absorbing	әb'sɒ:biŋ	a. 吸引人的, 非常有趣的
absorbs	əbˈsɔ:bz	v. 吸收（液体、气体等）( absorb的第三人称单数 ); 支付; 吞并; 理解
absorption	әb'sɒ:pʃәn	n. 吸收, 专心, 全神贯注
absorptions		(absorption 的复数) n. 吸收, 专心, 全神贯注
abstract	'æbstrækt	a. 抽象的, 深奥的
abstracted	æb'stræktid	a. 心不在焉的, 出神的, 分离出的
abstracter		n. 摘要；抽象；抽象的概念 (abstract的变形)
abstractest	'æbstrækt	adj. 抽象的，不具体的；(词语等)表示抽象概念的
abstracting	计	[原型] abstracting 是 abstract 的现在分词
abstracts	ˈæbstrækts	n. 抽象概念( abstract的名词复数 ); 抽象派艺术作品; 摘要
absurd	әb'sә:d	a. 荒谬的, 不合理的, 可笑的
absurder	网络	[原型] absurder 是 absurde 的比较级
absurdes	网络	[原型] absurdes 是 absurde 的复数
absurdest	网络	[原型] absurdest 是 absurde 的最高级
absurds		(absurd 的复数) a. 荒谬的, 不合理的, 可笑的
abundance	ә'bʌndәns	n. 丰富, 充足, 大量
abundances		(abundance 的复数) n. 丰富, 充足, 大量
abundant	ә'bʌndәnt	a. 丰富的, 充分的, 大量的
abundantes	网络	(abundante 的复数)
abuse	ә'bju:s.ә'bju:z	n. 滥用, 虐待, 恶习, 辱骂
abused		n. 受虐；滥用, 恶习
abuser		n. 滥用者
abuses		v. 滥用；虐待；辱骂（abuse的三单形式）
abusest	ə'bjuːz	vt. 滥用；妄用；误用：；[常用被动语态]虐待，酷待，伤害，凌辱：
academic	.ækә'demik	a. 学院的, 学术的, 不切实际的
academics	ækə'demɪks	n. 学习, 学术; 学者( academic的复数形式 ); 大学教师; [复数]（院校的）学术活动; [A-]柏拉图
academies		n. 院校（academy的复数形式）；学院
academy	ә'kædәmi	n. 学院, 院校, 学会
accelerate	әk'selәreit	v. 加速, 促进
accelerated	әk'selәreitid	a. 加快的
accelerates	ækˈseləreits	v. （使）加快, （使）增速( accelerate的第三人称单数 ); 促使…早日发生, 促进; [教育学]使（学生
acceleration	әk.selә'reiʃәn	n. 加速, 促进, 加速度
accelerations	ækˌseləˈreɪʃənz	n. 加速( acceleration的复数形式 ); <物>加速度; （车辆）加速能力; （优秀学生的）跳级
accent	'æksәnt	n. 重音, 口音, 特点, 注重点
accented	ˈæksentɪd	a. 带…腔调的；带…口音的
accenter	æk'sentə	n. ＝ accentor
accenting		v. 强调；重读；带着…口音讲话（accent的ing形式）
accents	ˈæksənts	n. 重音( accent的名词复数 ); 口音; 强调; 读音符号（标在字母上）
accept	әk'sept	vt. 接受, 承认, 同意, 相信, 赞成, 承担, 承兑, 采纳, 接纳, 容忍
acceptable	әk'septәbl	a. 可接受的, 合意的, 可忍受的
acceptance	әk'septәns	n. 接受, 接纳, 承认, 同意, 赞同, 容忍, 相信
acceptances	əkˈseptənsiz	n. 接受( acceptance的复数形式 ); 接纳; 无怨接受（逆境、困境等）; 赞成
accepted	әk'septid	a. 公认的, 一般承认的
accepter	әk'septә(r)	n. 领受人, 承兑人, 受体, 受主
acceptest	əkˈsɛpt	vt. 接受(所提供或给予的物品)；(尤指乐意地)收受；领受：；同意，答应；承认，认可：
accepting	әk'septiŋ	a. 易接受的；赞同的；[商业]承兑的
accepts		n. 合格品；良浆
access	'ækses	n. 通路, 入口, 接近, 进入, 使用权, 发作
accessaries		n. 辅件, 配件（accessary的复数）
accessary	әk'sesәri	a. 附属的, 附带的, 从犯的
accessed		vt. 接近, 进入（access的过去式与过去分词形式）
accesses	ˈæksesiz	n. 接近( access的名词复数 ); 增加; （感情等的）突发; 入口
accessible	әk'sesәbl	a. 易接近的, 可进入的, 可使用的, 易受影响的, 可理解的
accessing	计	[原型] accessing 是 access 的现在分词
accessories		n. 辅助程序；[计]附件（accessory的复数形式）
accessory	әk'sesәri	n. 附件, 零件, 附加物, 从犯, 同谋
accident	'æksidәnt	n. 意外事件, 机遇, 事故, 次要方面
accidental	.æksi'dentl	a. 意外的, 偶然的, 非主要的, 附属的
accidentals		(accidental 的复数) a. 意外的, 偶然的, 非主要的, 附属的
accidented	'æksidentid	a. 凹凸不平坦的
accidents		n. 意外事故；事故（accident的复数）
accommodate	ә'kɒmәdeit	vt. 使适应, 调和, 通融, 容纳, 向...提供
accommodated		v. 使适应（accommodate的过去式及过去分词形式）；安置；为…提供住宿
accommodates	əˈkɔmədeits	v. 容纳( accommodate的第三人称单数 ); 使适应; 向…提供住处; 帮忙
accommodation	ә.kɒmә'deiʃәn	n. 膳宿, 预订铺位, 适应性调节, 调和, 贷款
accommodations		n. 膳宿；住房, 住宿；居住设施（accommodation的复数）
accompanies	əˈkʌmpəniz	v. 陪伴( accompany的第三人称单数 ); 陪同; 伴随…同时发生; 伴奏
accompany	ә'kʌmpәni	vt. 陪伴, 伴随, 补充, 为...伴奏
accompanying		a. 随同的, 附见的
accomplish	ә'kʌmpliʃ	vt. 完成, 达到, 实现, 使完美
accomplished	ә'kʌmpliʃt	a. 完成的, 实现的, 有造诣的, 熟练的, 善社交的
accomplisher		n. accomplish的变形
accomplishes	əˈkɔmpliʃiz	v. 完成( accomplish的第三人称单数 ); 达到（目的）; 走完（路程、距离等）; 使完美
accomplishing		完成
accord	ә'kɒ:d	n. 一致, 调和, 协定
accordance	ә'kɒ:dәns	n. 一致, 和谐
accordances	网络	[原型] accordances 是 accordance 的复数
accorded	ə'kɔːd	n. 符合；一致；协议；自愿
accordest	ə'kɔːd	vt. 使和谐一致，使调和；使符合；使适合；调解：；把…给与，把…赠给；授予；给予(欢迎、称颂等)；让与：
according	ә'kɒ:diŋ	a. 相符的, 根据...而定的
accordingly	ә'kɒ:diŋli	adv. 相应地, 因此, 于是
accordings	ə'kɔːdɪŋ	adj. 一致的；相符的；调和的；和谐的；相应的
accords	əˈkɔ:dz	v. 给予( accord的第三人称单数 ); 使和谐一致; 使符合; 使适合
account	ә'kaunt	n. 报告, 解释, 估价, 理由, 利润, 算账, 帐目
accountancies	网络	[原型] accountancies 是 accountancy 的复数
accountancy	ә'kauntәnsi	n. 会计工作, 会计学
accountant	ә'kauntәnt	n. 会计人员, 会计师
accountants		会计人员
accounted		未予说明的
accountest	ə'kaʊnt	vt. 以为，认为，把…看做，把…视作：；钻研；分析；探究；考虑：
accounting	ә'kauntiŋ	n. 会计学, 帐单, 清帐
accounts		n. 账号；会计账簿；账目（account的复数）
accumulate	ә'kju:mjuleit	v. 积聚, 堆积
accumulated		a. 累计的；累积的；达到
accumulater		存布器；蓄电池；储液槽
accumulates	əˈkju:mjuleits	v. 堆积, 积累( accumulate的第三人称单数 ); （数量）逐渐增加, （质量）渐渐提高
accumulatest	ə'kjuːmjʊleɪt	vt. 积累；积攒；积聚；堆积：
accuracies	ˈækjurəsiz	n. 精确（性）, 准确（性）( accuracy的复数形式 )
accuracy	'ækjurәsi	n. 精确, 正确
accurate	'ækjurәt	a. 正确的, 精确的
accurater	'ækjʊrət	adj. 精确的；精密的；准确的，正确(无误)的
accusation	ækju:'zeiʃәn	n. 控告, 指控, 指责
accusations	ˌækju:ˈzeɪʃənz	n. 指责( accusation的复数形式 ); 指控; 控告; （被告发、控告的）罪名
accuse	ә'kju:z	vt. 指责, 控告, 归咎于
accused	ә'kju:zd	n. 被告
accuser	ә'kju:zә	n. 控诉者, 指责者
accuses	əˈkju:ziz	v. 指责, 谴责, 控告( accuse的第三人称单数 )
accusest	ə'kjuːz	vt. 指责，谴责；找毛病，找…的差错(of):；指控，控告，控诉(of)：
accustom	ә'kʌstәm	vt. 使习惯于
accustomed	ә'kʌstәmd	a. 惯常的, 习惯了的
accustomest	ə'kʌstəm	vt. 使习惯于(to)：
accustoming	ə'kʌstəm	vt. 使习惯于
accustoms	əˈkʌstəmz	v. （使）习惯于( accustom的第三人称单数 )
ache	eik	n. 疼痛
ached	eɪkt	疼痛
acher		n. 阿切尔（男子名）
aches	eikiz	n. 疼痛( ache的名词复数 )
achieve	ә'tʃi:v	vt. 完成, 达到
achieved	ә'tʃi:vd	a. 取得的；完成的
achievement	ә'tʃi:vmәnt	n. 完成, 成就, 功业
achievements		n. 业绩；获得（achievement的复数）
achiever	ә'tʃi:vә	n. 获得成功的人
achieves	əˈtʃi:vz	v. 取得( achieve的第三人称单数 ); 获得; 实现; 成功
acid	'æsid	n. 酸, 酸类物质, 尖刻, 迷幻药
acidies	'æsidi	adj. 味酸的
aciding		酸蚀法
acids		n. 酸, 酸类；有酸味的东西（acid的复数）
acknowledge	әk'nɒlidʒ	vt. 承认, 告知收悉, 答谢, 报偿
acknowledged	әk'nɒlidʒid	a. 公认的
acknowledger	әk'nɔlidʒә	n. 认收开关；了望装置
acknowledges	əkˈnɔlidʒz	v. 承认( acknowledge的第三人称单数 ); 鸣谢; 对…打招呼; 告知已收到
acknowledgest	ək'nɒlɪdʒ	vt. 承认(为真的或曾说过)，自认；认知：；承认(或确认)…的权威(或主张、权利、要求、功绩等)：
acquaint	ә'kweint	vt. 使认识, 介绍
acquaintance	ә'kweintәns	n. 认识, 相识者
acquaintanced	ə'kweɪnt(ə)ns	n. (对某人的)相识,认识;熟(with someone)；熟悉；了解；知道(with)
acquaintances	ək'weɪntənsɪz	n. 相识的人( acquaintance的复数形式 ); 熟人; 对…有了解; （与某人）认识
acquainted	ә'kweintid	a. 知晓的；有知识的；熟识的
acquaintest	ə'kweɪnt	vt. 使了解，使知道；使熟悉；使精通；告知，通知，告诉(with，of):
acquainting		v. 使熟知；认识（acquaint的现在分词）
acquaints	əˈkweints	v. 使熟悉( acquaint的第三人称单数 ); 使了解; 通知; 告知
acquire	ә'kwaiә	vt. 获得, 学到
acquired	ә'kwaiәd	a. 获得的, 后天的
acquirer	法	(32838/29536)
acquires	əˈkwaiəz	v. 获得( acquire的第三人称单数 ); （使用探测器）捕获（目标）; 取得; （计算机、机器人等）捕捉
acquirest	ə'kwaɪə	vt. (尤指靠自己的努力或行动或经过一个过程)获得；学到(知识等)，习得：；[委婉语] 窃取，偷盗，偷窃：
acquisition	.ækwi'ziʃәn	n. 获得, 获得物
acquisitions	ˌækwiˈziʃənz	n. 获得( acquisition的复数形式 ); 获得者; （企业的）合并; （图书馆通过采购、交换赠阅等）图书资料
acre	'eikә	n. 英亩
acred	'eikәd	a. 拥有许多地产的
acres	'eɪkəs	n. 英亩( acre的复数形式 )
across	ә'krɒs	prep. 越过, 穿过, 与...相交叉, 在...的对面
act	ækt	n. 行动, 行为, 幕, 法案
acted		v. 行动（act的过去分词）；行使…职能；扮演角色
actes		(ACTe 的复数) [医] 阳极通电强直
acting	'æktiŋ	n. 演戏, 装腔作势
action	'ækʃәn	n. 行动, 活动, 动作, 作用, 战斗, 行为, 诉讼
actioned	'ækʃ(ə)n	n. 行动；行为；诉讼；战斗
actioner	ˈækʃənə(r)	n. 情节剧, 动作片
actioning	'ækʃ(ə)n	n. 行动；行为；诉讼；战斗
actions		n. 动作；行动（action的复数）
active	'æktiv	a. 活跃的, 起作用的, 积极的, 有效的, 主动的, 活性的, 现行的, 现役的
activer	'æktɪv	adj. 活跃的，活泼的，能动的；敏捷的，灵活的
actives		n. [语]主动语态；活性物；[口]活跃事物（active的复数）
activest	'æktɪv	active
activities		n. （activity复数形式）活动；活动区；活动性
activity	æk'tiviti	n. 活动, 行动, 活跃, 活力
actor	'æktә	n. 男演员, 行动者
actors		n. 演员, 男演员；电影演员（actor的复数形式）
actr		abbr. actuator （阀门的）传动装置; activator of thyroid and retinoic 
actress	'æktris	n. 女演员
actresses	'æktrɪsɪz	n. 女演员( actress的复数形式 )
actressies	'æktrɪsɪ	actressy
acts		abbr. 声控遥测系统（Acoustic Control and Telemetry System）；声控制与遥测系统
actual	'æktʃuәl	a. 真实的, 实际的, 现行的
actually	'æktʃuәli	adv. 事实上, 竟然, 如今, 现在
actuals	经	[原型] actuals 是 actual 的复数
acute	ә'kju:t	a. 尖锐的, 敏锐的, 激烈的, 严重的, 急性的
acuter		acute的比较级
acutes		(acute 的复数) a. 尖锐的, 敏锐的, 激烈的, 严重的, 急性的
acutest		(acute 的最高级) a. 尖锐的, 敏锐的, 激烈的, 严重的, 急性的
ad	æd	n. 广告
adapt	ә'dæpt	vt. 使适应, 改编
adaptation	.ædæp'teiʃәn	n. 适应, 改编, 改编本
adaptations	ædæp'teɪʃnz	n. 适应( adaptation的复数形式 ); 适合; 改编; 改编本
adapted		a. 适合的
adapter	ә'dæptә	n. 适应者, 改编者, 接合器
adapting	ә'dæptiŋ	[计] 自适应
adapts		abbr. 模拟-数字-模拟处理与测试系统（Analogue-Digital-Analogue Process and 
add	æd	vt. 增加, 添加, 附带说明, 计算...总和
added	'ædid	a. 额外的；更多的
adder	'ædә	n. 蝰蛇, 猪鼻蛇, 加法器
addes		n. (Adde)人名；(英、法、瑞典)阿德
addicted	ә'diktid	a. 沉溺于...的, 无法摆脱(某种嗜好)的
addies		(addy 的复数) n. 阿迪（男子名）
adding	'ædiŋ	[计] 加法的
addition	ә'diʃәn	n. 加法, 增加的人(或物)
additional	ә'diʃәnәl	a. 附加的, 另外的, 额外的
additions		n. 附件；增加固定资产；附加物（addition的复数）
addr	计	[级别] addrer, addrest
address	ә'dres	n. 住址, 演说, 举止, 灵巧, 求爱
addressed		a. 编址的；收信地址；处理
addresser	ә'dresә	n. 发信人, 邮件地址印刷机, 发言人
addresses	əˈdresiz	n. 称呼( address的名词复数 ); （在信封、包裹等上）书写（收件人姓名、地址）; （收件人的）姓名和地址; 
addressest	ə'dres	n. (书面或口头的)发言，讲话，致词；(尤指)正式演讲，演说；【计算机】地址(信息存区指示符号)
addressing	ә'dresiŋ	[计] 访问; 寻址; 定址
adds		abbr. 高级数据显示系统（Advanced Data Display System）；美国陆军数据分发系统；应用数字
aded		abbr. 【军事】active duty；adenoid-degenerating 【医学】增殖腺退化
adelaide	'ædәleid	n. 阿德莱德（女子名, 澳大利亚港市）
adelaides	'ædəleid	阿德莱德(女子名)[昵称 Addie,异体Adeline,Adela]
adequate	'ædikwәt	a. 适当的, 足够的
adequated	'ædɪkwət	adj. 足够的，充分的，能满足需要(量)的；适当的，恰当的，适合的
ader		n. 阿德（男子名）
ades	计	[原型] ADES 是 ade 的复数
adhere	әd'hiә	vi. 依附, 粘着, 坚持, 追随, 拥护
adhered		v. 坚持；粘附；依附（adhere的过去分词）
adhereing		(adhere 的现在分词) vi. 依附, 粘着, 坚持, 追随, 拥护
adherer		n. adhere的变形
adheres	ədˈhiəz	v. 黏附( adhere的第三人称单数 ); 附着; 坚持; 支持
adies	网络	[原型] adies 是 adie 的复数
adjacent	ә'dʒeisәnt	a. 毗连的, 邻近的, 连接的
adjacents	ə'dʒeɪs(ə)nt	adj. 邻近的，毗连的
adjective	'ædʒiktiv	n. 形容词
adjectived	'ædʒɪktɪv	n. 【语法学】；形容词[略作adj.]
adjectives	'ædʒɪktɪvz	n. 形容词( adjective的复数形式 )
adjoin	ә'dʒɒin	v. 邻接, 毗连
adjoined	ə'dʒɒɪn	v. 毗连, 邻接
adjoiner		邻接处; 接合部
adjoining	ә'dʒɒiniŋ	a. 邻接的, 毗连的
adjoins	əˈdʒɔinz	v. 邻近, 毗连( adjoin的第三人称单数 )
adjust	ә'dʒʌst	vt. 调整, 使适应于, 校准
adjustable	ә'dʒʌstәbl	a. 可调节的
adjustables		(adjustable 的第三人称 -s形式) a. 可调节的
adjusted	ә'dʒʌstid	a. 调整过的
adjuster	ә'dʒʌstә	n. 调整员, 调停者, 调节器
adjusting	ә'dʒʌstiŋ	[计] 调准
adjustment	ә'dʒʌstmәnt	n. 调整, 调节, 校正
adjustments	əˈdʒʌstmənts	n. 调解( adjustment的复数形式 ); <心>调节; 调整; 调节器
adjusts	əˈdʒʌsts	v. （改变…以）适应, 调整, 校正( adjust的第三人称单数 )
administration	әd.mini'streiʃәn	n. 行政, 管理, 政府机关
administrations	ədmɪnɪst'reɪʃnz	n. 管理( administration的复数形式 ); 实行; （政府）行政机关; （法律、处罚等的）施行
admirable	'ædmәrәbl	a. 可钦佩的, 极好的, 令人惊奇的
admiration	.ædmә'reiʃәn	n. 赞赏, 钦佩, 引人赞赏的对象
admirations		(admiration 的复数) n. 赞赏, 钦佩, 引人赞赏的对象
admire	әd'maiә	vt. 赞美, 钦佩, 爱慕
admired	əd'maɪəd	v. 羡慕, 赞美；钦佩（admire的过去分词）
admirer	әd'maiәrә	n. 钦佩者, 仰慕者, 求爱者
admires	ədˈmaiəz	v. 赞赏( admire的第三人称单数 ); 称赞; 欣赏; <美口>想要
admirest	əd'maɪə	vt. 钦佩；赞赏，欣赏；羡慕：；崇敬，敬仰：
admission	әd'miʃәn	n. 准许进入, 入场费, 录用, 承认
admissions	əd'mɪʃnz	n. 准许进入( admission的复数形式 ); 入场费; 入场券; 承认
admit	әd'mit	vt. 承认, 接受, 允许进入, 容许
admits	ədˈmits	v. 许可进入( admit的第三人称单数 ); 承认, 供认; 允许; 确认
admitted	әd'mitid	a. 被承认了的, 公认的
admitter		n. admit的变形
admittest	əd'mɪt	vt. 承认(事实、错误等)，供认，招认(to):；确认；(认为有效、合法或真实而)接受：
admitting		v. 承认（admit的ing形式）
adolescence	.ædәu'lesәns	n. 青春期
adolescences		(adolescence 的复数) n. 青春期
adolescent	.ædәu'lesәnt	a. 青春期的, 青少年的
adolescents	ædə'lesnts	n. 青春期的, 青少年的( adolescent的复数形式 )
adopt	ә'dɒpt	vt. 采用, 正式通过, 收养, 接受
adopted	ә'dɒptid	a. 被收养的, 被采用的
adopter	法	(24950/28698)
adoptest	ə'dɒpt	vt. 采用，采纳，采取(某种态度、习惯做法等)，接受(意见，观点等)：；吸收(外来词语)
adopting	ə'dɒpt	vt. 采取；接受；收养；正式通过
adoption	ә'dɒpʃәn	n. 采用, 采纳, 收养
adoptions		n. 采用；领养（adoption的复数）
adopts	əˈdɔpts	v. 采用( adopt的第三人称单数 ); 收养; 正式接受; 吸收（外来词语）
adore	ә'dɒ:	vt. 崇拜, 爱慕, 喜爱
adored		崇拜
adorer	ә'dɒ:rә	n. 爱慕者, 崇拜者
adores	əˈdɔ:z	v. 爱慕, 崇拜( adore的第三人称单数 ); 非常喜欢
adorest	ə'dɔː	vt. 崇拜(神、上帝)：；敬爱，爱慕，敬慕，敬仰；钟爱，疼爱：
ads	计	视频分布系统, 自动数据系统, 自主开发系统
adult	'ædʌlt	n. 成人, 成虫
adulter	'ædʌlt; ə'dʌlt	a. 充分长成的, 成年的；已成熟的, 老成的
adulting	'ædʌlt; ə'dʌlt	adj. 充分长成的，成年的；已成熟的，老成的
adults		n. 成年人（adult的复数形式）
advance	әd'vɑ:ns	n. 前进, 进展, 行过的路程
advanced	әd'vɑ:nst	a. 在前的, 高级的, 先进的, 年老的
advancer	әd'vɑ:nsә	n. 前进者；相位超前补偿器, 进相机
advances		n. 作友好表示, 求爱, 献殷勤
advancest	əd'vɑːns	vt. 使前进；使向前移动；将…推向前进；推进，促使：；提出(理论、建议、看法、意见等)；提议，建议：
advantage	әd'vɑ:ntidʒ	n. 优点, 便利, 好处, 优势
advantaged		a. 占有利位置的；得天独厚的；有利的
advantageous	.ædvәn'teidʒәs	a. 有利的, 有益的
advantageouser	ædvən'teɪdʒəs	adj. 有利的；有益的，有助的；便利的
advantages		n. 优势；特点；有利；[经] 利益（advantage的复数）
adventure	әd'ventʃә	n. 冒险, 冒险经历
adventured	əd'ventʃə	n. 冒险；冒险精神；投机活动
adventurer	әd'ventʃәrә	n. 冒险家, 投机者
adventurers	ædˈventʃəəz	n. 探险家( adventurer的复数形式 ); 投机取巧者; 投机商; 女冒险家
adventures	ədˈventʃəz	n. 冒险活动( adventure的名词复数 ); 冒险经历; 奇遇
adventurest	əd'ventʃə	n. 冒险；冒险经历，冒险活动，危险遭遇；奇遇
adverb	'ædvә:b	n. 副词
adverbed	'ædvɜːb	【语法学】
adverbing	'ædvɜːb	【语法学】
adverbs	'ædvɜ:bz	n. <语>副词( adverb的复数形式 )
advert	әd'vә:t	vi. 提出看法, 引起注意, 留意
adverted	'ædvɜːt	vi. 注意；谈到
adverting	'ædvɜːt	vi. 注意；谈到
advertise	'ædvәtaiz	vt. 做广告, 通知, 公布
advertised		a. 广告的
advertisement	.ædvә'taizmәnt	n. 广告, 启事, 广告宣传
advertisements		n. [经] 广告（advertisement的复数）；宣传
advertiser	'ædvәtaizә	n. 做广告者, 广告客户
advertisers	ˈædvətaɪzəz	n. 登广告的人( advertiser的复数形式 ); 报幕员
advertises	ˈædvətaiziz	v. 公布( advertise的第三人称单数 ); 宣传; 展现; 宣传（自己的事）
adverts	ədˈvə:ts	abbr. advertisements 广告, 做广告
advice	әd'vais	n. 忠告, 劝告, 意见, 报道, 通知
advices	әd'vaisis	pl. 消息
advisable	әd'vaizәbl	a. 适当的, 明智的
advise	әd'vaiz	vt. 劝告, 给...出主意, 通知, 建议
advised	әd'vaizd	a. 考虑过的, 知情的
advisees		(advisee 的复数) n. （美）受教授指导选课的学生；受到建议的人
adviser	әd'vaizә	n. 顾问, 劝告者, 指导教师
advises	ədˈvaiziz	v. 劝告, 提建议( advise的第三人称单数 ); （商业）通知, 报告
advisest	əd'vaɪz	vt. 向…提出劝告，劝告，忠告；警告：；给…出主意，向…提供意见：
advocate	'ædvәkeit	n. 提倡者, 拥护者
advocated	'ædvəkeɪt；-ət	vt. 提倡, 主张, 拥护
advocater	'ædvəkeɪt；-ət	vt. 提倡；拥护；主张；鼓吹；为…辩护：
advocates	ˈædvəkeits	n. （辩护）律师( advocate的名词复数 ); 提倡者; 辩护律师; [A-]基督
aer	eә	[医] 气压单位
aerial	'єәriәl	a. 空中的, 航空的, 空气的, 空想的
aerials	'eərɪəlz	n. 天线( aerial的复数形式 )
aeroplane	'єәrәplein	n. 飞机
aeroplanes	ˈɛərəpleinz	n. 飞机( aeroplane的复数形式 )
aerospace	'єәrәuspeis	n. 航天空间, 航天技术
aerospaces	ˈeərəʊˌspeɪsiz	n. 航空与航天空间( aerospace的名词复数 ); 宇宙空间（指地球大气层及其外面的空间）; 航空航天学; 航空
aes	化	[医] 内琥珀酸钠蒽(致癌物质)
affair	ә'fєә	n. 事件, 事务, 恋爱事件
affaires		(affaire 的复数) n. <法>恋爱事件; 风流韵事; 私通； 闹得满城风雨的案件; 社会轶闻
affairs		n. 事务, 事宜；风流韵事
affect	ә'fekt	vt. 影响, 感动, 假装, 模仿, 爱好, 倾向于
affected	ә'fektid	a. 假装的, 做作的, 受影响的
affectest	ə'fekt	vt. 影响；对…有影响；对…起作用：；感动，引起感情波动，(在感情方面)打动；震动：
affecting	ә'fektiŋ	a. 感人的, 动人的
affection	ә'fekʃәn	n. 影响, 病, 喜爱, 情感, 倾向
affectioned	ə'fekʃənd	a. [古语]有…意向的；倾向于…的 (to)
affectioning	ə'fekʃ(ə)n	n. 疾患，疾病，病；失调，(身体)欠佳，(受感染、害病的)身体状况；(事物的)属性；特性
affections	əˈfekʃənz	n. 喜爱( affection的复数形式 ); <心>感情喜爱爱慕之情; 病
affects		v. 影响；假装；喜欢（affect的三单形式）
affirm	ә'fә:m	v. 断言, 确认
affirmed		n. 收到来电
affirmest	ə'fɜːm	vt. 肯定地说，断言，断言…是真实的，申明，坚持声称，坚称(that) (deny 之对)：；矢志维护；支持；赞同：
affirming	ə'fɜːm	vt. 肯定；断言
affirms	əˈfə:mz	v. 断言, 证实( affirm的第三人称单数 )
afford	ә'fɒ:d	vt. 买得起, 足以, 给予
afforded	ə'fɔːd	vt. 给予, 提供；买得起
affordest	ə'fɔːd	vt. [常接在 can, could 或 be able to 后]；买得起，花得起(费用等)：
affording	ə'fɔːd	vt. 给予, 提供；买得起
affords	əˈfɔ:dz	v. 买得起( afford的第三人称单数 ); 担负得起; 提供; 给予
afraid	ә'freid	a. 害怕的, 恐怕的, 遗憾的
africa	'æfrikә	n. 非洲
african	'æfrikәn	n. 非洲人
africaner	,æfri'kɑ:nə	n. = Afrikaner
africans		n. 非洲人（African的复数形式）
africar	'æfrikɑ:	n. 【商标】阿非利加尔车(据非洲地形设计的轻型汽车)
africas	'æfrɪkə	n. 非洲
after	'ɑ:ftә	prep. 在...之后, 由于
afterer	'ɑːftə	after
afterest	'ɑːftə	after
afternoon	'ɑ:ftә'nu:n	n. 午后, 下午
afternooner	,ɑ:ftә'nu:nә(r)	n. <美>下午报
afternoons	,ɑ:ftә'nu:nz	adv. 每天下午, (在)任何下午
afters	'ɑ:ftәz. 'æf-	n. 正餐后的甜食
afterward	'ɑ:ftәwәd	adv. 然后, 后来
afterwards	'ɑ:ftәwәdz	adv. 然后, 后来
again	ә'gein	adv. 再一次, 又, 到原处
againes	网络	(againe 的复数)
againest	ə'gen; ə'geɪn	adv. 再一次，又一次；再，又，另外，此外；作为附加
agains	ə'gen; ə'geɪn	adv. 再一次, 又一次；再, 又, 另外, 此外；作为附加
against	ә'geinst	prep. 反对, 对着, 倚靠
againster	ə'genst; ə'geɪnst	prep. 相反；反对；违反；违背；逆：；撞击；撞着，碰着，顶着，触及，与…相撞，同…冲突：
age	eidʒ	n. 年龄, 老年, 成年, 寿命, 时代, 时期
aged	'eidʒid	a. 老的, 陈的, 有...岁的
agees	ə'dʒi:	adv. [一般作表语]
ageest	ə'dʒi:	adv. [一般作表语]
ageing	'eidʒiŋ	n. 变老, 成熟
agencies		n. 代理；代理处（agency的复数）
agency	'eidʒәnsi	n. 代理机构, 经销商, 中介
agencys	'eɪdʒ(ə)nsɪ	n. 力量；能动作用，使然作用；动原；动作；手段，工具；媒介，中介；斡旋
agenda	ә'dʒendә	pl. 议程, 日常工作事项
agendas	əˈdʒendəz	n. 议事日程( agenda的复数形式 ); 待议诸事项（一览表）; 目的; 日常工作事项
agent	'eidʒәnt	n. 代理商, 政府代表, 动原, 媒介
agented	'eɪdʒ(ə)nt	n. 代理人，代理商；药剂；特工
agentes	网络	[原型] agentes 是 agente 的复数
agenting	'eɪdʒ(ə)nt	n. 代理人, 代理商；药剂；特工
agents		n. 间谍；代理人；代理商；特工人员（agent的复数形式）
ager	'eidʒә	[化] 熟化器
ages		abbr. 晚期糖基化终末产物（Advanced Glycation End Products）
aggressive	ә'gresiv	a. 侵略的, 挑畔的, 进取的
agitation	.ædʒi'teiʃәn	n. 激动, 焦虑, 煽动, 搅动, 摇动
agitations		(agitation 的复数) n. 激动, 焦虑, 煽动, 搅动, 摇动
ago	ә'gәu	adv. 以前
agoes	ə'gəʊ	adv. [仅用于被修饰词之后]前，以前，已往：
agonies	'ægənɪ	n. 苦恼；极大的痛苦；临死的挣扎
agony	'ægәni	n. 极大的痛苦, 挣扎
agor		海洋研究舰
agree	ә'gri:	vi. 同意, 赞成, 应允, 适合
agreeable	ә'griәbl	a. 令人愉快的, 同意的
agreeabler	ə'griːəb(ə)l	adj. [口语]欣然同意的；愿意的；令人愉快的；惬意的；合某人胃口的；舒适的；讨人喜欢的
agreeables	ə'griːəb(ə)l	adj. [口语]欣然同意的；愿意的；令人愉快的；惬意的；合某人胃口的；舒适的；讨人喜欢的
agreeablest	ə'griːəb(ə)l	adj. [口语]欣然同意的；愿意的；令人愉快的；惬意的；合某人胃口的；舒适的；讨人喜欢的
agreed	ә'ɡri:d	a. 同意的；通过协议的
agreeing		v. 同意（agree的ing形式）
agreement	ә'gri:mәnt	n. 同意, 合约, 协议
agreements	əɡ'ri:mənts	n. 协定; 协定( agreement的复数形式 ); 同意; 达成协议; （性、数、人称方面与…）一致
agreer		相同看法的人
agrees	əˈɡri:z	v. 同意, 赞同( agree的第三人称单数 ); [语法学]（在性、数、人称或格方面）一致; 相同; 和睦相处
agricultural	.ægri'kʌltʃәrәl	a. 农业的
agriculture	'ægrikʌltʃә	n. 农业
agricultures		农业( agriculture的名词复数 )；农学, 农艺
ahead	ә'hed	a. 领先的, 预先的, 向前的
aheading		正车
aid	eid	n. 帮助, 外援, 助手
aided	'eidid	a. 辅助的；半自动的
aider	法	(-/37484)
aides	eidz	n. 助手, 副官( aide的复数形式 )
aidest	eɪd	n. [美国英语]助手，助理，副手；帮助者；[英国英语]福利工作者的助手
aiding		n. 帮助
aids	eidz	n. 爱滋病(获得性免疫缺陷综合征)
aidss	=artificial intelligence decision support system	[原型] AIDSS 是 aids 的复数
aied	ˌe'aɪ	AI
aim	eim	n. 目标, 瞄准, 击中目标的能力
aimd		abbr. 和式增加积式减少（Additive Increase and Multiplicative Decrease
aimed		目标
aimer	'eimә	n. 瞄准手
aimes		abbr. 美国机械工程师学会（Association of the Institute of Mechanical E
aimest		abbr. American Institute of Mining Engineers美国采矿工程师协会
aiming	'eimiŋ	[计] 目标
aimr		abbr. 美国投资管理与研究协会（Association for Investment Management and 
aims	计	自动化工业管理系统, 自动化信息管理系统
air	єә	n. 空气, 旋律, 态度
aircraft	'єәkræft	n. 航空器, 飞机
aircrafts		n. 飞行器（aircraft的复数）
aird		艾尔德（人名）
aired		通风
airer	'εәrә	n. 干燥器；晾衣架
aires		n. 白羊座
airest	'εə	艾尔河(英国约克郡西部河流)
airing	'єәriŋ	n. 晾, 通风, 兜风
airline	'єәlain	n. 航线, 航线的设备, 航空公司
airliner	'єәlainә	n. 班机, 大型客机
airlines		n. 航空业；航空公司（airline的复数）
airmail	'єәmeil	n. 航空邮件
airmailed	ˈeəˌmeɪld	v. 航空邮寄( airmail的过去式和过去分词 ); <谑>投; 掷; 抛
airmailer	'eəmeɪl	n. 航空邮政[亦作 air mail]；航空邮件
airmailing	ˈeəˌmeɪlɪŋ	v. 航空邮寄( airmail的现在分词 ); <谑>投; 掷; 抛
airmails		vt. 航空邮寄（airmail的第三人称单数形式）
airplane	'єәplein	n. 飞机
airplanes	ˈɛəpleinz	n. <美>飞机( airplane的复数形式 )
airport	'єәpɒ:t	n. 飞机场
airporter		na. 机场接送乘客的专车
airports	'eəpɔ:ts	n. 航空站, 机场, 航空港( airport的复数形式 )
airs		n. 装腔作势, 摆架子
alabama	.ælә'bæmә	n. 亚拉巴马州
alabamas	,ælə'bæmə	n. 阿拉巴马州（美国州名）
alarm	ә'lɑ:m	n. 惊恐, 警报, 警钟
alarmed		-K
alarmest	ə'lɑːm	n. 警报；报警信号；喊叫报警；报警器，警报器，告警机；警钟，警铃，警笛
alarming	ә'lɑ:miŋ	a. 使人惊恐的, 引起惊恐的
alarms	əˈlɑ:mz	n. 警钟( alarm的名词复数 )
alas	ә'læs	interj. 唉
alases		abbr. Association of Latin American Sociology 拉丁美洲社会学学会
alaska	ә'læskә	n. 阿拉斯加州
alaskas		美国阿拉斯加州( Alaska的名词复数 )
albanies	'ɔ:bəni	n. 奥尔巴尼（美国城市名）
albany	'ɒ:lbәni	n. 奥尔巴尼(美国纽约州首府)
album	'ælbәm	n. 粘贴簿, 唱片套
albums		n. 相簿, 相册；专辑, 影集（album的复数形式）
alcohol	'ælkәhɒl	n. 酒精, 酒
alcoholic	.ælkә'hɒlik	n. 酒鬼, 酒精中毒者
alcoholics	ˌælkəˈhɔliks	n. 嗜酒者, 酒鬼( alcoholic的复数形式 )
alcohols		n. 醇类, 单醇类；多醇类；双醇类（alcohol复数形式）
alert	ә'lә:t	a. 警觉的, 灵敏的, 留心的
alerted	ə'lɜːt	vt. 警告；使警觉, 使意识到
alerter		n. 报警器, 警报器；警报器服务
alertest		abbr. automated linguistic extraction and retrieval techniqu
alerting	ә'lә:tiŋ	[计] 报警
alerts	əˈlə:ts	n. 警戒( alert的名词复数 ); 警报期间; 警戒状态; 报警信号
alfred	'ælfrid	n. 阿尔佛雷德（男子名）
alfreds		n. (Alfreds)人名；(瑞典)阿尔弗雷斯
algebra	'ældʒibrә	n. 代数学
algebras		(algebra 的复数) n. 代数学
alien	'eiljәn	n. 外国人, 外侨
aliened	'eɪliən	adj. (与…)相异；不合；外国(人)的；异己的
aliener	'eiljənə; 'eiliə-	n. = alienor
aliening	'eɪliən	adj. (与…)相异；(与…)相反；外国(人)的；异己的
aliens	ˈeiljənz	n. 外国人( alien的名词复数 ); 外侨; 局外人; 外星人
alignment	ә'lainmәnt	n. 队列, 结盟, 校正
alignments	əˈlaɪnmənts	n. 排成直线( alignment的复数形式 ); （国家、团体间的）结盟
alike	ә'laik	a. 相似的, 同样的
aliker		n. (Aliker)人名；(法、乌干)阿利克
alikest	ə'laɪk	adj. [一般作表语]相像的，相同的，相似的；同样的
alive	ә'laiv	a. 活着的, 活泼的, 敏感的, 热闹的
aliver	ə'laɪv	alive
alivest	ə'laɪv	alive
all	ɒ:l	a. 所有的, 全部的, 一切的
alled		abbr. airborne laser laboratory 【军事】机上激光研究室
aller		vi. （法语）去；通向
allergic	ә'lә:dʒik	a. 对...过敏的, 极反感的
alles		(alle 的复数) n. 政府彩票组织国际协会；阿莱（电影名称）
allest		abbr. airborne laser laboratory 【军事】机上激光研究室
alley	'æli	n. 小路, 巷
alleyed	'ælɪ	n. (庭院、花园或公园两边有树篱的)小径, 林间小径, 小路；【滚木球戏】
alleys		n. 小巷, 大巷（alley的复数）；大街小巷
allied	ә'laid	a. 联盟的, 联姻的, 联系起来的
allies	'ælaiz, ә'laiz	n. （第一次世界大战时的）协约国；（第二次世界大战时的）同盟国
alling		n. (Alling)人名；(英、瑞典)阿林
allocate	'ælәukeit	vt. 分派, 分配
allocated		a. 分配的, 指派的
allocates	ˈæləkeits	v. 分配, 分派( allocate的第三人称单数 ); 把…拨给
allow	ә'lau	vt. 允许, 同意给予, 承认
allowance	ә'lauәns	n. 津贴, 零用钱, 限额, 折扣, 允许
allowanced	ə'laʊəns	n. 津贴；斟酌；预留；容差
allowances	əˈlauənsiz	n. 津贴( allowance的名词复数 ); 补助; 1 限额; 定量 2 免税额
allowed		a. 允许, 容许的
allower		n. allow的变形
allowest	ə'laʊ	vt.
allowing		v. 允许（allow的现在分词）
allows		n. 允许
alloy	'ælɒi. ә'lɒi	n. 合金
alloyed		a. [材] 合金的；合铸的；熔合的
alloying	'ælɔiiŋ	炼制合金, 加入合金成分
alloys		n. 合金（alloy的复数）
alls		Apollo Lunar Logistic Support 阿波罗月球后勤支持
ally	'ælai. ә'lai	n. 同盟者, 同盟国, 助手
allying	'ælaɪ	n. 同盟国；伙伴；同盟者；助手
allys	'ælaɪ	vt. [ally oneself]使联姻；使(国家)结盟；使联合；使结合(to，with) [一般用于被动语态]：
almighties	ɔːl'maɪtɪ	adj. 有无限权力的；有强大力量的；全能的，万能的；[口语、俚语]巨大的，非常的，极度的，极端的
almighty	ɒ:l'maiti	a. 万能的, 全能的
almost	'ɒ:lmәust	adv. 几乎, 差不多
almosts	'ɔːlməʊst	adv. 差不多，几乎
alone	ә'lәun	a. 孤独的, 单独的, 独自的
aloner	ə'ləʊn	adj. 孤零的，孤单的；单独的；孤独的
alones	ə'ləʊn	adj. 孤零的，孤单的；单独的；孤独的
alonest	ə'ləʊn	adj.
along	ә'lɒŋ	adv. 平行地, 向前
alonged	ə'lɒŋ	prep. 沿，沿着，顺着，循，循着：；依照；根据；遵奉：
alongest	ə'lɔŋ	prep.
alongside	ә'lɒŋ'said	adv. 在旁边, 靠拢着
aloud	ә'laud	adv. 出声地, 大声地
alouds	ə'laʊd	adv. 大声地，高声地(以便使远处能听到)；以正常声音，出声地(以便能被听到)
alphabet	'ælfәbit	n. 字母
alphabetical	.ælfә'betikәl	a. 依字母顺序的, 字母的
alphabeting	'ælfəbet	n. 字母表，字母系统；入门，初步
alphabets	ˈælfəbits	n. 字母表( alphabet的复数形式 )
alps	ælps	n. 阿尔卑斯山脉
alpss		abbr. assembly language programming simulation system 汇编语言程序
already	ɒ:l'redi	adv. 已经, 早已
also	'ɒ:lsәu	adv. 也, 并且, 同样地
alsoes	'ɔːlsəʊ	adv. 而且(也)，此外(还)，还有；也，又，亦；同样地，照样地[有时与连接词连用，作 and 的对应词]
alsor		abbr. Air Launched Sounding Rocket 空中发射的探测火箭
alter	'ɒ:ltә	v. 改变
alteration	.ɒ:ltә'reiʃәn	n. 变更, 改动
alterations		n. 改变；变更；服装修改（alteration的复数）
altered	ˈɔ:ltəd	a. [医]改变的
alterer		n. 错误警报
alterest	'ɔːltə; 'ɒl-	vt.
altering	计	[原型] altering 是 alter 的现在分词
alternate	'ɒ:ltәnәt	a. 交替的, 轮流的, 间隔的
alternated		交替
alternates	ˈɔːltə(r)neɪts	v. 交替( alternate的第三人称单数 ); （使）交替, （使）轮换
alternative	ɒ:l'tә:nәtiv	n. 两者择一, 供替代的选择
alternatives	ɔ:l'tɜ:nətɪvz	n. 选择的余地( alternative的复数形式 ); 可供选择的事物; 取舍; 非传统（或他择性）生活方式的追随者
alterred	'ɔːltə; 'ɒl-	vt.
alterring	'ɔːltə; 'ɒl-	vt.
alters	ˈɔ:ltəz	v. 改变, 更改( alter的第三人称单数 )
although	ɒ:l'ðou	conj. 虽然, 尽管
altitude	'æltitju:d	n. 高度, 海拔, 高处
altitudes	'æltɪtju:dz	n. 高度( altitude的复数形式 ); 海拔; 高处; 高地
altogether	.ɒ:ltә'geðә	adv. 完全地, 总而言之
altogethers	网络	[原型] altogethers 是 altogether 的复数
aluminium	.ælju'miniәm	n. 铝
aluminiums	æl(j)ʊ'mɪnɪəm	adj. 铝的
always	'ɒ:lweiz	adv. 总是, 始终
am	æm	be的单数第一人称
amateur	'æmәtә	n. 业余爱好者, 外行, 爱好者
amateurs		n. 业余爱好者；非专业人员（amateur的复数）
amaze	ә'meiz	vt. 使吃惊
amazed	ә'meizd	a. 吃惊的, 惊奇的
amazement	ә'meizmәnt	n. 惊愕, 惊异
amazements		(amazement 的复数) n. 惊愕, 惊异
amazes	əˈmeiziz	v. 使大为吃惊, 使惊奇( amaze的第三人称单数 )
amazest	ə'meɪz	vt.
amazing	ә'meiziŋ	a. 令人惊异的
amazings	ə'meɪzɪŋ	adj. 令人惊异的
ambassador	æm'bæsәdә	n. 大使
ambassadors	æmˈbæsədəz	n. 大使( ambassador的复数形式 ); （派驻联合国等国际组织的）代表; 特使; [比喻]使者
amber	'æmbә	n. 琥珀, 琥珀色
ambered	'æmbə	a. 琥珀色的；琥珀制的
amberer	'æmbə	n. 安布尔(女子名)
amberest	'æmbə	n. 安布尔(女子名)
ambers	化	[原型] ambers 是 amber 的复数
ambient	'æmbiәnt	a. 周围的
ambientes	æm'bjenteɪ	ambiente
ambients	网络	[原型] ambients 是 ambient 的复数
ambiguous	æm'bigjuәs	a. 不明确的, 模棱两可的
ambition	æm'biʃәn	n. 野心, 志向
ambitions	æm'bɪʃənz	n. 抱负( ambition的复数形式 ); 渴望得到的东西; 追求的目标; 夙愿
ambitious	æm'biʃәs	a. 有野心的, 抱负不凡的, 雄心勃勃的
ambitiouser	æm'bɪʃəs	adj.
ambulance	'æmbjulәns	n. 救护车
ambulances	ˈæmbjulənsiz	n. 救护车( ambulance的复数形式 )
amd		abbr. 超微半导体公司（Advanced Micro Devices）
amed		abbr. 中东对话（Asia-Middle East Dialogue）
amer		abbr. 美国的（等于American）；美国（等于America）；美国经济评论（American Economic
america	ә'merikә	n. 美洲, 美国
american	ә'merikәn	n. 美国人
americaner	əmerɪkən	adj. 美洲的；(不计南极在内)西半球的
americans		n. 美国人（American的复数形式）
americas	ə'merikəz	n. 美洲
ames	eimz	[计] 自动信息输入系统
amies	英格兰人姓氏	[原型] amies 是 amie 的复数
aming	em	abbr. 调幅
among	ә'mʌŋ	prep. 在...之中
amonges		(amonge 的第三人称 -s形式) [网络] 长寿
amongest	ə'mʌŋ	prep.
amongst	ә'mʌŋst	prep. 在...当中, 在...之间, 在...之中
amount	ә'maunt	n. 总数, 总额
amounted	ə'maʊnt	vi. 总计, 合计；相当于；共计；产生…结果
amounting	ə'maʊnt	vi. 总计, 合计；相当于；共计；产生…结果
amounts		n. 数量, 总额（amount的复数）
ampere	'æmpєә	n. 安培
amperes	ˈæmˌpɪəz	n. <电>安培( ampere的复数形式 )
amphibian	æm'fibiәn	a. 两栖类的, 水陆两用的
amphibians	æm'fɪbɪənz	n. 两栖动物( amphibian的复数形式 ); 水陆两用车; 水旱两生植物; 水陆两用飞行器
amphibious	æm'fibiәs	a. 水陆两栖的, 能两栖作战的, 陆海空军协同作战的
ample	'æmpl	a. 大量的, 充足的, 丰富的
ampler		(ample 的比较级) a. 大量的, 充足的, 丰富的
amplest		ample的最高级
amplifies	ˈæmplifaiz	v. 放大, 扩大( amplify的第三人称单数 ); 增强; 详述
amplify	'æmplifai	vt. 增强, 放大, 扩大, 详述
amplifying	化	[原型] amplifying 是 amplify 的现在分词
amplitude	'æmplitju:d	n. 广阔, 充足, 幅度
amplitudes		(amplitude 的复数) n. 广阔, 充足, 幅度
amr		abbr. 自动执息路由；美利坚公司美国航空公司；材料提前公布（Advanced Material Release）
ams	计	应用管理系统, 应用绘图服务, 非对称多处理系统
amst	15	Advanced Military Spaceflight Technology,高级军事空间飞行技术
amsterdam	.æmstә'dæm	n. 阿姆斯特丹(荷兰首都)
amsterdamer	ˈæmstəˈdæm	阿姆斯特丹(荷兰首都，港市) [亦见 The Hague]
amsterdammer	ˈæmstəˈdæm	阿姆斯特丹(荷兰首都, 港市) [亦见 The Hague]；阿姆斯特丹(美国纽约州东部城市)
amsterdams	ˈæmstəˈdæm	n. 阿姆斯特丹（荷兰首都）；阿姆斯特丹（美国纽约东部城市）
amuse	ә'mju:z	vt. 消遣, 娱乐, 使发笑
amused	ә'mju:zd	a. 愉快的, 被逗乐的
amusement	ә'mju:zmәnt	n. 兴味, 娱乐, 消遣
amusements	ˌəˈmju:zmənts	n. 娱乐( amusement的复数形式 ); 乐趣; 娱乐活动; 文娱活动
amuser		n. amuse的变形
amuses	əˈmju:ziz	v. 使人发笑( amuse的第三人称单数 ); 逗乐; 使消遣; 娱乐
amusest	ə'mjuːz	vt.
amusing	ә'mju:ziŋ	a. 有趣的, 引人发笑的
amusings	ə'mjuːzɪŋ	adj. 有趣的，好玩的；引人发笑的
amy	'eimi	n. 艾米（女子名）
amys		(amy 的复数) n. 艾米（女子名）
analogies		n. 类比；类推法
analogue	'ænәlɒg	n. 类似物, 相似情况
analogues	'ænəlɒɡz	n. 相似物( analogue的复数形式 ); <化>类似物; 类比; <语>同源词
analogy	ә'nælәdʒi	n. 相似, 类似
analyse	'ænәlaiz	vt. 分析, 细察, 分解
analysed		v. 分析（analyse的过去分词）
analyser	'ænәlaizә	[机] 分析器, 检偏振器
analyses		pl. 分析, 检验, 解析, 分解
analysis	ә'nælәsis	n. 分析
analysises		分析（analysis的复数形式）
analytical	.ænә'litikl	a. 分析的, 善于分析的, 解析的
anc		abbr. 非洲民族会议（African National Council）；美国新闻社（American News C
ances		(ance 的复数) n. 状态；性质；情况
ancestor	'ænsestә	n. 祖先, 祖宗
ancestors	'ænsestəz	n. 祖先( ancestor的复数形式 ); 祖宗; 原型; （动物的）原种
anchor	'æŋkә	n. 锚
anchored		a. 固定的；抛锚的
anchoring	机	[原型] anchoring 是 anchor 的现在分词
anchors	ˈæŋkəz	n. 锚( anchor的名词复数 ); 给人安全感的物（或人）
ancient	'einʃәnt	a. 古代的, 古老的, 年老的, 旧的
ancientest	'einʃənt	adj.
ancients	'eɪnʃənts	n. 古代的( ancient的复数形式 ); 古老的; 年老的; 老式的
ancs		abbr. 非洲民族会议（African National Council）；美国新闻社（American News C
and	ænd	conj. 和, 与
anded		pp. 加上
ander		n. (Ander)人名；(匈)翁代尔；(瑞典、英)安德
andes	'ændi:z	n. 安第斯山脉
andr		n. (Andr)人名；(捷)安德尔
android	'ændrɒid	n. 机器人
androides	æn'drɔidiz	n. =android
androids	ˈændrɔidz	n. 机器人( android的复数形式 ); Google开发的基于Linux平台的开源手机操作系统
ands		abbr. 二苯硫醚；接入网落；高级导航显示系统（advanced navigation display system）
anecdote	'ænikdәut	n. 轶事, 奇闻
anecdotes		n. 奇闻轶事（anecdote的复数）
angel	'eindʒәl	n. 天使, 守护神, 善人
angeles		n. 安杰利斯（姓氏）；天使城（菲律宾地名）
angels	'eindʒәls	n. 天使投资人；天使（angel的复数形式）
anger	'æŋgә	n. 忿怒
angered		生气
angerest	'æŋgə	n.
angering	'æŋgə	n. 怒, 愤怒；忿怒
angers	'ændʒәz	v. 激怒（anger的三单形式）
angle	'æŋgl	n. 角, 角度, 角落
angled	'æŋ^ld	a. 有角的, 成角度的
angler	'æŋ^lә	n. 钓鱼, 攫取, 追逐
angles	'æŋɡlz	n. 角度（angle的复数）
anglo-saxon	'æŋ^lәu'sæksәn	n. 盎格鲁撒克逊人
angries	'æŋɡriːz	n.
angry	'æŋgri	a. 生气的, 愤怒的
animal	'ænimәl	n. 动物
animals		n. 动物, 动物世界；牲畜（animal的复数形式）
ankle	'æŋkl	n. 踝
ankled	'æŋk(ə)l	n. 踝关节, 踝
ankles	ˈæŋklz	n. 踝, 踝关节( ankle的复数形式 )
annie	'æni	n. 安妮（女子名）
annies	'æni	n. 安妮（女子名）
anniversaries		n. 周年纪念（日）（anniversary的复数）
anniversary	æni'vә:sәri	n. 周年纪念
announce	ә'nauns	vt. 宣布, 声称, 显示, 预告
announced		宣布的
announcer	ә'naunsә	n. 节目报告员, 宣告者
announcers	ə'naʊnsəz	n. 宣告者( announcer的复数形式 ); 播音员; （戏剧的）报幕员; （比赛的）解说员
announces	əˈnaunsiz	v. 宣布, 宣告, 发表( announce的第三人称单数 ); （尤指通过广播）通知; 通报…到达; 声称
announcest	ə'naʊns	vt.
annoy	ә'nɒi	vt. 使恼怒, 骚扰
annoyance	ә'nɒiәns	n. 烦恼, 打扰, 可厌之事
annoyances	əˈnɔɪənsiz	n. 恼怒( annoyance的复数形式 ); 烦恼; 打扰; 使人烦恼的事
annoyed		-K1
annoying	ә'nɒiiŋ	a. 恼人的, 讨厌的
annoys	əˈnɔiz	v. 打扰( annoy的第三人称单数 ); 干扰; 使烦恼; 使恼怒
annual	'ænjuәl	n. 年刊, 年报
annually	'ænjuәli	adv. 一年一次, 每年
annuals		n. 年历记载；一年出版一次的书；一年生植物；一年一度的事件；年度报告（annual的复数）
anode	'ænәud	n. 阳极
anodes	ˈænˌəʊdz	n. 阳极( anode的复数形式 )
another	ә'nʌðә	a. 另外的, 再一的, 不同的
anothers	ə'nʌðə	adj. (同类中)再一个的，又一的，再一批的；别的，另一的，不同的
answer	'ɑ:nsә	n. 答案, 回答, 回报, 答辩
answered		v. 回答；回复（answer的过去式）
answerer	'ɑ:nsәrә	n. 回答者, 解答者, 答辩者
answeres	网络	[原型] answeres 是 answere 的复数
answerest	'ɑːnsə	vt.
answering	计	[原型] answering 是 answer 的现在分词
answers		n. 答案, 回答（answer的复数）
ant	ænt	n. 蚂蚁
antarctic	ænt'ɑ:ktik	a. 南极的, 南极地带的
antarctics	ænˈtɑ:ktɪk;	adj. 南极的；[地理] 南极地带的
anted		(ant 的过去时) n. 蚂蚁
antelope	'æntilәup	n. 羚羊
antelopes	ˈæntlˌəʊps	n. 羚羊( antelope的复数形式 ); 羚羊皮革
antenna	æn'tenә	n. 天线, 触须, 触角
antennaed	æn'teniː	n. antenna的变形
antennas	æn'tenəz	n. [生] 触角, 触须（antenna的复数形式）
anter		前片
antes	ˈænti:z	n. （赌纸牌下的）赌注( ante的名词复数 ); 已付的金额; 分担额; 预付款
anti-	'ænti	pref. 抗, 反
anti-black	,æntɪ'blæk	adj. 反黑人的
anticipate	æn'tisipeit	vt. 预期, 占先, 加速, 提前使用
anticipated		a. 预期的；期望的
anticipater		超前预防器
anticipates	ænˈtisipeits	v. 预感( anticipate的第三人称单数 ); 预见; 预料; 先于…行动
anticipatest	æn'tɪsɪpeɪt	vt.
anticipation	æn.tisi'peiʃәn	n. 预期, 预料
anticipations		(anticipation 的复数) n. 预期, 预料
anting		(ant 的现在分词) n. 蚂蚁
antique	æn'ti:k	n. 古董, 古物
antiqued	æn'tiːkt	a. 仿古的；现仿的
antiqueer	æn'tiːk	adj.
antiquer	æn'ti:kər	n. 古董收藏家
antiques	ænˈti:ks	n. 古玩, 古董, 古物( antique的名词复数 )
anti-venom		n. 抗蛇毒素
ants		n. 蚂蚁, 蚁（ant的复数形式）
anxieties	æŋˈzaiətiz	担心
anxiety	æŋ'zaiәti	n. 焦虑, 忧虑, 令人焦虑的事
anxious	'æŋʃәs	a. 忧虑的, 发愁的, 渴望的
anxiouser	'æŋ(k)ʃəs	adj.
anxiousest	'æŋ(k)ʃəs	adj.
any	'eni	a. 任何的
anybodies		（anybody的复数形式）
anybody	'enibɒdi	pron. 任何人
anybodys	'enɪbɒdɪ	pron. [用于疑问句、否定句和条件从句中]任何人；无论什么人；[用于肯定句]随便哪一个人
anyes		(anye 的复数) [网络] 鱼忘七秒；翻译；黯丶逝丿
anyhow	'enihau	adv. 无论如何, 至少
anyhows	'enɪhaʊ	adv.
anymore	'eni'mɔ:	adv. 再也不, 不再
anyone	'eniwʌn	pron. 任何人
anyones	'enɪwʌn	pron. 任何人；无论什么人
anything	'eniθiŋ	pron. 任何事
anythings	'enɪθɪŋ	pron. 任何事
anyway	'eniwei	adv. 无论如何, 至少
anyways	'eniweiz	adv. 不管怎样, 无论如何
anywhere	'enihwєә	adv. 无论何处
anywheres	'enɪweərz	adv. 无论何处
apart	ә'pɑ:t	adv. 成零碎, 成距离, 分别地, 分离着
apartment	ә'pɑ:tmәnt	n. 房间, 公寓
apartments		n. 公寓；套间；公寓住宅（apartment的复数形式）
apologies		n. 道歉；道歉语（apology的复数）
apologize	ә'pɒlәdʒaiz	vi. 道歉, 辩解
apologized		v. 道歉（apologize的过去分词）
apologizer	ə'pɔlədʒaizə	n. 辩护者
apologizes	əˈpɔlədʒaiziz	v. 道歉( apologize的第三人称单数 ); 辩白
apology	ә'pɒlәdʒi	n. 道歉, 辩护
apparatus	.æpә'reitәs	n. 装置, 器具, 器官
apparatuses		pl. 器械, 装置, 设备, 仪器, 器官, 机构, 机关
apparent	ә'pærәnt	a. 清晰可见的, 显然的, 表面上的
apparently	ә'pærәntli	adv. 表面上, 清楚地, 显然地
appeal	ә'pi:l	n. 恳求, 诉请, 上诉, 吸引力
appealed		v. 呼吁（appeal的过去分词）；求助；诉请
appealer		n. 上诉人
appealest	ə'piːl	vt.
appealing	ә'pi:liŋ	a. 有感染力的, 动人的, 恳求的
appeals		n. 上诉；恳求（appeal的复数）
appear	ә'piә	vi. 出现, 显得, 来到
appearance	ә'piәrәns	n. 出现, 露面, 外观, 外表, 出版
appearances		n. 爱情大不同（电影名）
appeared		v. 出现；公开露面；发表（appeare的过去式形式）
appearer		n. appear的变形
appeares	网络	[原型] appeares 是 appeare 的第三人称单数
appearest	ə'pɪə	vi.
appearing		n. 版面高度
appears		v. 出现；呈现；看上去好像（appear的三单形式）
appendix	ә'pendiks	n. 附录, 附加物, 阑尾
appendixes		pl. 附件, 附庸, 附属物, 附录, 阑尾, 蚓突
appetite	'æpitait	n. 食欲, 欲望, 爱好
appetites	ˈæpitaits	n. 欲望( appetite的复数形式 ); 胃口, 食欲
applaud	ә'plɒ:d	v. 拍手喝彩, 称赞, 赞同
applauded	əˈplɔ:did	v. 鼓掌( applaud的过去式和过去分词 ); 称赞, 赞许
applauder		n. applaud的变形
applaudest	ə'plɔːd	vt.
applauding	ə'plɔːd	vt. 赞同；称赞；向…喝采
applauds	əˈplɔ:dz	v. 鼓掌( applaud的第三人称单数 ); 称赞, 赞许
applause	ә'plɒ:z	n. 鼓掌, 喝彩, 赞许
applauses	ə'plɔːz	n. 欢呼，喝采；鼓掌欢迎
apple	'æpl	n. 苹果, 家伙
apples	'æplz	n. 苹果（复数）；井架小零件
appliance	ә'plaiәns	n. 器械, 用具, 应用
applianced	ə'plaɪəns	n. 器具；器械；装置
appliances		电气用具
applicable	'æplikәbl	a. 合适的, 可应用的
applicant	'æplikәnt	n. 申请者
applicants	ˈæplikənts	n. 申请人, 求职人( applicant的复数形式 )
application	.æpli'keiʃәn	n. 应用, 申请, 志愿书, 应用程序
applications		n. 应用；应用程序；应用软件（application的复数）
applies	əˈplaiz	v. 应用( apply的第三人称单数 ); [apply oneself]使（自己）致力于; [apply onese
apply	ә'plai	vt. 涂, 应用
applyed	ə'plaɪ	vt.
applying		vt. apply的变形
appoint	ә'pɒint	vt. 任命, 指定, 下令
appointed	ә'pɔintid	[法] 派任的, 任命的, 指定的
appointer		n. 任命者；指派者
appointest	ə'pɒɪnt	vt.
appointing	ə'pɔɪnt	v. 任命；指定；约定；装备（appoint的ing形式）
appointment	ә'pɒintmәnt	n. 约会, 委任的职位, 委派
appointments	əˈpɔintmənts	n. 约会( appointment的复数形式 ); 任命; 职务; 职位
appoints	əˈpɔints	v. 任命( appoint的第三人称单数 ); 确定; 约定; 安排
appreciable	ә'pri:ʃiәbl	a. 可感知的, 可评估的
appreciate	ә'pri:ʃieit	vt. 赏识, 鉴别, 为...而感激, 领会, 欣赏
appreciated	əˈpri:ʃieitid	v. 感激( appreciate的过去式和过去分词 ); 欣赏; （充分）意识到; 对…作（正确）评价
appreciates	əp'ri:ʃɪeɪts	v. 感激( appreciate的第三人称单数 ); 欣赏; （充分）意识到; 对…作（正确）评价
appreciatest	ə'priːʃɪeɪt; -sɪ-	vt.
appreciation	ә.pri:ʃi'eiʃәn	n. 感激, 赏识, 鉴别
appreciationr	əpriːʃ'ɪeɪʃnər	n. 估价(了解；感激；涨价；欣赏)
appreciations	əˌpri:ʃi:ˈeɪʃənz	n. 欣赏( appreciation的复数形式 ); 感激; 评定; （尤指土地或财产的）增值
approach	ә'prәutʃ	n. 接近, 入门
approached		接近
approacher		n. 方法；途径；接近 (approach的变形)
approaches		处理
approachest	ə'prəʊtʃ	vi.
approaching		v. 进场；侵入；接近（approach的ing形式）
appropriate	ә'prәupriәt	a. 适当的
appropriated	经	[原型] appropriated 是 appropriate 的过去式和过去分词
appropriates	əˈprəupriits	n. 适当的, 恰当的( appropriate的名词复数 ); （不适当地）擅用; 拨出（款项等）; 把…据为己有
appropriatest	ə'prəʊprɪət	vt.
approval	ә'pru:vl	n. 赞成, 批准
approvals	əˈpru:vəlz	n. 赞许( approval的复数形式 ); 批准; 赞成; [复数][商业]包退换商品
approve	ә'pru:v	vt. 赞同, 核准, 为...提供证据
approved	ә'pru:vd	a. 被认可的；经过检验的
approver	ә'pru:vә(r)	n. 批准者, 赞成者
approves	əˈpru:vz	v. 赞成, 同意( approve的第三人称单数 ); 批准; 认可; 核准
approvest	ə'pruːv	vt.
approximate	ә'prɒksimәt	a. 大约的, 接近的, 近似的
approximated		a. 接近的；估计的
approximately	ә'prɒksimәtli	adv. 大约, 大致, 近于
approximates	əˈprɔksimits	v. 近似, 接近( approximate的第三人称单数 ); 近似计算, 概略估算
april	'eiprәl	n. 四月
apriles		阿普里勒（人名）
aprils	'eɪprəl	n. 四月
apron	'eiprәn	n. 围裙
aproned	'eɪpr(ə)n	n. 围裙；[航] 停机坪；舞台口
aprons	ˈeiprənz	n. 围裙( apron的复数形式 ); 停机坪, 台口（舞台幕前的部份）
apt	æpt	a. 有...倾向的, 易于的, 恰当的, 聪明的
apted		abbr. advanced passenger train (英国)高级特快列车,先进型旅客列车,特高速火车,
apter		(apt 的比较级) a. 有...倾向的, 易于的, 恰当的, 聪明的
aptest		(apt 的最高级) a. 有...倾向的, 易于的, 恰当的, 聪明的
apts		(apt 的复数) a. 有...倾向的, 易于的, 恰当的, 聪明的
aquarium	ә'kwєәriәm	n. 水族馆, 养鱼池, 水草缸
aquariums		n. 水族馆（aquarium的复数形式）；鱼缸；玻璃缸
ar	计	[医] 紧急反应
arabian	ә'reibiәn	a. 阿拉伯的, 阿拉伯人的
arabians		(Arabian 的复数) a. 阿拉伯的, 阿拉伯人的
arbitraries	'ɑːbɪt(rə)rɪ	adj. [数] 任意的；武断的；专制的
arbitrary	'ɑ:bitrәri	a. 任意的, 武断的, 专治的, 霸道的
arc	ɑ:k	n. 弧, 弧形, 弓形, 弧光
arcd		abbr. air breathmg;  cardiac arrest;  definite therapy 空气呼吸;
arced	ɑ:kt	vi. 形成拱状物（arc的过去式与过去分词形式）
arces	地名	[原型] Arces 是 arce 的复数
arch	ɑ:tʃ	n. 拱门, 拱形, 足弓
archaeological	.ɑ:kiә'lɒdʒikl	a. 考古学的, 考古学上的
archaeologies	网络	[原型] archaeologies 是 archaeology 的复数
archaeologist	.ɑ:ki'ɒlәdʒist	n. 考古学家
archaeologists	ˌɑ:kɪˈɔlədʒɪsts	n. 考古学家( archaeologist的复数形式 )
archaeology	.ɑ:ki'ɒlәdʒi	n. 考古学
archd		abbr. Archdeacon 执事长（教会中神职人员的一种职位）; Archduke 大公（奥地利皇太子的称呼）
arched	ɑ:tʃt	a. 弓形结构的, 拱形的
archer	'ɑ:tʃә	n. 弓箭手, 射箭运动员
arches		n. 弓形；拱桥（arch的复数形式）
archest		ArchE
archies		(archy 的复数) adj. 拱形的, 曲线形的
arching	'ɑ:tʃiŋ	[机] 拱作用, 架拱
architect	'ɑ:kitekt	n. 建筑师, 设计者, 缔造者
architected	'ɑːkɪtekt	n. 建筑师
architects	ˈɑ:kitekts	n. 建筑师( architect的复数形式 ); 设计师; 缔造者; 创造者
architecture	'ɑ:kitektʃә	n. 建筑学, 建筑式样
architectured	'ɑːkɪtektʃə	n.
architectures	'ɑ:kɪtektʃərz	n. 建筑学( architecture的复数形式 ); 建筑风格; 体系结构; （总体、层次）结构
arcing	机	[原型] arcing 是 arce 的现在分词
arcs	ɑ:ks	n. 弧, 弧线( arc的名词复数 ); 弧形物
arctic	'ɑ:ktik	a. 北极的, 极寒的
arctics		(arctic 的复数) a. 北极的, 极寒的
are	ɑ:	be的现在时复数或第二人称单数
area	'єәriә	n. 区域, 面积, 范围, 空地
areas		n. 区域, 领域；面积（area的复数形式）
ared	ɑː; ə	v. 是（be的第二人称单复数现在式）
areed	ɑː; ə	be的第一、二、三人称复数和第二人称单数, 现在陈述语气[见be]
areer		n. 经历；职业；生涯
aren't	ɑ:nt	abbr. 不是（are not）
arer		n. (Arer)人名；(土)阿雷尔
ares	'єәri:z	n. 战神阿瑞斯
arest	ɑː; ə	be的第一、二、三人称复数和第二人称单数, 现在陈述语气[见be]
argue	'ɑ:gju	vi. 提出理由, 争论, 辩论
argued		争论
arguer		n. 争辩者, 辩论者
argues	ˈɑ:ɡju:z	v. 争吵, 辩论( argue的第三人称单数 ); 坚决主张; 提出理由证明; 说服
arguest	'ɑːgjuː	vi.
argument	'ɑ:gjumәnt	n. 争论, 论证, 论据, 自变量
arguments		n. 参数
arise	ә'raiz	vi. 站立, 出现, 起来
arised	ə'raɪz	vi.
arises		v. 出现；发生；站立
arisest	ə'raɪz	vi.
arithmetic	ә'riθmәtik	n. 算术, 算术知识
arithmetics		(arithmetic 的复数) n. 算术, 算术知识
arm	ɑ:m	n. 手臂, 袖子, 狭长港湾, 武器
armchair	.ɑ:m'tʃєә	n. 扶手椅
armchaired	ɑːm'tʃeə; 'ɑːm-	n.
armchairs	'ɑ:mtʃeəz	n. 扶手椅( armchair的复数形式 )
armd		abbr. 老年性黄斑部病变（age-related macular degeneration）
armed	ɑ:md	a. 有扶手的, 武装的, 有防卫器官的
armer		n. 武装者
armes		(arme 的复数) n. 武器
armest	ɑrm	ARM
armies	ˈɑ:miz	n. 军队( army的复数形式 ); 陆军; 大群; 大批
arming	'ɑ:miŋ	n. 战斗准备, 装弹
armr	'ɑ:mr	abbr. armorer 兵器制造者, 军械修护员
arms	ɑ:mz	n. 武器, 军事行动
armstrong	'ɑ:mstrɔŋ	[计] 公理
armstrongs	'ɑːmstrɒŋ	n. 阿姆斯特朗（美国宇航员，登月第一人）
army	'ɑ:mi	n. 军队, 陆军
armys	'ɑːmɪ	n. 军队(尤指)陆军；[常作A-](一国的)陆军
around	ә'raund	prep. 包围, 在...周围, 四处
arounds	ə'raʊnd	adv. 周围；尤指；在周围，在四周；向周围，向四周；在圈里；沿着环形路线；兜着圈子；迂回地
arouse	ә'rauz	vt. 唤醒, 鼓励, 引起
aroused		唤醒
arouser		n. arouse的变形
arouses	əˈrauziz	v. 引起( arouse的第三人称单数 ); 唤醒; 激起性欲; 使行动起来
arousest	ə'raʊz	vt.
arrange	ә'reindʒ	v. 安排, 排列, 达成协议
arranged		a. 安排的
arrangement	ә'reindʒmәnt	n. 排列, 整齐, 安排
arrangements		n. 安排；准备；整理（arrangement的复数）
arranger	经	(24920/33118)
arranges	əˈreindʒz	v. 安排, 准备( arrange的第三人称单数 ); 把…（系统地）分类; 整理; 改编（剧本等）
arrangest	ə'reɪn(d)ʒ	vt.
array	ә'rei	n. 排列, 衣服, 大批, 军队
arrayed	ə'reid	a. 排列的；摆好的；准备就序的
arrayer		（军队等的）列阵, 排列
arrayest	ə'reɪ	vt.
arraying	ə'reɪ	n. 数组, 阵列；排列, 列阵；大批, 一系列；衣服
arrays		n. 阵列；数组（array的复数）
arrest	ә'rest	n. 逮捕, 监禁
arrested		a. 被捕的；逮捕的；被拘留的
arrester	ә'restә	n. 逮捕者, 制动器, 避雷器
arrestest	ə'rest	vt.
arresting	ә'restiŋ	a. 引人注意的
arrests	əˈrests	v. 逮捕( arrest的第三人称单数 ); 拘捕; 制止; 阻止
arrival	ә'raivl	n. 到达, 抵达, 到达者
arrivals		n. 进站, 进港；到达（arrival的复数形式）
arrive	ә'raiv	vi. 到达, 抵达
arrived	a'raivd	v. 抵达；抵港（arrive的过去式）
arriver		n. 到达者
arrives	əˈraivz	v. 到达, 来( arrive的第三人称单数 ); 发生
arrivest	ə'raɪv	vi.
arrogant	'ærәɡәnt	a. 自大的, 傲慢的
arrow	'ærәu	n. 箭, 箭状物, 箭头记号
arrowed		v. 标以箭头
arrowes	网络	[原型] arrowes 是 arrowe 的复数
arrowhead	'ærәuhed	n. 箭头, 镞, 慈菇
arrowheaded	'ærәj,hedid	a. 箭头形的
arrowheads	ˈærəʊhedz	n. 箭头( arrowhead的复数形式 ); 箭镟; 楔形符号; <植>慈菇
arrowing		(arrow 的现在分词) n. 箭, 箭状物, 箭头记号
arrows		n. 箭头
art	ɑ:t	n. 艺术, 人文科学, 技术, 巧妙, 诡计, 美术
artd		acute respiratory tract disease,急性呼吸道疾病
arter		n. 阿特（男子名）
artes		(arte 的复数) abbr. 海军部反应堆试验研究所（Admiralty Reactor Test Establis
artest		n. 阿泰斯特（人名，纽约尼克斯队球员）
arthur	'ɑ:θә	n. 亚瑟（男子名）；亚瑟王（传说中六世纪前后英国的国王, 圆桌骑士团的首领）
arthurs		n. (Arthurs)人名；(英)阿瑟斯；(德)阿尔图斯
article	'ɑ:tikl	n. 文章, 冠词, 物品, 物件, 条款, 契约
articled	'ɑrtɪkld	a. 合同雇用培训的；（学徒）受契约约束的
articles		n. 文章；冠词；物品；条款（article的复数）
arties	'ɑːtɪ	adj. 附庸风雅的；装作爱好艺术的
artificial	.ɑ:ti'fiʃәl	a. 人造的, 假的, 非原地产的
artificials		(artificial 的复数) a. 人造的, 假的, 非原地产的
arting		abbr. address resolution protocol (英特网)地址解析协议
artist	'ɑ:tist	n. 艺术家, 画家
artistes	ɑ:ˈti:sts	n. 职业表演者( artiste的复数形式 ); 艺人; <谑>（擅长某手艺的）能手; 大师
artistic	ɑ:'tistik	a. 艺术的, 艺术家的, 富有艺术性的
artists		n. 艺术家, 设计师（artist的复数）
arts	ɑ:ts	n. 文科
artwork	'ɑ:twә:k	n. 插图, 艺术作品
artworks	'ɑ:twɜ:ks	n. （书, 杂志等的）插图( artwork的复数形式 ); 艺术作品, 美术作品
as	æz	adv. 同样地, 例如
ascend	ә'send	vi. 上升, 追溯, 登高
ascended		上升
ascender	ә'sendә	[计] 上行字母, 字母高出部分
ascendest	ə'send	vi.
ascending	ә'sendiŋ	a. 上升的, 向上的
ascends	əˈsendz	v. 上升, 攀登( ascend的第三人称单数 )
ascertain	.æsә'tein	vt. 确定, 查明
ascertained	æsə'teind	v. 确定（ascertain的过去式）；查明
ascertainer	,æsə'teɪn	vt. 探知, 发现；弄清, 查明(真相等)；确定：；[古语]把…弄确实
ascertainest	,æsə'teɪn	vt.
ascertaining	,æsə'teɪn	vt. 确定；查明；探知
ascertains	ˌæsəˈteinz	v. 弄清, 确定, 查明( ascertain的第三人称单数 )
ascribe	ә'skraib	vt. 归因于, 归咎于
ascribed	əˈskraibd	a. （出生等时）随意取得（或给予）的
ascribes	əsˈkraibz	v. 把…归于, 认为…是由于( ascribe的第三人称单数 ); 认为…具有
asd		abbr. 蒽闪烁剂量计（Anthracene Scintillation Dosimeter）；自动同步鉴别器（Aut
ases	=Adult Self-Expression Scale	[原型] ASES 是 ase 的复数
ash	æʃ	n. 灰, 灰烬
ashamed	ә'ʃeimd	a. 惭愧的, 羞耻的
asher		n. 亚瑟（犹太民族的祖先之一, 雅各的第八个儿子）
ashes		n. 骨灰
ashing	'æʃiŋ	灰化
ashore	ә'ʃɒ:	adv. 向岸, 在岸上
asia	'eiʒә	n. 亚洲
asian	'eiʃәn	n. 亚洲人
asians		n. 亚洲人（Asian的复数）
asias	ˈeɪʒə;ˈeɪʃə	n. 亚洲
aside	ә'said	n. 小声说的话, 旁白
asides	əˈsaidz	n. 旁白, 低声说的话, 离题话( aside的复数形式 )
ask	ɑ:sk	vi. 问, 要求
asked		n. 卖方要价
asker	'ɑ:skә	n. 发问者, 请求者
askes		(aske 的复数)  [人名] 阿斯克
askest	ɑːsk	vt.
asking	'ɑ:skiŋ	n. 请求
asks		abbr. 可用座位公里, 客运运能（Available Seat Kilometres）
asleep	ә'sli:p	a. 睡着的, 长眠的, 麻木的
aspect	'æspekt	n. 外观, 方面, 面貌, 方向
aspected	'æspekt	n. 外貌, 外表, 面貌, 外观；样子；观点；(事物等的)方面
aspecting	'æspekt	n. 外貌，外表，面貌，外观；样子；观点；(事物等的)方面
aspects	'æspekts	n. 方面( aspect的复数形式 ); 面貌; 方位; 样子
ass	æs	n. 驴, 傻瓜, 笨蛋, 屁股
assassinate	ә'sæsineit	vt. 暗杀, 行刺
assassinated	ə'sæsɪneɪt	vt. 暗杀；行刺
assassinates	əˈsæsəˌneɪts	v. 暗杀( assassinate的第三人称单数 ); 中伤; 诋毁; 破坏
assault	ә'sɒ:t	n. 攻击, 袭击
assaulted		v. 强奸（assault的过去分词）；攻击；袭击
assaultest	ə'sɔːlt; ə'sɒlt	n.
assaulting	əˈsɔ:ltɪŋ	v. 袭击( assault的现在分词 ); 强暴; 猛烈攻击; 使（感官）难受
assaults	əˈsɔ:lts	n. 攻击( assault的名词复数 ); （向困难或危险事物发起的）冲击; 抨击; 侵犯他人身体（罪）
assd		abbr. assigned 分配，指派
assed		(ass 的过去分词) n. 驴, 傻瓜, 笨蛋, 屁股
assemble	ә'sembl	vt. 集合, 收集, 装配
assembled	ә'sembәld	v. 集合；装配（assemble的过去分词）
assembler	ә'semblә	n. 装配工
assembles	əˈsemblz	v. 集合, 收集( assemble的第三人称单数 ); 装配, 组合
assemblest	ə'semb(ə)l	vt.
assemblies	əˈsembliz	n. 集合; 装配; 集会; 集结; 装配( assembly的名词复数 ); 集会; [军事]1)。 集合; [机械学
assembly	ә'sembli	n. 与会者, 集会, 装配, 组件
asser	'æsә	n. 阿塞（荷兰法学家和政治家, 曾经获得诺贝尔和平奖）
assert	ә'sә:t	vt. 主张, 坚称, 断言
asserted	ә'sә:tid	a. 声称的；宣称的
asserter		n. 断言者, 维护者
asserting	əˈsə:tɪŋ	v. 声称( assert的现在分词 ); 维护; 坚持自己的主张; 生效
asserts	əˈsə:ts	v. 声称( assert的第三人称单数 ); 维护; 坚持自己的主张; 生效
asses	'æsɪz	n. 屁股, 肛门, 性交; 驴( ass的名词复数 ); 傻瓜; 臀部
assess	ә'ses	vt. 估定, 对...征税, 评定
assessed		v. 对…进行评估（assess过去时形式）
assesses		vt. 评定（assess的第三人称单数形式）
assessing		v. 评价, 评估（assess的ing形式）
assessment	ә'sesmәnt	n. 评估, 估定, 评定的款额
assessments	əˈsesmənts	n. 评估( assessment的复数形式 ); 评价; （应偿付金额的）估定; （为征税对财产所作的）估价
assies		n. 组件；装配
assign	ә'sain	vt. 分配, 指派, 赋值
assigned		a. 已分配的；指定的
assigner	ә'sainә	n. 分配人, 指定人, 转让者
assignest	ə'saɪn	vt.
assigning	əˈsainɪŋ	v. 分配( assign的现在分词 ); 指派; 指定; （作为说明或原因）提出
assignment	ә'sainmәnt	n. 分配, 功课, 任务, 转让, 归因, 陈述
assignments		n. 分配；作业（assignment的复数形式）
assigns	əˈsainz	v. 分配( assign的第三人称单数 ); 指派; 指定; （作为说明或原因）提出
assist	ә'sist	n. 帮助, 协助
assistance	ә'sistәns	n. 协助, 援助
assistances	ə'sɪst(ə)ns	n. 援助，帮助；辅助设备
assistant	ә'sistәnt	n. 助手, 助理, 助教
assistants	ə'sɪstənts	n. 助手( assistant的复数形式 ); [化学]（染色的）助剂; 辅助物; 副职
assisted	əˈsistid	a. [计]辅助的
assister		n. assist （帮助）的名词形式; 拂
assistest	ə'sɪst	vt.
assisting	法	[原型] assisting 是 assist 的现在分词
assists		n. 协助；助攻（assist的复数）
associate	ә'sәuʃieit	n. 同伴, 伙伴, 关联的事物
associated		-3
associates		n. 同伴；合作人；联合公司（associate的复数形式）
associatest	ə'səʊʃɪeɪt; -sɪeɪt	vt.
association	ә.sәuʃә'eiʃәn	n. 协会
associations		n. 关联分析, 协会组织；协会, 关联（association复数）
assr		abbr. assignor 转让人, 让与者, 委派人
asss		abbr. 美国不育研究学会（American Society for the Study of Sterility）
asst		abbr. 帮助, 援助（assistant）；助理（assistant）
assume	ә'sju:m	vt. 假定, 承担, 呈现
assumed	ә'sju:md	a. 假装的, 装的, 假定的
assumes	əˈsju:mz	v. 取得（权力）( assume的第三人称单数 ); 假设; 假定; 呈现
assumest	ə'sjuːm	vt.
assumption	ә'sʌmpʃәn	n. 假定, 自负, 担任, 假装
assumptions	ə'sʌmpʃnz	n. 假定, 臆断( assumption的复数形式 ); （责任的）承担; （他人债务的）承继; [the A-][基
assurance	ә'ʃuәrәns	n. 保证, 把握, 信心, 保险
assurances	əˈʃuərənsiz	n. 保证( assurance的复数形式 ); 担保; 把握; （人寿）保险
assure	ә'ʃuә	vt. 保证, 使确信, 弄清楚, 担保
assured	ә'ʃuәd	a. 确定的, 自信的
assurer		n. 保证者, 保险商
assures	əˈʃuəz	v. 使相信, 使确信( assure的第三人称单数 ); 保险
assurest	ə'ʃʊə; ə'ʃɔː	vt.
ast		abbr. 大西洋标准时间（Atlantic Standard Time）
astonish	ә'stɒniʃ	vt. 使惊讶
astonished		-1
astonishes	əsˈtɔniʃiz	v. 使惊讶, 使大为吃惊( astonish的第三人称单数 )
astonishing	ә'stɒniʃiŋ	a. 令人惊讶的
astonishment	ә'stɒniʃmәnt	n. 惊异, 惊愕, 使人惊异的事物
astonishments		(astonishment 的复数) n. 惊异, 惊愕, 使人惊异的事物
astrolabe	'æstrәleib	n. 星盘
astrolabes		(astrolabe 的第三人称 -s形式) n. 星盘
astronaut	'æstrәnɒ:t	n. 太空旅行者, 宇航员
astronauts		n. 宇航员（astronaut的复数）
astronomer	ә'strɒnәmә	n. 天文学家
astronomers	əˈstrɔnəməz	n. 天文学者, 天文学家( astronomer的复数形式 )
astronomies	网络	[原型] astronomies 是 astronomy 的复数
astronomy	ә'strɒnәmi	n. 天文学
at	æt	prep. 在, 向, 对
atd		abbr. 实出发时间（actual time of departure）
ate	'eit	eat的过去式
ated	et; eit	v. 吃（eat的过去式）
ater	'ætә	(=atrous, atrus)纯黑色
ates		abbr. 含水层储能系统（aquifer thermal energy storage）
athens	'æθәns	n. 雅典(希腊首都)
athenss	'æθənz	Athens1
athlete	'æθli:t	n. 运动员, 运动选手
athletes	'æθli:ts	n. 运动员( athlete的复数形式 ); 体育家; 擅长运动的人; 健儿
athletic	æθ'letik	a. 运动的
athletics	æθ'letiks	n. 体育运动
athleticss	æθ'letɪks	athletics
ating	et; eit	v. 吃（eat的过去式）
atlanta	әt'læntә	n. 亚特兰大（美国城市）
atlantas	ætˈlæntə	亚特兰大(美国佐治亚州首府)
atlantic	әt'læntik	n. 大西洋
atlantics	æt'læntɪk	n. 大西洋
atlas	'ætlәs	n. 地图集, 图表集
atlases	ˈætləsiz	n. 地图集( atlas的名词复数 )
atmosphere	'ætmәsfiә	n. 大气, 空气, 气氛
atmosphered	'ætməsfɪə	n. 气氛；大气；空气
atmospheres	'ætməsfɪəz	n. 大气( atmosphere的复数形式 ); 大气层; 空气; 气氛
atmospheric	ætmәs'ferik	a. 大气的
atmospherics	,ætmәs'feriks	n. 天电, 大气干扰
atom	'ætәm	n. 原子, 核能, 微粒, 微量
atomic	ә'tɒmik	a. 原子的, 原子能的
atomics	ә'tɒmiks	n. 原子学
atomies		骨架, 骨骼( atomy的名词复数 )；皮包骨的躯体
atoms		n. 原子（atom的复数）
ats	计	[原型] ATS 是 at 的复数
atst		Atlantic Standard Time 大西洋标准时间
attach	ә'tætʃ	vt. 附上, 使依附, 使附属, 使喜爱, 系, 缚
attached	ә'tætʃt	a. 附加的；依恋的, 充满爱心的
attacher		attach（从属, 附属）的变形
attaches	əˈtætʃiz	v. 贴上, 系, 附上( attach的第三人称单数 ); （有时不受欢迎或未受邀请而）参加; 把…固定; 把…归因于
attachest	ə'tætʃ	vt.
attaching	计	[经] 扣押, 查封
attachment	ә'tʃætʃmәnt	n. 连接, 附属物, 连接物, 爱慕
attachments		n. 附件；附着物；附属装置（attachment的复数形式）
attachs	ə'tætʃ	vt. 结，采；贴；缚，拴，扎牢；装；连接 (to)：；使喜爱；使爱慕，使依恋(to)：
attack	ә'tæk	n. 攻击, 抨击
attacked		v. 攻击；侵害（attack的过去分词）
attacker	ә'tækә	n. 攻击者
attackest	ə'tæk	vt.
attacking		v. 进攻；攻击（attack的现在分词）；攻球
attacks		n. 攻击, 评击（attack的复数形式）
attain	ә'tein	vt. 达到, 获得
attained		vt. 取得, 得到, 获得（attain的过去式）
attainer		n. attain的变形
attainest	ə'teɪn	vt.
attaining	əˈteinɪŋ	v. （通常经过努力）实现( attain的现在分词 ); 达到; 获得; 达到（某年龄、水平、状况）
attains	əˈteinz	v. （通常经过努力）实现( attain的第三人称单数 ); 达到; 获得; 达到（某年龄、水平、状况）
attempt	ә'tempt	n. 尝试, 企图
attempted		-K2
attempter		n. 企图, 试图；攻击 (attempt的变形)
attemptest	ə'tem(p)t	vt.
attempting	əˈtemptɪŋ	v. 试图( attempt的现在分词 ); 尝试; 试图夺取或攻克（堡垒、要塞等）; 试图征服（高山）
attempts		n. 企图, 试图；尝试（attempt的复数）
attend	ә'tend	vt. 参加, 照料, 伴随
attendance	ә'tendәns	n. 出席, 出席的人数, 照料
attendances	əˈtendənsiz	n. 出席( attendance的复数形式 ); 参加; 出席次数; 出席人数
attendant	ә'tendәnt	n. 随从, 侍者, 出席者
attendants	əˈtendənts	n. 服务人员( attendant的复数形式 ); 侍者; 随从; 伴随物
attended		v. 参加；伴随；注意；照料（attend的过去分词）
attender	ə'tendə(r)	n. 出席者；按规定常到的人；常客
attendest	ə'tend	vt.
attending	ә'tendiŋ	a. 主治的
attends	əˈtendz	v. 参加( attend的第三人称单数 ); 注意, 听; 照顾; [常用被动语态]（作为结果、情况）伴随
attention	ә'tenʃәn	n. 注意, 注意力
attentioner	ə'tenʃənə	n. 【新闻学】电传机上的批注(提示编辑注意稿中的污秽语言)
attentions	ə'tenʃnz	n. 殷勤( attention的复数形式 ); 注意; 考虑; 关心
attentive	ә'tentiv	a. 注意的, 留心的
atticus		上鼓室
atticuss		上鼓室
attitude	'ætitju:d	n. 态度, 看法, 姿势
attitudes	ˈætitju:dz	n. 态度( attitude的复数形式 ); [戏剧]（表演时的）姿势; 姿态; 倾向
attorney	ә'tә:ni	n. 代理人, 律师
attorneying	ə'tɜːnɪ	n.
attorneys	əˈtə:niz	n. 代理人, 律师( attorney的名词复数 )
attract	ә'trækt	vt. 吸引, 诱惑
attracted	ə'træktɪd	吸引
attracter	ə'træktə	n. = attractor
attractest	ə'trækt	vt.
attracting		n. 吸引
attraction	ә'trækʃәn	n. 吸引, 吸引人的事物, 吸引力
attractions	ət'rækʃnz	n. 吸引( attraction的复数形式 ); 具有吸引力的事物; 有吸引力的特征（或品质、人）; （尤指两性间的）
attractive	ә'træktiv	a. 吸引人的, 有魅力的
attracts	əˈtrækts	v. 吸引( attract的第三人称单数 ); 使喜爱; 引起…的好感（或爱慕）; 具有吸引力
attribute	ә'tribju:t	n. 属性, 标志, 定语
attributed	ə'trɪbjuːtɪd	v. 认为...是( attribute的过去式和过去分词 ); 把...归于; 把...品质归于某人; 认为某事[物]
attributes		n. 属性（attribute的复数）
auckland	ɒ:klәnd	n. 奥克兰(新西兰港口)
aucklander	'ɔ:klənd	奥克兰(新西兰北岛西北岸港市, 曾为新西兰首都)
aucklands		abbr. Auckland Islands 奥克兰群岛
audience	'ɒ:diәns	n. 听众, 观众, 读者
audiences	'ɔ:dɪənsɪz	n. 观众, 听众, 读者( audience的复数形式 )
auditories		听觉的, 听觉器官的( auditory的名词复数 )
auditory	'ɒ:ditәri	a. 听觉的, 听觉器官的
august	ɒ:'gʌst. 'ɒ:gәst	n. 八月
augustes	au'ɡu:st	n. 笨拙型马戏团小丑
augustest	au'ɡu:st	n.
augusts		n. 八月( August的名词复数 )
aunt	ɑ:nt	n. 阿姨, 姨妈, 舅妈, 姑妈, 伯母
aunter	ɑːnt	n. 姨母；姑母
aunties	ˈænti:z	n. (aunt的昵称)伯母( auntie的复数形式 ); 婶母; 姑母; 姨母
aunting	ɑːnt	n.
aunts	ɑ:nts	n. 姑母( aunt的复数形式 ); 姨母; 伯母; 阿姨
aural	'ɒ:rәl	a. 耳的, 听觉的, 气氛的, 气味的, 光环的
aurochs	'ɒ:rɒks	n. 现代欧洲野牛
aurochses	'ɔːrɒks; 'aʊ-	n. 欧洲野牛
aurochss	'ɔːrɒks; 'aʊ-	aurochs
australia	ɒ'streiljә	n. 澳洲, 澳大利亚
australian	ɒ'streiljәn	n. 澳大利亚人
australians	ɔ:ˈstreɪljənz	n. 澳大利亚人( Australian的复数形式 )
australias	ɒ'streɪlɪə	n. 澳大利亚，澳洲
authentic	ɒ:'θentik	a. 可靠的, 可信的, 真正的
authentics	ɔː'θentɪk	a. 可信(赖)的, 可靠的；有根据的, 来源可靠的；[口语]真诚的
author	'ɒ:θә	n. 作家, 作家的著作, 创始人
authored	ˈɔ:θəd	vt. 编写, 创作(author的过去式, 过去分词)
authorer	'ɔːθə	n. (书、文章等的)作者，著作者；作家；撰稿者；某作家的(全部)著作
authoring	计	[原型] authoring 是 authore 的现在分词
authorities		n. 当局, 官方（authority的复数）
authority	ɒ:'θɒriti	n. 权力, 当权者, 当局, 权威, 专家
authoritys	ɔː'θɒrɪtɪ	n. ☉权力，权；管辖权；(有这种权力者的) 职位，当权地位
authors	ˈɔ:θəz	n. 著作家( author的名词复数 ); 作者; 创造者; 发起人
auto	'ɒ:tәu	n. 汽车
autobiographies	ˌɔ:təubaiˈɔɡrəfiz	n. 自传( autobiography的名词复数 ); 自传文学
autobiography	.ɒ:tәubai'ɒgrәfi	n. 自传
autoed		乘汽车（auto的过去式与过去分词形式）
autoes	ˈɔ:təuz	n. <美>汽车( auto的名词复数 )
autoing		乘汽车（auto的现在分词形式）
automate	'ɔ:tәmeit	vt.vi. (使)自动化
automated		a. 自动化的；机械化的
automates	ˈɔ:təˌmeɪts	v. （使）自动化( automate的第三人称单数 )
automatic	.ɒ:tә'mætik	n. 自动手枪, 自动机械
automatically	.ɒ:tә'mætikli	adv. 自动地, 机械地
automatics	,ɔ:tә'mætiks	[计] 自动学, 自动装置, 自动化理论
automation	.ɒ:tә'meiʃәn	n. 自动化, 自动操作
automations		(automation 的复数) n. 自动化, 自动操作
automobile	'ɒ:tәmәbi:l	n. 汽车
automobiled	'ɔːtəməbiːl	n. 汽车
automobiles	'ɔ:təməbi:lz	n. <美>汽车( automobile的复数形式 )
autonomous	ɒ:'tɒnәmәs	a. 自治的
autor		n. 奥特尔（姓氏）
autos	经	[原型] autos 是 auto 的复数
autumn	'ɒ:tәm	n. 秋天, 成熟期
autumns	ˈɔ:təmz	n. 秋( autumn的复数形式 ); 秋天; 成熟期; 渐衰期
auxiliaries		n. 辅助物；附属人员；附属机构（auxiliary的复数）
auxiliary	ɒ:g'ziljәri	n. 辅助者, 辅助物, 附属机构, 助动词
avail	ә'veil	vi. 有用, 有利
availabilities	ə,veɪlə'bɪlətɪ	n. 可用性；有效性；实用性
availability	ә.veilә'biliti	n. 有效性, 可利用性, 可利用的人
available	ә'veilәbl	a. 可利用的, 可获得的, 有效的
availed	əˈveild	v. 有用于, 有益于, 有助于( avail的过去式和过去分词 )
availest	ə'veɪl	vt.
availing	əˈveilɪŋ	v. 有用于, 有益于, 有助于( avail的现在分词 )
avails	ә'veils	n. 利益；纯利润；出售资产收入（avail的复数形式）
avenue	'ævәnju:	n. 大街, 途径, 林荫路
avenues	'ævə,njʊ	n. 林阴道( avenue的复数形式 ); 大街; 途径; 手段
average	'ævәridʒ	n. 平均, 平均数, 一般水平, 海损
averaged		v. 平均（average的过去式）
averager	'ævәridʒә	中和器
averages	ˈævəridʒz	n. 平均水平( average的名词复数 ); （速度等的）平均率; 平均估价
aviation	.eivi'eiʃәn	n. 航空, 航空学, 飞行术
aviations		航空, 航空学( aviation的名词复数 )；航空工业
avoid	ә'vɒid	vt. 避免, 防止, 撤消
avoided		v. 避免；回避；避免了；使无效（avoid的过去式）
avoider		躲避
avoidest	ə'vɒɪd	vt.
avoiding		n. 避免；回避
avoids	əˈvɔidz	v. 避开, 避免, 预防( avoid的第三人称单数 ); [法律]宣布（判决、抗辩等）无效; 使无效; 废止, 撤销
await	ә'weit	vt. 等候
awaited	əˈweitid	v. 等候( await的过去式和过去分词 ); 等待; 期待; 将发生在
awaitest	ə'weɪt	vt.
awaiting	计	[原型] awaiting 是 await 的现在分词
awaits	əˈweits	v. 等候( await的第三人称单数 ); 等待; 期待; 将发生在
awake	ә'weik	a. 醒着的
awaked		唤醒, 醒悟, 意识到, 奋起, 觉悟, 觉醒, (使)奋发, 唤起, (使)醒
awakes	əˈweiks	v. 唤醒( awake的第三人称单数 ); 觉悟到; 使觉悟
awakest	ə'weɪk	vt.
award	ә'wɒ:d	n. 奖品, 裁定, 判决
awarded		vt. 授予, 奖给, 判给（award的过去式与过去分词形式）
awarder		授奖者
awardest	ə'wɔːd	vt.
awarding		vt. 授予, 奖给, 判给（award的现在分词形式）
awards		n. 奖项；判决；奖赏（award的复数）
aware	ә'wєә	a. 知道的, 有觉悟的
awarer	ə'weə	adj.
awarest	ə'weə	adj.
away	ә'wei	adv. 离去
aways	ə'weɪ	adv. 离去，离开；在远处
awesome	'ɒ:sәm	a. 引起敬畏的, 可怕的
awesomer	'ɔːs(ə)m	adj.
awesomest	'ɔːs(ə)m	adj.
awful	'ɒ:ful	a. 可怕的, 庄严的, 虔敬的
awfuller	'ɔːfʊl	adj.
awfullest	'ɔːfʊl	adj.
awfully	'ɒ:fuli	adv. 恶劣地, 非常地, 极端地
awkward	'ɒ:kwәd	a. 笨拙的, 棘手的
awkwarder	'ɔːkwəd	adj.
awkwardest	'ɔːkwəd	adj.
awkwards	'ɔːkwəd	adj.
ax	æks	n. 斧头
axe		-2
axed	ækst	v. （用斧）砍( axe的过去式和过去分词 ); 精简（机构等）; 大量削减（经费等）
axeing		(axe 的现在分词) n. 斧, 斧头
axes	'æksi:z	pl. 斧头, 轴, 轴线
axial	'æksiәl	a. 轴的, 成轴的, 轴向的
axials	'æksɪəl	adj.
axing		v. 用斧砍断；裁减（axe的ing形式）
axis	'æksis	n. 轴
axises	'æksis	n.
axle	'æksl	n. 轴, 车轴
axled		a. axle的变形
axles	'ækslz	n. 轮轴, 车轴( axle的复数形式 )
axs		abbr. 二甲苯磺酸铵；分室反吹玻纤袋式除尘器
aying	ai	ay1
babies		n. 婴儿（baby的复数）
baby	'beibi	n. 婴孩
babying		vt. 把…当作婴孩看待, 娇养（baby的现在分词形式）
babys	'beɪbɪ	n. 婴孩，婴儿，幼儿，小儿；孩子气的人，幼稚的人；胆怯的人
bachelor	'bætʃәlә	n. 单身汉, 学士
bachelors	'bætʃələz	n. 学士( bachelor的复数形式 ); （被大雄海豹逐出交配场的）小雄海豹; 单身男子; 尚未交配的幼雄兽
back	bæk	a. 后面的
backbone	'bækbәun	n. 脊椎, 志气, 骨干, 支柱
backboned	'bækbәund	a. 有脊骨的, 有脊椎的, 有骨气的
backbones	'bækbəʊnz	n. 骨干( backbone的复数形式 ); 脊骨; 骨气; 脊骨状物
backed	bækt	a. 有背的；有财力支持的
backer	'bækә	n. 援助者, 支持者
backes	网络	[原型] backes 是 backe 的复数
backest		n. 涡流
background	'bækgraund	n. 背景, 背景资料
backgrounded	'bækgraʊnd	n. 背景；隐蔽的位置
backgrounder	'bæk,^rajndә(r)	n. 政府官员举行的记者招待会
backgrounds		n. 背景图片, 背景（background的复数形式）
backing	'bækiŋ	n. 后退, 衬背, 后援, 支持者
backpack	'bækpæk	n. 远足用的背包；双肩背包, 背包
backpacked	'bækpæk	n. 双肩背包，背包；远足用的背包
backpacker	'bæk.pækә	n. 背包旅行者
backpacking	'bæk,pækɪŋ	n. 徒步旅行
backpacks	ˈbækpæks	n. （指登山者、步行者使用或背小孩时使用的）背包, （有轻金属框的）箱形背包( backpack的复数形式 )
backr	网络	[级别] backrer, backrest
backs		n. 后背, 脊背；后卫（back的复数形式）
backward	'bækwәd	adv. 向后地, 相反地
backwarder	'bækwəd	backward
backwards	'bækwәdz	adv. 向后
bacon	'beikәn	n. 熏猪肉
baconed	'beɪk(ə)n	n. 咸肉；腌肉；熏猪肉
baconer	'beɪkənə	n. 猪, (尤指用作熏咸肉而饲养的)肉猪
bacons		(bacon 的复数) n. 熏猪肉
bacteria	bæk'tiәriә	pl. 细菌
bacterias	bæk'tɪərɪə	n. [微] 细菌
bacterium	bæk'tiәriәm	n. 细菌
bad	bæd	a. 坏的
badd		abbr. Bartenders Against Drunk Driving 反对酒后驾车的酒吧侍者（组织）; Blac
badded	bæd	adj.
badder	'bædə	a. 的非正式写法
baddest	'bædəst	a. 最坏的
bader		n. 巴德（姓氏名）
bades	beɪd; bæd	v. 命令（bid的一种过去式）
badest	beɪd; bæd	bid1 的一种过去式
badge	bædʒ	n. 徽章, 标记
badged		(badge 的过去时) n. 徽章, 标记
badger	'bædʒә	n. 獾, 獾皮毛
badges	'bædʒɪz	n. 徽章( badge的复数形式 ); 象征; 证章; [美国俚语]警察
badies		(bady 的复数) n. (Bady)人名；(法、罗)巴迪
badly	'bædli	adv. 严重地, 恶劣地, 极度地
badminton	'bædmintәn	n. 羽毛球运动
badmintons	ˈbædmintənz	n. 羽毛球运动( badminton的名词复数 )
badr		n. (Badr)人名；(阿拉伯)巴德尔
bads	=black(locks), (oculocutaneous)albinism,deafness(of sensorineural type)syndrome	[原型] bads 是 bad 的复数
bad-tempered		a. 脾气不好的
baffle	'bæfl	vt. 困惑, 为难, 使挫折
baffled		a. 带有挡板的
baffler	'bæflә	[机] 折流器
baffles	ˈbæflz	n. 隔板, 挡板, 反射板( baffle的名词复数 )
bag	bæg	n. 袋子, 袋状物
baged		B.Ag.E.
bager	ˊbægә	装袋工
bages	地名	[原型] Bages 是 bage 的复数
baggage	'bægidʒ	n. 行李
baggager	'bægɪdʒ	n. [主美国英语]行李；(旅行时携带的)皮箱, 手提箱；【军事】(军队的)辎重, 军用行李, 携带的装备
baggages		(baggage 的复数) n. 行李
bagged	bægd	a. 松弛下垂的
bagger	'bægә	n. 装袋工, 装袋机
bagging	'bægiŋ	n. 装袋, 制袋材料
bags		n. 许多
baies	网络	[原型] baies 是 baie 的复数
bait	beit	n. 饵
baited	beɪt	vt. 引诱；在…中放诱饵；折磨
baiter		n. bait的变形
baitest	beit	n.
baiting	医	[原型] baiting 是 bait 的现在分词
baits	beits	n. （钓鱼等用的）饵, 诱饵( bait的名词复数 ); 用作诱饵的人（或物）
bake	beik	vt. 烘焙, 烤
baked	'beikid	a. 烘焙的；烤的
baker	'beikә	n. 面包师
bakeries	ˈbeɪkəri:z	n. 面包房, 面包店( bakery的复数形式 ); 烘烤食品（面包、糕点等的总称）
bakery	'beikәri	n. 面包店
bakes	beiks	v. 烤( bake的第三人称单数 ); 烘焙; （将某物）烤硬; （变得）灼热
balance	'bælәns	n. 平衡, 差额
balanced	'bælәnst	a. 公平的, 平衡的
balancer	'bælәnsә	n. 起平衡作用的人, 平衡器, 走钢丝者
balances	ˈbælənsiz	n. 平衡( balance的名词复数 ); 天平; 平衡力; （酿酒配料的）均衡
balancest	'bæləns	n.
balconies	ˈbælkəniz	n. 阳台( balcony的名词复数 ); （电影院等的）楼厅, 楼座
balcony	'bælkәni	n. 阳台, 戏院楼厅
bald	bɒ:ld	a. 秃头的, 光秃的, 单调的, 赤裸的
balded		(bald 的过去分词) a. 秃头的, 光秃的, 单调的, 赤裸的
balder	'bɔ:ldə	a. 秃头的( bald的比较级 ); 明显的; 简单的; 赤裸裸的
baldes	人名	[原型] baldes 是 balde 的复数
baldest		a. 秃头的( bald的最高级 ); 明显的; 简单的; 赤裸裸的
baldies		n. <俚>秃子( baldy的复数形式 )
balding	'bɔ:ldiŋ	a. 变秃的
baldr	'bɑ:ldə	n. 巴尔德（北欧神话中的光明之神）
balds	bɔːld	adj. 秃顶的；光秃的；单调的；无装饰的
baleen	bә'li:n	n. 鲸须
baleens	bə'liːn	n. 鲸须
ball	bɒ:l	n. 球, 舞会, 球状物
ballad	'bælәd	n. 歌谣
balladed	'bæləd	n. 歌谣，民谣；叙事歌谣；流行抒情歌曲
ballader		n. 歌谣, 民谣；叙事歌谣；流行抒情歌曲 (ballad的变形)
ballades		(ballade 的第三人称 -s形式) n. 三节联韵诗, 叙事曲
ballads	'bælədz	n. 民歌, 民谣, 特别指叙述故事的歌( ballad的复数形式 ); 讴
balled		球
baller	'bɔ:lә	n. 切边卷取机, 面团揉圆机；搓球机
ballet	'bælei	n. 芭蕾舞
balleting	'bæleitiŋ	[力]颠簸运动
ballets	ˈbæleiz	n. 芭蕾舞( ballet的复数形式 ); 芭蕾舞剧; 芭蕾舞团
balling	'bɔ:liŋ	[化] 成球
balloon	bә'lu:n	n. 气球
ballooned		vt. 膨胀, 涨大（balloon的过去式与过去分词形式）
ballooner	bә'lu:nә	n. 气球驾驶者；三角帆
ballooning	bә'lu:niŋ	[医] 气胀术
balloons	bəˈlu:nz	n. 气球( balloon的名词复数 ); 热气球
balls		n. 胡说八道
bamboo	bæm'bu:	n. 竹子
bambooed	bæm'buː	n. 竹，竹子
bambooing	bæm'buː	n. 竹，竹子
bamboos	bæmˈbu:z	n. 竹, 竹竿( bamboo的复数形式 )
ban	bæn	n. 禁令
banana	bә'nɑ:nә	n. 香蕉
bananas	bә'nɑ:nәs	n. 香蕉（banana的复数形式）
band	bænd	n. 带子, 队, 乐队
bandage	'bændidʒ	n. 绷带
bandaged	'bændɪdʒ	n. 绷带
bandages	ˈbændidʒz	n. 绷带( bandage的名词复数 )
banded	'bændid	a. 有带子的
bander	bændə	打捆机, 箍工
bandes	网络	[原型] bandes 是 bande 的复数
bandied	ˈbændid	v. 吵嘴, 顶嘴( bandy的过去式和过去分词 ); 传播（谣言、消息等）（常为漫不经心地）
bandies	ˈbændiz	n. 吵嘴, 顶嘴( bandy的名词复数 ); 传播（谣言、消息等）（常为漫不经心地）
banding	'bændiŋ	[机] 模式带
bandit	'bændit	n. 强盗
bandits		n. 盗贼；土匪（bandit的复数）
bands	'bændz	n. 法官；乐队
bandying	ˈbændiŋ	v. 吵嘴, 顶嘴( bandy的现在分词 ); 传播（谣言、消息等）（常为漫不经心地）
baned		灾星；祸根；烦人的事；使某人的生活不快（或不幸）的原因
banes		(bane 的复数) n. 祸根, 毒药, 灭亡的原因, 灭亡
bang	bæŋ	n. 重击, 突然巨响, 刘海
banged		vt. 猛击, 猛撞（bang的过去式与过去分词形式）
banger	'bæŋә	n. 敲打的人, 砰然作响的东西, 香肠, 鞭炮, 旧汽车
bangies	'bæŋɡɪ	包裹邮递业务
banging	'bæŋiŋ	n. 消音器内爆炸
bangladesh	,bɑ:ŋ^lә'deʃ	n. 孟加拉国
bangladeshes	,ba:ŋglə'deʃ	n. 孟加拉国（亚洲国家）
bangs		n. 刘海；重击；巨响 （bang的复数形式）
banjo	'bændʒәu	n. 班卓琴
banjoed	'bændʒəʊ	n. 班卓琴；五弦琴
banjoes	ˈbændʒəʊz	n. 班卓琴( banjo的复数形式 )
banjoing	'bændʒəʊ	n. 班卓琴；五弦琴
banjos	ˈbændʒəʊz	n. 班卓琴( banjo的复数形式 )
bank	bæŋk	n. 银行, 堤, 岸
banked	bæŋkt	a. 有坡面的；堆积的
banker	'bæŋkә	n. 银行家, 庄家
bankers	ˈbæŋkəz	n. 银行家( banker的复数形式 ); 银行主; 银行经理; 庄家
banking	'bæŋkiŋ	n. 银行业务
bankrupt	'bæŋkrʌpt	n. 破产者
bankrupted	ˈbæŋkrʌptid	v. 使破产, 使枯竭, 使极端贫困( bankrupt的过去式和过去分词 )
bankrupting	ˈbæŋkrʌptɪŋ	v. 使破产, 使枯竭, 使极端贫困( bankrupt的现在分词 )
bankrupts	ˈbæŋkrʌpts	v. 使破产, 使枯竭, 使极端贫困( bankrupt的第三人称单数 )
banks	bæŋks	n. 银行；斜床；岸, 堤（bank的复数形式）
banned		a. 被禁的
banner	'bænә	n. 旗帜
bannered	'bænə	n. 旗帜, 横幅；标语
bannerest	'bænə	n. ☉(示威游行、宗教游行等时举的书有标语、口号的)旗，旗帜；国旗
bannering		修正未烧的钵匣边
banners		n. 旗帜广告；横幅；广告横幅（banner复数）
banning	人名	[原型] banning 是 ban 的现在分词
banquet	'bæŋkwit	n. 宴会
banqueted	'bæŋkwɪt	n. 宴会, 盛宴；宴请, 款待
banqueter		n. 赴宴的客人
banquetes	网络	(banquete 的复数)
banqueting		设宴
banquets	'bæŋkwɪt	n. 宴会, 盛宴( banquet的名词复数 ); 筵席
bans	bænz	n. 结婚预告（等于banns）
bar	bɑ:	n. 条, 棒, 酒吧, 栅, 障碍物
barbecue	'bɑ:bikju:	n. 烤肉
barbecued	ˈbɑ:bikju:d	a. 烘烤过的
barbecuer	'bɑ:bɪkju:ər	野餐烤肉的人
barbecues	ˈbɑ:bikju:z	n. （常用于室外的）金属烤架( barbecue的名词复数 ); 烧烤野餐
barber	'bɑ:bә	n. 理发师
barbered	'bɑːbə	vt. 为…理发；修整
barbering	'bɑ:bәriŋ	(在机床上按靠模加工后进行的)手工修饰工序
barbers	ˈbɑ:bəz	n. 理发师( barber的名词复数 ); （男子）理发店
barcelona	.bɑ:si'lәunә	n. 巴塞罗那
barcelonas	,ba:si'ləunə	n. 巴塞罗纳（西班牙）
bard	bɑ:d	n. 吟游诗人, 诗人
bare	bєә	a. 赤裸的, 缺少的, 无遮蔽的, 坦率的
bared		n. (Bared)人名；(阿拉伯)巴雷德
barely	'bєәli	adv. 几乎不
barer	bɛəə	a. 光秃秃的( bare的比较级 ); （房间、柜子等） 空的; 赤裸的; 刚好够的
bares	bɛəz	v. 使赤裸( bare的第三人称单数 ); 使露出; 揭开; 脱（衣服）
barest		a. 光秃秃的( bare的最高级 ); （房间、柜子等） 空的; 赤裸的; 刚好够的
bargain	'bɑ:gin	n. 交易, 买卖协定, 特价商品
bargained	ˈbɑ:ɡind	v. 讨价还价, 商谈( bargain的过去式和过去分词 ); 提出条件, 要求得到
bargainer	'bɑ:ginә	n. 买卖约定者, 交易者
bargaining	'bɑ:giniŋ	n. 讨价还价, 谈判, 交涉
bargains		n. 交易；廉价品；特价品（bargain的复数）
barge	bɑ:dʒ	n. 驳船
barged	bɑːdʒ	vi. 蹒跚；闯入
bargees	bɑː'dʒiː	n. 粗鲁无礼之人；驳船船员
barger		n. [姓氏]巴吉尔; [人名] 巴杰
barges	bɑ:dʒz	n. 驳船( barge的名词复数 )
bargest	bə'reiʒ	[法语] 【纺织业】
baries	'bæri	n. 巴列（气体压力单位）
baring	'beәriŋ	[机] 矿层的剥土
bark	bɑ:k	n. 树皮, 吠声
barked	bɑ:kt	v. 吠叫( bark的过去式和过去分词 ); 大声喊出; 擦破（或蹭掉）…的皮; 厉声发令
barker	'bɑ:kә	n. 招徕顾客的人, 剥树皮者
barkes		(barke 的复数)  [人名] 巴克
barkest	bɑ:k	n.
barkies	'bɑ:kiz	[美口]=talkies
barking	'bɑ:kiŋ	[机] 去皮, 剥皮
barks	bɑ:ks	v. 吠叫( bark的第三人称单数 ); 大声喊出; 擦破（或蹭掉）…的皮; 厉声发令
barley	'bɑ:li	n. 大麦
barleys		(barley 的复数) n. 大麦
barn	bɑ:n	n. 谷仓
barned	bɑːn	n. 谷仓；畜棚；车库；靶（核反应截面单位）
barner		n. 改革者
barnes	bɑ:nz	n. 巴尔内斯（姓氏）
barnies		(barny 的第三人称 -s形式)  [人名] 巴尼
barning	bɑːn	n. 谷仓；畜棚；车库；靶（核反应截面单位）
barns	bɑ:nz	n. 牲口棚( barn的复数形式 ); （公共汽车、卡车等的）车库; 仓房; 简陋的大建筑物
barometer	bә'rɒmitә	n. 气压计
barometers	bə'rɒmɪtəz	n. 气压计, 晴雨表( barometer的复数形式 )
baron	'bærәn	n. 男爵
barones		(barone 的复数) 巴罗内
baronies		n. 男爵爵位或领地( barony的名词复数 )
barons	ˈbærənz	n. 男爵( baron的复数形式 ); 巨头; 大王; 大亨
barr		abbr. 翻转形态（Bump and Run Reversal）
barred	bɑ:d	a. 上了闩的, 划出线条的, 受阻的, 被禁止的
barrel	'bærәl	n. 桶
barreled	'bærәld	a. 桶装的,(枪,炮)有管的
barreler	'bærәlә	高产油井
barrelled	'bærәld	a. 装了桶的
barrelling	'bærәliŋ	[化] 装桶; 转鼓滚涂
barrels	ˈbærəlz	n. 桶( barrel的名词复数 ); 枪[炮]管; 一桶（的量）; 桶（石油计量单位, 相当于120 到159 升）
barren	'bærәn	a. 不育的, 贫瘠的
barrenest	'bær(ə)n	adj.
barrens		(barren 的复数) a. 不育的, 贫瘠的
barrer	'bɑ:rә	在鞋帮需要加固的部分缝上平行线的制鞋工人
barrier	'bæriә	n. 障碍, 栅栏
barriers	'bærɪəz	n. 障碍( barrier的复数形式 ); 屏障; 栅栏; 分界线
barring	'bɑ:riŋ	prep. 不包括, 除非
bars	bɑ:z	n. 马齿龈；（木、金属等的）条；栅栏；酒吧（bar的复数形式）
base	beis	n. 底部, 垒, 基础, 基地
baseball	'beisbɒ:l	n. 棒球
baseballer		n. 棒球选手,棒球队经理
baseballing	'beɪsbɔːl	n.
baseballs	ˈbeisbɔ:lz	n. 棒球运动( baseball的复数形式 )
based	beist	v. 立基于, 以…为基础（base的过去式和过去分词）
basement	'beismәnt	n. 地下室, 墙脚
basements	ˈbeismənts	n. 地下室, 地下层( basement的复数形式 )
baser	机	[原型] baser 是 base 的比较级
bases	'beisiz	pl. 基础, 军事基地, 主要成分, 根据
basest		a. base的变形
basic	'beisik	n. 基本原理, 要素, 基本规律
basically	'beisikli	adv. 基本上, 主要地
basics		-1
basin	'beisn	n. 盆, 盆地
basined	'beɪsnd	a. 为盆地所围绕的, 位于盆地的
basining		盆地形成作用
basins	'beɪsnz	n. 盆( basin的复数形式 ); 盆地; 流域; 港池
basis	'beisis	n. 基础, 主要成分
basket	'bɑ:skit	n. 篮, 篮子
basketball	'bɑ:skitbɒ:l	n. 篮球
basketballer		n. 篮球运动员
basketballing	'bɑːskɪtbɔːl	n.
basketballs		(basketball 的复数) n. 篮球
basketed	'bɑːskɪt	n. 篮子；（篮球比赛的）得分；一篮之量；篮筐
baskets		n. 篮子（basket的复数）
bat	bæt	n. 蝙蝠, 球棒
bated		a. 减少, 减弱, 抑制, 压低, 降低, (英)(非正式)大怒
bater		n. 易货
bates	beits	贝茨
bath	bæθ.bɑ:θ	n. 沐浴, 浴室
bathe	beið	vt. 沐浴, 用水洗
bathed		a. 淋漓的, 湿透的；沐浴的；沉溺的
bather	'beiðә	n. 入浴者, 游泳者
bathes	beiðz	v. 给…洗澡, 游泳( bathe的第三人称单数 ); 冲洗; 浸; 用水清洗（尤指身体部位）
bathest	beɪð	vt.
bathing	'beiðiŋ	n. 游泳, 洗海水澡
bathroom	'bɑ:θru:m	n. 浴室, 厕所
bathrooms	'bæθrums	n. 浴室( bathroom的复数形式 ); 盥洗室; （带抽水马桶的）厕所; 卫生间
baths		n. 公共澡堂, 公共游泳池
bathtub	'bɑ:θtʌb	n. 浴缸
bathtubs	ˈbɑ:θtʌbz	n. 浴缸, 澡盆( bathtub的复数形式 )
baties		abbr. 蓄电池（battery）
bating	'beitiŋ	[化] 软化; 鸟粪鞣化
bats	bæts	a. 疯疯癫癫的, 怪异的
batted		a. 击出的
batter	'bætә	v. 连续猛打（尤其指妇女），猛击
batteries		n. 电池（battery的复数形式）
battery	'bætәri	n. 电池, 殴打
batting	'bætiŋ	n. 击球, 球棒的使用, 棉絮
battle	'bætl	n. 战役
battled		有雉堞的；有城垛的
battler	'bætlə	n. 战斗者；勇士
battles		n. 战争；竞争（battle的复数）
battlest	'bætl	巴特尔(英国英格兰萨塞克斯郡罗瑟区的城镇和教区)
bay	bei	n. 海湾, 狗吠声, 月桂
bayed		vi. （尤指猎犬等）吠, 叫, 咆哮（bay的过去式与过去分词形式）
bayer	'beiә	[机] 拜耳
bayes	计	[原型] Bayes 是 baye 的第三人称单数
bayest	bei	bay1
baying	beɪ	n. 海湾；狗吠声
bays		n. 凹进处；吠声；桂冠；堤；港湾（bay的复数）
bazaar	bә'zɑ:	n. 集市, 市场, 义卖市场
bazaars	bəˈzɑ:z	n. （东方国家的）市场( bazaar的复数形式 ); 义卖; 义卖市场; （出售花哨商品等的）小商品市场
bc		-1
bcd	计	(-/48950)
bcr		abbr. 烟煤研究所（Bituminous Coal Research Institute）；字节计数寄存器（Byte
bcst	'biːs'iː'est'iː	n.广播
be	bi:	v. 是, 表示, 在
beach	bi:tʃ	n. 海滩
beached	biːtʃ	n. 海滩；湖滨
beacher	'bi:tʃә	n. 浪涛
beaches		n. 海滩；海滨（beach的复数形式）
beachies	'biːtʃɪ	adj.
beaching	'bi:tʃiŋ	n. 船只搁浅；搁滩；抢滩；滩头系留
bead	bi:d	n. 珠子, 滴
beaded	bi:did	a. 珠状的；饰以珠的
beader	'bi:dә	加珠饰者, 卷边器, 卷边工具, 弯边装置
beading	bi:diŋ	n. 起泡, 泡沫
beads		玻璃粉
beam	bi:m	n. 横梁, 杆, 光线, 容光焕发
beamed	bi:md	a. 有梁的
beamer	'bi:mә	n. 投影机, 整经机
beames	人名	[原型] beames 是 beame 的复数
beamies	'biːmɪ	beamy
beaming	'bi:miŋ	a. 光亮的, 喜气洋洋的, 愉快的
beams	bi:mz	n. 梁( beam的名词复数 ); 束; 1 光线; （电波的）波束
bean	bi:n	n. 豆子
beaned	biːn	n. 豆；嘴峰；毫无价值的东西
beaner	'bi:nə	n. 托架
beanes	人名	[原型] beanes 是 beane 的复数
beanies	'biːnɪ	有大豆腥味的
beaning		v. 击或打…的头部（bean的ing形式）
beans		n. 豆子；豆类；黄豆（bean的复数）
bear	bєә	n. 熊
beard	biәd	n. 胡须
bearded	'biәdid	a. 有须的, 有胡子的
bearder	'biәdә	除壳芒机
beardies	'biədi	n.
bearding	'biәdiŋ	类似胡须的生长物
beards	biədz	n. 胡须( beard的名词复数 )
beared		n. 胡须
bearer	'bєәrә	n. 带信人, 票据持有人, 搬运者
beares		贝亚雷斯
bearest	bεə	vt.
bearing	'bєәriŋ	n. 举止, 轴承, 忍受, 关系, 意义, 方向, 生育
bearings	经	[原型] bearings 是 bearing 的复数
bears		n. 空头（卖空的证券交易投机）；熊（bear的复数）
beast	bi:st	n. 畜生, 动物, 野兽, 兽性
beasted	biːst	n.
beasties	'biːstɪ	n. 小动物
beasting	biːst	n. ☉(除人之外的)动物；(与人相对而言的)兽；(与植物相对而言的)动物
beasts		n. 野兽；畜牲（beast 的复数）
beat	bi:t	n. 心跳(声), 打, 敲打声, 拍子
beater	'bi:tә	n. 打的人, 拍打树丛惊起猎物的人, 搅拌器
beates		n. (Beate)人名；(德、罗)贝亚特
beatest	biːt	vt.
beaties	'bi:ti	beaty
beating	'bi:tiŋ	n. 打, 挫败, 搏动
beats	bi:ts	n. 音乐节拍；差拍振动；心脏跳动（beat的复数）
beauties		n. 美容化妆；美丽, 美的东西；美人（beauty的复数）
beautiful	'bju:tiful	a. 美丽的
beautifuler	ˈbju:tɪfl	adj.
beautifulest	ˈbju:tɪfl	adj.
beautifuller	ˈbju:tɪfl	adj.
beautifullest	ˈbju:tɪfl	adj.
beautifully	'bju:tifuli	adv. 美好地, 漂亮地
beauty	'bju:ti	n. 美, 美人
beaver	'bi:vә	n. 海狸(毛皮)
beavered		v. （海狸似地）拼命工作( beaver的过去式和过去分词 ); 忙于（某事）, 勤奋工作
beavering		v. （海狸似地）拼命工作( beaver的现在分词 ); 忙于（某事）, 勤奋工作
beavers	ˈbi:vəz	n. 海狸( beaver的名词复数 ); 海狸皮毛; 棕灰色; 拼命工作的人
because	bi'kɒ:z	conj. 因为
beckies	'beki	贝基(女子名)[Rebecca 的昵称]
becky	'beki	n. [口]上挂钩
become	bi'kʌm	vi. 变成, 变得
becomes	biˈkʌmz	v. 变为, 成为( become的第三人称单数 ); 适合; 使（人）显得漂亮; 使好看
becomest	bɪ'kʌm	vi.
bed	bed	n. 床, 睡眠处, 河床, 底座, 路基, 一层
bedd		abbr. basic engineering design data 基本工程设计数据
bedded	'bedid	a. [地质]层状的
bedder	'bedә	n. 管理床铺的人, 供观赏的植物
beddest	bɛd	BED
bedding	'bediŋ	n. 被褥, 寝具, 床上用品, 基床
beddings	'bedɪŋ	n. 寝具；（建筑）[建] 基床；（家畜）草垫
beded	bedid	pp. 固定
bedes	网络	[原型] bedes 是 bede 的复数
bedroom	'bedrum	n. 卧室
bedroomed	'bedruːm; -rʊm	n. 卧室, 寝室；(火车)卧铺单间
bedrooms		n. 火车卧铺单间；卧室（bedroom的复数）
beds		n. 床上用品, 床组（bed复数）
bee	bi:	n. 蜜蜂, 聚会
beed		abbr. 初级教育学士（Bachelor of Elementary Education）
beef	bi:f	n. 牛肉, 肌肉
beefed	biːf	n. 牛肉；肌肉；食用牛；牢骚
beefer	'bi:fә	n. 发牢骚者；告密者
beefing	biːf	n. 牛肉；肌肉；食用牛；牢骚
beefs		pl. 牛肉, 体力, 肌肉
been	bi:n	be的过去分词
beer	biә	n. 啤酒
beered	bɪə	n. 啤酒
beers		n. 比尔斯（姓氏）
bees		n. 蜜蜂（bee的复数）
beest		abbr. Bachelor of Electrical Engineering 电机工程学士
beetle	'bi:tl	n. 甲虫, 大槌
beetled	ˈbi:tld	v. 快速移动( beetle的过去式和过去分词 )
beetles	'biːt(ə)lz	n. 甲虫( beetle的名词复数 )
beetlest	'biːt(ə)l	n. 甲虫型汽车，甲虫车
before	bi'fɒ:	prep. 在...之前
beforehand	bi'fɒ:hænd	adv. 预先
befores	bɪ'fɔː	prep. 在…之前，先于
beg	beg	v. 乞求, 乞讨, 请求
beggar	'begә	n. 乞丐
beggared	'begə	n. 乞丐；穷人；家伙
beggarest	'begə	n.
beggaries	'begərɪ	n. 赤贫；卑劣；行乞
beggaring	'begə	n. 乞丐；穷人；家伙
beggars	ˈbeɡəz	n. 乞丐( beggar的名词复数 ); 家伙
begged		vt. 退求；请求, 乞求
begger		n. 乞丐
beggest	beɡ	vt.
begging		v. 乞讨, 乞求；行乞（beg的现在分词形式）
begin	bi'gin	v. 开始
begining	bɪ'gɪn	vi. 开始：；开始存在；开始出现, 呈现；形成；产生；始于, 源于：
beginner	bi'ginә	n. 初学者
beginners		n. 初学者；生手；首创者（beginner的复数）
beginnest	bɪ'gɪn	vi.
beginning	bi'giniŋ	n. 开始
beginnings	biˈɡiniŋz	n. 开始( beginning的复数形式 ); 根源; 原始思想; 前兆
begins	bɪ'ɡɪnz	v. 开始( begin的第三人称单数 ); 着手; 创始; 创办
begr	'bi:ɡər	abbr. begrundet (German=established) （德语）建立的，确立的
begs	beɡz	v. 乞讨( beg的第三人称单数 ); 乞求; 请求; （狗蹲坐在后腿上将前爪抬起）等食物
behalf	bi'hɑ:f	n. 利益, 方面
behalfs	bɪ'hɑːf	n.
behave	bi'heiv	vi. 举止端正, 行为规矩
behaved	biˈheivd	v. （行为或举止）表现( behave的过去式和过去分词 ); 工作; （使）守规矩
behaver		n. 行为者
behaves	biˈheivz	v. （行为或举止）表现( behave的第三人称单数 ); 工作; （使）守规矩
behavest	bɪ'heɪv	vi.
behavior	bi'heivjә	n. 行为, 举止
behaviors	bɪheɪ'vi:əʊz	n. 行为( behavior的复数形式 ); 态度; （机器等的）运转状态; （事物的）反应
behaviour	bi'heivjә	n. 行为, 举止
behaviours		(behaviour 的复数) n. 行为, 举止
behind	bi'haind	adv. 在后地
behinded	bɪ'haɪnd	prep.
behinder	bɪ'haɪnd	prep. 在…之后，在…后面，在…的背后；向…的背后；到…的背后：；(时间)迟于，晚于：
behinds		（义同 bottom,委婉说法, 即屁股）( behind的名词复数 )
being	'bi:iŋ	n. 存在, 性质, 生命, 人, 生物, be的现在分词
beinges	网络	(beinge 的复数)
beings	'bi:ɪŋz	n. 人; 生物（ being的复数形式 ）; 存在; 思想感情; 身心
belief	bi'li:f	n. 信念, 相信, 信仰
beliefs		n. 信仰；信?（belief的复数）
believable	bi'li:vәbl	a. 可信的
believe	bi'li:v	v. 相信
believed	biˈli:vd	v. 相信( believe的过去式和过去分词 ); 认为; 以为; 对…信以为真
believer	bi'li:vә	n. 信徒
believers		n. 信仰者（believer的复数形式）
believes		v. 信仰；相信；认为（believe的三单形式）
believest	bɪ'liːv	vi.
bell	bel	n. 铃, 钟
belled	'belid	[机] 套接的, 钟形口的
beller	bel	贝尔(女子名)[Bella 的异体]
belles	belz	n. 美女( belle的复数形式 ); 最美的美女
bellied	'belid	a. 有腹的, 鼓起的
bellies	ˈbeliz	n. 肚子( belly的名词复数 ); 腹部; （物体的）圆形或凸起部份; 腹部…形的
belling	'beliŋ	动物的吼叫, 扩成喇叭形的
bells	belz	n. 铃（bell的复数形式）；排钟；喇叭裤
belly	'beli	n. 腹部, 食欲
bellying		a. 张满的, 鼓起的
bellys		(belly 的复数) n. 腹部, 食欲
belong	bi'lɒŋ	vi. 属于, 合适
belonged	bɪ'lɒŋd	v. 属于( belong的过去式和过去分词 ); 是…的成员; 应被放在; 适应
belongest	bɪ'lɒŋ	vi.
belonging	bi'lɔŋiŋ	[法] 附属物
belongs	biˈlɔŋz	v. 属于( belong的第三人称单数 ); 是…的成员; 应被放在; 适应
beloved	bi'lʌvd	a. 心爱的
beloveds		(beloved 的复数) a. 心爱的
below	bi'lәu	prep. 在下面
belt	belt	n. 带子, 地带
belted	'beltid	a. 束带的, 佩绶带的
belter	'beltə	n. 了不起的人或事；嘹亮的歌
belting	'beltiŋ	n. 带料, 带类
belts		n. 带子；皮带（belt的复数）
bench	bentʃ	n. 长椅子
benched	'bentʃid	a. 台阶形状的；陡坎的；换下场的
bencher	'bentʃә	n. 坐凳子的人, 律师协会的主管委员, 划手
benches	bentʃiz	n. 法官( bench的名词复数 ); （木制）长凳; （英国议会的）议员席; 场边的运动员休息区
benchies		A word only used by charlatan professors and their adopted c
benching	'bentʃiŋ	n. 钳工加工；阶梯式开采；台阶式挖土法
bend	bend	vi. 变弯曲, 屈服
bended	'bendid	a. 弯曲的
bender	'bendә	n. 扭弄物体的人, 六便士银币, 饮酒作乐
bendest	bend	vt.
bendies	'bendi	adj.
bending	'bendiŋ	[化] 弯曲; 弯曲度
bends	医	[原型] bends 是 bend 的第三人称单数
beneath	bi'ni:θ	prep. 在...下方
beneficial	.beni'fiʃәl	a. 有益的, 受益的
beneficials	benɪ'fɪʃ(ə)l	a. 有利的, 有助的, 有益的；得益的, 得利的
benefit	'benifit	n. 利益
benefited		vt. 有益于, 有助于（benefit的过去式与过去分词形式）
benefiter		n. 利益, 好处；救济金 (benefit的变形)
benefitest	'benɪfɪt	n.
benefiting		vt. 有益于, 有助于（benefit的现在分词形式）
benefits		n. 利益, 收益；福利, 效益（benefit的复数形式）
benefitted		(benefit 的过去分词) n. 利益
benefitter	'benɪfɪt	benefit
benefitting		vt. 有益于, 有助于（benefit的现在分词形式）
bent	bent	a. 弯曲的, 决心的
bentest	bent	bend1的过去式和过去分词
bents		(bent 的复数) a. 弯曲的, 决心的
ber	bә:	[计] 基本编码规则
bering	'beriŋ	白令(Vitus, 1680-1741, 丹麦航海家, 白令海及白令海峡的发现者)
beringed	bi'riŋd	戴戒指的
beringer		n. (Beringer)人名；(英、德、捷)贝林格
berings	'bɛriŋ	n. 白令海峡
berlin	bә:'lin	n. 柏林, (软质)柏林毛线
berliner	bә'linә	n. 柏林市民
berlines	bə:'li:n	n. 四轮双座篷盖马车（等于berlin）
berlins	新西兰	[原型] berlins 是 berlin 的复数
berries		浆果类
berry	'beri	n. 浆果
berrying	'berɪ	n. 浆果（葡萄, 番茄等）
berrys	'berɪ	n. 【植物学】；聚合果，浆果(如木莓、草莓和黑莓等)
bert	b\\:t	n. 伯特（男子名, 等于Burt）
bertes	网络	[原型] bertes 是 berte 的复数
berties		n. (Berty)人名；(匈)拜尔蒂；(法)贝尔蒂
berts	bə:t	伯特(男子名)[Albert, Bertram, Herbert和 Hubert 等的异体;亦作 Burt]
bes	bes	n. (埃及神话中的)喜神贝斯
beside	bi'said	prep. 在旁边
besides	bi'saidz	prep. 除...之外
best	best	a. 最好的
bested	bi'sted	a. 在……境遇的
bester		n. (Bester)人名；(德、法)贝斯特尔
bestest	best	a. good的变形；good的最高级,比较级better
besties		n. 闺蜜；〈俚〉最好的朋友
besting	bestɪŋ	v. 1。[口]打败, 胜过( best的现在分词 )
bestow	bi'stәu	vt. 授予, 使用, 贮藏, 留宿
bestowed	biˈstəud	v. 赠给, 授予( bestow的过去式和过去分词 )
bestower		n. bestow的变形
bestowest	bɪ'stəʊ	vt.
bestowing	bi'stәuiŋ	砖窑中砖堆上层已烧透的砖
bestows	biˈstəuz	v. 赠给, 授予( bestow的第三人称单数 )
bests	bests	v. 1。[口]打败, 胜过( best的第三人称单数 )
bet	bet	n. 打赌, 赌注
beter		abbr. Black Entertainment Television(美国对黑人播放的)闭路电视网络
betes	网络	[原型] betes 是 bete 的复数
betray	bi'trei	vt. 出卖, 背叛, 辜负, 暴露
betrayed	biˈtreid	v. 对…不忠( betray的过去式和过去分词 ); 背叛; 出卖; 泄露
betrayer	bi'treiә	n. 叛徒, 叛国贼
betrayest	bɪ'treɪ	vt.
betraying	biˈtreiŋ	v. 对…不忠( betray的现在分词 ); 背叛; 出卖; 泄露
betrays	biˈtreiz	v. 对…不忠( betray的第三人称单数 ); 背叛; 出卖; 泄露
bets		abbr. 北京英语水平考试（Beijing English Testing System）
betted	'betid	bet的过去式和过去分词
better	'betә	a. 较好的
bettered	ˈbetəd	v. 改善, 提高( better的过去式和过去分词 )
betterer		n. 长辈；较好者；打赌的人（等于bettor） (better的变形)
betterest	'betə	adj.
bettering	ˈbetərɪŋ	v. 改善, 提高( better的现在分词 )
betters		n. 长辈；胜于己者
betting	'betiŋ	n. 打赌
between	bi'twi:n	prep. 在...之间
betweenes	网络	(betweene 的复数)
betweening	bɪ'twiːn	between
betweens	bɪ'twiːn	prep. 位于(两点、两地或两物体等)之间：；(时间、数量、程度等方面)在(两者)之间：
beware	bi'wєә	v. 小心, 谨防
bewared		v. 当心（beware的过去式与过去分词形式）
bewares		v. 当心（beware的第三人称单数形式）
bewilder	bi'wildә	vt. 使迷惑, 使不知所措
bewildered	bɪ'wɪldəd	a. 困惑的; 晕眩的; 混乱的; 不知所措的
bewilderer	bɪ'wɪldə	vt.
bewildering	bi'wildәriŋ	a. 令人困惑的, 使人昏乱的
bewilders	biˈwildəz	v. 使迷惑, 使难住( bewilder的第三人称单数 )
beyond	bi'jɒnd	prep. 超过, 在那一边, 迟于
beyonds	网络	[原型] beyonds 是 beyond 的复数
bible	'baibl	n. 圣经
bibler	'baɪb(ə)l	n. [the Bible]基督教《圣经》(包括《旧约全书》和《新约全书》)；[常作 b-]一本(或特种版本)基督教《圣
bibles		n. 圣经（Bible的复数形式）
bicycle	'baisikl	n. 自行车
bicycled		vi. 骑自行车（bicycle的过去式与过去分词形式）
bicycler		n. 骑单车的人
bicycles		n. 自行车；脚踏车（bicycle的复数）
bid	bid	n. 出价
bidded	bidid	出价,致意,命令,叫牌,招标(过去分词)
bidder	'bidә	n. 出价人, 投标人
biddest	bɪd	BID
bidding	'bidiŋ	n. 命令, 邀请, 出价
bided	baɪdid	v. 等待, 停留( bide的过去式 ); 居住; 等待; 面临
bides	baɪdz	v. 等待, 停留( bide的第三人称单数 ); 居住; （过去式用bided）等待; 面临
bidest	baɪd	vi.
biding	baɪdɪŋ	v. 等待, 停留( bide的现在分词 ); 居住; （过去式用bided）等待; 面临
bids		abbr. 商业智能开发工具集（Business Intelligence Development Studio）；本迪
big	big	a. 大的, 重要的
bigged	bɪg	adj. 大的；重要的；量大的
bigger		a. 更大的（big的比较级）
biggered	bɪgə(r)	adj. 更大的（big的比较级）
biggerer	bɪgə(r)	bigger
biggerest	bɪgə(r)	adj. big的变形
biggering	bɪgə(r)	adj. 更大的（big的比较级）
biggers	bɪgə(r)	adj. 更大的（big的比较级）
biggest		a. 最大的（big的最高级）
bigging		童帽
bigs		n. 大人物；重要组织（big的复数形式）
bike	baik	n. 自行车, 脚踏车
biked	baikt	v. 自行车( bike的过去式和过去分词 )
biker	'baikә(r)	n. 骑自行车/摩托车的人
bikes	baiks	n. 自行车( bike的名词复数 )
bill	bil	n. 帐单, 清单, 钞票, 鸟嘴, 广告, 法案, 票据
billboard	'bilbɒ:d	n. 广告牌, 布告板
billboarded	'bɪl.bɔː(r)d	n. 广告牌；告示牌；演员字幕；锚爪座
billboarding	'bɪl.bɔː(r)d	n. 广告牌；告示牌；演员字幕；锚爪座
billboards	ˈbɪlˌbɔ:dz	n. <主美>广告牌( billboard的复数形式 )
billed	'bɪld	vt. 安排（bill的过去式与过去分词形式）
biller	'bilә	[经] 记帐员, 开发票机, 发票登帐机
billies	'bɪlɪz	n. 警棍, 棍棒( billy的复数形式 )
billing	'biliŋ	n. 节目次序, 广告
billion	'biljәn	num. 十亿, 十亿个
billions	'bɪljənz	n. 十亿（billion的复数形式）
bills		n. 账单；议案（bill的复数）
billy	'bili	n. 警棍, 伙伴
billy-goat	'bɪli:ɡ'əʊt	公山羊
billys	'bili	比利(男子名)[Bill的异体，William的昵称]；比莉(女子名)[Beverly的昵称]
bind	baind	vt. 绑, 约束, 装订, 包扎, 使结合
binder	'baindә	n. 捆缚者, 用以绑缚之物, 活页夹
bindest	baɪnd	vt.
binding	'baindiŋ	n. 装订
binds	baindz	v. 约束( bind的第三人称单数 ); 装订; 捆绑; （用长布条）缠绕
biochemistries		(biochemistry 的复数) n. 生物化学
biochemistry	.baiәu'kemistri	n. 生物化学
biographies		n. 列传, 传记（biographie的复数形式）
biography	bai'ɒgrәfi	n. 传记
biologies		生物学( biology的名词复数 )；生理
biologist	bai'ɒlәdʒist	n. 生物学家
biologists	baɪˈɔlədʒɪsts	n. 生物学家( biologist的复数形式 )
biology	bai'ɒlәdʒi	n. 生物学
bird	bә:d	n. 鸟, 羽毛球
birded		vi. 观察和辨认鸟（bird的过去式与过去分词形式）
birder	'b\\:dә(r)	n. 猎鸟者
birdied	ˈbə:did	v. 小鸟儿( birdie的过去式和过去分词 )
birdies	ˈbə:diz	n. 小鸟儿( birdie的名词复数 )
birding	'bә:diŋ	捕鸟, 玩鸟
birds		n. 鸟类；禽（bird的复数）
birdying	ˈbə:diŋ	v. 小鸟儿( birdie的现在分词 )
birth	bә:θ	n. 出生, 起源
birthday	'bә:θdei	n. 生日
birthdays	ˈbə:θdeiz	n. 生日( birthday的复数形式 )
birthed	bɜːθ	n. 出生；血统，出身；起源
birther		出生地质疑者（奥巴马并非出生在夏威夷，因此没资格做总统的怀疑论者）
birthing	bɜ:θɪŋ	a. 和生育有关的；在分娩过程中使用的
birthplace	'bә:θpleis	n. 诞生地
birthplaces	ˈbɜ:θˌpleɪsiz	n. 诞生地, 出生地( birthplace的复数形式 )
births	bə:θs	n. 出生( birth的名词复数 ); 分娩; 起源; 出身
biscuit	'biskit	n. 饼干
biscuities	bɪsk'juɪtɪ	biscuity
biscuiting	'biskitiŋ	素烧
biscuits	'bɪskɪts	n. <英>饼干( biscuit的复数形式 ); <美>软烤饼; 松饼（食用时常佐以肉汁）; 淡黄褐色
bishop	'biʃәp	n. 主教, (国际象棋中的)象, 热果子酒
bishoped	'bɪʃəp	n. 主教
bishoping	'bɪʃəp	n. 主教
bishopped	'bɪʃəp	n.
bishopping	'bɪʃəp	n.
bishops	'bɪʃəp	n. [宗教]；[天主教、圣公会、东正教]主教
bison	'baisәn	n. 野牛
bisons	'baisən	n. 【军事】(苏制)“野牛”式轰炸机
bit	bit	n. 少量, 马嚼子, 辅币
bite	bait	n. 咬, 一口
bited	网络	[原型] bited 是 bite 的过去式
biter	'baitә	n. 咬人的人(或动物), 骗子
bites		n. 咬伤
bitest	baɪt	vt.
biting	'baitiŋ	a. 刺痛的, 辛辣的
bits		abbr. 后台智能传输服务（Background Intelligent Transfer Service）；建设集成
bitted	bitid	v. 系于缆柱( bitt的过去式和过去分词 )
bitter	'bitә	a. 苦的, 痛苦的, 怀恨的
bittered		vt. 使变苦（bitter的过去式与过去分词形式）
bitterer		寒冷的,苦的,刺骨的,严酷地,剧烈地(比较级)
bitterest		a. 怀恨的( bitter的最高级 ); 尖锐的; 严寒的; 愤愤不平的
bittering	'bitәriŋ	[机] 苦味, 加入苦味
bitterly	'bitәli	adv. 怨恨地, 悲痛地, 残酷地
bitterness	'bitәnis	n. 苦味, 悲痛, 怨恨
bitternesses		(bitterness 的复数) n. 苦味, 悲痛, 怨恨
bitters	'bitәz	n. 苦味剂；苦味药；苦味补药
bitting	bitɪŋ	v. 系于缆柱( bitt的现在分词 ); 配钥匙
black	blæk	n. 黑色, 黑颜料
blackboard	'blækbɒ:d	n. 黑板
blackboarded	'blækbɔːd	n.
blackboarding	'blækbɔːd	n.
blackboards	ˈblækbɔ:dz	n. 黑板( blackboard的复数形式 )
blacked	blækt	v. 弄脏( black的过去式和过去分词 ); 使变黑; 抵制; 把黑油彩抹在（演员）脸上
blacken	'blækәn	vt. 使变黑, 诽谤
blackened	ˈblækənd	a. （食品）涂上辣椒粉和调味品后油炸的, 熏制的
blackener	b'lækənər	给物品上黑色的工人
blackenest	'blæk(ə)n	vi.
blackening	'blækәniŋ	n. 致黑
blackens	ˈblækənz	v. （使）变黑, 把…弄黑( blacken的第三人称单数 ); 发暗; 败坏（名誉等）, 诋毁
blacker	'blækә	n. 擦皮鞋人；[制鞋业]黑色涂饰工
blackes	人名	(blacke 的复数)
blackest		a. 黑色（black的最高级）
blackies		(blacky 的复数) n.黑人,黑色鸟,黑色动物
blacking	'blækiŋ	n. 黑色鞋油, 黑色涂料
blacks		n. 黑人（black的复数）
blacksmith	'blæksmiθ	n. 铁匠
blacksmithing		锻造; 手工锻造
blacksmiths	ˈblæksmi:θs	n. 铁匠, 锻工( blacksmith的复数形式 )
blade	bleid	n. 叶片, 刀锋, 刀口, 剑
bladed	'bleɪdɪd	有叶片的, 有刀刃的
blader	'blædә	平路机, 推土机
blades		n. 刀刃；扁叉；刀片（blade的复数）
blame	bleim	n. 过失, 责备
blamed	'bleimd	a. 该死的, 该受诅咒的
blamer		n. 指责型；责怪他人；责备者
blames	bleimz	v. 指责, 责怪, 归咎于( blame的第三人称单数 )
blamest	bleɪm	vt.
blank	blæŋk	n. 空格, 空白
blanked	blæŋkt	a. 被冷落的；诅咒的；被忽视的
blanker	'blæŋkә	n. 熄灭装置；落料机；空弹；空格
blankest	blæŋk	a. ☉(纸等)空白的, 未写过的, 未作过记号(或符号)的, 未印(或写)上东西的, 无字的；[诗歌用语]无韵的
blanket	'blæŋkit	n. 毛毯, 毯子
blanketed		v. 覆盖；遮掩（blanket的过去分词）
blanketing	'blæŋkitiŋ	[机] 掩蔽, 掩盖, 盖覆
blankets	ˈblæŋkits	n. 毛毯( blanket的名词复数 ); 毯子; 厚层; 厚的覆盖层
blankies	'blæŋki	adj., n. [英国英语] = blankety [较blankety少用]
blanking	'blæŋkiŋ	[计] 消除, 消隐, 关闭, 切断
blanks		n. 空闲时间；空白页（blank的复数）
blast	blæst	n. 一阵风, 爆炸, 枯萎病
blasted	'blæstid	a. 枯萎的, 被破坏的, 被咒的
blaster	'blɑ:stә	[计] 熔固器, 装置
blasting	'blɑ:stiŋ	[计] 过载失真
blasts	blɑ:sts	n. 爆炸( blast的名词复数 ); 一阵（疾风等）; （吹奏乐器、哨子、汽车喇叭等突然发出的）响声; 突如其来的强
blaze	bleiz	n. 火焰, 烈火, 光辉
blazed	bleizd	v. 猛烈地燃烧( blaze的过去式和过去分词 ); 发光, 照耀
blazer	'bleizә	n. 燃烧体, 颜色鲜明的上装, 宣布者
blazes	ˈbleiziz	n. <俚>地狱; 火焰( blaze的名词复数 ); 光辉; 迸发; （光或色彩等的）展现
blazest	bleiz	n.
bleach	bli:tʃ	vt. 漂白
bleached	bli:tʃt	a. 漂白的, 晒白的, 颜色变浅的
bleacher	'bli:tʃә	n. 漂白业者, 漂白剂, 露天看台
bleaches	bli:tʃiz	v. 使（颜色）变淡, 变白, 漂白( bleach的第三人称单数 )
bleachest	bliːtʃ	vt.
bleaching	'bli:tʃiŋ	a. 漂白(的)
bleed	bli:d	vi. 流血, 悲痛, 渗出
bleeded	bliːd	vi.
bleeder	'bli:dә	n. 易出血的人, 血友病患者
bleedest	bliːd	vi.
bleeding	'bli:diŋ	n. 出血, 流血
bleeds		v. 感到疼痛；出血（bleed的第三人称单数）
blend	blend	vt. 混合
blended		blend的过去式和过去分词
blender	'blendә	n. 混合者, 混合器, 搅拌器
blenders	ˈblendəz	n. 掺和器, 搅拌机( blender的复数形式 )
blendes	blend	n. [矿物] 闪锌矿；褐色闪光矿物
blendest	blend	n.
blending	'blendiŋ	n. 混合, 混合物, 混成
blends	blendz	v. （使）混合( blend的第三人称单数 ); （使）混杂; （使）调和; 协调
bless	bles	vt. 祝福, 祈佑, 使神圣化
blessed	'blesid	a. 神圣的, 受祝福的
blesses	blesiz	v. 祝圣( bless的第三人称单数 ); 称颂上帝; 求神赐福于; （表示惊奇）
blessest	bles	vt.
blessing	'blesiŋ	n. 祝福
blind	blaind	n. 蒙蔽物, 窗帘
blinded	blamd	blind（使变瞎；使失明）的过去式及过去分词
blinder	'blaindә	n. 眼罩
blindest	ˊblaindist	盲的,盲目的,轻率的,使看不见蒙蔽,帘子,屏风(最高级)
blinding	'blaindiŋ	a. 使人眩目的, 使人失去判断力的
blinds	'blaindz	n. 百叶窗；盲人（常用复数）
blister	'blistә	n. 水疱
blistered	'blɪstəd	a. 水疮状的, 泡状的
blistering	'blistәriŋ	[计] 起泡, 生泡
blisters	ˈblistəz	n. 水疱( blister的名词复数 ); 水肿; 气泡
block	blɒk	n. 街区, 木块, 石块, 块
blocked	blɔkt	a. 堵塞的；被封锁的
blocker	'blɔkә	[医] 阻滞物, 阻滞剂, 阻滞抗体
blocking	'blɔkiŋ	[计] 组成块; 粘连
blocks	'blɔks	n. 积木；黑金石；街区；[音]双头木鱼；楼群（block的复数）
blond	blɒnd	a. 金发的
blonde	blɔnd	a. (头发)亚麻色的, 淡色的, 白肤金发碧眼的, 白里透红的, 白皙的, 淡黄色的
blonded		(blond 的过去分词) a. 金发的
blonder		a. 淡色的（blond的比较级）
blondes	blɔndz	n. 白肤金发碧眼女人( blonde的复数形式 )
blondest	ˊblɒndist	淡色的(最高级)
blondies	'blɔndi	n. [口语]白肤金发碧眼的人；果仁糖浆黄油蛋糕
blonds	blɔndz	n. 肤色白皙的金发女人( blond的复数形式 )
blood	blʌd	n. 血, 血统, 流血, 气质, 生命
blooded	'blʌdid	a. 纯种的, 血统优良的
bloodied	ˈblʌdid	v. 血污的( bloody的过去式和过去分词 ); 流血的; 屠杀的; 残忍的
bloodies	ˈblʌdiz	v. 血污的( bloody的第三人称单数 ); 流血的; 屠杀的; 残忍的
blooding		vt. 用血染（皮革等）, 用血弄湿（blood的现在分词形式）
bloods		n. 血帮（blood复数）
bloodying	ˈblʌdiŋ	v. 血污的( bloody的现在分词 ); 流血的; 屠杀的; 残忍的
bloom	blu:m	n. 花, 开花, 青春, 钢块
bloomed	'blu:md	a. 模糊的；无反射的
bloomer	'blu:mә	布卢默(姓氏)
bloomest	blu:m	n.
bloomies	'bluːmɪ	adj. (鲜花)盛开的，开花的，开满花的；【植物学】(水果等)有粉衣的；(植物叶面)裹着粉衣的
blooming	'blu:miŋ	a. 盛开的
blooms	blu:mz	n. （常指供观赏的）花( bloom的名词复数 ); 最佳时期; 茂盛时期; 健康有精神的面貌
blossom	'blɒsәm	n. 花, 花开的状态, 兴旺期
blossomed	ˈblɔsəmd	v. （植物）开花( blossom的过去式和过去分词 ); 发展; 长成; 变得更加健康（或自信、成功）
blossomer		n. blossom的变形
blossomes	网络	[原型] blossomes 是 blossome 的复数
blossomest	'blɑsəm	布洛瑟姆(女子名)
blossoming	'blɑsəmɪŋ	v. （植物）开花( blossom的现在分词 ); 发展; 长成; 变得更加健康（或自信、成功）
blossoms	ˈblɔsəmz	n. （尤指果树的）花( blossom的名词复数 ); 花丛, 花簇
blouse	blauz	n. 宽松的上衣
bloused		(blouse 的过去时) n. 宽松的上衣
blouses	blaʊziz	n. （妇女穿的）短上衣, 女衬衫( blouse的复数形式 )
blow	blәu	n. 吹, 打击, 殴打, 花开
blowed	bləʊd	blow的过去式或过去分词
blower	'blәuә	n. 吹制工, 鼓风机, 吹风机
blowest	bləu	vi.
blowies	'bləʊɪ	adj.
blowing	'blәuiŋ	[机] 吹制
blows		n. 吹；管乐器声；疾风（blow的复数）
blue	blu:	n. 蓝色
blued	b'lu:d	变蓝的
blueing	'blu:iŋ	a. 带青色的
bluer		染蓝检验工
blues	blu:z	n. 勃鲁斯乐曲, (非正式)伤感的, 伤心的
bluest	bluː	a. 蓝色的, 天蓝色的, 海蓝色的, 蔚蓝(色)的；(皮肤)青黑色的, 青灰色的, 青紫色的；(脸色)发青的, 发灰的
blunder	'blʌndә	n. 大错, 大失策
blundered	ˈblʌndəd	v. 犯错误( blunder的过去式和过去分词 ); 踉踉跄跄地走
blunderer	'blʌndәrә	n. 轻率粗心的人
blundering	'blʌndәriŋ	a. 粗笨的, 易犯错的
blunders	ˈblʌndəz	n. （因无知、粗心等造成）的错误( blunder的名词复数 )
blush	blʌʃ	vi. 脸红, 羞愧
blushed	blʌʃt	v. 脸红( blush的过去式和过去分词 )
blusher	'blʌʃә	脸红的人,使脸色红润的化妆品
blushes	blʌʃiz	n. 脸红的人( blush的名词复数 )
blushest	blʌʃ	vi.
blushing	'blʌʃiŋ	a. 脸红的, 羞愧的
board	bɒ:d	n. 木板, 甲板, 膳食, 会议桌
boarded		vbl. 搭乘
boarder	'bɒ:dә	n. 寄膳者, 寄膳宿者
boardies	'bɔːdɪ	adj.
boarding	'bɒ:diŋ	n. 木板
boards		n. 木板, 板子；纸板（board复数形式）
boast	bәust	n. 吹牛
boasted	bəustid	v. 有（引以为荣的事物）( boast的过去式和过去分词 ); 扬言
boaster	'bәustә	n. 自夸的人
boasting		v. 吹嘘, 夸耀（boast的ing形式）
boasts	bəusts	v. 有（引以为荣的事物）( boast的第三人称单数 ); 扬言
boat	bәut	n. 船
boated	bəʊt	n. 小船；轮船
boater	'bәutә	n. 船工, 硬草帽
boaties	'bəuti	n.
boating	'bәutiŋ	n. 划船
boatings	'bəʊtɪŋ	n. 划船
boats		n. 船艇；船（boat的复数）
bodies		n. （文章、文件等的）正文；（人或动物的）身体；主体部分（body的复数）
body	'bɒdi	n. 身体, 人, 尸体, 主要部分, 团体
bodying	'bɔdiiŋ	加厚, 加重
bodys	'bɒdɪ	n. 【动物学、解剖学】；(人、动物的)身体、躯体 b(人、动物的)躯干，主体(除头、肢、尾外)
boil	bɒil	n. 煮沸, 沸腾, 疖
boiled	bɔild	a. 煮沸的, (非正式)喝醉的, 烧滚的
boiler	'bɒilә	n. 煮器, 汽锅, 锅炉
boilered		(boiler 的过去时) n. 煮器, 汽锅, 锅炉
boileries	'bɔiləri	boileries
boilers	'bɔɪləz	n. 锅炉, 烧水器, 水壶( boiler的复数形式 )
boilest	bɔil	vi.
boilies	网络	[原型] boilies 是 boily 的第三人称单数
boiling	'bɒiliŋ	a. 沸腾的, 激昂的
boils	bɔilz	v. （使）沸腾, 开( boil的第三人称单数 ); 用开水煮, 在沸水中煮; 怒火中烧, 异常气愤
bold	bәuld	a. 大胆的
bolded	bəʊld	adj. 富有想像力的；突出的；果敢的；卤莽的
bolder		a. 更粗的；更醒目的
boldest		大胆的
bolds		abbr. Burroughs Optical Lens Docking System 巴勒斯公司光学透镜对接系统
bolt	bәult	n. 门闩, 螺钉, 筛子, 闪电, 意外事件
bolted		a. 用螺栓栓的；脱离的, 分开的
bolter	'bәultә	n. 退出党派的人, 脱缰的马, 筛面粉的机器
boltest	bəult	n.
bolting	'bәultiŋ	n. 栓位, 逃走, 吞下
bolts	bәults	n. 螺栓；膨胀锚钉；角钢螺丝；螺钉（bolt的复数）；毛边书
bomb	bɒm	n. 炸弹
bombed	bɔmd	a. 遭到轰炸的；[美俚]醉的；被毒品麻醉了的
bomber	'bɒmә	n. 轰炸机, 投弹手
bombes		(bombe 的第三人称 -s形式) <法>n.(冰淇淋或奶油冻等做的)瓜形(或球形、杯形)甜点心
bombies	网络	[原型] bombies 是 bombie 的复数
bombing	'bɔmiŋ	n. 轰炸, 投弹
bombs		n. 炸弹（bomb的复数）
bond	bɒnd	n. 捆绑物, 结合, 债券, 契约, 粘合剂, 保证人, 键, 关栈保留
bonded	'bɒndid	a. 以债券作保证的, 有担保的, 存入保税仓库的
bonder	'bɔndә	n. 联接器, 接合器
bondes		n. (Bonde)人名；(英、法、德、丹、瑞典)邦德
bondest	bɒnd	n. (捆缚用的)绳，带，捆扎物，捆绑物，束缚物；约束物；联结物；[复数]
bondies		n. (Bondy)人名；(英、法、德、西、捷、匈)邦迪
bonding	'bɔndiŋ	n. 结合, 屏蔽接地, 搭接
bonds	bɒndz	n. 镣铐, 监禁
bone	bәun	n. 骨头, 骨, 骨制品
boned	bәund	a. 骨骼的；去掉骨头的；用骨架撑起的；施过骨粉料的；去骨的
boner	'bәunә	n. 可笑的错误
bones	bәunz	n. 骨骼, 尸体
bonest	bəʊn	n. 【动物学、解剖学】；(脊椎动物的)骨，(组成脊椎动物骨骼的一根)骨头
bonus	'bәunәs	n. 奖金, 红利
bonused	'bəʊnəs	n. 奖金；红利；额外津贴
bonuses		n. 奖金（bonus的复数形式）
bonusing	'bəʊnəs	n. 奖金；红利；额外津贴
bonuss	'bəʊnəs	bonus
book	buk	n. 书, 书籍, 帐簿, 名册, 工作簿
bookcase	'bukkeis	n. 书架, 书柜
bookcases	ˈbʊkˌkeɪsiz	n. 书橱, 书架( bookcase的复数形式 )
booked		a. 记载入册的, 登记了的
booker	'bukә	n. （旅馆车票, 戏票等的）登记人；寻选模特儿的人
bookes		(booke 的第三人称 -s形式)  [地名] [刚果民主共和国] 博凯
bookies	ˈbukiz	n. <俚>赛马的赌注者( bookie的复数形式 )
booking	'bukiŋ	n. 预约演出合同
booklet	'buklit	n. 小册子
booklets	ˈbuklits	n. 小册子( booklet的复数形式 )
books		n. 书评；书籍（book的复数）
bookstore	'bukstɒ:	n. 书店
bookstores	ˈbʊkˌstɔ:z	n. 书店( bookstore的复数形式 )
boom	bu:m	n. 繁荣, 隆隆声
boomed	bu:md	v. 激增( boom的过去式和过去分词 ); 猛涨; 发出隆隆声; 以低沉有力的声音说话
boomer	'bu:mә	n. 往来无定的临时工
booming	'bu:miŋ	a. 急速发展的
boomings	网络	[原型] boomings 是 booming 的复数
booms	bu:mz	n. （生意）繁荣( boom的名词复数 ); 深沉的响声; 帆桁
boot	bu:t	n. 长靴, 踢, 解雇, 效用
booted	'bu:tid	a. 穿靴的
booter	'bu:tә	n. 足球或橄榄球球员
bootes	bәu'әuti:z	n. 牧夫座（星座名称）
booth	bu:θ	n. 亭, 摊棚
boothes		布思（人名）
booths	bu:ðz	n. 售货棚, 摊位( booth的复数形式 ); 小房间
bootied	'bu:ti:	n.
booties		n. 婴儿袜
booting	计	[原型] booting 是 boot 的现在分词
boots	bu:ts	n. （英）擦靴的仆役；靴子（boot的复数）
border	'bɒ:dә	n. 边缘, 边境, 边界, 花坛
bordered	'bɔ:dәd	a. 有边的
borderer	'bɒ:dәrә	n. 边境居民
borderes		波代赫
bordering		n. 边界标志物
borders	'bɔ:dәz	n. 边界；边缘地区（border的复数）
bore	bɒ:	n. 令人讨厌的人, 激浪, 枪膛, 孔
bored		-K2
borees	'bɔ:ri:	n. （澳）垂枝相思树；粉绿相思树（等于myall）
borer	'bɒ:rә	n. 穿孔者, 钻孔器, 钻孔虫
bores	bɔ:z	n. 令人讨厌的人或事物, 麻烦( bore的名词复数 )
boring	'bɒ:riŋ	a. 烦人的, 无聊的, 无趣的
borings	机	[原型] borings 是 boring 的复数
born	bɒ:n	a. 天生的
bornest	bɔːn	bear的一种过去分词
borning		(born 的现在分词) a. 天生的
borns	人名	[原型] born
borrow	'bɒrәu	vt. 借, 借入, 借用
borrowed	'bɒrәud	a. 借来的, 伪造的, 虚构的
borrower	'bɒrәuә	n. 借用人, 剽窃者
borrowest	'bɒrəʊ	vt.
borrowing	'bɔrәuiŋ	[经] 借款, 贷款
borrows	ˈbɔrəuz	v. 借, 借进( borrow的第三人称单数 )
bosom	'buzәm	n. 胸部, 胸, 胸怀, 内部, 中间
bosomed	bʊ'zəmd	a. 胸部的
bosomies	'bʊz(ə)mɪ	bosomy
bosoming	'bʊz(ə)m	n. 胸；胸怀；中间；胸襟；内心；乳房；内部
bosoms	ˈbuzəmz	n. 胸部( bosom的名词复数 ); 胸怀; 女衣胸部（或胸襟）; 和爱护自己的人在一起的情形
boss	bɒs	n. 老板, 上司, 岩瘤, 浮雕, 母牛
bossed		a. 有凸饰的
bosses	bɔsiz	n. 老板( boss的名词复数 ); 经理; 上司; 工头
bossest	bɑs	BOSS
bossies	'bɒsɪ	adj. 专横的；浮雕装饰的；爱指挥他人的
bossing	'bɔsiŋ	瘤, 节疤或类似的肿块
bosss	bɔsiz	v. 对（某人）发号施令( boss的第三人称单数 )
boston	'bɒstәn	n. 波士顿
bostoner	bɔstən	波士顿(美国马萨诸塞州首府及港市)
bostons	网络	[原型] bostons 是 boston 的复数
botanical	bә'tænikәl	a. 植物学的
botanicals		(botanical 的复数) a. 植物学的
botanies		n. 〔总称〕一个地区的植物；植物生态；植物学书籍[论著]；澳洲细羊毛
botanist	'bɒtәnist	n. 植物学家
botanists	ˈbɔtnɪsts	n. 植物学家, 研究植物的人( botanist的复数形式 )
botany	'bɒtәni	n. 植物学
both	bәuθ	a. 两者的
bother	'bɒðә	vt. 烦扰, 迷惑
bothered		a. 烦（恼）的；感到讨厌的
botherer		n. bother的变形
bothering	ˈbɔðərɪŋ	v. 打扰( bother的现在分词 ); 烦扰; 迷惑; （使）不安
bothers	ˈbɔðəz	n. 麻烦( bother的名词复数 ); 不便; 令人烦恼的人或事物; 引起麻烦的人或事物
bothes	网络	[原型] bothes 是 bothe 的复数
bothest	bəʊθ	adj. [与名词、定冠词、所有格代词、指示形容词及其他形容词连用时置于这些词前]两…(都)，两个…(都)；两者，两者都
bothies		(bothy 的复数) n.茅屋, 劳动者的合住小屋
bottle	'bɒtl	n. 瓶子, 酒瓶
bottled	'bɒtld	a. 瓶装的
bottler	'bɔtlә	n. 装瓶机；装瓶工
bottles	ˈbɔtlz	n. 瓶子( bottle的名词复数 ); （婴儿）奶瓶; 一瓶（的量）; 酒
bottom	'bɒtәm	n. 底部
bottomed	'bɔtәmd	...底的, 底是...的
bottomer	'bɒtəmər	井底把钓工
bottomes		博顿(姓氏)
bottoming	'bɔtәmiŋ	[计] 浓度饱和
bottommed	'bɒtəm	n. 底，底部，最下部；社会底层；(尊严、地位等的)最低点
bottoms	'bɔtәms	n. 底部沉积物；残留物；蒸馏残渣；下装；臀部（bottom的复数形式）
bough	bau	n. 大树枝
boughed	'baʊd	（树）长有大枝的
boughing		(bough 的现在分词) n. 大树枝
boughs	baʊz	n. 大树枝( bough的复数形式 )
bought	bɒ:t	a. 买来的
boughts	bɔːt	v. 买（buy的过去式和过去分词）
bounce	bauns	n. 跳, 跳跃, 弹力, 撞击
bounced		n. 空头支票
bouncer	'baunsә	n. 巨大的东西, 巨人, 跳跃的人, 同类中最大者
bounces	baunsiz	v. 弹回( bounce的第三人称单数 ); （电子邮件）被退回; 拒付; （朝某个方向）颠簸行进
bound	baund	n. 跃, 回跳, 范围, 边界
boundaries	'baʊndri	n. 分界线( boundary的名词复数 ); 范围; 使球越过边界线的击球（得加分）; 疆界
boundary	'baundri	n. 边界, 分界线
bounded	'baundid	a. 有界限的
bounder	'baundә	n. 粗鲁的人, 暴发户
boundest	baʊnd	vt.
bounding	baundɪŋ	v. 跳( bound的现在分词 ); 弹回; 向上弹; 向上跳
bounds		n. 边界, 范围, 限度, 界限
bourgeois	buә'ʒwɑ:	n. 中产阶级分子, 商人, 资产阶级
bourgeoised		(bourgeoise 的过去时) n.中产阶级(或资产阶级)的女人
bourgeoises		(bourgeoise 的复数) n.中产阶级(或资产阶级)的女人
bourgeoisies	网络	[原型] bourgeoisies 是 bourgeoisy 的复数
bourgeoising	'buəʒwɑ:; buə'ʒwɑ:	n.
bow	bәu.bau	n. 弓, 眼睛框
bowed	bәud	a. 弯如弓的, 低垂的
bower	'bauә	n. 凉亭, 树阴处
bowes		n. (Bowes)人名；(英、西)鲍斯
bowest	baʊ	鲍河(加拿大艾伯塔省西南部河流)
bowies		n. 〈美〉长猎刀
bowing	'bauiŋ	n. 运弓法
bowl	bәul	n. 碗, 木球, 大酒杯
bowled		vi. 参加保龄球赛（bowl的过去式与过去分词形式）
bowler	'bәulә	n. 玩滚球的人, 玩球戏的人, 投球手
bowles		n. (Bowles)人名；(英)鲍尔斯
bowling	'bәuliŋ	n. 保龄球戏
bowlings	'bəʊlɪŋ	n. 滚木球戏；保龄球戏
bowls		n. 滚木球戏
bows		n. 饰片；弓形物（bow的复数形式）
box	bɒks	n. 盒子, 箱, 方框, 一巴掌
boxed	bɔkst	a. 醉酒的
boxer	'bɒksә	n. 拳师
boxes		n. 小木箱, 盒子
boxies	'bɒksɪ	boxy
boxing	'bɒksiŋ	n. 拳击
boxings		n. 拳击；装箱；装箱〔盒〕木料；箱状罩壳
boy	bɒi	n. 男孩
boycott	'bɒikɒt	n. 联合抵制
boycotted	ˈbɔikɔtid	v. 抵制, 拒绝参加( boycott的过去式和过去分词 )
boycotter	'bɔikɔt	boycotter
boycotting	法	[原型] boycotting 是 boycott 的现在分词
boycotts	ˈbɔikɔts	n. （对某事物的）抵制( boycott的名词复数 )
boyd	bɔid	n. 博伊德（姓氏）
boyed	bɒɪ	n.
boyer		n. 波伊尔（姓氏）
boyes		n. (Boyes)人名；(法)布瓦耶；(英)博伊斯
boyhood	'bɒihud	n. 少年时代
boyhoods		男孩时代, 少年时期( boyhood的名词复数 )
boys		n. 男孩子们；小伙子们（boy的复数）
brace	breis	n. 支柱, 曲柄, 支撑, 一对
braced	breist	a. 撑牢的；拉牢的；支撑的
bracer	'breisә	n. 支撑者, 保护带
braces		n. 背带
bracest	breis	vt.
brain	brein	n. 脑
brained	breɪnd	a. 有头脑的, 有思想的
brainer		费脑筋的事情
braines	网络	[原型] braines 是 braine 的复数
braining		vt. 打破…的脑袋（brain的现在分词形式）
brains	'breinz	n. 智力, 脑髓
brake	breik	n. 刹车, 阻碍, 丛林
braked	breikt	v. 刹（车）( brake的过去式和过去分词 )
braker	breɪkə	辊捏工
brakes		n. 刹车系统；制动；刹车（brake的复数）
branch	bræntʃ	n. 树枝, 支店, 支流, 分部
branched		a. 分枝的；枝状的；有枝的
brancher		n. 幼龄猛禽
branches		n. 分支机构；分支（branch的复数）
branchest	brɑːn(t)ʃ	n.
branchies	'brɑːntʃɪ	branchy
branching	'bræntʃiŋ	n. 分歧
brand	brænd	n. 商标, 牌子, 烙印
branded	'brændid	a. 名牌商标的；打有烙印的；[英方]有斑纹的（等于brindled）
brander	'brændә	n. 打烙印的人
brandes		(brande 的复数)  [人名] 布兰德; [地名] [丹麦] 布兰讷
brandest	brænd	布兰德(男子名)
brandied	'brændid	[机] 用白兰地酒增加香味的
brandies	ˈbrændiz	n. 白兰地酒( brandy的名词复数 )
branding	法	[原型] branding 是 brand 的现在分词
brands		n. 品牌；烙印（brand的复数）
brandy	'brændi	n. 白兰地酒
brandying		把…在白兰地酒中浸泡（brandy的现在分词形式）
brass	bræs.brɑ:s	n. 黄铜, 黄铜制品
brassed		(brass 的过去分词) n. 黄铜, 黄铜制品
brasses		n. 铜管乐器（brass的复数形式）
brassies		n. 【高】铜头球棒
brassing	'bræsiŋ	[机] 黄铜铸件
brave	breiv	a. 勇敢的, 美好的, 华丽的
braved	breivd	v. 勇敢面对, 不怕, 不顾( brave的过去式和过去分词 )
braver		a. 勇敢的（brave的比较级）
braveries		勇敢( bravery的名词复数 )；勇气；勇敢的行为；华丽
bravery	'breivәri	n. 勇敢
braves	breivz	n. 勇敢的人( brave的名词复数 ); 美洲印第安武士
bravest		a. 勇敢的
brazil	brә'zil	n. 巴西
brazils		(Brazil 的复数) n. 巴西
bread	bred	n. 面包, 生计, 食物
breaded		a. 涂面包屑后烹制的
breader		破冰船
breadies	人名	(bready 的复数)
breading		vt. 在…外面裹上面包屑（bread的ing形式）
breads		n. 各种面包（bread的复数形式）
breadth	bredθ	n. 宽度
breadths		幅边
break	breik	n. 休息, 中断, 破裂处, 绝交, 破晓, 突变
breakdown	'breikdaun	n. 崩溃, 故障
breakdowns	b'reɪkdaʊnz	n. 分解( breakdown的复数形式 ); 衰竭; （车辆或机器的）损坏; 统计分析
breaker	'breikә	n. 断路器
breakest	breik	vt.
breakfast	'brekfәst	n. 早餐
breakfasted	ˈbrekfəstid	v. 吃早餐( breakfast的过去式和过去分词 ); 供给…早餐
breakfaster		n. 早餐；早饭 (breakfast的变形)
breakfasting	ˈbrekfəstɪŋ	v. 吃早餐( breakfast的现在分词 ); 供给…早餐
breakfasts	ˈbrekfəsts	n. 早餐, 早饭( breakfast的名词复数 )
breaking	'breikiŋ	[计] 断开, 停止, 设断点
breaks		n. 地形突变；岩层中之小断层（break的复数）
breakthrough	'breikθru:	n. 突破
breakthroughs	b'reɪkθru:z	n. 突破点, 突破性进展, 重要的新发现( breakthrough的复数形式 )
breast	brest	n. 胸部, 乳房, 胸怀
breasted	'brestid	n. 布雷斯特德（姓氏）
breasting	'brestiŋ	n. 鞋后跟皮(或其他材料)
breasts		n. 胸脯；乳房（breast的复数）
breath	breθ	n. 呼吸, 气息, 瞬间
breathe	bri:ð	vi. 呼吸, 生存, 低语
breathed	breθt	a. 清音的, 有气的
breather	'bri:ðә	n. 呼吸者, 使人喘气的事, 剧烈的运动
breathes	bri:ðz	v. 呼吸( breathe的第三人称单数 ); 轻声说话; 低语; 低声说
breathest	briːð	vi.
breathing	'bri:ðiŋ	n. 呼吸, 瞬间, 微风
breathless	'breθlis	a. 喘不过气来的, 屏气的, 气喘吁吁的, 无风的, 死的
breaths	breθs	n. （一次）呼吸( breath的复数形式 ); 气息; 呼吸的空气; 微量
breed	bri:d	n. 种类, 品种
breeded	briːd	vi. 繁殖；饲养；产生
breeder	'bri:dә	n. 饲养员, 养育员, 起因, 起源者
breedest	briːd	vt.
breeding	'bri:diŋ	n. 教养, 生育, 饲养
breeds		n. 品种；族类（breed的复数形式）
breeze	bri:z	n. 微风, 煤屑, 轻而易举的事
breezed		vi. 吹微风（breeze的过去式与过去分词形式）
breezer	'bri:zə	n. 无篷汽车
breezes	bri:ziz	n. 微风, 轻风( breeze的名词复数 ); 轻而易举的事
breweries	ˈbru:əri:z	n. 酿造厂, 啤酒厂( brewery的复数形式 )
brewery	'bru:әri	n. 啤酒厂, 酿酒厂
brian	'braiәn	n. 布莱恩（男子名）
briand		布赖恩德（人名）
bribe	braib	n. 贿赂
bribed	braibd	v. 贿赂( bribe的过去式和过去分词 ); 向（某人）行贿, 贿赂
bribees	,braɪb'i	n. 受贿者
briber	'braibә	n. 行贿者
bribes		赃物
bribest	braɪb	n.
brick	brik	n. 砖块, 积木
bricked		vt. 用砖建造、砌或铺（brick的过去式与过去分词形式）
brickies		(bricky 的复数) a. 砖的
bricking	机	[原型] bricking 是 brick 的现在分词
bricks	brɪk	n. 砖( brick的复数形式 ); 砖块; 积木; 可靠的朋友
bride	braid	n. 新娘
brided	braid	n.
bridegroom	'braidgrum	n. 新郎
bridegrooms	ˈbraɪdˌgru:mz	n. 新郎( bridegroom的复数形式 )
brides		n. 新娘（杂志名）
bridge	bridʒ	n. 桥, 舰桥, 桥梁, 桥牌
bridged	bridʒd	v. 在…建桥( bridge的过去式和过去分词 )
bridgeing	brɪdʒ	n. 桥, 桥梁；[比喻](连接、联系的)桥梁, 纽带, 起沟通作用的东西；联络, 过渡
bridger		布里杰（男子名）
bridges	'bridʒiz	n. 桥梁；纽带（bridge的复数）
bridle	'braidl	n. 马勒, 约束
bridled	ˈbraɪdld	v. 给…套龙头( bridle的过去式和过去分词 ); 控制; 昂首表示轻蔑（或怨忿等）; 动怒, 生气
bridler	'braɪd(ə)l	n. 马勒(包括笼头、嚼子、缰绳等), 马笼头, 辔头；马勒形物
bridles	ˈbraɪdlz	n. 约束( bridle的名词复数 ); <机>限动器; 马笼头; <解>系带
bridlest	'braɪd(ə)l	n.
brief	bri:f	n. 摘要, 简报
briefed	bri:ft	v. 向…介绍基本情况( brief的过去式和过去分词 ); （尤指事前）向…介绍基本情况; 向…下达简令; 在…事先向
briefer	bri:fə	a. 短暂的( brief的比较级 ); （衣着）短的; 简洁的; 简明的
briefest		a. 短暂的( brief的最高级 ); （衣着）短的; 简洁的; 简明的
briefies	'bri:fi:z	n. 短影片
briefing	'bri:fiŋ	n. 简报
briefly	'brifli	adv. 简短地, 扼要地, 简明地, 简单地
briefs	bri:fs	n. 三角裤
bright	brait	a. 明亮的, 聪明的, 鲜明的, 欢快的
brighten	'braitn	vi. 变亮, 活跃
brightened	ˈbraɪtnd	v. （使）发亮( brighten的过去式和过去分词 ); （使）生色; （使）生辉; （使）快乐
brightener	'braitnә	增白剂, 抛光剂, 光亮剂
brightenest	'braɪt(ə)n	vi.
brightening	'braitniŋ	[机] 擦亮, 纯化
brightens	ˈbraɪtnz	v. （使）发亮( brighten的第三人称单数 ); （使）生色; （使）生辉; （使）快乐
brighter	braitə	a. 聪明的( bright的比较级 ); 光亮的; 辉煌的; 前途光明的
brightest		a. 聪明的( bright的最高级 ); 光亮的; 辉煌的; 前途光明的
brightness	'braitnis	n. 光亮, 明亮, 聪明
brightnesses		(brightness 的复数) n. 光亮, 明亮, 聪明
brights	braits	[地质]亮煤
brilliant	'briljәnt	a. 光辉的, 灿烂的, 有才气的
brilliants		(brilliant 的复数) a. 光辉的, 灿烂的, 有才气的
brim	brim	n. 边, 边缘, (河)边
brimful	brim'fjl	a. 满到边的, 洋溢着...的, 满溢的
brimfuls	'brɪmfʊl	adj.
brimmed	brimd	a. 满到边际的
brimmer	'brimә	n. 满溢的杯, 满杯
brimming		a. 盈满的；满溢的
brims	brimz	n. 边, 边缘( brim的名词复数 )
bring	briŋ	vt. 带来, 产生, 促使, 提出
bringed	brɪŋ	vt.
bringer	 'brɪŋə	n. 带来...的人；提供者
bringest	brɪŋ	vt.
bringing	briŋɪŋ	v. 带来( bring的现在分词 ); 促使; 提供; 使朝（某方向或按某方式）移动
brings		v. 带来；使发生（bring的三单形式）
brisk	brisk	a. 强烈的, 寒冷而干燥的, 活泼的
brisked	brɪsk	adj. 生气勃勃的；(天气)清新的；(生意)兴旺的；味浓的
brisker	briskə	a. 快的( brisk的比较级 ); 轻快的; 爽快而清新的; 兴隆的
briskest		a. 快的( brisk的最高级 ); 轻快的; 爽快而清新的; 兴隆的
brisking		(brisk 的现在分词) a. 强烈的, 寒冷而干燥的, 活泼的
brisks	brɪsk	adj. 活泼的；(天气)清新的；(生意)兴旺的；(酒等)嘶嘶冒泡的
bristle	'brisl	n. 刚毛, 猪鬃
bristled	b'rɪsld	a. 有刚毛的, 多刺毛的
bristles		n. 猪鬃（bristle的复数形式）
britain	'britәn	n. 英国
britains	网络	[原型] britains 是 britain 的复数
british	'britiʃ	a. 英国的
britisher	'britiʃә	n. 英国人
britishes	'brɪtɪʃ	adj. 英国的；英国人的；大不列颠的
britishest	'brɪtɪʃ	adj.
brittle	'britl	a. 易碎的, 脆弱的, 易坏的
brittler		易碎的
brittles	'brɪt(ə)l	adj. 易碎的，脆弱的；易生气的
brittlest		brittle（易碎的）的最高级形式
broad	brɒ:d	a. 宽广的, 辽阔的, 广大的, 显著的
broadcast	'brɒ:dkæst	n. 广播, 传播
broadcasted		broadcast的过去式和过去分词
broadcaster	'brɒ:dkæstә	n. 播送者, 广播装置, 播种机
broadcasting	'brɒ:dkæstiŋ	n. 广播
broadcasts	ˈbrɔ:dkɑ:sts	n. 广播, 播音( broadcast的名词复数 ); 广播节目
broaden	'brɒ:dn	vi. 变宽, 扩大
broadened	ˈbrɔ:dnd	v. 使…变宽, 扩展( broaden的过去式和过去分词 ); 增长（经验、知识等）
broadener	'brɔːd(ə)n	vi.
broadenest	'brɔːd(ə)n	vi.
broadening	'brɔ:dniŋ	n. 增宽
broadens	ˈbrɔ:dnz	v. 使…变宽, 扩展( broaden的第三人称单数 ); 增长（经验、知识等）
broader	brɔːdə	a. 广大的；一片的比较级
broadest	brɔ:dɪst	a. 宽广的
broadies	人名	(broady 的复数)
broads		n. 河流的浅而宽处（broad的复数）
brochure	'brәuʃә	n. 小册子, 小册
brochures	brəʊ'ʃəz	n. 小册子( brochure的名词复数 ); （某地、某旅馆等的）情况介绍手册; （印成小册子的）论文
broken	'brәukәn	a. 坏掉的, 打破的, 断掉的
bronze	brɒnz	n. 青铜, 铜像
bronzed	医	[原型] bronzed 是 bronze 的过去式和过去分词
bronzer	'brɔnzә(r)	n. 古铜色化妆品
bronzes	brɔnziz	n. 青铜( bronze的名词复数 ); 青铜色; 赤褐色; 青铜艺术品
bronzest	brɒnz	n. 【冶金学】；青铜，铜锡合金
brood	bru:d	n. 一窝, 一伙
brooded	bru:did	v. 孵蛋( brood的过去式和过去分词 ); 沉思
brooder	'bru:dә	n. 育雏暖房, 沉思的人, 默想的人
broodest	bruːd	n.
broodies	'bruːdɪ	adj. 孵卵的；多产的；多思考的
brooding	'bru:diŋ	a. 沉思的；徘徊不去的
broods	bru:dz	n. （雏鸡、鸟等的）一窝( brood的名词复数 ); 一家的孩子
brook	bruk	n. 小溪
brooked		vt. 容忍, 忍受（brook的过去式与过去分词形式）
brooker	计	(-/45017)
brookes	人名	[原型] brookes 是 brooke 的复数
brookest	bruk	n.
brookies	网络	[原型] brookies 是 brookie 的复数
brooking		n. (Brooking)人名；(英、西)布鲁金
brooks	bruks	n. 布鲁克斯（姓氏）
broom	bru:m	n. 扫帚, 金雀花
broomed	bruːm	n. 帚；【植】金雀花；【无线】自动搜索干扰振荡器
broomer	bruːm	n. 【植物】金雀花，金雀儿属(Cytisus)植物，金雀儿(C.scoparius，产于西欧)；扫帚；笤帚；长柄刷
broomes	网络	[原型] broomes 是 broome 的复数
broomies	'bruːmɪ	adj.
brooming		扫毛
brooms	bru:mz	n. 扫帚( broom的复数形式 ); 金雀花（野生, 开小黄花）
brother	'brʌðә	n. 兄弟
brothered	'brʌðə	n. 兄弟；同事；战友
brotherhood	'brʌðәhud	n. 手足情谊, 兄弟关系
brotherhoods	ˈbrʌðəˌhʊdz	n. 兄弟关系( brotherhood的复数形式 ); （总称）同行; （宗教性的）兄弟会; 同业公会
brothers		n. 哥们儿, 兄弟
brow	brau	n. 眉毛, 额
browed	b'raʊd	（用以构成复合词, 如：dark-browed浓眉的）
brown	braun	n. 褐色
browned	braʊn	a. 褐色的, 棕色的, 咖啡色的, 赭色的；皮肤(晒得)黝黑的, 皮肤给晒黑了的；肤色深的
browner	人名	[原型] browner 是 brown 的比较级
brownes		n. 布朗（姓氏）；布朗恩（英国国防大臣）
brownest	braʊn	a. 褐色的, 棕色的, 咖啡色的, 赭色的；皮肤(晒得)黝黑的, 皮肤给晒黑了的；肤色深的
brownies	ˈbrauniz	n. 核仁巧克力饼( brownie的复数形式 )
browning	'brauniŋ	n. 勃朗宁(英国女诗人), 勃朗宁自动手枪
browns		n. 布朗一家（Brown的复数形式, 表示姓氏为布朗的一家人）；布朗斯（姓氏）
brows		n. 眉毛（brow的复数）
bruise	bru:z	n. 青肿, 挫伤, 擦伤
bruised		a. [医]青肿的；瘀紫的
bruiser	'bru:zә(r)	n. 职业拳击家, 彪形大汉, 气力大爱打架的人
bruises	bru:ziz	n. 瘀伤, 伤痕, 擦伤( bruise的名词复数 )
bruisest	bruːz	vt.
brunch	brʌntʃ	n. 早午餐
brunched	brʌn(t)ʃ	n. 早午餐
bruncher	n	Derived from [Br]eakfast+l[unch]+dinn[er].
brunches	brʌntʃiz	n. 早午餐( brunch的复数形式 )
brush	brʌʃ	n. 刷子, 毛笔, 争吵
brushed	brʌʃt	a. 拉过绒的
brusher		n. 刷式清理机；刷子
brushes	brʌʃiz	n. 擦( brush的名词复数 ); 刷子; 小冲突; 灌木丛
brushest	brʌʃ	n.
brushing	'brʌʃiŋ	[化] 刷涂
brute	bru:t	n. 畜生, 残忍或好色之人
bruted	bruːt	adj. 残忍的；无理性的
brutes	bru:ts	n. 兽( brute的复数形式 ); 畜生; 残酷无情的人; 兽性
brutest	bruːt	n. 兽，野兽，畜生，非人动物；☉(人的)兽性，兽欲
bubble	'bʌbl	n. 泡沫
bubbled	ˈbʌbld	v. 起泡, 使冒气泡( bubble的过去式和过去分词 ); （移动时）发出冒泡的声音; 洋溢着（某种感情）; 强烈感
bubbler	'bʌblә	n. 饮用喷泉
bubbles		n. 泡沫；气泡（bubble的复数）
bubblest	'bʌb(ə)l	n.
bucket	'bʌkit	n. 桶
bucketed		v. 用桶装, 用桶运（bucket的过去式与过去分词形式）
bucketing	计	[经] 利用顾客资金买空卖空
buckets	ˈbʌkits	n. 水桶( bucket的名词复数 ); 一桶（的量）; 大量
bud	bʌd	n. 芽, 花蕾
budd		n. 巴德（伦敦一家小型的家族衬衣企业）
budded		a. 发了芽的, 接了芽的, 有着蓓蕾的
budder		接芽
buddha	'budә	n. 佛陀
buddhas	ˈbu:dəz	n. 佛, 佛陀, 佛像( Buddha的复数形式 )
buddhism	'budizm	n. 佛教
buddhisms	'bʊdɪz(ə)m	n.
buddhist	'budist	n. 佛教徒
buddhists		n. 佛教徒（Buddhist的复数）
budding	'bʌdiŋ	a. 萌芽的, 发育期的, 初露头角的
buder		n. (Buder)人名；(德、塞)布德尔
budget	'bʌdʒit	n. 预算
budgeted		vt.& vi. 把…编入预算（budget的过去式与过去分词形式）
budgeter		n. 编预算的人
budgeting	计	[经] 预算编制
budgets		n. 预算（budget复数形式）
buding		布丁格
budr		abbr. bromodeoxyuridine 【生物化学】 溴苷,溴脱氧尿苷
buds	bʌdz	n. 芽( bud的名词复数 ); 苞; 半开的花; 未长大的叶
buffalo	'bʌfәlәu	n. 水牛
buffaloed	'bʌfələʊ	n. 水牛；〈美〉野牛；布法罗；〈俚〉【军】水陆两用坦克
buffaloes	ˈbʌfələuz	n. 水牛（分非洲水牛和亚洲水牛两种）( buffalo的名词复数 ); （南非或北美的）野牛; 威胁; 恐吓
buffaloing	'bʌfələʊ	n. 水牛；〈美〉野牛；布法罗；〈俚〉【军】水陆两用坦克
buffalos		(buffalo 的复数) n. 水牛
buffet	'bʌfit	n. 自助餐, 小卖部, 碗橱, 殴打, 冲击
buffeted	ˈbʌfitid	v. 反复敲打( buffet的过去式和过去分词 ); 连续猛击; 打来打去; 推来搡去
buffeter		n. 自助餐；小卖部；打击；猛烈冲击 (buffet的变形)
buffeting	'bʌfitiŋ	振动
buffets	ˈbʌfits	n. （火车站的）饮食柜台( buffet的名词复数 ); （火车的）餐车; 自助餐
buffetted		(buffet 的过去分词) n. 自助餐, 小卖部, 碗橱, 殴打, 冲击
buford		n. 布福德（男子名）
bufords		n. 布福德（男子名）
bug	bʌg	n. 错误, 虫, 病菌, 缺陷, 窃听器, 癖好, 防盗报警器, 双座小汽车, 要人
bugged		vt. 在…装窃听器（bug的过去式与过去分词形式）
bugger	'bʌ^ә	n. 老兄, 家伙, 困扰, 烦恼, 鸡奸者
bugging	法	[原型] bugging 是 bug 的现在分词
bugle	bju:gl	n. 喇叭, 号角
bugled		vi. 吹号（bugle的过去式与过去分词形式）
bugler	'bju:glә	n. 喇叭手
bugles	ˈbju:gəlz	n. 妙脆角, 一种类似薯片但做成尖角或喇叭状的零食; 号角( bugle的名词复数 ); 喇叭; 匍匐筋骨草; （装饰
buglest	'bju:ɡl	n.
bugs	bʌgz	a. 疯狂的, 发疯的
build	bild	v. 建立, 建筑
builded	'bildid	[古语] build的过去式和过去分词
builder	'bildә	n. 建立者
buildest	bɪld	n.
building	'bildiŋ	n. 建筑物, 建筑
buildings		n. 建筑物（building的复数）
builds	bildz	v. 修建( build的第三人称单数 ); 建造; 开发; 创建
bulb	bʌlb	n. 球茎, 电灯泡
bulbed		a. 球状的, 圆的
bulbs		n. 灯泡；鳞茎；大浇斗（bulb的复数）
bulk	bʌlk	n. 大小, 体积, 大块, 大多数
bulked		vt.& vi. 变得越来越大（bulk的过去式与过去分词形式）
bulking	'bʌlkiŋ	[机] 膨胀
bulks	bʌlks	n. （大）体积( bulk的名词复数 ); （巨大）物体; 主体; 巨大的体重（或重量、形状、身体等）
bull	bul	n. 公牛
bulled		vt. [证券]从事投机使（证券等）价格上涨（bull的过去式与过去分词形式）
buller	'bulә	[口]代理人(或讼师, 学监)的助手
bullet	'bulit	n. 子弹
bulleted	ˈbʌlɪtɪd	强调符号
bulletin	'bulitin	n. 公告, 布告, 公报
bulletined		vt. 公布, 公告（bulletin的过去式与过去分词形式）
bulleting		n. 公报
bulletining		vt. 公布, 公告（bulletin的现在分词形式）
bulletins	'bʊlətɪnz	n. 公告( bulletin的名词复数 ); 新闻快报; 小报; 期刊
bullets		n. 子弹（bullet的复数形式）
bullied	ˈbulid	a. 被欺负了
bullies	ˈbuliz	n. 仗势欺人者, 横行霸道者( bully的名词复数 )
bulling	'buliŋ	n. 岩缝装药爆破；爆震除石
bulls		n. 公牛队（美国篮球队名）；布尔斯（地名）
bullying	ˈbuliŋ	v. 恐吓, 威逼( bully的现在分词 ); 豪; 跋扈
bump	bʌmp	n. 撞击, 肿块
bumped	bʌmpt	a. 凸起的；凸状的
bumper	'bʌmpә	n. 缓冲器, 满杯
bumping	'bʌmpiŋ	[化] 暴沸; 迸沸
bumps	bʌmps	n. 碰撞( bump的名词复数 ); 肿块; 轻微撞车事故; 隆起物
bunch	bʌntʃ	n. 串, 束
bunched	bʌntʃɪd	[医]聚束的
buncher	'bʌntʃә	[电] 集束器
bunches	bʌntʃiz	n. 束( bunch的名词复数 ); 大量; 群; （扎在头两侧的）发辫
bunchies	'bʌntʃɪ	adj. 成簇的，成束的，成丛的，成串的，成球的；丛生的，成簇生长的
bunching	'bʌntʃiŋ	[计] 捆札, 聚束, 胶合
bundle	'bʌndl	n. 捆, 束
bundled		附随的
bundler	'bʌndlә	打包机, 捆束机
bundles	ˈbʌndlz	n. 捆( bundle的名词复数 ); 一批（同类事物或出售的货品）; 一大笔钱; 风趣的人
bungalow	'bʌŋgәlәu	n. 平房
bungalowed	'bʌŋgələʊ	bungalow
bungalows	ˈbʌŋɡələuz	n. <英>平房( bungalow的复数形式 ); <美>单层小屋, 多于一层的小屋
bunnies	ˈbʌniz	n. 兔子( bunny的复数形式 )
bunny	'bʌni	n. 兔子
bunnys		(bunny 的复数) n. 兔子
burden	'bә:dn	n. 负担, 重载, 担子, 责任
burdened		a. 负荷的
burdener		n. 负担；责任；船的载货量 (burden的变形)
burdenest	'bə:dən	n.
burdening		v. 使载重；加重压于；加负担于（burden的现在分词）
burdens	ˈbə:dənz	n. 重负( burden的名词复数 ); （义务、责任等的）重担, 负担
bureau	'bjuәrәu	n. 局, 办公处
bureaucracies	bjuəˈrɔkrəsiz	n. 官僚制( bureaucracy的复数形式 ); 官僚主义; 官僚体制; 实行官僚体制的国家
bureaucracy	bjuә'rɒkrәsi	n. 官僚, 官吏
bureaucratic	bjuәrәu'krætik	a. 官僚的
bureaus	ˈbjʊərəʊz	n. 局( bureau的名词复数 ); （提供某方面信息的）办事处; （美国政府部门）局; （附抽屉及活动写字台的）书
burger	'bә:ɡә	n. 汉堡包（等于hamburger）
burgeries	'bə:ɡəri	n.
burgerr		n. 汉堡包摊,汉堡包店
burgers	ˈbə:ɡəz	n. 汉堡包( burger的复数形式 ); （汉堡牛肉式的）鱼松饼; 菜末饼; 果仁饼
burglar	'bә:glә	n. 窃贼
burglarer	'bɜːglə	n. 夜盗, (夜间破门入室的)盗窃；窃贼, 贼, 小偷, 破门入室偷窃者
burglaries	ˈbɜ:gləri:z	n. 夜盗( burglary的名词复数 ); 夜盗行为; 入户行窃; 入户盗窃罪
burglars	ˈbə:ɡləz	n. 窃贼( burglar的复数形式 ); 破门盗窃者; 破门盗贼; 小偷
burgundies		(Burgundy 的复数) n. 勃艮第(法国一地区), 勃艮第葡萄酒
burgundy	'bә:gәndi	n. 勃艮第(法国一地区), 勃艮第葡萄酒
burial	'beriәl	n. 埋葬, 葬礼
burials	ˈberiəlz	n. 葬, 掩埋, 葬礼( burial的复数形式 )
buries	ˈberiz	v. 埋葬( bury的第三人称单数 ); 掩埋; 原谅; 沉溺于
burma	'bә:mә	n. 缅甸
burmas	'bə:mə	n. 缅甸（东南亚国家）
burn	bә:n	vt. 烧, 烧毁, 烧伤
burned		burn的过去式和过去分词
burner	'bә:nә	n. 火炉, 烧火的人
burners		n. 燃烧器；烧嘴；炉子（burner的复数）
burnes	人名	[原型] burnes 是 burne 的复数
burnest	bə:n	vt.
burnies	'bɜːnɪ	adj.
burning	'bә:niŋ	a. 燃烧的, 象燃烧一样的
burns	bә:nz	n. 络腮胡子
burst	bә:st	n. 破裂, 突发, 爆发
bursted		n. (油等的)喷出；(感情等的)爆发；突然破裂；【无线】脉冲
burster	计	(41468/-)
burstest	bɜːst	burst
bursting		-1
bursts	bə:sts	v. 爆炸( burst的第三人称单数 ); 突然发作; 突然打开; 挤满
bury	'beri	vt. 埋葬, 埋藏
burying	'beriiŋ	n. 葬礼, 埋葬
bus	bʌs	n. 公共汽车
bused	计	[原型] bused 是 buse 的过去式和过去分词
buser		n. 布瑟牌手表
buses		n. 公共汽车（bus的复数形式）
bush	buʃ	n. 矮树丛
bushed	'buʃt	a. 长满灌木的, 疲倦的
bushel	'buʃәl	n. 蒲式耳(容量单位)
busheled		修补或翻新（bushel的过去式与过去分词形式）
busheler	ˊbuʃlә	n. 修补衣服的[人]
busheling		碎熟铁锻造熔接
bushelled		vt.& vi. 修补或翻新（bushel的过去式与过去分词形式）
busheller	ˊbuʃlә	n. 修补衣服的[人]
bushelling	机	[原型] bushelling 是 bushel 的现在分词
bushels	ˈbʊʃəlz	n. 蒲式耳（在美国相当于2150。42立方英寸, 或35。42升）( bushel的名词复数 ); 大量; 一蒲式耳重
busher	'buʃә	n. 第二流球队队员, 才能平庸的人
bushes	buʃiz	n. 灌木（丛）( bush的名词复数 ); [机械学]（金属）衬套; [电学]（绝缘）套管; 类似灌木的东西（尤指浓密
bushest	bʊʃ	n. (丛枝)灌木，(多枝的)矮树；【植物学】灌木丛，矮树丛，一小簇树丛
bushies		(bushy 的第三人称 -s形式) a. 灌木一样的, 灌木茂密的, 浓密的
bushing	'buʃiŋ	n. 轴衬, 套管
busied	ˈbizid	v. 忙着做某事( busy的过去式和过去分词 )
busies	ˈbiziz	v. 忙着做某事( busy的第三人称单数 )
business	'biznis	n. 生意, 事情, 业务, 商业, 商行, 职责
businesses	'bɪznəsɪz	n. 事情( business的名词复数 ); 商业; 营业额; 交易
businessman	'biznismæn	n. 商人, 实业家, 工商业家
busing	'bʌsiŋ	n. 以公共汽车接送
buss	bʌs	n. 接吻, 双桅捕鲭渔船
bussed	'bʌst	v. 接吻, 一种帆船( buss的过去式和过去分词 )
bussing	'bʌsiŋ	n. 公共汽车接送, 用校车接送学生
busy	'bizi	a. 忙碌的, 热闹的, 没空的
busying	ˈbiziŋ	v. 忙着做某事( busy的现在分词 )
but	bʌt	prep. 除了
butcher	'butʃә	n. 屠夫, 肉商, 小贩
butchered		vt. 屠宰（butcher的过去式与过去分词形式）
butcherer		n. butcher的变形
butcheries	ˈbutʃəriz	n. 屠场, 肉贩( butchery的复数形式 )
butchering		vt. 屠宰（butcher的现在分词形式）
butchers	ˈbutʃəz	n. 屠夫( butcher的名词复数 ); 肉商; 杀人狂; 刽子手
butes		(bute 的复数) n. 保泰松（一种止痛药）
buts	bʌts	n. 借口( but的复数形式 ); 推辞; 反对
butt	bʌt	n. 粗大的一头, 烟头, 靶, 笑柄
butted	计	[原型] butted 是 butt 的过去式和过去分词
butter	'bʌtә	n. 奶油, 黄油
buttered	ˈbʌtəd	v. 抹黄油于…上( butter的过去式和过去分词 )
butterer	'bʌtə	n.
butterflies	ˈbʌtəflaiz	n. 蝴蝶（ butterfly的名词复数 ）
butterfly	'bʌtәflai	n. 蝴蝶
butterflyer	,bʌtə'flaiə	n. 【游泳】蝶泳运动员；游蝶泳者
butterflying		v. 切开摊平（butterfly的现在分词形式）
butteries	ˈbʌtəriz	n. 食品室, 酒贮藏室( buttery的名词复数 )
buttering	'bʌtәriŋ	n. 奉承, 巴结
butters	ˈbʌtəz	n. 黄油( butter的名词复数 ); 黄油状的食品
buttes		(butte 的复数) n. 孤峰
butties		(butty 的复数) n. （英）三明治；伙伴；监工
butting	'bʌtiŋ	n. 边界；对接；用头撞人（犯规动作）
button	'bʌtәn	n. 钮扣, 按钮
buttoned		a. 扣紧的
buttoner	'bʌtnər	钉扣人, 扣扣人; 缝扣人
buttoning	'bʌtniŋ	圆钮定位法
buttons		n. 纽扣；按钮（button的复数形式）
butts		n. 短硬黄麻根纤维；臀部粪污毛；笑柄；粗端；大桶（butt的复数）
buy	bai	vt. 买, 获得
buyed	baɪ	vt.
buyer	'baiә	n. 买主, 买方
buying	'baiiŋ	[经] 买气; 买进
buys	baiz	v. 购买, 购得( buy的第三人称单数 ); 做出牺牲以获得; 够支付; 买通
buzz	bʌz	n. 嗡嗡声, 流言
buzzed	bʌzd	v. 发出嗡嗡声( buzz的过去式和过去分词 ); （发出）充满兴奋的谈话声[闲话, 谣言]; 忙乱, 急行; 用蜂鸣
buzzer	'bʌzә	n. 嗡嗡作声的东西, 蜂音器
buzzes	bʌz	vt. 使嗡嗡叫；暗中散布
buzzest	bʌz	n.
buzzing		a. 嗡嗡响的, 营营响的
buzzs	bʌziz	v. 发出嗡嗡声( buzz的第三人称单数 ); （发出）充满兴奋的谈话声[闲话，谣言]; 忙乱，急行; 用蜂鸣器（发信
by	bai	prep. 被, 经, 由, 在...之旁
byd		abbr. Bureau of Yards and Docks 船坞局（美国海军）; 比亚迪股份有限公司
bye	bai	interj. 再会, 回头见
byees	网络	(byee 的复数)
byes		n. 次要的东西（bye的复数形式）
byest	bai	bye1
bypass	'baipɑ:s	n. 旁路
bypassed	ˈbaipɑ:st	v. 绕过, 避开( bypass的过去式和过去分词 ); 不顾
bypasser	'baipɑ:s;-pæs	bypasser
bypasses	ˈbaipɑ:siz	n. 旁道( bypass的复数形式 ); （给心脏接旁通管的）分流术; 搭桥术
bypassing		n. 绕过；分路
byproduct	'bai.prɒdækt	n. 副产品
byproducts	'baɪ,prɒdʌkt	n. 副产品
byr		abbr. 十亿年（billion years）
cab	kæb	n. 出租车, 出租汽车, 出租马车
cabbage	'kæbidʒ	n. 卷心菜
cabbaged	ˈkæbɪdʒ	n. [园艺] 卷心菜, 甘蓝菜, （俚)脑袋
cabbageed	'kæbidʒ	cabbage1
cabbageing	'kæbidʒ	cabbage1
cabbages	ˈkæbidʒz	n. 洋白菜, 卷心菜( cabbage的名词复数 )
cabbed	kæbd	v. 出租车( cab的过去式和过去分词 ); （公共汽车、火车等的）司机室; 驾驶室; 出租马车
cabbing	kæbɪŋ	v. 出租车( cab的现在分词 ); （公共汽车、火车等的）司机室; 驾驶室; 出租马车
caber	'keibә	n. 长树干
cabes		abbr. 英国建筑与建筑环境委员会（Commission for Architecture and the Built
cabin	'kæbin	n. 小屋, 客舱
cabined		a. 拘束的；狭窄的
cabines		卡比纳
cabinet	'kæbinit	n. 橱柜, 内阁
cabineting	'kæbɪnɪt	n. (有抽屉或架子的)橱柜；(唱机、收音机、电视机等的)匣子, 机壳
cabinets	'kæbɪnəts	n. 内阁( cabinet的复数形式 ); 橱; （有特殊用途的）小房间; 展览艺术品的小陈列室
cabining		vt. 把…关在小屋里（cabin的现在分词形式）
cabins	ˈkæbinz	n. <美>小木屋( cabin的名词复数 ); （飞机上的）驾驶舱; 客舱; （轮船上工作或生活的）隔间
cable	'keibl	n. 电缆, 海底电报, 缆, 索
cabled		vt. 发电报至（cable的过去式与过去分词形式）
cabler	'keiblә	并纱机, 搓绳机
cables		n. 电缆；连线；锚索（cable的复数）
cabs	kæbz	n. 出租车( cab的名词复数 ); （公共汽车、火车等的）司机室; 驾驶室; 出租马车
cafe	kɑ:'fei	n. 咖啡馆, 酒店
cafer		n. 江家福（台湾一工程师名字）
cafes		n. 咖啡馆（cafe的复数）
cafeteria	.kæfi'tiәriә	n. 自助餐厅
cafeterias		n. 自助餐厅；自助食堂（cafeteria的复数）
cage	keidʒ	n. 笼, 牢房, 战俘营
caged		a. 关在笼子里的
cager	'keidʒә	n. 篮球选手
cages	keidʒz	n. 笼子( cage的名词复数 )
caiuss	人名	(caius 的复数)
cake	keik	n. 蛋糕, 块, 饼
caked	keɪkt	a. 沾满（厚厚的）…的
cakes		n. 蛋糕（cake的复数）
calculate	'kælkjuleit	v. 计算, 预测, 计划, 打算
calculated	'kælkjuleitid	a. 有计划的, 适当的, 适合的, 计算出的
calculater	'kælkjʊleɪt	vt. 计算；核算：；估计, 估量；预计, 预测；推断：
calculates	ˈkælkjuleits	v. 计算( calculate的第三人称单数 ); 估计; 打算; 旨在
calculatest	'kælkjʊleɪt	vt.
calculation	.kælkju'leiʃәn	n. 计算, 考虑, 计算的结果
calculations		n. 计算器；计算, 运算（calculation的复数形式）
calculator	'kælkjuleitә	n. 计算者, 计算器
calculators		n. 计算器（calculator的复数）
calculus	'kælkjulәs	n. 结石；微积分学
calculuses		微积分, 微积分学, 计算, 演算, 结石, 积石, 牙垢
calculuss	'kælkjʊləs	n. 【数学】微积分(学)；演算
calendar	'kælindә	n. 日历, 日程表
calendared	'kælɪndə	n. 日历；[天] 历法；日程表
calendaring		n. 压光；压延成型
calendarred	'kælɪndə	n. 【天文学】历，历法；一览表；大事记；日程表；议会议事表；【法律】案件日程表
calendarring	'kælɪndə	n. 【天文学】历，历法；一览表；大事记；日程表；议会议事表；【法律】案件日程表
calendars	ˈkælindəz	n. 日历( calendar的名词复数 ); 历法; 日程表; （一年之中的）重大事件（或重要日期）一览表
calf	kɑ:f	n. 小牛, 小牛皮, 腓肠
calgaries	'kælɡəri	卡尔加里(加拿大西南部城市)
calgary	'kæl^әri	n. 卡尔加里（加拿大西南部城市）
cali	'kɑ:li	abbr. 中国照明电器协会（China Association of Lighting Industry）
calibration	.kæli'breiʃәn	n. 口径测定, 刻度, 校准
calibrations		(calibration 的复数) n. 口径测定, 刻度, 校准
california	.kæli'fɒ:njә	n. 加利福尼亚
californian	.kæli'fɒ:njәn	n. 加利福尼亚州人
californians	,kæli'fɔ:njən	a. 加州的；加利福尼亚的
californias	网络	[原型] californias 是 california 的复数
calis	网络	[原型] calis 是 cali 的复数
call	kɒ:l	n. 呼叫, 访问, 打电话, 号召, 召集, 要求
called		a. 被呼叫的
caller	'kɒ:lә	n. 访客, 召集员, 传唤员
calles		(calle 的复数) n. （西）街道
callies	人名	[原型] callies 是 callie 的复数
calling	'kɒ:liŋ	n. 职业, 行业, 呼唤, 召集
calls		n. 调用；呼吁；电话（call的复数）
calm	kɑ:m	n. 平稳, 风平浪静
calmed	kɑ:md	v. （使）平静, （使）镇定( calm的过去式和过去分词 ); 使安静; 使冷静; 使镇定
calmer		n. 无风扇电源
calmes	网络	[原型] calmes 是 calme 的复数
calmest		a. （水面）平静的( calm的最高级 ); （天气）无风的; 镇定的; 宁静的
calming		a. 平静的
calms	kɑ:mz	n. 安静( calm的名词复数 )
cambodian	kæm'bәjdiәn	n. 柬埔寨人（高棉人）；柬埔寨语
cambodians	kæm'bəʊdɪən	n. 柬埔寨人（高棉人）；柬埔寨语
cambridge	'keimbridʒ	n. 剑桥
cambridges	ˈkeɪmbrɪdʒ	n. 剑桥（英国城市）；坎布里奇（美国马萨诸塞州城市）
camel	'kæml	n. 骆驼, 打捞浮筒
camels	'kæməlz	n. [造船]（打捞用的）浮筒( camel的复数形式 ); 骆驼; 工作作风官僚; [航海学]码头边的木靠把
camera	'kæmәrә	n. 照相机, 摄影机, 密谈室, 暗箱
cameras		照相机, 暗箱, 摄像机, 摄影机
camp	kæmp	n. 露营, 帐篷
campaign	kæm'pein	n. 战役, 运动, 竞选运动
campaigned	kæm'peɪn	vi. 作战；参加竞选；参加活动
campaigner	kæm'peinә	n. 从军者, 老兵, 竞选者
campaigning	kæm'peɪn	vi. 作战；参加竞选；参加活动
campaigns	kæmˈpeinz	n. 运动( campaign的名词复数 ); 竞选运动; 战役; 季节性竞赛
camped		-1
camper	'kæmpә	n. 露营者
campest	kæmp	n. 野营；露营队；战场；军队生活
camping	'kæmpiŋ	n. 野营, 露营
camps		n. 露营, 营地；野营房（camp复数）
campus	'kæmpәs	n. 校园, 大学生活
campused	'kæmpəs	n.
campuses		n. （大学）校园（campus的复数形式）
campusing	'kæmpəs	n.
campuss	'kæmpəs	n. [美国英语]；校园；大学校园
can	kæn	vt. 装罐
canada	'kænәdә	n. 加拿大
canadas	kæ'nədəz	n. 粗纺毛毯
canadian	kә'neidiәn	a. 加拿大的
canadians		n. 加拿大人（Canadian的复数）
canal	kә'næl	n. 运河, 水道, 管, 沟渠
canaled		a. 有运河的
canaler		n. 运河船
canaling	kə'næl	n.
canalled	'kənælled	a. 开成运河的
canaller	kә'nælә(r)	n. 运河船
canalling	网络	[原型] canalling 是 canal 的现在分词
canals	kəˈnælz	n. 运河( canal的名词复数 ); 管道; 气管; 食道
canberra	'kænbәrә	n. 堪培拉
canberras	'kænbərə	n. 堪培拉（澳大利亚的首都）
cancel	'kænsәl	n. 取消, 撤消, 盖销(邮票)
canceled	ˈkænsəld	v. 取消( cancel的过去式和过去分词 ); 废除; 注销; 删去
canceler		n. 消除器, 补偿设备
canceling		n. 取消；消除
cancelled	'kænsəld	a. 被取消的
canceller		n. 消除器, 补偿设备
cancellest	'kæns(ə)l	vt.
cancelling	'kænsәliŋ	[计] 取消的
cancels	ˈkænsəlz	v. 取消( cancel的第三人称单数 ); 废除; 注销; 删去
cancer	'kænsә	n. 癌, 恶性肿瘤
cancered	'kænsәd	a. 患癌症的
cancers	'kænsəz	n. 癌( cancer的复数形式 ); 迅速蔓延的恶劣的或危险的事物
candidate	'kændideit	n. 候选人, 投考者
candidates	'kændɪdeɪts	n. 报考者( candidate的复数形式 ); 申请求职者; 攻读学位者; 最后命运或结局如何已显然可见者
candies		n. 糖果, 果饵（candy的复数）
candle	'kændl	n. 蜡烛
candled	'kænd(ə)l	n. 蜡烛；【物】烛光；蜡烛状物
candler	'kændlә	n. 烛台
candles		n. 蜡烛, 烛台（candle复数形式）
candy	'kændi	n. 糖果, 冰糖
candying	'kændɪ	vt. 用糖煮；使结晶为砂糖；美化
candys	'kændis	宽袖长袍
cane	kein	n. 手杖, 细长的茎, 藤条
caned		vt. 用苔杖打（cane的过去式与过去分词形式）
caner	'keinә	n. 藤椅编制工
canes	keinz	n. （某些植物, 如竹或甘蔗的）茎( cane的名词复数 ); （用于制作家具等的）竹竿; 竹杖
caning	'keiniŋ	n. 鞭打
canned	kænd	a. 罐装的, 录音的, 一稿数用的, 刻板的, 被囚的
canner	'kænә	n. 罐头装制商
cannibal	'kænibәl	n. 食人者, 吃同类的动物
cannibals	ˈkænəbəlz	n. 食人肉者（ cannibal的复数形式 ）
canning	'kæniŋ	n. 罐头制造
cannon	'kænәn	n. 大炮, 加农炮
cannoned		vi. 与…猛撞（cannon的过去式与过去分词形式）
cannoning		vi. 与…猛撞（cannon的现在分词形式）
cannons	ˈkænənz	n. 加农炮, 大炮, 火炮( cannon的名词复数 )
canoe	kә'nu:	n. 独木舟, 轻舟
canoed		vt. 用独木舟运送（canoe的过去式与过去分词形式）
canoeing	kә'nu:iŋ	n. 划独木舟, 玩独木舟
canoer	kə'nuː	n. 独木舟；开敞式小艇；[美国俚语] 女性阴部
canoes	kəˈnu:z	n. 小而轻的舟, 独木舟( canoe的名词复数 )
cans	kænz	n. 易拉罐；金属罐, 罐（can的复数）；耳机；头戴受话器
canst	kænst	<废>为can的第二人称单数现在式
canteen	kæn'ti:n	n. 水壶, 军中俱乐部, 临时流动餐馆, 小卖部
canteens	kænˈti:nz	n. 小卖部( canteen的复数形式 ); 食堂; （士兵、旅游者等用的）水壶; （装有一套刀、叉和勺的）餐具盒
cantonese	.kæntә'ni:z	n. 广东人, 广东话
cantoneses	,kæntə'ni:z	n. 广东话；广东人
canvas	'kænvәs	n. 帆布, 画布, 油画
canvased		vt. 用帆布覆盖（canvas的过去式与过去分词形式）
canvaser	'kænvəs	n. (制作帐篷、船帆等的)粗帆布；帆布制品
canvases	ˈkænvəsiz	n. 帆布( canvas的名词复数 ); 油画（布）
canvasing		vt. 用帆布覆盖（canvas的现在分词形式）
canvass	'kænvәs	n. 细查, 讨论, 游说
canvassed	ˈkænvəst	v. （在政治方面）游说( canvass的过去式和过去分词 ); 调查（如选举前选民的）意见; 为讨论而提出（意见等）
canvasser	'kænvәsә	n. 游说者, 检票员, 兜揽生意的人
canvassing	ˈkænvəsɪŋ	v. （在政治方面）游说( canvass的现在分词 ); 调查（如选举前选民的）意见; 为讨论而提出（意见等）; 详细
cap	kæp	n. 盖子, 帽子
capabilities	ˌkeɪpəˈbɪlɪti:z	n. 能力( capability的名词复数 ); 可能; 容量; [复数]潜在能力
capability	.keipә'biliti	n. 能力, 性能, 约束力
capable	'keipәbl	a. 有能力的, 能的, 能干的
capabler	'keɪpəb(ə)l	adj.
capablest	'keɪpəb(ə)l	adj.
capacitance	kә'pæsitәns	n. 电容
capacitances		(capacitance 的复数) n. 电容
capacities	kəˈpæsitiz	n. 容量( capacity的名词复数 ); 才能; 性能; 生产能力
capacitor	kә'pæsitә	n. 电容器
capacitors	kə'pæsɪtəz	n. 电容器, 电容( capacitor的复数形式 )
capacity	kә'pæsiti	n. 容量, 能力, 才能, 资格
capd		持续不卧床腹膜透析
cape	keip	n. 岬, 海角, 披肩, 斗蓬
caped		a. 披斗篷的
caper	'keipә	n. 跳跃
capes	keips	n. 碎谷
caping		(cape 的现在分词) n. 岬, 海角, 披肩, 斗蓬
capital	'kæpitәl	n. 首都, 大写字母, 资本
capitalling	'kæpɪt(ə)l	n. 首都；首府；省会；(工业等的)中心城市
capitals	'kæpɪtəlz	n. 首都( capital的复数形式 ); 资本; 资源; 大写字母
capped		vi. 脱帽致意（cap的过去式与过去分词形式）
capper	'kæpә	n. 诱骗者, 帽商, 封口机
capping	'kæpiŋ	[医] 髓盖, 盖髓术, 盖髓物
caps		abbr. 盒式磁带程序设计系统（Cassette Programming System）；计算机辅助产品检索（Comp
capsule	'kæpsju:l	n. 胶囊, 蒴果, 瓶帽, 航天舱
capsuled		vt. 压缩（capsule的过去式与过去分词形式）
capsuler		套瓶帽机
capsules		n. 太空舱；小盒；胶囊（capsule的复数）
captain	'kæptin	n. 船长, 指挥官, 海军上校, 首领
captained		vt. 当首领（captain的过去式与过去分词形式）
captaining		vt. 当首领（captain的现在分词形式）
captains		n. 船长；军官；首领；（体育运动中的）队长（captain的复数）
caption	'kæpʃәn	n. 说明, 字幕, 标题
captioned		a. 标题下的；标题所说的
captioner	'kæpʃ(ə)n	n.
captioning	ˈkæpʃənɪŋ	v. 给（图片、照片等）加说明文字( caption的现在分词 )
captions	ˈkæpʃənz	n. 标题, 说明文字, 字幕( caption的名词复数 )
captive	'kæptiv	n. 俘虏, 迷恋者
captived	'kæptɪv	n. 俘虏, 战俘；捕获物；被(美色或爱情等)迷住的人；着迷的人；(美色或爱情等的)俘虏
captives	ˈkæptivz	n. 战俘, 俘虏( captive的复数形式 )
captivest	'kæptɪv	n. 俘虏，战俘；捕获物；被(美色或爱情等)迷住的人；着迷的人；(美色或爱情等的)俘虏
capture	'kæptʃә	n. 抓取, 战利品, 捕获之物
captured	ˈkæptʃəd	v. 俘获( capture的过去式和过去分词 ); 夺取; 夺得; 引起（注意、想像、兴趣）
capturer		n. 捕获者, 俘获者
captures	ˈkæptʃəz	v. 俘获( capture的第三人称单数 ); 夺取; 夺得; 引起（注意、想像、兴趣）
capturest	'kæptʃə	n.
car	kɑ:	n. 汽车, 客车
carbon	'kɑ:bәn	n. 碳, 副本, 复写纸
carbones		n. 痈
carboning	'kɑːb(ə)n	n.
carbons	'kɑ:bənz	n. <化>碳( carbon的复数形式 ); 复写纸
card	kɑ:d	n. 卡片, 纸牌, 节目单, 明信片, 梳棉机
carded	'kɑ:dɪd	a. 经过梳毛机梳过的
carder	'kɑ:dә	n. 梳刷的人, 起毛工人
cardies		(cardy 的复数)  [人名] [康沃尔人、英格兰人姓氏] 卡迪 Cardew的变体
carding	'kɑ:diŋ	n. (毛、棉等的)梳理
cards		n. (playing cards)(正式)一副纸牌, 一副扑克牌, 纸牌游戏, 打扑克
care	kєә	n. 小心, 照料, 忧虑
cared	kɛəd	v. 关心( care的过去式和过去分词 ); 担心; 在乎; 介意
career	kә'riә	n. 事业, 生涯, 成功
careered		vi. 全速前进, 猛冲（career的过去式与过去分词形式）
careerer	kə'rɪə	career
careering		vi. 全速前进, 猛冲（career的现在分词形式）
careers		n. 职业生涯；事业；职业（career的复数）
carees	网络	[原型] carees 是 caree 的复数
careful	'kєәful	a. 小心的, 谨慎的
carefuller	'keəfʊl; -f(ə)l	adj.
carefullest	'keəfʊl; -f(ə)l	adj.
carefully	'kєәfuli	adv. 小心地, 谨慎地
carefuls	'keəfʊl; -f(ə)l	careful
careless	'kєәlis	a. 粗心的, 不关心的, 无忧无虑的
carelessest	'keələs	adj.
carer	'kεәrә	n. 负责照顾（老人, 病人, 小孩）的人
cares		（等于Central Advisory Referral Service）中心咨询服务
cargo	'kɑ:gәu	n. 货物
cargoes	ˈkɑ:ɡəuz	n. （船或飞机装载的）货物( cargo的名词复数 ); 大量, 重负
cargos		(cargo 的复数) n. 货物
caried		(cary 的过去分词) n. 卡里（男子名）
caries	'kєәrii:z	n. 龋, 骨疡
caring	'kεәriŋ	a. 有同情心的；表示或感到关怀或关心的
carl	kɑ:l	n. 卡尔（男名）
carla	'kɑ:lә	n. 卡拉（女子名）
carlies		n. 卡莉（女子名）
carling	'kɑ:liŋ	n. 短纵梁
carmen	'kɑ:men	n. 卡门（女子名）
carmenes		卡梅内斯
carmens	'kɑ:mən	n. 卡门（女子名）
carnival	'kɑ:nivәl	n. 嘉年华会, 狂欢节, 饮宴狂欢
carnivals	ˈkɑ:nəvəlz	n. 狂欢节( carnival的复数形式 ); 嘉年华会; 激动人心的事物的组合; 五彩缤纷的颜色组合
caroline	'kærәlaiŋ	n. 凯若琳（女子名）
carolines		abbr. Caroline Islands (Kusaie, Palau, Ponape, Truk, Yap) in
carpenter	'kɑ:pintә	n. 木匠
carpentered		(carpenter 的过去时) n. 木匠
carpentering	ˈkɑːpəntə(r)	n. 木匠, 木工
carpenters	ˈkɑ:pintəz	n. 木工, 木匠( carpenter的名词复数 )
carpet	'kɑ:pit	n. 地毯, 地毯状物
carpeted		vt. 在…上铺地毯（carpet的过去式与过去分词形式）
carpeting		n. 地毯料, 地毯
carpets		n. 地毯（carpet的复数）
carr		n. 凯尔（挪威, 住在沼泽的人）
carriage	'kæridʒ	n. 马车, 客车, 举止, 运输
carriages	'kærɪdʒɪz	n. （火车的）客车厢( carriage的复数形式 ); （旧时载客的）四轮马车; 运输; 举止
carrier	'kæriә	n. 运送者, 邮递员, 带菌者
carrieres		n. (Carrieres)人名；(法)卡里埃
carriers	'kærɪəz	n. （自身不受感染而传播疾病的）带菌者( carrier的复数形式 ); （尤指经营空运的）运输公司; 搬运人; 军输
carries		v. 传递；携带；运载；怀孕（carry的第三人称单数形式）
carrot	'kærәt	n. 胡萝卜
carroties	'kærətɪ	carroty
carrots		n. 胡萝卜；红萝卜（carrot的复数形式）
carrotting		兔毛柔软化处理
carry	'kæri	n. 进位, 射程, 运载
carryed	'kærɪ	vt.
carrying	'kæriiŋ	[法] 运载
carrys	'kærɪ	carry
cars		abbr. 中美洲研究站（Central America Research Station）；计算机化自动额定值系统（c
carst		喀斯特; 岩溶
cart	kɑ:t	n. 二轮运货马车
carted		vt. 用推车或卡车运送（cart的过去式与过去分词形式）
carter	'kɑ:tә	n. 运货马车夫
cartes	网络	[原型] cartes 是 carte 的复数
carties		卡蒂（人名）
carting	'kɑ:tɪŋ	运出
cartoon	kɑ:'tu:n	n. 卡通画, 漫画
cartooned		(cartoon 的过去分词) n. 卡通画, 漫画
cartoonies	网络	[原型] cartoonies 是 cartoony 的复数
cartooning		(cartoon 的现在分词) n. 卡通画, 漫画
cartoons		n. 卡通动画；动漫图书（cartoon的复数）
cartridge	'kɑ:tridʒ	n. 弹药筒, 弹药, 一卷软片, 墨粉鼓
cartridges	'kɑ:trɪdʒɪz	n. 子弹( cartridge的复数形式 ); （打印机的）墨盒; 录音带盒; （唱机的）唱头
carts		n. 购物车；手推车
carve	kɑ:v	v. 雕刻, 切开
carved		a. 有雕刻的
carver	'kɑ:vә	n. 雕刻匠, 雕工, 切肉刀
carves	kɑ:vz	v. 切, 切碎( carve的第三人称单数 ); 雕刻; 艰苦创业, 奋斗取得（事业、名声等）
carying	'kεəri:; 'kæri:	卡里(家族的姓)[亦作 Carey]
case	keis	n. 情形, 情况, 箱, 容器, 事实, 病例, 案例, 框子
cased	keist	v. 包装；装入（case的过去式和过去分词形式）
caser		n. 大套管的专业队；装箱机
cases		n. 案例；箱；情况（case的复数形式）
casey	'keisi	n. 凯西（男子名）
caseys	'keisi:	n. 凯西（男子名）
cash	kæʃ	n. 现金
cashed	kæʃt	v. 把支票兑换成现金( cash的过去式 )
casher		n. 出纳员
cashes	kæʃiz	v. 把支票兑换成现金( cash的第三人称单数 )
cashing	'kæʃiŋ	[经] 把...兑现
cassette	kæ'set	n. 盒式磁带, 珠宝箱, 暗盒
cassetted	kə'set	n. 盒式磁带；暗盒；珠宝箱；片匣
cassettes	kəˈsets	n. 盒式录音带( cassette的复数形式 ); 盒式磁带; 卡式磁带; （胶片）暗盒
cast	kɑ:st. kæst	n. 演员阵容, 投掷, 铸件, 预测, 特性
caster	'kæstә. 'kɑ:stә	n. 投手, (家具的)脚轮, 调味瓶
castes	'kɑ:sts	n. 印度的社会等级( caste的复数形式 ); 任何排他的社会阶层; 种姓（按照血统、阶级、财富等严格区分的社会制度
castest	kɑːst	n.
casting	'kɑ:stiŋ	n. 投掷, 铸成品, 角色分配
castle	'kæsl. 'kɑ:sl	n. 城堡, 象棋中的车
castled	'kɑ:sld	a. 有城堡的, 如城堡的
castles	ˈkɑ:slz	n. 城堡, 堡垒( castle的名词复数 )
casts		n. 演员阵容；管型（cast的复数）
casual	'kæʒjuәl	a. 偶然的, 不经意的, 便装的
casualies		受伤者,意外,灾难 (复数)
casuals	ˈkæʒjuəlz	n. [复数]便鞋( casual的复数形式 ); [军事]待命士兵; 没有固定工作的劳动者; [英国英语][亦作C-]
cat	kæt	n. 猫, 恶妇
catalog	'kætәlɒg	n. 目录, 大学概况手册
cataloged	ˈkætəlɔɡd	[计][修]编目
cataloger	计	(43597/-)
cataloging	计	(40130/-)
catalogs		n. 目录；一览表；分类（catalog的复数）
catalogue	'kætәlɒg	n. 目录, 大学情况一览
catalogued	'kætəlɒgd	v. 为…编目录( catalogue的过去式和过去分词 ); 登记分类; 记载; 登记（某人、某事等的详情）
cataloguer		n. 编目人
catalogues	ˈkætəlɔɡz	v. 为…编目录( catalogue的第三人称单数 ); 登记分类; 记载; 登记（某人、某事等的详情）
catalyst	'kætәlist	n. 触媒, 接触剂, 催化剂, 刺激因素, 促进因素
catalysts	'kætəlɪsts	n. <化>催化剂( catalyst的复数形式 ); 触媒; 促进因素; 有感染力的人
catastrophe	kә'tæstrәfi	n. 大灾难, 大祸
catastrophes	kə'tæstrəfɪz	n. 灾祸( catastrophe的复数形式 ); 灾难; 不幸事件; 困难
catch	kætʃ	n. 捕捉, 陷阱, 捕捉之物, 抓, 拉手
catched	kætʃ	vt. 抓住, 握住：；捉住；逮捕；俘获：
catcher	'kætʃә	n. 捕手, 捕捉器
catches		n. 出生、订婚、结婚和死亡栏
catchest	kætʃ	vt.
catchies	'kætʃɪ	catchy
catching	'kætʃiŋ	a. 易传染的, 有魅力的, 吸引人的
cated		n. 美味；可口之物；〈古〉美食
categories		n. 分类；类别（category的复数）
category	'kætigәri	n. 种类, 类项
cater	'keitә	v. 提供饮食及服务, 投合, 迎合
catered	ˈkeitəd	v. 提供饮食及服务( cater的过去式和过去分词 ); 满足需要, 适合
caterer	'keitәrә	n. 备办食物者, 备办宴席者
caterest	'keitə	vi.
catering	'keitәriŋ	n. 给养；承办酒席；[医]提供饮食及服务
caters	ˈkeitəz	v. 提供饮食及服务( cater的第三人称单数 ); 满足需要, 适合
cates	keits	n. <古>佳肴, 美食( cate的名词复数 )
catfish	'kætfiʃ	n. 鲶鱼
catfished	'kætfɪʃ	n.
catfisher	'kætfɪʃ	n.
catfishes		(catfish 的复数) n. 鲶鱼
cathedral	kә'θi:drәl	n. 大教堂
cathedrals	kəˈθi:drəlz	n. 总教堂, 大教堂( cathedral的复数形式 )
catholic	'kæθәlik	n. 天主教徒
catholics		n. 天主教徒（Catholic的复数形式）
cating		介质
cats		abbr. 高级电视研究中心（Centre for Advanced Television Studies）；计算机自动
catted	'kætted	vt. 把（锚）吊放在锚架上（cat的过去式与过去分词形式）
catter	'kætә	冰脚
catting	'kætɪŋ	vt. 把（锚）吊放在锚架上（cat的现在分词形式）
cattle	kætl	n. 牛, 家畜
cattled	'kæt(ə)l	cattle
cattles		n. （总称）牛，牲口( cattle的名词复数 )
cause	kɒ:z	n. 原因, 目标
caused		v. 引起；使发生（cause的过去分词）
causees	网络	[原型] causees 是 causee 的复数
causer	'kɔ:zә(r)	n. 引起者, 根由
causes		n. 原因
causest	kɔːz	n.
caution	'kɒ:ʃәn	n. 小心, 慎重, 警示
cautioned	ˈkɔ:ʃənd	v. 警告, 提醒, 劝…小心( caution的过去式和过去分词 )
cautioning	ˈkɔ:ʃənɪŋ	v. 警告, 提醒, 劝…小心( caution的现在分词 )
cautions	ˈkɔ:ʃənz	n. 小心( caution的名词复数 ); 谨慎; （对危险或风险的）警告; （警察向犯轻罪的人发出的）警告
cautious	'kɒ:ʃәs	a. 谨慎的, 小心的
cautiouser	'kɔːʃəs	adj.
cautiouss	'kɔːʃəs	cautious
cave	keiv	n. 洞, 穴
caved		vt.& vi. （使）塌陷, 倒塌（cave的过去式与过去分词形式）
caver	'keivә	n. 探察洞穴的人, 研究穴窟的人
caves	keivz	n. 咖啡馆, 小餐厅( cafe的名词复数 ); 洞穴( cave的名词复数 )
cavities	ˈkævitiz	n. 腔, 洞( cavity的名词复数 ); （龋齿的）洞
cavity	'kæviti	n. 洞, 空穴, 腔
cba		abbr. 中国篮球协会（China Basketball Association）；成本效益分析（ost-Benefi
cbas		abbr. Central [Common] Battery Alarm Signalling 共电式报警信号设备
cease	si:s	n. 停止
ceased		v. 中止；中断；停止（cease的过去式及过去分词形式）
ceaseing		停止,结束
ceaser	siːs	vi. 停止，终止；中断：
ceases	si:siz	v. 停止, 终止, 结束( cease的第三人称单数 )
ceasest	siːs	vi.
ceiling	'si:liŋ	n. 天花板
ceilinged	'si:liŋd	a. 有天花板的
ceilings	'si:lɪŋz	n. 天花板( ceiling的复数形式 ); 最高限度; 高度; 云幕高度
celebrate	'selibreit	v. 庆祝, 祝贺, 举行
celebrated	'selibreitid	a. 驰名的, 有名的
celebrater		n. celebrate的变形
celebrates	ˈselibreits	v. 庆祝, 庆贺( celebrate的第三人称单数 ); 主持宗教仪式（尤指圣餐）; 颂扬; 赞美
celebration	.seli'breiʃәn	n. 庆祝, 庆典
celebrations	ˌselɪˈbreɪʃɵnz	n. 庆祝( celebration的复数形式 ); 庆祝会（仪式）
celestial	si'lestjәl	a. 天的, 天国的, 天空的
celestials	səˈlestʃəlz	n. 天的，天空的( celestial的名词复数 )
cell	sel	n. 单元, 细胞, 电池
cellar	'selә	n. 地窖, 地下室, 藏酒
cellared	'selə(r)	n. 地窖；〈英〉(都市住宅的)地下煤窖；【机】油盒；地下酒窖
cellarer	'selәrә	n. 管窖人, 负责食品采购及分配者
cellars	ˈseləz	n. 地下室, 地窖( cellar的复数形式 ); 酒窖
celled	seld	含有某种或若干小细胞的
celles	地名	[原型] celles 是 celle 的复数
cells		n. 细胞；牢房；小屋；单元格（cell的复数）
celsius	'selsiәs	a. 摄氏的
celsiuss	'selsɪəs	Celsius
cement	si'ment	n. 水泥, 胶结剂
cemented		a. 注水泥的；渗碳的；粘合的
cementer	sɪ'mentər	n. 水泥工人, 做黏接工作的工人
cementing	si'mentiŋ	[建] 胶接, 溶接, 粘合
cements	siˈments	v. 粘牢( cement的第三人称单数 ); 巩固; （用水泥、胶等）粘结; 在…上抹水泥
censor	'sensә	n. 检查员
censored	ˈsensəd	a. 受审查的, 被删剪的
censoring	ˈsensərɪŋ	v. 删剪（书籍、电影等中被认为犯忌、违反道德或政治上危险的内容）( censor的现在分词 )
censors	ˈsensəz	v. 删剪（书籍、电影等中被认为犯忌、违反道德或政治上危险的内容）( censor的第三人称单数 )
cent	sent	n. 分
center	'sentә	n. 中心, 中心点, 中锋
centered	'sentәd	a. 居中的
centerer	ˈsentə(r)	n.,vt.,vi.,adj. [美国英语]＝centre
centerest	ˈsentə(r)	n.,vt.,vi.,adj. [美国英语]＝centre
centering	'sentәriŋ, 'sentriŋ	[计] 定中心, 中心调整
centers		n. 中心, 中央（center的复数形式）
centes	网络	(cente 的复数)
centigrade	'sentigreid	a. 百分度的, 摄氏的
centimetre	'senti,mi:tә(r)	n. 厘米, 公分
centimetres	ˈsentiˌmi:təz	n. 厘米( centimetre的复数形式 )
central	'sentrәl	a. 中央的, 重要的
centrales		辐射硅藻目
centrals	ˈsentrəlz	n. 中心的( central的名词复数 ); 最重要的; 容易到达的; 有全部权力或控制力的
centre	'sentә	n. 中心, 中心点, 中锋
centred	ˈsentəd	a. 位于中心的, 以某一对象为中心的
centreing		n. 定中心, 对中, 定圆心, 拱架
centres	ˈsentəz	n. 中心( centre的名词复数 ); （市镇的）中心区; 中心点; 中枢
cents	sents	n. 分, 一分钱的硬币( cent的复数形式 )
centuries	'sentʃərɪz	n. 100年, 一世纪( century的名词复数 ); 100分; 千秋
century	'sentʃuri	n. 世纪, 百年
cereal	'siәriәl	n. 谷类食品, 谷类植物
cereales		(cereale 的复数) 谷物(的), 粮食(的)
cereals		n. 谷类食品；谷类
ceremonies	ˈseriməniz	n. 典礼( ceremony的名词复数 ); 仪式; 礼节; 礼仪
ceremony	'serimәni	n. 典礼, 仪式, 礼节
certain	'sә:tәn	a. 确定的, 某一个的, 必然的
certainer	'sɜːt(ə)n; -tɪn	adj.
certaines	网络	[原型] certaines 是 certaine 的复数
certainest	'sɜːt(ə)n; -tɪn	adj.
certainly	'sә:tәnli	adv. 确定地
certainties	ˈsə:tntiz	n. 必然的事( certainty的名词复数 ); 确定的事; 确实; 确信
certainty	'sә:tәnti	n. 确定, 确实的事情
certificate	sә'tifikeit	n. 证书, 证明书
certificated		a. 有授权证书的
certificates	səˈtifikeits	n. 证明书, 执照( certificate的名词复数 )
chain	tʃein	n. 链, 枷锁, 束缚
chained	tʃeind	a. 装链的；链接的
chaines		链转
chainest	tʃeɪn	n.
chaining	'tʃeiniŋ	[计] 链接
chains		n. 枷锁；联营企业；缝条；链条（chain的复数）
chair	tʃєә	n. 椅子, 显要的席位, 主席
chaired		vt. 主持（chair的过去式与过去分词形式）
chairer	tʃeə	chair
chairing		vt. 主持（chair的现在分词形式）
chairman	'tʃєәmәn	n. 主席, 会长
chairmaned	'tʃeəmən	n. 主席，会长；董事长
chairmaning	'tʃeəmən	n. 主席，会长；董事长
chairmanned		vt. 担任…的主席（chairman的过去式与过去分词形式）
chairmanning		vt. 担任…的主席（chairman的现在分词形式）
chairmans	ˈtʃɛəmənz	n. （主持会议的）主席( chairman的名词复数 ); 委员长; （委员会的）委员长; （公司等的）董事长
chairs		n. 安乐椅；餐椅；椅子（chair的复数）
chalk	tʃɒ:k	n. 粉笔, 白垩
chalked	tʃɔ:kt	a. 无光的；粉化的
chalker		乔克（英格兰人姓氏）
chalkes	网络	(chalke 的复数)
chalkies	'tʃɔːkɪ	chalky
chalking	'tʃɔ:kiŋ	[机] 粉化
chalks	tʃɔ:ks	n. 制造白色或彩色粉笔的白垩( chalk的名词复数 )
challenge	'tʃælindʒ	n. 挑战, 盘问
challenged	'tʃælindʒid	a. 受到挑战的
challenger	'tʃælindʒә	n. 挑战者
challenges	ˈtʃælindʒz	n. 挑战( challenge的名词复数 ); 要求; （警卫等）查问口令; 怀疑
challengest	'tʃælɪn(d)ʒ	n.
chamber	'tʃeimbә	n. 室, 房间, 枪膛
chambered	'tʃeimbәd	a. 有小室的, 隔成多室的
chamberer	t'ʃeɪmbərər	出入女子闺房者; 常到女性卧房者; 喜与女子交往者; 向女子献媚者
chamberies		尚贝希
chambering	'tʃeimbәriŋ	内腔加工, 扩孔
chambers	'tʃeimbәz	n. 钱伯斯（姓氏）
champion	'tʃæmpiәn	n. 冠军, 拥护者, 战士
championed		vt. 为…而斗争, 捍卫, 声援（champion的过去式与过去分词形式）
championing		vt. 为…而斗争, 捍卫, 声援（champion的现在分词形式）
champions		n. 夺标；盟主；冠军（champion的复数形式）
championship	'tʃæmpiәnʃip	n. 冠军身份, 冠军称号, 捍卫
championships	t'ʃæmpɪənʃɪps	n. 锦标赛( championship的复数形式 ); 冠军的地位（称号、等级、保持称号的时期）; 维护; 支持
chance	tʃæns. tʃɑ:ns	n. 机会, 意外, 可能性
chanced		v. 偶然发生（chance的过去式与过去分词形式）
chancer	ˈtʃɑ:nsə(r)	n. 投机分子
chances	tʃɑ:nsiz	n. 机会( chance的名词复数 ); 偶然; 风险; 某事发生的可能性
chancest	tʃɑːns	n.
change	tʃeindʒ	n. 变化, 找回的零钱, 找头, 更换
changeable	'tʃeindʒәbl	a. 可改变的
changeabler	'tʃeɪn(d)ʒəb(ə)l	adj. 可改变的；可交换的，可替换的；易变的；不定的；无常的；变色的，闪光的
changeablest	'tʃeɪn(d)ʒəb(ə)l	adj. 可改变的；可交换的，可替换的；易变的；不定的；无常的；变色的，闪光的
changed		a. 变化的；改变的
changer	'tʃeindʒә	[计] 变换器, 转换器, 转接开关
changes		n. 变化, 改变（change的复数）
changest	tʃeɪn(d)ʒ	vt.
channel	'tʃænәl	n. 海峡, 航道, 频道
channeled	'tʃænәld	a. 有沟的；有缝的；槽形的
channeler	t'ʃænələr	凿沟机
channeling	'tʃænәliŋ	[计] 通道作用, 沟道作用
channelled		a. 有凹槽的, 有沟的
channeller		开渠机
channelling	化	[原型] channelling 是 channel 的现在分词
channels		n. 通道；水槽；隧道；频道；录音声道（channel的复数形式）
chaos	'keiɒs	n. 大混乱, 混沌
chaoses	'keɪɒs	n. 混沌，混乱
chapter	'tʃæptә	n. 章, 篇, 重要章节
chaptered	'tʃæptə	n. 章，回；（俱乐部、协会等的）分会；人生或历史上的重要时期
chaptering	'tʃæptə	n. 章，回；（俱乐部、协会等的）分会；人生或历史上的重要时期
chapters		n. 章；回；章节（chapter的复数形式）
char	tʃɑ:	n. 家庭杂务, 炭
character	'kærәktә	n. 个性, 字符, 人物, 性质, 品格, 资格
charactered		vt. 刻, 印（character的过去式与过去分词形式）
characteries	ˈkæriktəriz	n. 〈集合词〉符号
charactering		vt. 刻, 印（character的现在分词形式）
characteristic	.kærәktә'ristik	n. 特性, 特征, 特色
characteristics	.kærәktә'ristiks	n. 特性, 特征；特质；特色（characteristic的复数）
characterize	'kærәktәraiz	vt. 描绘...的特性, 刻划...的性格
characterized	ˈkæriktəraizd	a. [医]具有特征的
characterizes	ˈkæriktəraiziz	v. 是…的特征( characterize的第三人称单数 ); 以…为特征; 描述（人或物）的特性; 使…具有特点（或
characters		n. 特性；人物角色（character复数）
charcoal	'tʃɑ:kәul	n. 木炭
charcoaled		vt. 用木炭画（charcoal的过去式与过去分词形式）
charcoaler	'tʃɑːkəʊl	n. 炭，木炭；(画木炭画用的)炭笔
charcoaling	ˈtʃɑ:kəulɪŋ	烧炭
charcoals	ˈtʃɑ:kəulz	n. 炭, 木炭( charcoal的名词复数 ); 深灰色
chard	tʃɑ:d	n. 可供食用的甜菜
chared		n. 杂活；临时女帮工
chares		n. 〈美〉(家庭中的)零碎工作；〈口〉打杂女佣人
charge	tʃɑ:dʒ	n. 指控, 费用, 冲锋, 电荷, 炸药, 主管, 被托管人, 命令
charged	tʃɑ:dʒd	a. 充满强烈感情的, 带电的, 气氛紧张的
chargees		(chargee 的复数) n. 承押记人
charger	'tʃɑ:dʒә	n. 充电器, 冲锋者, 战马
charges		n. 费用；手续费；运费
chargest	tʃɑːdʒ	vt.
charies	人名	[原型] charies 是 chary 的复数
charing	'tʃɑ:riŋ	[建] 炭化
charities	ˈtʃæritiz	n. 慈爱( charity的名词复数 ); 救济金; 慈善团体; 宽厚
charity	'tʃæriti	n. 慈悲, 博爱, 慈善团体, 施舍
charm	tʃɑ:m	n. 吸引力, 魔力, 符咒
charmed	tʃɑ:md	a. 喜悦的；着迷的
charmer	'tʃɑ:mә	n. 巫士, 可爱的人
charmes	地名	[原型] charmes 是 charme 的复数
charmest	tʃɑ:m	n.
charming	'tʃɑ:miŋ	a. 迷人的, 有吸引力的
charminger	'tʃɑːmɪŋ	adj.
charmingest	'tʃɑːmɪŋ	adj.
charmings	网络	[原型] charmings 是 charming 的复数
charms		n. 吸引力；符咒；护身符（charm的复数形式）
charr	tʃɑ:	n. 嘉鱼
charred	ˈtʃɑ:d	v. 把…烧成炭( char的过去式); 烧焦
charring	化	[医] 烧焦, 炭化[作用]
chars		n. 烧焦物；木炭（char的复数形式）
chart	tʃɑ:t	n. 图表, 海图
charted		v. 绘制…的图；制订（chart的过去式）
charter	'tʃɑ:tә	n. 特许状, 执照, 宪章
chartered	'tʃɑ:tәd	a. 特许的
charterer	'tʃɑ:tәrә	n. 租船人, 租用者
chartering	'tʃɑ:tәriŋ	[法] 包租(机), 佣船
charters	ˈtʃɑ:təz	n. 许可证( charter的名词复数 ); 纲领; 宪章; 包租
charting	计	[医] 记录表格
chartr		眼震电流描计议
charts	tʃɑ:ts	n. 图表；排行榜（chart的复数）
chase	tʃeis	n. 追求, 狩猎, 追逐
chased		vt. 追捕（chase的过去式与过去分词形式）
chaser	'tʃeisә	n. 猎人, 驱逐舰
chases		v. 追逐（chase的三单形式）
chasest	tʃeis	vt.
chat	tʃæt	n. 闲谈
chated	tʃæt	vi.
chater	人名	[原型] chater 是 chate 的比较级
chatest	网络	(chate 的最高级)
chating	网络	[原型] chating 是 chate 的现在分词
chats		n. 矿山废石；聊天（chat的复数）
chatted	tʃætid	v. 聊天( chat的过去式 ); 闲谈; 闲聊; 参加网络闲聊
chatter	'tʃætә	n. 饶舌, 啁啾, 喋喋不休
chattered	ˈtʃætəd	v. （人）喋喋不休( chatter的过去式 ); 唠叨; （牙齿）打战; （机器）震颤
chatterer	'tʃætәrә	n. 饶舌的人
chatterest	'tʃætə	vi.
chattering	'tʃætәriŋ	n. 颤振, 震颤；颤动
chatters	ˈtʃætəz	v. （人）喋喋不休( chatter的第三人称单数 ); 唠叨; （牙齿）打战; （机器）震颤
chatting		v. 聊天（chat的ing形式）
cheap	tʃi:p	a. 便宜的, 不值钱的, 可鄙的
cheaped	tʃiːp	adj.
cheaper		a. 成本更低, 比较便宜的
cheapes	人名	(cheape 的复数)
cheapest		a. 最便宜的（cheap的最高级形式）
cheapies	经	[原型] cheapies 是 cheapy 的复数
cheaply	'tʃipli	adv. 便宜地
cheat	tʃi:t	n. 欺骗, 作弊, 骗子
cheated	tʃi:tid	v. 欺骗, 哄骗( cheat的过去式和过去分词 ); （尤指在游戏、比赛、考试等中）欺诈; 作弊; 已婚或有固定性伙
cheater	'tʃi:tә	n. 骗子, 诈手
cheatest	tʃiːt	n.
cheating	'tʃi:tiŋ	[经] 行骗
cheats		n. 骗子（cheat的复数形式）
check	tʃek	n. 检查, 支票, 阻止物, 寄物牌, 象棋中将军
checked	tʃekt	a. 有格子图案的, 闭音节的, 选中的
checker	'tʃekә	n. 制止者, 查对者, 阻止者
checkest	tʃek	vt.
checking	'tʃekiŋ	[计] 检查的
checks		n. 支票；格（check的复数形式）
cheek	tʃi:k	n. 颊, 厚颜, 脸蛋
cheekbone	'tʃi:kbәun	n. 颧骨
cheekboned	'tʃiːkbəʊn	n.
cheekbones	ˈtʃiːkˌbəʊnz	n. 面颊骨, 颧骨( cheekbone的复数形式 )
cheeked		a. 具有...的面颊
cheekies		(cheeky 的复数) a. 厚颜的, 无耻的, 色情的
cheeking		vt. 对…无礼地说话（cheek的现在分词形式）
cheeks		n. 面颊（cheek的复数）
cheer	tʃiә	n. 愉快, 振奋, 欢呼
cheered		v. 欢呼（cheer的过去分词）
cheerer	'tʃiərə	n. 欢呼者；用欢呼声激励者
cheerest	tʃɪə	n.
cheerful	'tʃiәful	a. 快活的, 高兴的, 兴高采烈的
cheerfulest	'tʃɪəfʊl; -f(ə)l	adj.
cheerfuller	'tʃɪəfʊl; -f(ə)l	adj.
cheerfullest	'tʃɪəfʊl; -f(ə)l	adj.
cheering	'tʃiәriŋ	n. 欢呼, 喝彩
cheers	tʃiәz	interj. 干杯, 再见
cheese	tʃi:z	n. 乳酪
cheesed	tʃi:zd	a. 厌烦的, 恼怒的
cheeses	tʃi:ziz	n. 干酪, 奶酪( cheese的复数形式 ); “茄子”（要求照相的人说的口形词）
cheetah	'tʃi:tә	n. 猎豹
cheetahs	ˈtʃi:təz	n. <动>（奔跑极快的）非洲猎豹( cheetah的复数形式 )
chef	ʃef	n. 厨师
cheffed	ʃef	chef
cheffing	ʃef	n. (餐馆等处的)男厨师长，主厨，厨房领班；厨师
chefs		n. 大厨；主厨（chef的复数）
chemical	'kemikl	n. 化学药品
chemicals		n. 化学品, 化学制品；化学药品；化工产品（chemical的复数）
chemist	'kemist	n. 化学家, 药剂师
chemistries	ˈkemistriz	n. 化学( chemistry的名词复数 ); 物质的化学组成（或性质）; （常指有强烈性吸引力的）两人间的关系
chemistry	'kemistri	n. 化学, 化学过程
chemists	'kemɪsts	n. 化学家( chemist的复数形式 ); 药剂师; 药商; 药房
cheque	tʃek	n. 支票
chequer	'tʃekә	n. (一粒)棋子, 西洋跳棋, 方格图案, 格子花, 花楸果, 排列成方格式的石头
cheques	t'ʃeks	n. <英>支票( cheque的复数形式 )
cherish	'tʃeriʃ	vt. 珍爱, 怀有, 爱护
cherished	ˈtʃeriʃt	v. 珍爱( cherish的过去式和过去分词 ); 怀有; 爱护; 抚育
cherisher		n. cherish的变形
cherishes	ˈtʃeriʃiz	v. 珍爱( cherish的第三人称单数 ); 怀有; 爱护; 抚育
cherishing	ˈtʃeriʃɪŋ	v. 珍爱( cherish的现在分词 ); 怀有; 爱护; 抚育
cherries	ˈtʃeri:z	n. 樱桃( cherry的复数形式 ); 樱桃树; 樱桃木; 樱桃色
cherry	'tʃeri	n. 樱桃, 樱桃树, 樱桃色
cherrying	'tʃerɪ	n.
cherrys		(cherry 的复数) n. 樱桃, 樱桃树, 樱桃色
chess	tʃes	n. 国际象棋
chesses	tʃesiz	n. 棋, 国际象棋( chess的名词复数 )
chessies	网络	(chessie 的复数)
chest	tʃest	n. 胸, 胸部, 衣柜, 箱子
chested		a. 有...胸腔的
chester	'tʃestә	n. 切斯特（美国港口城市）；切斯特（英国一城市）
chesting	'tʃestiŋ	[纺]布卷式轧光工艺
chestnut	'tʃesnʌt	n. 栗子, 栗树, 栗色
chestnuts	t'ʃesnʌts	n. 栗子( chestnut的复数形式 ); 栗色; 栗树; 栗色马
chestnutting	ˊtʃesnʌtiŋ	n. 拾栗子
chests	tʃests	n. 胸部( chest的复数形式 ); （常为木制的）箱子; 有…胸的; 胸部…的
chew	tʃu:	vt. 咀嚼, 嚼碎
chewed	tʃu:d	v. 咀嚼, 咬( chew的过去式和过去分词 ); （因为紧张等）咬住, 不停地啃, （为尝味道）不停地咀嚼
chewer	'tʃu:ə	n. 反刍动物；咀嚼口香糖的人
chewing	医	[原型] chewing 是 chew 的现在分词
chews	tʃu:z	v. 咀嚼, 咬( chew的第三人称单数 ); （因为紧张等）咬住, 不停地啃, （为尝味道）不停地咀嚼; 中粒煤
chicken	'tʃikin	n. 小鸡, 鸡肉
chickened	'tʃɪkɪn	n. 鸡肉；小鸡；胆小鬼, 懦夫
chickening	'tʃɪkɪn	n. 鸡肉；小鸡；胆小鬼, 懦夫
chickens	ˈtʃikinz	n. 鸡( chicken的复数形式 ); 鸡肉
chief	tʃi:f	n. 领袖, 酋长, 长官, 主要部分
chiefed	tʃiːf	n. 首领，领袖，首脑，首长，长官；(部落或家族的)族长；头人；酋长
chiefer	tʃiːf	chief
chiefing	tʃiːf	n. 首领，领袖，首脑，首长，长官；(部落或家族的)族长；头人；酋长
chiefs	tʃi:fs	n. 族长( chief的复数形式 ); 酋长; 首领; （公司或机构的）首领
child	tʃaild	n. 孩子, 产物, 追随者
childed	tʃaɪld	n. [古语]少爷, 公子, 贵公子, 贵族公子；(尤指)骑士的候补者
childer	tʃaɪld	n. [古语]少爷, 公子, 贵公子, 贵族公子；(尤指)骑士的候补者
childes	tʃaɪldz	n. 贵族青年；蔡尔德
childhood	'tʃaildhud	n. 孩童时期
childhoods	ˈtʃaildhudz	n. 童年, 儿童时代( childhood的复数形式 )
childing	'tʃaildiŋ	a. 怀孕的
childish	'tʃaildiʃ	a. 天真的, 孩子气的
children	'tʃildrәn	pl. 孩子, 孩子们
childrens	'tʃɪldrən	n. 孩子们（child的复数）
childs		n. 蔡尔兹（人名）
chill	tʃil	n. 寒冷, 寒意, 失意
chilled	tʃild	a. 已冷的, 冷硬了的, 冷冻了的
chiller	'tʃilә	n. 惊险小说, 冰箱内的食物冷冻格, 脱蜡冷冻结晶器, 冷却装置, 冷冻工人
chillest		寒冷的，冷得难受的（ chilly的最高级 ）
chillies	t'ʃɪlɪz	n. （干）辣椒, 辣椒粉( chilli的复数形式 )
chilling	'tʃiliŋ	[计] 冷却, 致冷
chills		n. 寒冷；冷漠；寒栗（chill的复数）
chimney	'tʃimni	n. 烟囱, 灯罩
chimneying	'tʃimniiŋ	[冶]中心管道现象, 中心气流过大, [冶]电极洞效应, 烟囱作用(电炉电极插入炉料中形成的烟囱作用)
chimneys	ˈtʃimniz	n. 烟囱( chimney的名词复数 ); 烟筒; （岩石间可供攀登的）狭孔; 狭缝
chimp	tʃimp	n. 黑猩猩
chimped	tʃɪmp	n.
chimping	tʃɪmp	n.
chimps	tʃimps	n. （非洲）黑猩猩( chimp的复数形式 )
chin	tʃin	n. 下巴, 颏
china	'tʃainә	n. 中国, 瓷器
chinar	tʃi'nɑ:	n. 悬铃木
chinas		n. 缎面棉带；瓷器（china的复数形式）
chined	tʃaɪn	n. 脊骨；脊柱
chines		n. 脊柱（chine的复数）
chinese	tʃai'ni:z	n. 中文, 中国话, 中国人
chineser	,tʃai'ni:z	n. 中国人；华人，华裔；汉语，中国话(尤指普通话) [略作Chin.，Chin]
chineses	网络	[原型] Chineses 是 chinese 的复数
chinesest	,tʃai'ni:z	n. 中国人；华人，华裔；汉语，中国话(尤指普通话) [略作Chin.，Chin]
chining		n. 电子束加工
chinned		a. 长着...下巴的
chinning	'tʃiniŋ	n. [体]引体向上
chins		n. 下巴（chin的复数）
chip	tʃip	n. 屑片, 薄片, 碎片
chipies	网络	(chipie 的复数)
chiping		茌平
chipped	t'ʃɪpt	a. 有缺口的, 用碎片组成的
chipper	'tʃipә	a. 爽朗的, 活泼的, 爽快的
chipping	'tʃipiŋ	n. 碎屑, 破片
chips	tʃips	n. 炸土豆条；小木片；（作赌注用的）圆形筹码；缺口（chip的复数形式）
chocolate	'tʃɒkәlit	n. 巧克力
chocolates		n. 巧克力糖（chocolate的复数形式）
choice	tʃɒis	n. 选择, 精选品, 选择权
choicer		choice（上等的, 精选的）的比较级形式
choices		n. 选择（choice的复数）
choicest		choice（上等的, 精选的）的最高级形式
choir	'kwaiә	n. 唱诗班, 唱诗班的席位
choirs	ˈkwaiəz	n. 教堂的唱诗班( choir的复数形式 ); 唱诗队; 公开表演的合唱团; （教堂）唱经楼
choke	tʃәuk	vt. 窒息, 阻塞, 噎, 抑制
choked	tʃәukt	a. 生气的, 恼怒的；堵塞的
chokees	网络	(chokee 的复数)
choker	'tʃәukә	n. 噎住的人, 窒息物, 宽领带
chokes	tʃəuks	v. 填塞( choke的第三人称单数 ); （使）窒息; （尤指感情激动）而哽咽; 因紧张而失灵
chokest	tʃəʊk	vt. 使窒息，使不能呼吸，掐住…的脖子；呛：；阻塞；堵塞；阻止：
cholera	'kɒlәrә	n. 霍乱
choleras	'kɒlərə	n. [内科] 霍乱
choose	tʃu:z	vt. 选择, 宁愿, 欲
chooser	'tʃu:zә	n. 选择者, 选举人
chooses	tʃu:ziz	v. 挑选( choose的第三人称单数 ); 选择; 选定; 喜欢
choosest	tʃuːz	vt. 选择，挑选，选出：；意愿；选定；决定；认为合适：
chop	tʃɒp	n. 肋条肉, 排骨, 砍, 戳记, 商标
chopes	网络	[原型] chopes 是 chope 的复数
chopped	tʃɔpt	v. 砍；斩碎；大量削减（chop的过去分词）
chopper	'tʃɒpә	n. 切物之人, 斧头, 切肉大刀
chopping	'tʃɔpiŋ	[电] 截断
chops	tʃɔps	n. 摆簧夹；排骨；削球（chop的复数）
chopsticks	'tʃɒpstiks	n. 筷子
chopstickss	'tʃɒpstɪks	chopsticks
choral	'kɒ:rәl	a. 合唱队的
chorales		(chorale 的复数) n. 赞美诗
chorals	'kɔːrəl	adj. 合唱队的；合唱(曲)的
chord	kɒ:d	n. 弦, 和音
chorded	kɔ:did	v. （数学）弦( chord的过去式和过去分词 ); （乐器）弦; （音乐）和弦; <喻>心弦
chording	kɔ:dɪŋ	v. （数学）弦( chord的现在分词 ); （乐器）弦; （音乐）和弦; <喻>心弦
chords		n. 和弦；弦（乐器上的, chord的复数）
chore	tʃɒ:	n. 零工, 家务
chored	tʃɔː	n. (家庭或农庄的)杂务, 杂活；日常零星工作[常用复数]
chores	t'ʃɔ:z	n. chore的复数; 零星工作（尤指家常杂务）( chore的复数形式 ); 零活儿
chorus	'kɒ:rәs	n. 合唱队, 齐声
chorused	ˈkɔ:rəst	v. 合唱, 齐声背诵, 异口同声地说( chorus的过去式和过去分词 )
choruser	'kɔːrəs	n. 合唱；合唱队
choruses	ˈkɔ:rəsiz	n. 合唱( chorus的名词复数 ); 齐声; 合唱曲; （歌曲的）副歌
chorusing	ˈkɔ:rəsɪŋ	v. 合唱, 齐声背诵, 异口同声地说( chorus的现在分词 )
choruss	'kɔːrəs	chorus
chorussed	'kɔːrəs	n. 合唱；合唱队
chorussing	'kɔːrəs	n. 合唱；合唱队
christ	kraist	n. 基督, 救世主
christchurch	'kraist-tʃә:tʃ	n. 克赖斯特彻奇
christchurches	'kraisttʃə:tʃ	n. 克赖斯特彻奇（新西兰城市）
christer		n. (Christer)人名；(瑞典)克里斯特
christes	网络	[原型] christes 是 christe 的复数
christian	'kristʃәn	n. 基督徒, 正派人
christianities	网络	[原型] christianities 是 christianity 的复数
christianity	.kristʃi'æniti	n. 基督教, 基督教精神
christians	ˈkristʃənz	n. 基督教徒( Christian的复数形式 )
christies		n. 克丽丝蒂（品牌名）
christmas	'krismәs	n. 圣诞节
christmases	ˈkrisməsiz	n. 圣诞节( Christmas的名词复数 )
christmass		克里斯默斯（地名）（美国）
christs	kraists	n. 基督( Christ的名词复数 ); 救世主
chrysanthemum	kri'sænθәmәm	n. 菊花
chrysanthemums	kriˈsænθəməmz	n. <植>菊花( chrysanthemum的复数形式 )
church	tʃә:tʃ	n. 教堂, 礼拜, 教会
churched		vt. 领…到教堂接受宗教仪式（church的过去式与过去分词形式）
churches	tʃə:tʃiz	n. （基督教的）教堂( church的名词复数 ); 礼拜仪式; 教派; 基督教牧师
churchies	'tʃə:tʃi	adj. 教会的；教堂的；严格遵守教会信条的；忠于教会的
churching	'tʃә:tʃiŋ	n. 安产感恩礼拜
cigar	si'gɑ:	n. 雪茄
cigaret	,si^ә'ret,'si-	n. 纸烟, 卷烟, 香烟
cigarets	ˌsigəˈrets	n. <美>纸烟，香烟( cigaret的名词复数 )
cigarette	.sigә'ret	n. 香烟, 纸烟
cigarettes	sɪɡə'rets	n. 纸烟, 香烟( cigarette的复数形式 )
cigars		n. 雪茄烟（cigar的复数）
cinema	'sinәmә	n. 电影院, 电影
cinemas		n. 电影院（cinema的复数）
cinquain	siŋ'kwein	n. 五个的一组, 五行诗
cinquains	sɪŋ'keɪn	n. 五行诗；五个的一组
circe	'sә:si	n. 荷马史诗<<奥德赛>>中的女魔, 妖精似地引诱男子的女人
circed	'sə:si	n. [亦作 Kirke，Aeaea]【希腊神话】喀耳刻(荷马史诗《奥德赛》中的美丽仙女，精通巫术，曾把奥德修斯的同伴变
circes	'sə:si	n. （希神）赛丝
circle	'sә:kl	n. 圆周, 社交圈, 循环, 范围
circled	ˈsə:kld	均衡的
circler		n. 循环, 周期；圆；圈子；圆形物 (circle的变形)
circles		n. 园；圆圈；循环（circle的复数）
circlest	'sɜːk(ə)l	n. 圆，圆圈；圆周；圆周线
circuit	'sә:kit	n. 电路, 环(行)道, 巡回
circuited		vt. 巡回, 周游（circuit的过去式与过去分词形式）
circuiter	'sə:kitə	n. 巡回者
circuities	səˈkju:itiz	n. 迂回；(说话等的)转弯抹角；间接手法
circuiting	建	[原型] circuiting 是 circuit 的现在分词
circuits		n. 环路；巡回；电路（circuit的复数）
circular	'sә:kjulә	a. 圆形的, 循环的, 间接的
circulars	'sɜ:kjəlɚs	n. 通知, 通告( circular的复数形式 )
circulate	'sә:kjuleit	v. (使)流通, (使)循环, (使)传播
circulated		a. 流通的
circulates	ˈsə:kjuleits	v. （使）循环( circulate的第三人称单数 ); （使）流通; （使）流传; 散布
circulation	.sә:kju'leiʃәn	n. 流通, 循环, 发行量
circulations	ˌsə:kjuˈleiʃənz	n. 流通( circulation的复数形式 ); 血液循环; 发行量; （某段时间的）社交活动
circumference	sә'kʌmfәrәns	n. 圆周, 周缘, 胸围
circumferenced	sə'kʌmf(ə)r(ə)ns	n. 外周，圆周；周围；周界；周长，周线的长度
circumferences	səˈkʌmfərənsiz	n. 周围, 圆周( circumference的复数形式 )
circumstance	'sә:kәmstәns	n. 环境, 状况, 事件
circumstanced	'sә:kәmstәnst	a. 在...情况下的
circumstances	法	[原型] circumstances 是 circumstance 的复数
circus	'sә:kәs	n. 马戏团, 马戏, 竞技场
circuses	ˈsə:kəsiz	n. 马戏( circus的名词复数 ); 环形广场; （用于某些地名）圆形广场; 马戏表演（常在大帐篷里进行）
circuss	'sɜːkəs	circus
cite	sait	vt. 引用, 引证, 表彰
cited		v. 引用（cite的过去分词）
citees		城市，城；全城居民；旧城；住宅区，居住区
cites		n. 引文（cite的复数形式）
cities		n. 城市（city的复数）
citizen	'sitizn	n. 市民, 公民
citizens		n. 市民；公民（citizen的复数）
citizenship	'sitizәnʃip	n. 国籍, 市民权, 市民的身份
citizenships		(citizenship 的复数) n. 国籍, 市民权, 市民的身份
city	'siti	n. 城市, 市
civil	'sivәl	a. 市民的, 公民的, 有礼貌的
civiler	'sɪv(ə)l; -ɪl	civil
civiles	网络	[原型] civiles 是 civile 的复数
civilian	si'viljәn	n. 平民, 民法专家
civilians	siˈviljənz	n. 平民, 百姓( civilian的复数形式 ); 老百姓
civilization	si.vilai'zeiʃәn	n. 文明, 教化
civilizations	sɪvɪlaɪ'zeɪʃnz	n. 文明( civilization的复数形式 ); 文明社会; （特定时期和地区的）社会文明; 人类文明的生活
civilize	'sivilaiz	vt. 使开化, 使文明
civilized	'sivilaizd	a. 文明的, 有礼的
civilizer		启发者; 教化者
civilizes	ˈsivilaiziz	v. 使文明, 使开化( civilize的第三人称单数 )
claim	kleim	n. 要求, 要求权, 断言, 权利
claimed		v. 宣称；声称；断言（claim的过去式）
claimer		n. 根据权利提出要求者
claimest	kleɪm	vt. 要求(应得权利)；要求给予：；要求承认(权利、所有权等)；声称有权，拥有；索取，认领：
claiming	kleimɪŋ	v. 要求（应得权利）( claim的现在分词 ); 声称; 需要; 夺走
claims		n. 权利要求；要求, 请求权；债权；索赔（claim的复数形式）
claire	kleә	n. 克莱儿（女子名）
clam	klæm	n. 蛤, 沉默寡言的人
clamer		n. 喧闹,大声叫嚷
claming	klæm	n. 夹子；【动】蛤；蛤肉；〈美口〉沉默寡言的人
clammed	klæmd	v. （在沙滩上）挖蛤( clam的过去式和过去分词 )
clammer	k'læmər	n. 蚌蛤捕拾者
clamming	k'læmɪŋ	v. （在沙滩上）挖蛤( clam的现在分词 )
clamp	klæmp	n. 夹钳
clamped	klæmpt	v. 夹紧, 夹住( clamp的过去式和过去分词 ); 紧紧抓住; 紧夹住; 被抓住
clamper	'klæmpә	n. 防滑的鞋底钉
clamping	'klæmpiŋ	[计] 钳位
clamps		n. 夹子；钳夹（clamp的复数）
clams	医	[原型] clams 是 clam 的第三人称单数
clancies		克兰西（人名）
clancy		克兰西（人名）
clap	klæp	n. 拍手, 拍手声, 霹雳声, 花柳病
clapped	klæpt	v. 拍手( clap的过去式和过去分词 ); （常指友好地）轻拍某人的背（或肩）; 急速放置
clapper	'klæpә	n. 拍手者, 铃锤, 钟锤
clappest	klæp	vt. 拍(手)，鼓(掌)，为…鼓掌:；(用手)轻拍，拍，击，(友好地)拍拍(某人的肩背)：
clapping		n. 掌声, 拍手声
claps	klæps	n. 鼓掌( clap的名词复数 ); 淋病; 善意的拍打; 砰然巨响
clara	'kleәrә	n. 克拉拉（女子名）
claras	'klara	n. 克拉拉（女子名）
clarifies	ˈklærifaiz	v. 使清楚, 澄清( clarify的第三人称单数 ); （尤指通过加热使黄油）纯净; 说明; 使（头脑、神智等）清醒
clarify	'klærifai	vi. 澄清, 阐明
clarifying	医	[原型] clarifying 是 clarify 的现在分词
clash	klæʃ	n. 冲突, 撞击声, 抵触
clashed		vt. 发出撞击声（clash的过去式与过去分词形式）
clasher	k'læʃər	n. 撞击装置
clashes	klæʃiz	n. 冲突( clash的名词复数 ); 不协调; （两群人之间的）打斗
clashest	klæʃ	vi. (刀剑、铃铛等)碰撞做声，撞击声:；(大声地)碰撞，猛撞:
clashing	klæʃɪŋ	相反; 碰损险
clasp	klɑ:sp	n. 扣子, 钩, 紧握
clasped	klɑ:spt	v. 抱紧( clasp的过去式和过去分词 ); 紧紧拥抱; 握紧; 攥紧
clasper	'klɑ:spә	n. 扣子, 抱茎卷须, 鳍脚
claspest	klɑːsp	n. 扣子，钩子；夹子；扣钩；紧握；拥抱；握手
clasping	klɑ:spɪŋ	v. 抱紧( clasp的现在分词 ); 紧紧拥抱; 握紧; 攥紧
clasps	klɑ:sps	n. 钩( clasp的名词复数 ); 紧握
class	klɑ:s	n. 班级, 阶级, 种类, 课
classed		vt. 把…归入某等级, 把…看作（class的过去式与过去分词形式）
classer	ˊklɑːsә	n. 分选羊毛等级的工人
classes		n. 级别, 阶级（class复数形式）
classest	klɑːs	class
classic	'klæsik	n. 古典作品, 杰作, 大艺术家
classical	'klæsikl	a. 古典的, 正统派的, 经典的
classicals		(classical 的复数) a. 古典的, 正统派的, 经典的
classics		n. 古希腊、古罗马文学（classic的复数）
classification	.klæsifi'keiʃәn	n. 分类, 分级
classifications	klæsɪfɪ'keɪʃnz	n. 分类( classification的复数形式 ); 分级; 类别; （动植物等的）分类学
classifies	ˈklæsifaiz	v. 分类( classify的第三人称单数 ); 归类; 划分; 区分
classify	'klæsifai	vt. 分类, 归类, 分等
classifying	经	[原型] classifying 是 classify 的现在分词
classing	建	[原型] classing 是 class 的现在分词
classmate	'klɑ:smeit	n. 同班同学
classmates	k'lɑ:smeɪts	n. （同班）同学( classmate的名词复数 ); 砚兄砚弟
classroom	'klɑ:sru:m	n. 教室
classrooms	k'læsru:mz	n. 教室, 课堂( classroom的复数形式 )
clatter	'klætә	n. 咔嗒声, 哗啦声, 嘈杂的谈笑声
clattered		vt.& vi. 发出咔哒声（clatter的过去式与过去分词形式）
clatterer	'klætәrә	n. 饶舌家, 长舌者
clatterest	'klætə	n. 撞击声，碰撞声，哐啷声；(马蹄的)得得声；(机器的)咔哒声；咯噔咯噔声；吵闹，喧哗声，噪声，扰嚷
clattering		vt.& vi. 发出咔哒声（clatter的现在分词形式）
clatters	ˈklætəz	n. 盘碟刀叉等相撞击时的声音( clatter的名词复数 )
claw	klɒ:	n. 爪, 螯, 抓伤
clawed		a. 有爪/螯的
clawest	klɔː	n. (动物的)爪，脚爪；(某些节肢动物的)钳，螯
clawing		vt.& vi. 用爪抓（claw的现在分词形式）
claws	klɔ:z	n. 爪( claw的名词复数 ); （有壳水生动物的）螯; 爪形夹具; （机械的）爪
clay	klei	n. 泥土, 肉体, 黏土
clayed	kleɪ	n. [土壤] 粘土；泥土；肉体；似黏土的东西
clayes		n. (Clayes)人名；(法)克拉耶
clays		n. 黏土（clay的复数）
clean	kli:n	a. 干净的, 清白的, 简洁的
cleaned	kli:nd	v. （使）清洁( clean的过去式和过去分词 ); 变干净; 除去…的灰尘; 使…干净
cleaner	'kli:nә	n. 清洁工人, 清洁剂, 干洗商
cleanes	网络	(cleane 的复数)
cleanest		清洁的（clean的最高级）
cleaning	'kli:niŋ	n. 清洁, 扫除, 家畜的胞衣, 扫除出来的垃圾, 大败, 输得精光, 除伐, 巨额利润
cleanliness	'klenlinis	n. 清洁, 干净
cleanlinesses	'klenlɪnəs	n. 清洁
cleans		n. 打扫；精煤（clean的复数）
clear	kliә	a. 清楚的, 明确的, 澄清的
cleared		v. 使干净；清除（clear的过去分词）
clearer	'kliәrә	[医] 澄清剂, 透明剂; 洗剂(牙)
cleares	人名	(cleare 的复数)
clearest		清楚的
clearies	网络	[原型] clearies 是 cleary 的复数
clearing	'kliәriŋ	n. 清扫, 空地, 票据清算
clearings		n. 清算；汇划结算的款项总额；票据交换结算总额（clearing的复数形式）
clearly	'kliәli	adv. 清楚地
clears	kliəz	v. 变明朗( clear的第三人称单数 ); 明白; 离去; （通过票据交换所）交换票据
clerk	klә:k	n. 办事员, 职员, 文书
clerked		vi. 当职员（clerk的过去式与过去分词形式）
clerkes	网络	[原型] clerkes 是 clerke 的复数
clerking	'klɑ:kiŋ	n. 记账工作
clerks	klɑ:ks	n. <美>店员( clerk的名词复数 ); <英>办事员; （议会、法院等的）书记员; 簿记员
clever	'klevә	a. 聪明的, 精明的
cleverer		a. 更聪明的
cleverest		聪明的
click	klik	n. 咔哒声, 啪嗒声
clicked	klikt	v. 使发出咔哒声, 使咔哒（或咔嚓）响( click的过去式和过去分词 ); 突然明白; 配合默契; 在计算机荧光屏上
clicker	'klikә	n. 鞋匠工头, (英)排字工头
clicking		n. 微小静电干扰声
clicks		n. 点击数；滴答声（click的复数）
client	'klaiәnt	n. 客户, 顾客, 委托人
cliented	'klaɪənt	n. 诉讼委托人, 委托律师诉讼的人；委托人一方；主顾, 顾客
clients		n. 客户端；顾客；救济对象；应受账款；委托方（client的复数）
cliff	klif	n. 悬崖, 绝壁
cliffer	klɪf	n. (尤指海边的)悬崖，峭壁
cliffes		科里夫
cliffies	'klɪfi	cliffy
cliffs	klɪfs	n. 悬崖, 峭壁（cliff的复数形式）
climate	'klaimit	n. 气候, 社会趋势, 气候区
climates	k'laɪməts	n. 气候( climate的复数形式 ); 气候区; 倾向; 思潮
climax	'klaimæks	n. 高潮, 极点, 层进法
climaxed		vt.& vi. 达到顶点（climax的过去式与过去分词形式）
climaxer	'klaɪmæks	n. 极点，顶点，最高点；(戏剧或文学作品的)高潮
climaxes	ˈklaimæksiz	n. 顶点( climax的名词复数 ); 极点; 高潮; 性高潮
climaxing		vt.& vi. 达到顶点（climax的现在分词形式）
climb	klaim	v. 攀登, 上升, 爬
climbed	klaɪmd	v. 爬（ climb的过去式和过去分词 ）; 攀登; （尤指吃力地向某处）爬; 登山
climber	'klaimә	n. 登山者
climbered	'klaɪmə	n. 爬山的人，登山者，登山运动员；(架线工等使用的)爬杆脚扣；(登山靴上的)铁钉助爬器
climbering	'klaɪmə	n. 爬山的人，登山者，登山运动员；(架线工等使用的)爬杆脚扣；(登山靴上的)铁钉助爬器
climbers		n. 脚扣；攀缘植物；登山者（climber的复数）
climbest	klaɪm	vi. 爬，攀登；上升：；(飞机)爬升，徐徐上升；爬上；登上：
climbing	'klaimiŋ	a. 攀缘而登的, 上升的
climbings	网络	[原型] climbings 是 climbing 的复数
climbs	klaimz	v. 爬( climb的第三人称单数 ); 攀登; （尤指吃力地向某处）爬; 登山
cling	kliŋ	vi. 粘紧, 附着, 紧贴, 坚持
clinged	klɪŋ	vi. 坚持，墨守；紧贴；附着
clingest	klɪŋ	vt. manacle的变形
clinging	'kliŋiŋ	a. 执着的, 有粘性的
clings	kliŋz	v. 附着于( cling的第三人称单数 ); 抓紧或抱住; 坚持; 依恋, 依附于
clinic	'klinik	n. 诊所, 临床教学
clinics	k'lɪnɪks	n. 诊所( clinic的复数形式 ); 门诊时间; 私人诊所; 临床实习
clip	klip	n. 修剪, 夹子, 回形针, 剪下来的东西
cliping		小夹,小止血钳
clipped	klipt	a. 省略一部分的, 发音清楚的
clipper	'klipә	n. 大剪刀
clippest		abbr. compiler language for information processing 【计算机】信息处理
clipping	'klipiŋ	n. 剪断, 剪裁, 剪下物, 剪报
clips		n. 夹子；弹片；剪下来的东西；回形针（clip的复数）
cloak	klәuk	n. 斗蓬, 大氅, 掩护
cloaked	kləukt	v. 遮盖, 掩盖( cloak的过去式和过去分词 )
cloakest	kləʊk	n. 斗篷，披风；大氅；覆盖物
cloaking	'kləʊkɪŋ	v. 遮盖, 掩盖( cloak的现在分词 )
cloaks	kləuks	n. （尤指旧时的）披风( cloak的名词复数 ); 斗篷; 外衣; 战袍
clock	klɒk	n. 时钟, 计时器, (袜子上的)绣花边花
clocked		v. 为…计时（clock的过去分词）
clocker	'klɔkә(r)	n. 计时员
clockes	网络	[原型] clockes 是 clocke 的复数
clocking	计	[原型] clocking 是 clock 的现在分词
clocks		n. 钟表；时钟（clock的复数）
clockwise	'klɒkwaiz	a. 顺时针方向的
clockwiser	'klɒkwaɪz	adv. 顺时针移动方向地
clockwisest	'klɒkwaɪz	adv. 顺时针移动方向地
close	klәuz	n. 结束, 完结
closed	klәuzd	a. 关闭的, 限于少数人的
closeer		关闭者;关闭器
closely	'klәusli	adv. 接近地
closer	'klәuzә	n. 关闭者, 闭合器, 关闭器
closes	kləuziz	v. （使）关, 关闭( close的第三人称单数 ); 终止; （使）缩小; 合上
closest		a. 最靠近的（close的最高级）
closet	'klɒzit	n. 壁橱, 小室
closeted	'klɒzɪtɪd	a. 秘密交谈的；私下会谈的
closeting		vt. 把…关在房间里（closet的现在分词形式）
closets	ˈklɔzits	n. 橱( closet的名词复数 ); 壁橱; <旧> 厕所; 贮藏室
closetting		(closet 的现在分词) n. 壁橱, 小室
cloth	klɒ:θ. klɒθ	n. 布料, 织品, 布
clothe	klәuð	vt. 给...穿衣, 盖上, 赋予
clothed		-1
clother		n. 布商
clothes	klәuðz	n. 衣服
clotheses		n. 衣服，衣物( clothes的名词复数 )
clothess	kləʊ(ð)z	clothes
clothest	kləʊð	vt. 给…穿衣：；为…提供衣服；配备：
clothing	'klәuðiŋ	n. 衣服
clothings		n. （总称）衣服
cloths		n. 布, 衣料, 织物, 布块, 桌布, (某一职业的标识)服装, 帆
cloud	klaud	n. 云, 阴暗, 烟雾, 疑团
clouded	'klaudid	a. 阴的, 有暗影的
cloudest	klaʊd	n. 云；云雾；星际云；烟雾，烟尘，(烟、尘的)云状物
clouding		n. 无光泽, 云状花纹, (图象上的)模糊, 云斑
clouds		n. 云彩, 白云（cloud复数形式）
cloudy	'klaudi	a. 多云的, 有愁容的, 云的, 浑浊的
clown	klaun	n. 小丑, 乡下人
clowned		v. 扮小丑（clown的过去式与过去分词形式）
clowning		插科打诨；噱头
clowns	klaunz	n. 丑角( clown的名词复数 ); 行为荒诞滑稽的人; 蠢货; 笨蛋
club	klʌb	n. 俱乐部, 木棍, 球棒
clubbed	klʌbd	a. 棒状的
clubber	'klʌbә(r)	n. 俱乐部会员, 挥棒的人
clubbing	医	[原型] clubbing 是 club 的现在分词
clubes	网络	[原型] clubes 是 clube 的复数
clubs		n. （扑克牌）梅花；俱乐部；社团（club的复数）
clue	klu:	n. 线索, 暗示
clued		(clue 的过去分词) n. 线索, 暗示
clueing	kluː	n. (调查,研究等的)线索；迹象；(故事的)关键情节
clues		n. 线索, 蛛丝马迹（clue的复数）
clumsies	'klʌmzɪ	adj. 笨拙的，笨手笨脚的，不灵便的；制作粗陋的；样子不好看的
clumsy	'klʌmzi	a. 笨拙的, 不雅观的, 粗陋的
cluster	'klʌstә	n. 串, 丛, 群, 簇
clustered		a. 成群的, 集束的
clusterer	'klʌstə	n. 丛集, 丛, 串, 束, 簇；群集, 一群, 一帮
clustering	'klʌstәriŋ	[计] 分类归并; 聚类
clusters		n. 群集；簇；丛（cluster的复数形式）
clutch	klʌtʃ	n. 抓紧, 掌握, 离合器, 一窝小鸡
clutched	klʌtʃt	v. 抓住, 紧紧抓住( clutch的过去式和过去分词 ); （因害怕或痛苦）突然抓住
clutcher		n. 〈俚〉经常参加咖啡聚会的人
clutches	klʌtʃiz	v. 抓住, 紧紧抓住( clutch的第三人称单数 ); （因害怕或痛苦）突然抓住
clutchest	klʌtʃ	clutch1
clutching	klʌtʃɪŋ	v. 抓住, 紧紧抓住( clutch的现在分词 ); （因害怕或痛苦）突然抓住
cm		-K
cmd		abbr. 煤矿管理局（Coal Mines Department ）；指令键
cmes		abbr. Chinese Mechanical Engineering Society 中国机械工程学会; China
cmr		abbr. camera 照相机; common-mode rejection 共模态抑制，普通方式的拒绝
cms		abbr. 教会传教士协会（Church Missionary Society）
cmst		最小生成树
coach	kәutʃ	n. 四轮大马车, 教练
coached	kəutʃt	v. 训练, 辅导( coach的过去式和过去分词 )
coacher	'kәutʃә	n. 拉马车的马, (棒球运动中)指点跑垒及击球的球员
coaches	kəutʃiz	n. 长途客运汽车( coach的复数形式 ); （铁路）旅客车厢; 教练; 指导
coaching	'kәutʃiŋ	n. 辅导；教练技术
coachs		n. 四轮大马车, 教练
coal	kәul	n. 煤, 木炭
coaled		vi. 上煤（coal的过去式与过去分词形式）
coaler	'kәulә	n. 运煤船, 运煤铁路, 煤商
coales	网络	[原型] Coales 是 coale 的复数
coalies		(coaly 的复数) a. 煤的, 煤状的, 含煤的
coaling	'kәuliŋ	[建] 加煤, 装煤
coals	kəulz	n. 煤炭( coal的名词复数 ); 煤块
coarse	kɒ:s	a. 粗糙的, 下等的, 粗俗的
coarser		a. 粗糙的；粗俗的；下等的 (coarse的变形)
coarsest		a. 粗的( coarse的最高级 ); 粗糙的; 粗野的; 粗鲁的
coast	kәust	n. 海岸, 滑坡
coasted		vi. （汽车或自行车）（尤指不用动力向山坡下）滑行（coast的过去式与过去分词形式）
coaster	'kәustә	n. 沿海航行者/贸易者, 沿海航船, 带轮银盘, 杯托, (酒瓶)垫子
coasting	'kәustiŋ	n. 海岸线；沿岸航行；沿海贸易
coasts		n. 海岸；海滨（coast的复数）
coat	kәut	n. 外套
coated	'kәutid	a. 穿外套的, 上涂料的
coater	'kәutә	[建] 涂料器
coates		n. 科茨（姓氏）；高氏（涂料公司名）
coating	'kәutiŋ	n. 涂层, 上衣衣料
coats		n. 外套（coat的复数）
cock	kɒk	n. 公鸡, 雄禽, 龙头, 头目, 锥形小干草堆
cocked	kɔkt	a. 翘起的, 处于准备击发状态的, 竖起的
cocker	'kɒkә	vt. 娇养, 溺爱, 放纵
cockies	'kɒkɪ	adj. 自大的；骄傲的；过于自信的
cocking	'kɒkɪŋ	压簧杆; 拉紧; 扣紧
cocks		n. 闷头；塞子；公鸡（cock的复数）
code	kәud	n. 代码, 密码, 法规, 法典
coded	'kәudid	a. 编码的；电码的；译成电码的
coder	'kәudә	n. 编码器
codes		n. 编码, 代码；规范；准则（code的复数）
coefficient	kәui'fiʃәnt	n. 系数
coefficients	kəʊɪ'fɪʃənts	n. 系数( coefficient的复数形式 ); （测定某种质量或变化过程的）率; 程度
coffee	'kɒfi	n. 咖啡, 咖啡色
coffeeing	'kɒfɪ	n. 咖啡，咖啡茶，咖啡粉；咖啡豆(＝coffee beans)
coffees	ˈkɔfiz	n. 咖啡豆( coffee的复数形式 ); 咖啡粉; （一杯）咖啡
coffin	'kɒfin	n. 棺材, 灵柩
coffined		vt. 收殓（coffin的过去式与过去分词形式）
coffining		vt. 收殓（coffin的现在分词形式）
coffins	ˈkɔ:fɪnz	n. 棺材( coffin的名词复数 ); 使某人早亡[死, 完蛋, 垮台等]之物
coherent	kәu'hiәrәnt	a. 互相耦合的, 清晰的, 明了的，凝聚性的, 连贯的
coil	kɒil	n. 线圈, 盘绕, 骚动, 卷
coiled	kɔild	v. 将…卷[盘]成圈或螺旋形( coil的过去式和过去分词 ); （使）缠绕, 盘绕
coiler	'kɔilә	蛇形管
coiling	'kɔiliŋ	[医] 螺旋
coils	kɔilz	n. 卷；线圈（coil的复数）
coin	kɒin	n. 硬币, 金钱, 货币
coincide	.kәuin'said	vi. 一致, 符合
coincided	ˌkəuinˈsaidid	v. 两件或更多的事情同时发生( coincide的过去式和过去分词 ); 想法、意见等相同; 相符; 极为类似
coincidence	kәu'insidәns	n. 巧合, 同时发生
coincidences	kə'ʊɪnsɪdənsɪz	n. （令人吃惊的）巧合( coincidence的复数形式 ); （意见等的）相同; 同时存在; 并存
coincider		ind. 符合, 吻合, 巧合, 同时发生；〈数〉重合, 迭合
coincides	ˌkəuinˈsaidz	v. 两件或更多的事情同时发生( coincide的第三人称单数 ); 想法、意见等相同; 相符; 极为类似
coined	kɔind	v. 制造硬币( coin的过去式和过去分词 ); 创造
coiner	'kɒinә	n. 造币者, 伪造货币者, 创造者
coines		科因（男子名）
coining	'kɔiniŋ	[机] 压模印
coins		n. 硬币（coin的复数）
coke	kәuk	n. 可口可乐, 焦炭
coked	'kəʊkt	受麻醉品刺激的
coker	'kәukә	[建] 炼焦器
cokes	kәuks	n. 焦炭；焦煤；炭焦；薄锡层镀锡薄钢板
cola	'kәulә	结肠, 冒号, 科朗
colas	'kɔlәs	[建] 沥青乳浊液, 沥青乳胶体
cold	kәuld	n. 感冒, 寒冷
colder		a. 更冷的, 越来越冷的（cold的比较级）
coldest		冷的
colds		n. 感冒；寒冷（cold的复数形式）
collaborate	kә'læbәreit	vi. 合作, 勾结
collaborated	kəˈlæbəˌreɪtid	v. 合作( collaborate的过去式和过去分词 ); 勾结叛国
collaborates	kəˈlæbəˌreɪts	v. 合作( collaborate的第三人称单数 ); 勾结叛国
collapse	kә'læps	n. 崩溃, 倒塌, 虚脱
collapsed		a. 倒塌的；暴跌的；收缩的；倾陷了的
collapses		vt. 使倒塌；使瓦解
collar	'kɒlә	n. 衣领, 颈圈
collard	'kɔlәd	n. [植]羽衣甘蓝
collared		a. 有领圈的, 上了轭/颈圈的, (肉)成卷的
collares	网络	[原型] collares 是 collare 的复数
collaring	'kɔlәriŋ	[建] 加轭, 作凸缘
collars		n. 辊环；衣领；颈圈（collar的复数形式）
colleague	'kɒli:g	n. 同事, 同僚
colleagued	'kɒliːg	n. 同事，同僚，同行
colleagues		n. 同事；同行（colleague的复数）
collect	kә'lekt	v. 收集, 聚集, 集中, 搜集
collected	kә'lektid	a. 收集成的, 镇定的
collectest	kə'lekt	vt. 使集合，使聚集：；收集，收藏：
collecting	kəˈlektɪŋ	v. 收集( collect的现在分词 ); 收到; 收藏; 聚积
collection	kә'lekʃәn	n. 收集, 采集, (一批)收藏品, 募捐
collections		n. 集合物件；收集（collection的复数）
collective	kә'leiktiv	a. 集体的, 聚集的, 共同的
collectives	kəˈlektivz	n. 集体( collective的复数形式 )
collects	kəˈlekts	v. 收集( collect的第三人称单数 ); 收到; 收藏; 聚积
college	'kɒlidʒ	n. 学院, 大学, 学会
colleger	'kɒlidʒә	n. 学院学生, (英国伊顿公学)接受资助的学生
colleges		n. 专科学院（college复数形式）
collide	kә'laid	vi. 碰撞, 互撞, 抵触
collided		v. 碰撞, 冲突（collide的过去分词）
collider	kəˈlaɪdə(r)	碰撞机
collides	kəˈlaidz	v. 相撞( collide的第三人称单数 ); 碰撞; 冲突; 抵触
collision	kә'liʒәn	n. 碰撞, 冲突, 抵触
collisions	kə'lɪʒnz	n. 碰撞( collision的复数形式 ); 冲突; （两人之间或对立意见、看法等之间的）冲突; 抵触
colombia	kә'læmbiә	n. 哥伦比亚
colombias	网络	[原型] colombias 是 colombia 的复数
colonel	'kә:nәl	n. 陆军上校, 长官
colonels	ˈkə:nlz	n. 上校( colonel的复数形式 )
colonial	kә'lәunjәl	a. 殖民的, 殖民地的
colonials	kəˈləunjəlz	n. 生活在殖民地的宗主国居民( colonial的复数形式 )
colonies	ˈkɔləniz	n. 殖民地( colony的名词复数 ); （侨民等）聚居区; （动植物的）群体; （来自同一地方, 职业或兴趣相同的
colonist	'kɒlәnist	n. 殖民地居民, 移民
colonists	ˈkɔlənɪsts	n. 殖民地开拓者, 移民, 殖民地居民( colonist的复数形式 )
colony	'kɒlәni	n. 殖民地, 移民队
color	'kʌlә	n. 颜色, 面色, 颜料, 外貌
colored	'kʌlәd	a. 染色的
colorer	'kʌlərə	n. 着色者；染色机
colores		colores
coloring	'kʌlәriŋ	n. 着色, 色彩, 色调, 面色, 气色, 外貌, 伪装, 色素, 颜料, 染料, 着色剂, 特质
colors		n. 国旗, 旗帜, 船旗, 军旗, 衣帽, 徽章, 绶带
column	'kɒlәm	n. 专栏, 圆柱, 纵队, 列, 柱形物
columned	'kɒlәmd	a. 圆柱状的, 立有圆柱的
columns		塔器
comb	kәum	n. 头梳, 鸡冠
combat	'kɒmbæt	n. 争斗, 战斗
combated	ˈkɔmbətid	v. 与…战斗( combat的过去式和过去分词 ); 与…斗争; 防止; 减轻
combatest	'kɒmbæt; 'kʌm-	vi. 战斗，格斗；斗争：
combating	ˈkɔmbətɪŋ	v. 与…战斗( combat的现在分词 ); 与…斗争; 防止; 减轻
combats	ˈkɒmbæts	v. 与…战斗( combat的第三人称单数 ); 与…斗争; 防止; 减轻
combatted		(combat 的过去分词) n. 争斗, 战斗
combatting		(combat 的现在分词) n. 争斗, 战斗
combed	kəumd	n. 精梳
comber	'kәumә	n. 梳刷者, 精梳机, 卷浪
combes		(Combe 的复数) (=coomb) n.(三面皆山的)深陷的深谷, 狭谷
combies		Communist homies.
combination	.kɒmbi'neiʃәn	n. 组合, 合并, 联合
combinations		n. 合谱；组合；制品（combination的复数）
combine	kәm'bain	v. (使)联合, (使)结合
combined	kәm'baind	a. 结合的；组合的
combiner	kәm'bainә	[计] 组合器, 组合部件
combines	kəmˈbainz	v. （使）联合( combine的第三人称单数 ); 兼有; 兼备; 使融合（或并存）
combinest	kəm'baɪn	vt. 使结合；使联合，使混合；合并：；【化学】使化合：
combing	'kәumiŋ	n. 梳理, 梳下的毛或发
combs	kɔmz	n. 梳子（comb的复数）
combustion	kәm'bʌstʃәn	n. 燃烧, 骚动
combustions		(combustion 的复数) n. 燃烧, 骚动
come	kʌm	vi. 过来, 来, 到达, 出现, 开始
comed		abbr. Communications Editing Unit 通信编辑设备
comedies		n. 喜剧；喜剧性；有趣的事情（comedy的复数形式）
comedy	'kɒmidi	n. 喜剧, 有趣的事情
comer	'kʌmә	n. 来的人, 新来者, 有成功希望的人
comes	'kɔmis	v. 来自；从…来（come的三单形式）
comet	'kɒmit	n. 彗星
comets		n. 彗星( comet的复数形式 )
comfort	'kʌmfәt	n. 舒适, 安慰, 安慰者
comfortable	'kʌmfәtәbl	a. 舒服的, 轻松的
comfortabler	ˈkʌmftəbl	adj. 舒服的，舒适的；安慰的；安逸的；惬意的，愉快的
comfortables		n. 丰富的( comfortable的名词复数 ); （衣服、家具等）使人舒服的; 愉快放松的; 自信而无忧虑的
comfortablest	ˈkʌmftəbl	adj. 舒服的，舒适的；安慰的；安逸的；惬意的，愉快的
comfortably	'kʌmfәtәbli	adv. 安乐地, 舒服地, 宽裕地
comforted	ˈkʌmfətid	v. 安慰, 使舒适( comfort的过去式和过去分词 )
comforter	'kʌmfәtә	n. 安慰的人, 安慰者, 圣灵
comfortest	'kʌmfət	vt. 安慰；使得到慰藉；鼓舞：；使舒服，使舒适：
comforting	'kʌmfәtiŋ	a. 安慰的, 令人鼓舞的
comforts	ˈkʌmfəts	n. 安慰( comfort的名词复数 ); 舒适; 使人舒服的事物; 给予援助或安慰的人或事
comic	'kɒmik	n. 连环漫画, 喜剧演员, 滑稽的人
comices	网络	[原型] comices 是 comice 的复数
comics	'kɔmiks	n. 连环画；漫画；喜剧演员（comic的复数形式）
command	kә'mɑ:nd	n. 命令, 指挥, 控制, 部队, 司令部
commanded	kəˈmɑ:ndid	v. 指挥, 控制, 命令( command的过去式和过去分词 ); 掌握; 俯瞰; 应得
commander	kә'mɑ:ndә	n. 司令官, 指挥官
commanderies	kə'mɑːndərɪ	n. 骑士团管理地；会所
commanders	kəˈmɑ:ndəz	n. 指挥官( commander的复数形式 ); 海军中校
commandes	网络	(commande 的复数)
commandest	kə'mɑːnd	vt. 指挥；命令；指示；要求：；统帅；管辖；控制；管理；支配：
commanding	kә'mɑ:ndiŋ	a. 指挥的, 威风凛凛的, 居高临下的
commands		n. 命令, 指令（command复数形式）
commence	kә'mens	v. (使)开始, 得学位
commenced	kəˈmenst	v. <正>开始( commence的过去式和过去分词 )
commencer		n. 开始
commences	kəˈmensiz	v. <正>开始( commence的第三人称单数 )
commencest	kə'mens	vi. 开始:
commend	kә'mend	vt. 嘉奖, 委托给, 推荐
commended	kəˈmendid	v. 推荐( commend的过去式和过去分词 ); 表扬; 托付; 受到赞同
commender	kə'mend	vt. 推举, 推荐, 给…说好话：；委托, 把…交托给：
commendest	kə'mend	vt. 推举，推荐，给…说好话：；委托，把…交托给：
commending	kəˈmendɪŋ	v. 推荐( commend的现在分词 ); 表扬; 托付; 受到赞同
commends	kəˈmendz	v. 推荐( commend的第三人称单数 ); 表扬; 托付; 受到赞同
comment	'kɒment	n. 注解, 批评, 评论, 备注
commented		vt.& vi. 评论, 谈论（comment的过去式与过去分词形式）
commenter	'kɒmentә	n. 评论家
commenting		vt.& vi. 评论, 谈论（comment的现在分词形式）
comments		n. 注解；评论（comment的复数）
commerce	'kɒmә:s	n. 商业, 商务, 贸易
commerced	'kɒmɜːs	n. 贸易, 商业
commerces	ˈkɔmə:siz	n. 商业，贸易( commerce的名词复数 )
commercial	kә'mә:ʃәl	a. 商业的, 商用的, 商品化的
commerciales		(commerciale 的复数) [网络] 商业房地产；商业性公司
commercials	kə'mɜ:ʃlz	n. （电台或电视播放的）广告 ( commercial的名词复数 ); 以大众欣赏为目的谱写的乐曲
commission	kә'miʃәn	n. 委任状, 任官令, 所委职责, 佣金, 犯, 委托, 所托之事
commissioned		a. 受委任的, 现役的, 受任命的
commissioner	kә'miʃәnә	n. 委员, 理事, 行政长官
commissioning	kә'miʃәniŋ	[计] 试的
commissions	kəˈmiʃənz	n. 委员会( commission的名词复数 ); 佣金; 任命; 职权
commit	kә'mit	vt. 委托(托付), 犯罪, 指派...作战, 使承担义务
commitment	kә'mitmәnt	n. 委托, 交押, 承担义务, 赞助
commitments	kə'mɪtmənts	n. 委托( commitment的复数形式 ); 任务; 承担的义务
commits	kəˈmits	v. 保证（做某事、遵守协议或遵从安排等）( commit的第三人称单数 ); 把…托付给; 把…记（或写）下来; 承诺
committed		a. 献身于某种事业的
committee	kә'miti	n. 委员会
committeeing	kə'mɪtɪ	committee
committees		n. 委员会；街道办事处
committer		n. commit的变形
committest	kə'mɪt	vt. 把…托付给；托，委托；委任：；付诸；藏于：
committing		v. 犯（错误）；提交；答应负责（commit的ing形式）
commodities	kəˈmɔditiz	n. 商品( commodity的名词复数 ); 农产品; 有价值的物品; 有用的东西
commodity	kә'mɒditi	n. 农产品, 商品, 有用的物品
common	'kɒmәn	a. 通常的, 共同的, 通俗的, 公共的
commoned	'kɒmən	adj. 共同的，共有的；公共的；公众的
commoner	'kɒmәnә	n. 平民, 自费学生, 有共用权的人
commones	网络	(commone 的复数)
commonest		a. 普通的( common的最高级 ); 通俗的; [数学]公共的; 公有的
commonly	'kɒmәnli	adv. 一般, 普通, 通常
commonplace	'kɒmәnpleis	n. 寻常事, 老生常谈, 普通的东西
commonplaced	'kɒmənpleɪs	n. 老生常谈，陈词滥调；普通的事物，寻常的事物
commonplaceer		作笔记者
commonplaces	ˈkɔmənpleisiz	n. 陈腔滥调( commonplace的复数形式 ); 老生常谈; 寻常的事物; 平常的东西
commons	'kɒmәns	n. 平民, 下议院, 公共食堂
commonsense	,kɔmәn'sens	a. 有常识的, 一望而知的, 明明白白的
commonwealth	'kɔmәnwelθ	n. 共和国；联邦；国民整体
commonwealths	ˈkɔmənwelθs	n. 共和国( commonwealth的复数形式 ); 联邦; 团体; 协会
communicate	kә'mju:nikeit	vt. 显露, 传达, 感染
communicated	kəˈmju:nikeitid	v. 传达, 表达( communicate的过去式和过去分词 ); 通讯; 交际; 相连
communicates	kəˈmju:nikeits	v. 传达, 表达( communicate的第三人称单数 ); 通讯; 交际; 相连
communicatest	kə'mjuːnɪkeɪt	vt. 传递；传达；传播，传染；传送：；传授；告知，通知：
communication	kә.mju:ni'keiʃәn	n. 交流, 交通, 通讯
communications	kәmju:ni'keiʃ(ә)nz	n. 交通设施, 通讯系统
communism	'kɒmjunizm	n. 共产主义
communisms	ˈkɔmjunizəmz	n. 共产主义( communism的名词复数 ); 共产主义制度
communist	'kɒmjunist	n. 共产主义者, 共产党员
communists	ˈkɔmjunists	n. 共产主义者, 共产主义的支持者( communist的复数形式 ); 共产党党员
communities		n. 社区；团体, 群体（community的复数形式）
community	kә'mju:niti	n. 社区, 公众, 共有, 共同体
compact	kәm'pækt	a. 紧凑的, 紧密的, 简洁的
compacted		a. 压紧的, 紧紧连在一起的, 压实的
compacter		n. 夯实；压实工具
compactest	kəm'pækt	adj. 密集的；紧密的，致密的；严实的；坚固的；挤满的，拥挤的
compacting	kәm'pæktiŋ	[建] 压紧
compacts	kəmˈpækts	v. 压紧, （使）坚实( compact的第三人称单数 )
companies		n. 公司, 企业；公司财产；伙伴（company的复数形式）
companion	kәm'pænjәn	n. 朋友, 陪伴, 指南, 升降口围罩
companioned	kəm'pænjən	n. 【船】升降口
companioning	kəm'pænjən	n. 【船】升降口
companions	kəmˈpænjənz	n. 同伴( companion的名词复数 ); [天]伴星(=~star); （用于书名）指南; 同甘共苦的伙伴
company	'kʌmpәni	n. 公司, 友伴, 交往, 连队, 朋友, 一群
companying	'kʌmp(ə)nɪ	n. 公司；陪伴, 同伴；连队
comparable	'kɒmpәrәbl	a. 可比较的, 比得上的
comparative	kәm'pærәtiv	a. 比较的, 相对的
comparatives	kəmˈpærətivz	n. （形容词或副词的）比较级形式( comparative的复数形式 )
compare	kәm'pєә	vt. 比较, 比喻, 对照
compared		a. 比较的, 对照的（compare的过去式和过去分词）
compares	kəmˈpɛəz	v. 比较, 对照( compare的第三人称单数 ); 把…比做; 比喻; 比拟（常与 to连用）
comparest	kəm'peə	vt. 比较；对照；与…比较起来(常与with 连用)：；把…比做；比喻，比拟(常与 to连用)：
comparison	kәm'pærisn	n. 比较, 对照, 比喻
comparisons	kəm'pærɪsnz	n. 比较( comparison的复数形式 ); [修辞学]比喻; [语法学]（形容词或副词的）比较等级; 类似
compass	'kʌmpәs	n. 指南针, 范围, 音域
compassed	'kʌmpəs	n. 指南针, 罗盘；圆规
compasses	'kʌmpәsis	n. 圆规
compassest	'kʌmpəs	vt. 绕…而行，环行；巡回：；围绕，包围：
compassing		a. 围绕的, 达到的
compatible	kәm'pætәbl	a. 能共处的, 可并立的, 适合的
compatibles		(compatible 的复数) a. 能共处的, 可并立的, 适合的
compel	kәm'pel	vt. 强迫, 迫使
compelled		v. 强迫；迫使（compel的过去式及过去分词形式）
compeller		n. compel的变形
compellest	kəm'pel	vt. 强迫，迫使，使不得不：；以强力获得，强求，强取：
compelling	kәm'peliŋ	a. 强制的, 强迫性的, 激发兴趣的
compels		v. 强迫
compensate	'kɒmpenseit	v. 偿还, 补偿, 付报酬
compensated	ˈkɔmpenseitid	v. 补偿, 报酬( compensate的过去式和过去分词 ); 给（某人）赔偿（或赔款）
compensates	ˈkɔmpenseits	v. 补偿, 报酬( compensate的第三人称单数 ); 给（某人）赔偿（或赔款）
compensatest	'kɒmpenseɪt	vt. 赔偿；补偿；弥补；抵消：；报酬，酬劳：
compensation	.kɒmpen'seiʃәn	n. 补偿, 赔偿金, 工资
compensations	ˌkɔmpenˈseiʃənz	n. （翻译学中的）代偿( compensation的复数形式 ); 补偿（或赔偿）物; [生物学]补偿机能; 使坏的情
compete	kәm'pi:t	vi. 竞争, 对抗
competed	kəmˈpi:tid	v. 竞赛( compete的过去式和过去分词 ); 竞争; 比得上; 参加比赛（或竞赛）
competence	'kɒmpitәns	n. 胜任, 职称, 能力
competences		(competence 的复数) n. 胜任, 职称, 能力
competent	'kɒmpitәnt	a. 能干的, 胜任的, 有效的, 足够的
competes	kəmˈpi:ts	v. 竞赛( compete的第三人称单数 ); 竞争; 比得上; 参加比赛（或竞赛）
competition	.kɒmpi'tiʃәn	n. 竞争, 竞赛
competitions		n. 比赛, 竞争（competition的复数形式）
competitive	kәm'petitiv	a. 竞争的
competitor	kәm'petitә	n. 竞争者
competitors	kəm'petɪtəz	n. 竞争者( competitor的复数形式 ); 对手; 参赛者; 竞赛者
compile	kәm'pail	vt. 编译, 编辑, 编纂, 收集
compiled		a. 编译的
compiler	kәm'pailә	n. 编辑者
compiles	kəmˈpailz	v. 收集( compile的第三人称单数 ); 编辑; 编制; 编译
complain	kәm'plein	v. 抱怨, 抗议, 控诉
complained	kəmˈpleind	v. 抱怨, 诉苦, 投诉( complain的过去式和过去分词 ); 申诉, 控诉, 抗议; 诉说, 申诉, 控告[后
complainer		n. 老是抱怨的人
complainest	kəm'pleɪn	vi. 抱怨，诉苦，发牢骚：；申诉，控诉；抗议：
complaining	kәm'pleiniŋ	a. 抱怨的
complains	kəmˈpleinz	v. 抱怨, 诉苦, 投诉( complain的第三人称单数 ); 申诉, 控诉, 抗议; 诉说, 申诉, 控告[后面常
complaint	kәm'pleint	n. 诉苦, 抱怨, 控诉
complaints	kəm'pleɪnts	n. 抱怨( complaint的复数形式 ); 诉苦; 投诉; 疾病
complement	'kɒmplimәnt	n. 补足物, 补语, 补数
complemented	'kɔmplә.mentid	a. 有余格的；有补助物的
complementing	电	[原型] complementing 是 complement 的现在分词
complements		n. 补足语；其余产品；互补品（complement的复数）
complete	kәm'pli:t	a. 完全的, 十足的, 完成的
completed		a. 完整的；完全的
completely	kәm'pli:tli	adv. 完全地, 十分地, 圆满地
completer	计	(34044/-)
completes		v. 完成；结束（complete的单三形式）
completion	kәm'pli:ʃәn	n. 完成
completions	kəmˈpli:ʃənz	n. 完成( completion的复数形式 ); 结束; （房地产等的）完成交易; 完成交割
complex	kәm'pleks	n. 综合体, 情结, 络合物
complexed	'kɒmpleks	a. 合成的；复合的；综合的；多元的；复杂的, 错综复杂的；难解的
complexer	'kɒmpleks	adj. 合成的；复合的；综合的；多元的；复杂的，错综复杂的；难解的
complexes		n. 复体, 复合物
complexest	'kɒmpleks	adj. 合成的；复合的；综合的；多元的；复杂的，错综复杂的；难解的
complexing	kәm'pleksiŋ	[机] 错化作用
complexities	kəmˈpleksɪti:z	n. 复杂性(complexity的名词复数); 复杂的事物
complexity	kәm'pleksiti	n. 复杂, 复杂性, 复杂的事物
complicate	'kɒmplikeit	vt. 弄复杂, 使错综, 使恶化
complicated	'kɒmplikeitid	a. 复杂的
complicateder	'kɒmplɪkeɪtɪd	vt. complicate的变形
complicatedest	'kɒmplɪkeɪtɪd	vt. complicate的变形
complicates	ˈkɔmplɪˌkeɪts	v. 使复杂化( complicate的第三人称单数 )
complication	.kɒmpli'keiʃәn	n. 复杂化, 复杂情况
complications		n. 并病；并发症（complication的复数）
complies	kəmˈplaiz	v. 遵从, 依从, 服从( comply的第三人称单数 )
compliment	'kɒmplimәnt	n. 称赞, 恭维, 敬意
complimented	ˈkɔmpliməntid	v. 表扬, 恭维( compliment的过去式和过去分词 )
complimenter		n. 恭维；称赞；问候；致意；道贺 (compliment的变形)
complimenting	ˈkɔmpliməntɪŋ	v. 表扬, 恭维( compliment的现在分词 )
compliments		n. 问候, 道贺, 致意
comply	kәm'plai	vi. 顺从, 依从
complying	kəmˈplaiŋ	v. 遵从, 依从, 服从( comply的现在分词 )
component	kәm'pәunәnt	n. 元件, 组件, 成分
components		n. 部件；组件；成份（component复数）
compose	kәm'pәuz	vt. 组成, 写作, 作曲, 使平静
composed	kәm'pәuzd	a. 镇静的, 沉着的
composer	kәm'pәuzә	n. 作曲家, 作家, 调停者
composers	kəm'pəʊzəz	n. （尤指古典音乐）作曲家( composer的复数形式 )
composes	kəmˈpəuziz	v. 组成( compose的第三人称单数 ); 调解; [印刷]排（字）; 使安定
composest	kəm'pəʊz	vt. 组成，构成：；整理，整顿：
composite	kәm'pɒzit	a. 合成的, 混合成的, 菊科的
composited		(composit 的过去分词) adj. 合成的；复合的
composites		n. 菊科植物；复合体；复合材料（composite的复数）
composition	kɒmpә'ziʃәn	n. 作文, 创作, 组成
compositions		n. 组成成分；作品辑；艺术作品（composition的复数形式）
compound	kәm'paund	n. 混合物, 复合词, 化合物, 院子
compounded	'kɔmpaudid	a. 复合的, 化合的
compounder	kәm'paundә	n. 部分还款者, 起诉中止者, 混合者
compoundest	'kɒmpaʊnd	adj. 合成的，复合的，混合的，化合的；多功能的，多作用的
compounding	'kɔmpaundiŋ	[经] 复利计算
compounds	ˈkɔmpaundz	n. 场地( compound的名词复数 ); 复合物; （筑有围墙的）院子; 复合词
comprehend	.kɒmpri'hend	vt. 理解, 包括
comprehended	ˌkɔmpriˈhendid	v. 理解, 领会( comprehend的过去式和过去分词 ); 包括
comprehendest	kɒmprɪ'hend	vt.
comprehending	ˌkɔmpriˈhendɪŋ	v. 理解, 领会( comprehend的现在分词 ); 包括
comprehends	ˌkɔmpriˈhendz	v. 理解, 领会( comprehend的第三人称单数 ); 包括
comprehension	.kɒmpri'henʃәn	n. 理解, 包含
comprehensions	ˌkɔmpriˈhenʃənz	n. 理解, 理解力( comprehension的复数形式 ); （语言学习中的）理解练习（或训练）
comprehensive	.kɒmpri'hensiv	a. 广泛的, 有理解力的, 综合的
comprehensives	ˌkɔmpriˈhensivz	n. [常用复数]综合测验, 专业综合考试( comprehensive的复数形式 ); 综合学校, 综合性中学
compress	kәm'pres	vt. 压缩, 压紧
compressed	kәm'prest	a. 被压缩的, 扁平的
compresses		n. [外科] 敷布；[外科] 压布（compress的复数形式）
compressest	kəm'pres	vt.
compressing	计	[原型] compressing 是 compress 的现在分词
compression	kәm'preʃәn	n. 压缩, 压紧
compressions		(compression 的复数) n. 压缩, 压紧
comprise	kәm'praiz	vt. 包含, 构成
comprised		v. 由…组成；包含（comprise的过去分词）
comprises	kəmˈpraiziz	v. 包含( comprise的第三人称单数 ); 包括; 组成; 构成
comprisest	kəm'praɪz	vt.
compromise	'kɒmprәmaiz	n. 妥协, 折中, 折中方案, 和解
compromised	ˈkɔmprəmaizd	[医]妥协, 让步的, 缺乏抵抗力的, 缺乏免疫力的, 妥协的
compromiser		n. compromise的变形
compromises	ˈkɔmprəmaiziz	n. 妥协( compromise的名词复数 ); （名誉等的）损害; 妥协（或折中）方案; 折中物
compulsories	kəm'pʌlsəri	adj. 强迫的；义务的；必修的
compulsory	kәm'pʌlsәri	a. 被强制的, 强迫的, 义务的
compute	kәm'pju:t	v. 计算, 估算
computed	kәm'pju:tid	v. 计算（compute的过去式）
computer	kәm'pju:tә	n. 电脑, 电子计算机
computers		n. 计算机, 电脑（computer的复数）
computes	kəmˈpju:ts	v. 计算, 估算( compute的第三人称单数 )
comrade	'kɒmreid	n. 同志, 伙伴
comraded	'kɒmreɪd	n.
comrades	'kɒmreɪdz	n. 亲密的伙伴( comrade的复数形式 ); 战友; 朋友; 同志
conceal	kәn'si:l	vt. 隐藏, 掩盖, 隐瞒
concealed		a. 隐蔽的, 隐匿的
concealer	法	(23512/-)
concealest	kən'siːl	vt.
concealing	kənˈsi:lɪŋ	v. 隐藏, 隐瞒, 遮住( conceal的现在分词 )
conceals	kənˈsi:lz	v. 隐藏, 隐瞒, 遮住( conceal的第三人称单数 )
conceit	kәn'si:t	n. 自负, 空想, 狂妄
conceited	kәn'si:tid	a. 自负的, 逞能的, 狂想的
conceitest	kən'siːt	n.
conceiting	kən'siːt	n. 自负；奇想；(比喻的)牵强附会；想法
conceits	kənˈsi:ts	n. 高傲( conceit的复数形式 ); 自以为; 巧妙的词语; 别出心裁的比喻
conceive	kәn'si:v	vt. 构思, 认为
conceived	kənˈsi:vd	v. 想出( conceive的过去式和过去分词 ); 构想; 设想; 怀孕
conceiver	kən'si:və	n. 构想者
conceives	kənˈsi:vz	v. 想出( conceive的第三人称单数 ); 构想; 设想; 怀孕
conceivest	kən'siːv	vt.
concentrate	'kɒnsәntreit	n. 浓缩, 精选
concentrated	'kɒnsәntreitid	a. 集中的, 浓缩的
concentrater		氧气浓缩机
concentrates	ˈkɔnsəntreits	v. 专心于( concentrate的第三人称单数 ); 注意; 集中; 聚集
concentration	.kɒnsәn'treiʃәn	n. 集中, 专心
concentrations	kɒnsənt'reɪʃnz	n. 集中( concentration的复数形式 ); 专心; 关注; 浓度
concept	'kɒnsept	n. 观念, 概念
conception	kɒn'sepʃәn	n. 观念, 概念
conceptions	kən'sepʃnz	n. 思想( conception的复数形式 ); 观念; 构想; 怀孕
concepts		n. 概念, 观念；思想（concept复数形式）
concern	kәn'sә:n	n. 关心, 忧虑
concerned	kәn'sә:nd	a. 关心的, 有关的, 参与的, 担心的
concernest	kən'sɜːn	vt.
concerning	kәn'sә:niŋ	prep. 关于
concernings	kən'sɜːnɪŋ	prep.
concerns		n. 关注；关注点；关注者（concern的复数形式）
concert	'kɒnsәt	n. 音乐会, 和声, 一致
concerted	kәn'sә:tid	a. 商定的, 协定的, 一致的
concerting	'kɒnsət	n. 音乐会；一致；和谐
concerts	ˈkɔnsəts	n. 音乐会; 演唱会; （音）协奏曲(concert的复数); 合奏（曲）; 音乐会( concert的复数形式 )
concession	kәn'seʃәn	n. 特许, 让步, 认可
concessioner	kәn'seʃәnә(r)	n. 让受人, 特许权所有人
concessions	kən'seʃənz	n. （尤指由政府或雇主给予的）特许权( concession的名词复数 ); 承认; 减价; （在某地的）特许经营权
concise	kәn'sais	a. 简洁的, 简明的
conciser	kən'saɪs	adj.
concisest	kən'saɪs	adj.
conclude	kәn'klu:d	vt. 结束, 作结论, 推断
concluded	kənˈklu:did	v. 结束( conclude的过去式和过去分词 ); 得出结论; 断定; 推断出
concluder		n. conclude的变形
concludes	kənˈklu:dz	v. 结束( conclude的第三人称单数 ); 得出结论; 断定; 推断出
conclusion	kәn'klu:ʒәn	n. 结论, 结尾, 推论
conclusions	kənk'lu:ʒnz	n. 结束( conclusion的复数形式 ); 结论; 推论; 签订
concrete	'kɒnkri:t	n. 凝结物, 混凝土
concreted	'kɒŋkriːt	a. 混凝土的；实在的, 具体的；有形的
concreter	'kɔnkri:tә	混凝土工
concretes	ˈkɔnkri:ts	n. 混凝土( concrete的名词复数 ); 具体物; （图案式）有形诗; 图案诗体
concretest	'kɒŋkriːt	adj.
condemn	kәn'dem	vt. 判刑, 责备, 谴责
condemned	kәn'demd	a. 已被定罪的, 定了罪的人用的
condemner		n. 谴责者, 宣判者
condemnest	kən'dem	vt.
condemning	化	[原型] condemning 是 condemn 的现在分词
condemns	kənˈdemz	v. （通常因道义上的原因而）谴责( condemn的第三人称单数 ); 宣判; 宣布…不能使用; 迫使…陷于不幸的境地
condense	kәn'dens	vt. 使浓缩, 使压缩, 缩短
condensed	kәn'denst	a. 浓缩的；扼要的
condenser	kәn'densә	n. 凝结器, 冷凝器, 缩写者
condenses	kən'densɪz	v. 浓缩; （使）变稠或变浓, 浓缩( condense的第三人称单数 ); （使）凝结; 简说, 摘要, 简述
condition	kәn'diʃәn	n. 情况, 条件
conditioned	kәn'diʃәnd	a. 有条件的, 习惯于...的
conditioner	kәn'diʃәnә	n. 调节器, 土壤团粒结构促进剂
conditiones		制约剂
conditioning	kәn'diʃәniŋ	n. 调节, 条件作用, 整修
conditions		n. 形势, 情况, 环境
condom	'kɒndәm	n. 避孕套
condomed	'kɒndəm	condom
condomer		阴茎套爱用者
condommed	'kɔndəmd	adj. 戴避孕套的，戴阴茎套的，戴女用避孕套的
condoms	'kɒndɒmz	n. （男用）避孕套, 保险套( condom的复数形式 ); （女用）避孕套
conduct	'kɔndʌkt, -dәkt	n. 行为, 举动, 指导
conducted	kənˈdʌktɪd	vt. 实施; 为人; 指挥（军队, 乐队等）; [物]传导（热, 电等）
conducter		售票员
conductest	'kɒndʌkt	n.
conducting	kənˈdʌktɪŋ	v. 引导( conduct的现在分词 ); 带领; 控制; 传导
conductor	kәn'dʌktә	n. 领导者, 指挥者, 售票员, 向导
conductors	kən'dʌktəz	n. <电>导体( conductor的复数形式 ); 售票员; （乐队）指挥; 导管（套管的一种）
conducts	kənˈdʌkts	n. 举止( conduct的名词复数 ); 行为; 管理（方式）; 实施（方式）
conference	'kɒnfәrәns	n. 会议
conferenced	'kɒnf(ə)rəns	n. 协商；讨论会；会议；〈美〉(宗教,学术,运动团体的)联合会
conferences		n. 会议（conference的复数形式）
confess	kәn'fes	v. 承认, 坦白, 忏悔, 供认
confessed	kәn'fest	a. 公开的, 有定论的, 明白的, 众所周知的, 已认罪的, 自认的, 自称的
confesses	kənˈfesiz	v. 承认( confess的第三人称单数 ); 聆听（某人的）忏悔（或告罪、告解）; （尤指罗马天主教会）忏悔; 悔过
confessest	kən'fes	vt.
confessing	kənˈfesɪŋ	v. 承认( confess的现在分词 ); 聆听（某人的）忏悔（或告罪、告解）; （尤指罗马天主教会）忏悔; 悔过
confidence	'kɒnfidәns	n. 信心
confidences	ˈkɔnfidənsiz	n. 信心( confidence的复数形式 ); 信任; 把握; 知心话
confident	'kɒnfidәnt	a. 有信心的, 有把握的
confidentes	kɔnfi'dænt	n.
confidential	.kɒnfi'denʃәl	a. 机密的, 获他人信赖的, 易于信任他人的
confidents	ˈkɔnfidənts	n. 确信的( confident的名词复数 ); 肯定的; 有信心的; 自信的
confine	kәn'fain	vt. 限制, 使不外出, 禁闭
confined	kәn'faind	a. 被限制的, 狭窄的, 在分娩中的, 坐月子的
confines	kәn'fains	n. 疆界, 界线, 范围
confinest	kən'faɪn	vt.
confirm	kәn'fә:m	vt. 证实, 确定, 批准, 使巩固
confirmation	.kɒnfә'meiʃәn	n. 证实, 证明, 批准, 确认
confirmations	ˌkɔnfəˈmeɪʃənz	n. 证实( confirmation的复数形式 ); 证据; 确认; （基督教中的）坚信礼
confirmed	kәn'fә:md	a. 被证实的, 根深蒂固的, 坚定的
confirmer		n. 证实者; 保兑人
confirmest	kən'fɜːm	vt.
confirming	kənˈfə:mɪŋ	v. 批准( confirm的现在分词 ); 证实; 使有效; 使巩固
confirms	kənˈfə:mz	vt. 确定; 批准; 确认; （基督教中）给…行按手礼
conflict	'kɒnflikt	n. 战斗, 冲突, 矛盾, 争执
conflicted	kənˈflɪktɪd	vi. 抵触（conflict的过去式与过去分词形式）
conflicting	kәn'fliktiŋ	a. 冲突的, 不一致的, 相矛盾的
conflicts	ˈkɔnflikts	n. 冲突( conflict的名词复数 ); 战斗; 相互干扰; 矛盾
conform	kәn'fɒ:m	vt. 使一致, 使遵守, 使符合
conformed	kənˈfɔ:md	a. [医]紧贴的, 同形的
conformes	网络	(conforme 的复数)
conforming	计	[原型] conforming 是 conform 的现在分词
conforms	kənˈfɔ:mz	v. 遵守( conform的第三人称单数 ); 顺应; 相一致; 相符合
confront	kәn'frʌnt	vt. 使面对, 对抗, 遭遇, 使对质, 比较
confronted	kənˈfrʌntid	v. 面对( confront的过去式和过去分词 ); 使面对; 使对质; 处理
confronting	kənˈfrʌntɪŋ	v. 面对( confront的现在分词 ); 使面对; 使对质; 处理
confronts	kənˈfrʌnts	v. 面对( confront的第三人称单数 ); 使面对; 使对质; 处理
confuse	kәn'fju:z	vt. 使混乱, 使狼狈, 使困惑
confused	kәn'fju:zd	a. 困惑的, 混乱的
confuses	kənˈfju:ziz	v. 混淆( confuse的第三人称单数 ); 混乱; 使困惑; 使更难于理解
confusion	kәn'fju:ʒәn	n. 混乱, 混淆, 无秩序
confusions		(confusion 的复数) n. 混乱, 混淆, 无秩序
congratulate	kәn'grætʃәleit	vt. 祝贺, 庆贺
congratulated	kənˈɡrætjuleitid	v. 向（某人）道贺( congratulate的过去式和过去分词 ); 祝贺; （为成就或成功）感到高兴; 感到自豪
congratulates	kənˈɡrætjuleits	v. 向（某人）道贺( congratulate的第三人称单数 ); 祝贺; （为成就或成功）感到高兴; 感到自豪
congratulation	kәn.grætʃә'leiʃәn	n. 祝贺, 恭喜
congratulations		-K1
congress	'kɒŋgres	n. 国会, 会议, 讨论会
congressed		vi. 开会，集合（congress的过去式与过去分词形式）
congresses	ˈkɔŋɡresiz	n. 国会( congress的名词复数 ); 代表大会; （用于某些国家的政党名称）国民大会; 性交
congressing		vi. 开会，集合（congress的现在分词形式）
conjunction	kәn'dʒʌŋkʃәn	n. 连接词, 联合, 结合
conjunctions		n. 连接词；连词；合取（conjunction的复数形式）
connect	kә'nekt	v. 连接, 联合, 联系
connected	kә'nektid	a. 连接的, 连贯的, 有联系的, 关联的, 连结的, 有关系的
connecter	kә'nektә(r)	n. 连接者, 联系者, 连接物, 连接器, 插塞和塞孔
connecting	kә'nektiŋ	[计] 接线的
connection	kә'nekʃәn	n. 连接, 关系, 前后关系
connections		n. 连接；关系（connection的复数形式）；关系学
connects	kəˈnekts	v. 连接( connect的第三人称单数 ); 把…看作有关联; 由…联想到; 给…接通电话
conquer	'kɒŋkә	vt. 克服, 征服, 战胜
conquered	ˈkɔŋkəd	v. 攻克( conquer的过去式和过去分词 ); 征服; 破除; 克服
conquerest	'kɒŋkə	vt.
conquering	ˈkɔŋkərɪŋ	v. 攻克( conquer的现在分词 ); 征服; 破除; 克服
conqueror	'kɒŋkәrә	n. 征服者, 胜利者
conquerors	ˈkɔŋkɵrəz	n. 征服者, 占领者( conqueror的复数形式 )
conquers	ˈkɔŋkəz	v. 攻克( conquer的第三人称单数 ); 征服; 破除; 克服
conquest	'kɒŋkwest	n. 战胜, 征服, 战利品
conquested	'kɒŋkwest	n.
conquests	ˈkɔŋkwests	n. （对困难、危险等的）控制( conquest的复数形式 ); 占领（或征服）的地区; 攻取; （爱情或性方面）被俘
conscience	'kɒnʃәns	n. 良心
conscienced	'kɒnʃ(ə)ns	n. 良心, 道德心；道德意识；诚心, 诚意
consciences	ˈkɔnʃənsiz	n. 良心( conscience的复数形式 ); 内疚; 愧疚; 凭良心
conscious	'kɒnʃәs	a. 有意识的, 知觉的, 觉察的
consciouses	'kɒnʃəs	adj. 意识到的；故意的；神志清醒的
consciousness	'kɒnʃәsnis	n. 意识, 知觉, 自觉
consciousnesses	ˈkɔnʃəsnɪsiz	n. 知觉( consciousness的复数形式 ); 意识; 观念; 察觉
consensus	kәn'sensәs	n. 合意, 一致, 同感
consensuses	kənˈsensəsiz	n. （意见等）一致( consensus的名词复数 ); 一致的意见; 共识(~(among sb)| ~(about
consensuss	kən'sensəs	consensus
consent	kәn'sent	n. 同意, 许可
consented	kənˈsentid	v. 同意( consent的过去式和过去分词 ); 赞成; 允许; 顺从
consenter		n. 同意者, 赞成者
consentest	kən'sent	vi.
consenting		a. 同意的；准许的
consents	kənˈsents	n. 准许( consent的名词复数 ); 正式批准文件; 批文; （意见等的）一致
consequence	'kɒnsikwәns	n. 结果, 重要性
consequenced	'kɒnsɪkw(ə)ns	n.
consequences	ˈkɔnsikwənsiz	n. 重要（性）( consequence的复数形式 ); 结果; 重要地位; 因果关系
consequent	'kɒnsikwәnt	n. 随后发生的事情, 结果
consequently	'kɒnsikwәntli	adv. 所以
consequents		(consequent 的复数) n. 随后发生的事情, 结果
conservation	.kɒnsә'veiʃәn	n. 保护, 保存
conservations	kɒnsə'veɪʃnz	n. 保存( conservation的名词复数 ); 保护; 避免浪费; 对自然环境的保护
conservative	kәn'sә:vәtiv	a. 保守的, 守旧的, 有保存力的
conservatives		n. 保守党, 保守派
consider	kәn'sidŋ	v. 考虑, 思考, 认为
considerable	kәn'sidәrәbl	a. 相当的, 可观的, 重要的
considerate	kәn'sidәrit	a. 体贴的, 体谅的, 考虑周到的
consideration	kәn.sidә'reiʃәn	n. 考虑, 原因
considerations	kənsɪdə'reɪʃnz	n. 考虑( consideration的复数形式 ); 报酬; 仔细考虑; （对他人的）考虑周到
considered	kәn'sidәd	a. 考虑过的, 被尊重的
considerer		察看, 细看, 注视；考虑, 斟酌；尊重, 尊敬, 重视, 器重, 看重；～ comme 视为, 看做, 当作
considerest	kən'sɪdə	vt.
considering	kәn'sidәriŋ	prep. 就...而论
considers	kənˈsɪdəz	v. 考虑( consider的第三人称单数 ); 想; 注意; 看重
consist	kәn'sist	vi. 组成, 存在于, 一致
consisted	kənˈsistid	v. 由…组成( consist的过去式和过去分词 ); 包括; 存在于; 表现为（常与 in 连用）
consistent	kәn'sistәnt	a. 一致的, 坚持的, 并立的, 坚固的
consistents	kən'sɪst(ə)nt	adj.
consistest	kən'sɪst	vi.
consisting	kənˈsistɪŋ	v. 由…组成( consist的现在分词 ); 包括; 存在于; 表现为（常与 in 连用）
consists	kənˈsists	v. 由…组成( consist的第三人称单数 ); 包括; 存在于; 表现为（常与 in 连用）
console	kәn'sәul	vt. 安慰, 藉慰
consoled	kən'səʊl	n. [计] 控制台；[电] 操纵台
consoler		n. 控制台；操纵台 (console的变形)
consoles	kənˈsəulz	n. （机器、电子设备等的）控制台( console的名词复数 ); 操纵台; 悬臂; 肘托
consolest	kən'səul	vt.
consolidate	kәn'sɒlideit	vt. 巩固, 使联合, 统一
consolidated	kәn'sɔlideitid	a. 整理过的；巩固的；统一的
consolidates	kənˈsɔlideits	v. （使）巩固, （使）加强( consolidate的第三人称单数 ); （使）合并
constant	'kɒnstәnt	n. 常数, 恒量
constantly	'kɒnstәntli	adv. 不变地, 不断地, 时常地
constants		n. 常量, 常数；物理常数（constant的复数）
constituent	kәn'stitjuәnt	n. 成分, 选民, 构成物
constituents		n. 成分（constituent的复数）
constitute	kәn'stitjut	vt. 构成, 组成, 任命
constituted	ˈkɔnstitju:tid	v. 建立( constitute的过去式和过去分词 ); 指定; （合法或正式地）成立; 构成
constituter		n. constitute的变形
constitutes		v. 组成；构成（constitute的单三形式）
constitution	.kɒnsti'tju:ʃәn	n. 构成, 宪法, 体格
constitutional	.kɒnsti'tju:ʃәnl	a. 宪法的, 立宪的, 体质的
constitutionals	ˌkɔnstɪˈtu:ʃənəlz	n. 合宪法性( constitutional的复数形式 )
constitutions	kɒnstɪt'ju:ʃnz	n. 组成( constitution的复数形式 ); 宪法; 体格; 构成方式
constraint	kәn'streint	n. 强制, 约束
constraints	kən'streɪnt	n. 强制( constraint的复数形式 ); 限制; 约束
construct	kәn'strʌkt	vt. 构造, 建造, 对...进行构思, 作图
constructed	kənˈstrʌktid	v. 修建( construct的过去式和过去分词 ); 构成; 组成; （按照数学规则）编制
constructer	kən'strʌktər	n. 建设者; 设计者; 营造商
constructest	kən'strʌkt	vt.
constructing	计	[原型] constructing 是 construct 的现在分词
construction	kәn'strʌkʃәn	n. 建筑, 构造, 建筑物
constructions		n. 构造学；建筑物；建设（construction的复数）
constructs		n. 构图；建筑物；构念（construct的复数）
consul	'kɒnsәl	n. 领事, 执政官
consuls	ˈkɔnsəlz	n. 领事( consul的复数形式 ); （古罗马共和国时期）执政官 （古罗马共和国及其军队的最高首长, 同时共有两位
consult	kәn'sʌlt	vi. 商讨, 商量, 协商, 会诊
consultant	kәn'sʌltәnt	n. 顾问, 征询意见者
consultants	kən'sʌltənts	n. 顾问( consultant的复数形式 ); 高级顾问医生, 会诊医生
consulted	kənˈsʌltid	v. 商议, 商量( consult的过去式和过去分词 ); 请教; 翻阅; 求教于
consulter	kәn'sʌltә(r)	n. 向人商量者, 查阅者
consultest	kən'sʌlt	vt.
consulting	kәn'sʌltiŋ	a. 商议的, 咨询的, 任专职顾问的
consults	kənˈsʌlts	v. 商议, 商量( consult的第三人称单数 ); 请教; 翻阅; 求教于
consume	kәn'sju:m	vt. 消耗, 消费, 消灭
consumed		a. 充满的；对…著迷的
consumer	kәn'sju:mә	n. 消费者
consumering	kən'sju:məriŋ	n. 消费市场调查
consumers		n. 消费者, 消耗者；用户, 顾客（consumer的复数）
consumes	kənˈsju:mz	v. 消耗( consume的第三人称单数 ); 烧毁; 大吃; 使充满（强烈的感情）
consumest	kən'sjuːm	vt.
consumption	kәn'sʌmpʃәn	n. 消费, 消费量, 痨病
consumptions	kənˈsʌmpʃənz	n. 消费( consumption的名词复数 ); 肺病; 耗尽; [医学]消耗性疾病
contact	'kɒntækt	n. 联系, 交际, 熟人, 接触
contacted	ˈkɔntæktid	v. 联络（通过电话或信件）( contact的过去式和过去分词 ); 使接触; 与（某人）接触（或交往）, 与…联系;
contacter		接触器,开关,触点
contacting	建	[原型] contacting 是 contact 的现在分词
contacts		n. 联系人；联络方式；触体（contact的复数形式）
contain	kәn'tein	vt. 包含, 容纳, 控制
contained	kәn'teind	a. 泰然自若的, 从容的；被控制的
container	kәn'teinә	n. 容器, 集装箱
containers		n. 集装箱；容器
containest	kən'teɪn	vt.
containing		n. 包含
contains		v. 包含；容纳；包含某字符串（contain的单三形式）
contemporaries		n. 同龄, 同辈人（contemporary复数形式）
contemporary	kәn'tempәrәri	n. 同时代的人
contempt	kәn'tempt	n. 轻视, 轻蔑
contempts		(contempt 的复数) n. 轻视, 轻蔑
contend	kәn'tend	vi. 奋斗, 斗争, 竞争
contended	kənˈtendid	v. 争夺( contend的过去式和过去分词 ); 竞争; 搏斗; 争斗
contender	kәn'tendә(r)	n. 参赛者, 争论者, 斗争者, 竞争者
contendest	kən'tend	vi.
contending	计	[原型] contending 是 contend 的现在分词
contends	kənˈtendz	v. 争夺( contend的第三人称单数 ); 竞争; 搏斗; 争斗
content	kәn'tent	n. 内容, 满足, 意义, 要旨
contented	kәn'tentid	a. 满足的, 心安的
contenter	'kɔntent	n.
contentest	'kɔntent	n.
contenting		vt. 使满足, 使满意（content的现在分词形式）
contents	'kɒntents	n. 目录
contest	'kɒntest	n. 竞赛, 争论
contested	kənˈtestid	v. 争夺, 竞争( contest的过去式和过去分词 ); 争辩, 提出异议
contesting	法	[原型] contesting 是 contest 的现在分词
contests	kənˈtests	v. 争夺, 竞争( contest的第三人称单数 ); 争辩, 提出异议
context	'kɒntekst	n. 上下文, 背景, 来龙去脉
contexting	'kɒntekst	n.
contexts	'kɒnteksts	n. 上下文( context的复数形式 ); 背景; 投资环境; 设备场境
continent	'kɒntinәnt	n. 大陆, 洲
continental	.kɒnti'nentl	a. 大陆的, 洲的
continentals	ˌkɔntəˈnentlz	n. （欧洲）大陆人( continental的复数形式 )
continents	ˈkɔntinənts	n. 洲, 大陆( continent的复数形式 ); 欧洲大陆（不包括英国和爱尔兰）
continual	kәn'tinjuәl	a. 持续不断的, 继续的
continue	kәn'tinju:	vi. 继续, 延续, 延长
continued	kәn'tinju:d	a. 继续的, 延续的
continues		v. 继续；扩展；连续（continue的三单形式）
continuest	kən'tɪnjuː	vi.
continuous	kәn'tinjuәs	a. 连续的, 继续的, 连续不断的
contract	'kɒntrækt	n. 合约, 婚约, 契约
contracted	kәn'træktid	a. 收缩了的, 已定约的, 契约的
contracter	'kɒntrækt	n. 契约, 合同, 合约；婚约
contractest	'kɒntrækt	n.
contracting	'kɔntræktiŋ	[法] 缔约的, 承包的
contracts	kənˈtrækts	n. 契约( contract的名词复数 ); 婚约; [法律]契约法; 行贿
contradict	.kɒntrә'dikt	vt. 反驳, 与...抵触, 与...矛盾
contradicted	ˌkɔntrəˈdiktid	v. 反驳, 否认…的真实性( contradict的过去式和过去分词 ); 与…发生矛盾, 与…抵触
contradicter		n. contradict的变形
contradictest	kɒntrə'dɪkt	vt.
contradicting	ˌkɔntrəˈdiktɪŋ	v. 反驳, 否认…的真实性( contradict的现在分词 ); 与…发生矛盾, 与…抵触
contradiction	.kɒntrә'dikʃәn	n. 反驳, 矛盾
contradictions	kɒntrə'dɪkʃnz	n. 矛盾( contradiction的名词复数 ); 否认, 反驳
contradictories	ˌkɔntrəˈdɪktəri:z	n. 矛盾的, 抵触的( contradictory的名词复数 )
contradictory	.kɒntrә'diktәri	a. 反驳的, 反对的, 抗辩的
contradicts	ˌkɔntrəˈdikts	v. 反驳, 否认…的真实性( contradict的第三人称单数 ); 与…发生矛盾, 与…抵触
contraries	ˈkɔntrəriz	n. 相反( contrary的名词复数 ); 反面; 对立面; 反对命题
contrary	'kɒntrәri	a. 相反的, 矛盾的, 对立的
contrast	kәn'træst	n. 差别, 对比, 对照物
contrasted	ˈkɔntræstid	v. （靠近或作比较时）显出明显的差异, 形成对比( contrast的过去式和过去分词 ); 对比, 对照
contraster		对比剂
contrastes		互逆风
contrasting	kənˈtrɑ:stɪŋ	v. （靠近或作比较时）显出明显的差异, 形成对比( contrast的现在分词 ); 对比, 对照
contrasts	ˈkɔntræsts	n. 对比( contrast的名词复数 ); 差异; [摄影术]反差; [物理学]对比度
contribute	kәn'tribju:t	vt. 有助于, 捐助, 投稿
contributed		a. 已缴入的；贡献的, 分配的
contributer	kən'trɪbjuːt; 'kɒntrɪbjuːt	vt. 捐助；捐(款)：；贡献出：
contributes	kənˈtribjuts	v. 捐献( contribute的第三人称单数 ); 捐助; 撰稿; 投稿
contribution	.kɒntri'bju:ʃәn	n. 捐助, 捐助之物, 贡献
contributions		n. 贡献；出资
control	kәn'trәul	n. 控制, 管理, 克制, 控制器, 操纵装置
controler		控制器，控制者
controles	网络	(controle 的复数)
controling	网络	[原型] controling 是 controle 的现在分词
controlled	kәn'trәuld	a. 受约束的, 克制的
controller	kәn'trәulә	n. 控制器, 管理者
controlling	计	[经] 控制
controls		n. 控制；控制元件；控制装置（control的复数）
controversial	.kɒntrә'vә:ʃәl	a. 争论的, 论争的, 被议论的
controversies	ˈkɔntrəvə:siz	n. 公开辩论, 论战( controversy的名词复数 )
controversy	'kɒntrәvә:si	n. 论争, 辩论, 论战, 争论
convenience	kә'vi:njәns	n. 方便, 便利的事物, 方便的时候
convenienced	kən'viːnɪəns	n. 便利, 方便, 合适, 适宜；方便的时候, 方便的机会
conveniences	kәn'vi:njәnsis	n. 方便性
convenient	kәn'vi:njәnt	a. 方便的, 合宜的
convention	kәn'venʃәn	n. 大会, 协定, 惯例, 约定
conventional	kәn'venʃәnl	a. 传统的, 习惯的, 约定的
conventioner	kən'venʃnər	n. <美>与会者, 会议代表
conventions		n. 惯例；会议；约定（convention的复数）
conversation	.kɒnvә'seiʃәn	n. 会话, 说话, 交谈
conversationed	kɒnvə'seɪʃ(ə)n	n. 谈话；交谈；会谈；交往, 社交
conversationing	kɒnvə'seɪʃ(ə)n	n.
conversations	ˌkɔnvəˈseiʃənz	n. 交谈( conversation的复数形式 ); 交往; 谈话技巧; [自动数据处理]（特指通过键盘和计算机进行的
conversely	'kɔnv\\:sli	adv. 相反, 逆, 颠倒, 反题, 反
conversion	kәn'vә:ʃәn	n. 转变, 转换, 改变宗教信仰, 换位法
conversions	kən'vɜ:ʃnz	n. 变换( conversion的复数形式 ); （宗教、信仰等）彻底改变; （尤指为居住而）改建的房屋; 橄榄球（触
convert	kәn'vә:t	n. 皈依者, 改变宗教信仰者
converted	kәn'vә:tid	a. 修改的；改变信仰的
converter	kәn'v\\:tә(r)	n. 使改变信仰的人, 炼钢炉, 吹风转炉, 换流器, 变压器, 变换器, 变频器, 密码机
convertest	kən'və:t	vt.
converting	kәn'vә:tiŋ	[建] 转化, 改变
converts	kənˈvə:ts	v. （使）转变( convert的第三人称单数 ); （使）转化; 皈依; 改变（信仰）
convey	kәn'vei	vt. 传达, 运输, 转让
conveyed	kənˈveid	v. 运输( convey的过去式和过去分词 ); 运送; 输送; 表达
conveyer		n. 搬运者, 传达者, 转让财产者, 输送机, 输送设备
conveyest	kən'veɪ	vt.
conveying	kәn'veiiŋ	[计] 可转换的
conveys	kənˈveiz	v. 运输( convey的第三人称单数 ); 运送; 输送; 表达
conviction	kәn'vikʃәn	n. 定罪, 信服, 坚信
convictions	kənˈvikʃənz	n. 确信( conviction的复数形式 ); 判罪; 定罪; 证明有罪
convince	kәn'vins	vt. 说服, 使相信
convinced	kәn'vinst	a. 确信的, 深信的
convincer		n. 说服者
convinces	kənˈvinsiz	v. 使相信( convince的第三人称单数 ); 使明白; 使确信; 说服
convincest	kən'vɪns	vt.
convincing	kәn'vinsiŋ	a. 使人信服的, 有力的, 令人心悦诚服的
convincings	kən'vɪnsɪŋ	adj. 令人信服的；有说服力的
cook	kuk	n. 厨子, 厨师
cooked	kukt	a. 精疲力竭的, 被揍得昏厥的, 未达到目的就完蛋的, 喝醉了的
cooker	'kukә	n. 炊事用具, 炉灶, 锅, 炊具, 烹饪用水果, 窜改者, 伪造者
cookes		n. 库克（男子名）
cookie	'kuki	n. 饼干, 小甜点
cookied	'kʊkɪ	cookie
cookies		n. 饼干
cooking	'kukiŋ	n. 烹饪
cookings	网络	[原型] cookings 是 cooking 的复数
cooks		n. 一般的厨师和炊事人员（cook的复数形式）
cool	ku:l	n. 凉爽, 凉爽的空气
cooled	ku:ld	a. 冷却的
cooler	'ku:lә	n. 冷却器
coolest		a. 最酷的；棒的
coolies	'ku:lɪz	n. 苦力, 小工（尤指旧时印度、中国等的）当地非熟练工人( coolie的名词复数 )
cooling	'ku:liŋ	n. 冷却
cools		v. 使变凉（cool的单数第三人称）
co-operate	'kəʊ'ɒpəreɪt	v. 合作；配合
cooperate	kәu'ɒpәreit	vi. 合作, 协力, 配合
cooperated	kəuˈɔpəreitid	v. 合作, 配合, 协助( cooperate的过去式和过去分词 )
cooperates	kəuˈɔpəreits	v. 合作, 配合, 协助( cooperate的第三人称单数 )
cooperation	kәu.ɒpә'reiʃәn	n. 合作, 协力, 配合
cooperations		(cooperation 的复数) n. 合作, 协力, 配合
co-operative	'kəʊ'ɒpərətɪv	a. 合作的；有协作精神的；愿意配合的; 齐心协力的；合作进行的
cooperative	kәu'ɔpәrәtiv	a. 合作的；合作社的
cooperatives	kə'ʊɒpərətɪvz	n. 合作社, 联合体( cooperative的复数形式 )
coordinate	kәu'ɒ:dineit	n. 同等的人(或物), 坐标
coordinated		vt. 调节；调整；整理；使调和（coordinate的过去分词）
coordinates	kәu'ɔ:dineits	n. 坐标；相配之衣物
cope	kәup	vi. 竞争, 应付
coped	kəupt	v. 成功地应付, 对付( cope的过去式和过去分词 )
coper	'kәupә	n. 马贩子
copes	kəups	v. 成功地应付, 对付( cope的第三人称单数 )
copest	kəup	vi.
copies		n. 打印份数, 复印份数；复制品；副本（copy的复数）
copper	'kɒpә	n. 铜, 警察
coppered	'kɒpə	n. 铜；铜币；警察
copperest		n. 铜, 警察
coppering	'kɔpәriŋ	[建] 镀铜
coppers	ˈkɔpəz	n. 铜( copper的名词复数 ); 铜币
copy	'kɒpi	n. 副本, 摹仿, 一册
copyer	'kɒpɪ	n. 抄件, 副本；摹本；复制品；(电影)拷贝；原件；原版；范本；字帖
copying	'kɔpiiŋ	n. 誊写, 复写
cord	kɒ:d	n. 绳索, 束缚
corded	'kɒ:did	a. 用(细)绳子捆扎的
cordelia	kɔ:'di:ljə	n. 科迪莉亚（女子名）；天卫六（环绕天王星运行的一颗卫星）
cordelias		(Cordelia 的复数) n. 科迪莉亚（女子名）；天卫六（环绕天王星运行的一颗卫星）
corder	'kɔ:dә	磁带回线自动记录器
cordes		(corde 的复数)  [医]弧索征
cordial	'kɒ:djәl	n. 兴奋剂, 补品
cordials	ˈkɔ:djəlz	n. （不含酒精、加水饮用的）甜果汁饮料( cordial的复数形式 ); 一杯甜果汁饮料
cording	'kɔ:diŋ	n. 起凸线的织品, 绳索
cords		n. 灯芯绒裤子
core	kɒ:	n. 核心, 果心, 要点
cored		a. 有心的；装芯的
corer	'kɒ:rә	n. (果实的)去心器
cores		n. 核心；芯部；要点；果心（core的复数形式）
corn	kɒ:n	n. 玉蜀黍, 谷类, 谷粒, 鸡眼
corned	kɒ:nd	a. 结籽的, 盐腌的
corner	'kɒ:nә	n. 角落, 转角, 窘境
cornered	'kɔ:nәd	a. 有...角的
cornerer	'kɔ:nәrә	n. 囤积居奇者, 垄断者
cornering	'kɔ:nərɪŋ	转弯, 回转
corners		n. 角落；窘境（corner的复数形式）
cornes	网络	[原型] cornes 是 corne 的复数
cornies		(corny 的复数) a. 谷类的, 乡巴佬似的, 粗野的
corning	电	[原型] corning 是 corn 的现在分词
corns		n. 鸡眼；玉米（corn的复数）
cornwall	'kɔ:nwɔ:l	n. 康沃尔（英格兰西南部一郡, 加拿大城市名）
cornwalls	'kɔ:nwɔ:l	n. 康沃尔（英格兰西南部一郡，加拿大城市名）
corporation	.kɒ:pә'reiʃәn	n. 公司, 合作, 法人团体
corporations		n. 公司, 企业（corporation的复数形式）
correct	kә'rekt	a. 正确的, 合适的
corrected	kә'rektid	a. 修正的；校正的；折算的
correctest	kə'rekt	vt.
correcting	计	[原型] correcting 是 correct 的现在分词
correction	kә'rekʃәn	n. 订正, 改正, 改正的地方
correctioner	kə'rekʃ(ə)n	n. 纠正, 改正；校正；订正过的东西
corrections	kə'rekʃnz	n. 修改( correction的复数形式 ); 改[纠]正; 惩罚; 有待改正
correctly	kә'rektli	adv. 对, 正确, 恰当, 符合一般性准则, 符合行为准则, 端正, 符合
corrects	kəˈrekts	v. 改正( correct的第三人称单数 ); [数学、物理学]校正; （试卷）改错; 批改
correlate	'kɒrәleit	n. 有相互关系的东西, 相关物
correlated	'kɒrәleitid	a. 有相互关系的
correlates	ˈkɔrileits	n. 有相关性( correlate的名词复数 )
correlation	.kɒrә'leiʃәn	n. 相互关系, 相关, 关联
correlations	ˌkɔ:rəˈleɪʃənz	n. 相互的关系( correlation的复数形式 )
correspond	.kɒri'spɒnd	vi. 符合, 通信, 相当
corresponded	ˌkɔrisˈpɔndid	v. 相符合( correspond的过去式和过去分词 ); 相一致; 相当; 通信
correspondence	.kɒri'spɒndәns	n. 相符, 通信, 信件
correspondences	ˌkɔrisˈpɔndənsiz	n. 通信( correspondence的复数形式 ); 信件; 符合; 一致
correspondent	.kɒri'spɒndәnt	n. 通讯记者, 通信者
correspondents	ˌkɔrisˈpɔndənts	n. 通讯员, 记者( correspondent的复数形式 ); 通信者
corresponding	.kɒri'spɒndiŋ	a. 相当的, 一致的, 通信的
correspondings	,kɒrɪ'spɒndɪŋ	adj.
corresponds	ˌkɔrisˈpɔndz	v. 相符合( correspond的第三人称单数 ); 相一致; 相当; 通信
corridor	'kɒridɒ:	n. 走廊, 回廊, 人口密集地带
corridors	'kɒrɪdɔ:z	n. 走廊, 通道( corridor的复数形式 ); 走廊（一国领土通过他国境内的狭长地带）
corrosion	kә'rәuʒәn	n. 腐蚀, 侵蚀, 腐蚀产生的物质, 铁锈, 锈
corrosions	kə'rəʊʒ(ə)n	n. 腐蚀；【植】溶蚀
corrupt	kә'rʌpt	a. 腐败的, 贪污的, 讹误充斥的
corrupted		a. 毁坏的；腐败的；崩溃的
corrupter		n. 腐蚀者；腐化的人
corruptest	kə'rʌpt	adj.
corrupting	kəˈrʌptɪŋ	v. （使）败坏( corrupt的现在分词 ); （使）腐化; 引起（计算机文件等的）错误; 破坏
corrupts	kəˈrʌpts	v. （使）败坏( corrupt的第三人称单数 ); （使）腐化; 引起（计算机文件等的）错误; 破坏
cosies	ˈkəuziz	n. 温暖舒适的( cosy的复数形式 ); 亲切友好的
cosmic	'kɒzmik	a. 宇宙的, 宇宙航行的, 无限的, 有秩序的
cosmics		(cosmic 的复数) a. 宇宙的, 宇宙航行的, 无限的, 有秩序的
cosmos	'kɔzmɔs	n. 宇宙, 秩序, 和谐, 大波斯菊
cosmoses		宇宙( cosmos的名词复数 )；秩序, 和谐
cost	kɒst	n. 代价, 价值, 费用
costed		v. 花费；估价（cost的过去分词）
coster	'kɔstә	n. 水果(鱼类)叫卖小贩
costes		(coste 的复数)  [人名] [英格兰人姓氏] 科斯特 Constatine的简称
costest	kɒst	n.
costies	网络	(costie 的复数)
costing	'kɒstiŋ	n. 成本计算, 成本会计
costly	'kɒstli	a. 昂贵的, 奢华的, 费用大的
costs		n. 费用；诉讼费；损失（cost的复数）
costume	'kɒstju:m	n. 装束, 服装
costumed	ˈkɒstju:md	v. （戏剧或电影的）戏装( costume的过去分词 ); 服装; 女外套; （某地或某历史时期的）服装
costumer	'kɔstju:mә(r), kɔ'stju:-	n. 做服装的人, 服装商
costumes		n. 服装（costume的复数形式）
cosy		-2
cosying		(cosy 的现在分词) a. 温暖舒适的
cottage	'kɒtidʒ	n. 小屋, 茅舍
cottager	'kɔtidʒә(r)	n. (英)村民, (美)住在避暑地别墅中的人
cottages	ˈkɔtidʒz	n. 小屋, 村舍( cottage的复数形式 )
cotton	'kɒtn	n. 棉花
cottoned		vi. 喜欢（cotton的过去式与过去分词形式）
cottoning		vi. 喜欢（cotton的现在分词形式）
cottons	ˈkɔtənz	n. 棉( cotton的名词复数 ); 棉线; 棉织物; （其他植物所生的绒毛状的）棉状物
couch	kautʃ	n. 长沙发, 睡椅, 卧榻
couched		vt. 表达（couch的过去式与过去分词形式）
coucher	'kautʃә	[建] 伏工
couches	kautʃiz	n. 长沙发椅( couch的名词复数 ); 睡椅; （病人受检查时躺的）长榻; （尤指诊室内的）诊察台
couching	医	[原型] couching 是 couch 的现在分词
cough	kɒf	n. 咳嗽
coughed	kɔft	v. 咳嗽( cough的过去式和过去分词 ); （从喉咙或肺中）咳出; （突然）发出刺耳的噪音
cougher		n. 咳嗽, 咳嗽声；咳嗽病 (cough的变形)
coughest	kɒf	vi.
coughing	ˈkɒfɪŋ	v. 咳嗽( cough的现在分词 ); （从喉咙或肺中）咳出; （突然）发出刺耳的噪音
coughs	kɔfs	v. 咳嗽( cough的第三人称单数 ); （从喉咙或肺中）咳出; （突然）发出刺耳的噪音
could	kud	aux. 可以, 能
couldest	kəd; kʊd	v. can的过去式
couldst	kudst	v. [古]能够（can的过去式）
council	'kaunsәl	n. 会议, 委员会
councils	ˈkaunslz	n. 委员会( council的复数形式 ); （郡、镇等）政务会; （尤指旧时讨论特定步骤的）协商会议; 市政（或地方
counsel	'kaunsәl	n. 商议, 忠告, 法律顾问
counseled		vt. 劝告, 建议（counsel的过去式与过去分词形式）
counselest	'kaʊns(ə)l	n.
counseling	'kaunsәliŋ	n. 咨询服务
counselled		劝告
counsellest	'kaʊns(ə)l	n.
counselling	法	[原型] counselling 是 counsel 的现在分词
counsels	ˈkaunsəlz	n. 忠告( counsel的名词复数 ); 劝告; 辩护律师; 商议
count	kaunt	vt. 计算, 视为
counted	kauntid	v. （按顺序）数( count的过去式和过去分词 ); 有价值; 数出总数; 算得上
counter	'kauntә	n. 计算器, 计算者, 柜台, 筹码
countered		vt. 反击, 还击（counter的过去式与过去分词形式）
counterest	'kaʊntə	n. ☉(商店的)柜台；(厨房中的)长台面，案子
countering		vt. 反击, 还击（counter的现在分词形式）
counters	ˈkauntəz	n. 柜台( counter的名词复数 ); （对意见、态度等的）反对; 计数器; （某些棋盘游戏的）筹码
countest	kaunt	vt.
counties	ˈkauntiz	n. 郡, 县( county的名词复数 )
counting	'kauntiŋ	n. 计算
countries		国家（country的复数）
country	'kʌntri	n. 国家, 乡村, 地区, 故乡
countryside	'kʌntrisaid	n. 乡下地方, 乡下居民
countrysider	'kʌntrɪsaɪd	n.
countrysides	'kʌntrɪsaɪdz	n. 乡下，农村( countryside的名词复数 )
counts		n. 计数, 支数（count的复数形式）
county	'kaunti	n. 县, 郡
couple	'kʌpl	n. 对, 夫妇, 数个
coupled	'kʌpld	v. 联接的；成对的；耦合的；共轭的（couple的过去分词形式）
coupler	'kʌplә	n. 连结者, 连接器, 耦合器, 车钩
couples		n. 一对, 一双；夫妻；力偶（couple的复数）
courage	'kʌridʒ	n. 勇气, 胆量
courageous	kә'reidʒәs	a. 勇敢的, 大胆的, 有胆量的
courages	'kʌrɪdʒ	n. 勇气；胆量
course	kɒ:s	n. 课程, 路线, 过程, 一道菜, 道路
coursed	kɔ:st	a. 层列的；被猎犬所追赶的
courser	'kɒ:sә	n. 猎狗, 战马
courses	医	[原型] courses 是 course 的第三人称单数
court	kɒ:t	n. 法院, 庭院, 奉承
courted	kɔːtid	试图取悦(court的过去式); 追求（关注或声望）
courteous	'kә:tjәs	a. 彬彬有礼, 谦恭的
courtes		(courte 的复数) 短的；短促的, 简短的；不够的；简易的, 简便的
courtesies	ˈkə:tisiz	n. 谦恭有礼, 礼貌, 请安( courtesy的名词复数 ); 有礼貌的举止[言词]; 承蒙
courtest	kɔːt	n.
courtesy	'kә:tisi	n. 礼貌, 谦恭, 好意
courtesying	'kɜːtɪsɪ	n. 礼貌, 谦恭, 殷勤；谦恭有礼的言词, 殷勤周到的举止, 礼貌的行为
courting		vt. 招致（court的现在分词形式）
courtroom	'kɒ:trum	n. 法庭, 审判室
courtrooms	ˈkɔ:tru:mz	n. 法庭, 审判室( courtroom的复数形式 )
courts		n. 法院；场地（court的复数）
courtyard	'kɒ:tjɑ:d	n. 庭院, 天井
courtyarded	'kɔːtjɑːd	n.
courtyards	'kɔ:tjɑ:dz	n. 庭院, 院子( courtyard的复数形式 )
cousin	'kʌzәn	n. 堂兄弟姊妹, 表兄弟姊妹
cousins		n. 卡曾斯（姓）
cover	'kʌvә	n. 盖子, 封面, 藉口
covered	'kʌvәd	a. 隐蔽着的, 掩藏着的, 有屋顶的
coverer	'kʌvərər	n. 包装工人
covering	'kʌvәriŋ	n. 覆盖物, 掩蔽物
covers		n. 覆盖；封面, 盖子；暗礁, 保证金, 暗礁群
cow	kau	n. 母牛, 母兽
coward	'kauәd	n. 懦弱的人, 胆小的人
cowards	'kaʊədz	n. 胆小鬼, 懦夫( coward的复数形式 )
cowboy	'kaubɒi	n. 牛仔, 牛郎, 牧童
cowboyed	'kaʊbɒɪ	n. 牛仔；牧童；莽撞的人
cowboying	kaʊ'bɔɪɪŋ	牧牛业; 养牛
cowboys		n. 牛仔（cowboy的复数）
cowed	kaʊd	vt. 恐吓（cow的过去式与过去分词形式）
cower	'kauә	vi. 畏缩, 退缩, 抖缩
cowes	kauz	考斯（英格兰）
cowies		n. 牛膻味
cowing		vt. 恐吓（cow的现在分词形式）
cows		n. 牛；乳牛（cow的复数）
crab	kræb	n. 螃蟹, 偏航, 脾气乖戾的人, 沙果
crabbed	'kræbid	a. 潦草的, 难懂的, 易怒的, 倔强的
crabber	'kræbә	n. 捕蟹人, 捕蟹小船, 专爱挑剔的人
crabbing		n. 捕蟹, 煮呢
craber	kræb	n. 【动物】蟹(Brachyura亚目)；类似蟹的动物(如寄生蟹等)
crabs	kræbz	n. 蟹( crab的名词复数 ); 阴虱寄生病; 蟹肉
crack	kræk	n. 裂缝, 爆裂声
cracked	krækt	a. 破碎的, 破裂的, 声音嘶哑的
cracker	'krækә	n. 饼干, 爆竹
crackest	kræk	vi.
crackies	'krækɪ	cracky
cracking	'krækiŋ	n. 裂解, 分解
cracks		n. 裂缝, 裂纹；板间间隙；龟裂（crack的复数形式）
cradle	'kreidl	n. 摇篮, 发祥地, 孩提时代
cradled		vt. 将…置于摇篮中（cradle的过去式与过去分词形式）
cradler		移动摆式洗矿槽
cradles	ˈkreidlz	n. 摇篮( cradle的名词复数 ); 发源地; 吊架; 婴儿时期
craft	kræft	n. 技艺, 手艺, 诡计
crafted		vt. 手工制作（craft的过去式与过去分词形式）
crafter		n. 工匠；气泡孔；焊弧坑；手工者；针眼纸病
crafting		n. 工艺；手工艺
crafts		n. 工艺品, 手艺（craft的复数形式）
craftsman	'kræftsmәn	n. 工匠, 技工, 手艺人
craftsmanship		-1
craftsmanships	'krɑːf(t)smənʃɪp	n. 技术；技艺
crane	krein	n. 鹤, 起重机
craned		vt.& vi. 伸长, 探头（crane的过去式与过去分词形式）
cranes	kreinz	n. 鹤( crane的名词复数 ); 起重机, 吊车
crank	kræŋk	a. 不稳的, 脾气暴燥的, 易怒的
cranked		a. 有曲柄的, 弯曲的
cranker		操纵曲柄; 手摇曲柄
crankest	kræŋk	n.
cranking	机	[原型] cranking 是 crank 的现在分词
cranks	kræŋks	n. 思想奇怪的人( crank的名词复数 ); 脾气坏的人; 容易恼怒的人; (L 字形)曲柄
crash	kræʃ	n. 哗啦声, 猛撞, 崩溃, 粗布
crashed	kræʃt	a. 失事的
crasher	'kræʃә	n. 猛击, 不速之客
crashes	kræʃiz	v. （使）猛撞, （使）撞毁( crash的第三人称单数 ); 撞坏; 猛冲直撞; 发出巨响
crashing	'kræʃiŋ	a. 猛撞的, 彻底的, 非凡的
crater	'kreitә	n. 火山口, 环行山, 弹坑
cratered	k'reɪtərd	a. 有坑洞的, 多坑的
cratering	'kreitәriŋ	缩孔(露底), 陷穴(漆病), 磨顶槽
craters	ˈkreitəz	n. 火山口( crater的复数形式 ); 弹坑等
crawl	krɒ:l	n. 爬行, 匍匐而行, 养鱼池
crawled	krɔ:ld	v. 爬( crawl的过去式和过去分词 ); （昆虫）爬行; 缓慢行进; 巴结
crawler	'krɔ:lә	n. 爬行者, 蠕动的东西, 虱, (澳)马屁精, 奴颜婢膝的人, 婴儿的罩衣
crawlies		(crawly 的复数) a. 悚然的
crawling	'krɔ:liŋ	[化] 收缩龟裂; 漆膜收缩龟裂; 表面涂布不匀
crawls	krɔ:lz	v. 爬( crawl的第三人称单数 ); （昆虫）爬行; 缓慢行进; 巴结
crayon	'kreiәn	n. 蜡笔, 蜡笔画
crayoned	ˈkreiənd	v. 用彩色蜡笔[粉笔]画( crayon的过去式 )
crayoner	ˈkreɪən	crayon
crayoning	ˈkreiənɪŋ	v. 用彩色蜡笔[粉笔]画( crayon的现在分词 )
crayons	ˈkreiənz	v. 用彩色蜡笔[粉笔]画( crayon的第三人称单数 )
crazies	ˈkreiziz	n. [俚语]疯子, 怪人, 政治狂人（尤指政治上持激进或极端主义态度、行为异常、不可思议的人）( crazy的复数形式
crazy	'kreizi	a. 发狂的, 狂热的
cream	kri:m	n. 乳酪, 奶油, 面霜
creamed		vt. 把…搅成糊状（或奶油状）混合物（cream的过去式与过去分词形式）
creamer	'kri:mә(r)	n. 分离奶油的器具, 盛奶油的器皿, 撇奶油用的薄盆子, 做奶油的人
creamest		n. 乳酪, 奶油, 面霜
creamies	'kriːmɪ	adj.
creaming	化	[原型] creaming 是 cream 的现在分词
creams		n. 奶油类；面霜（cream的复数）
create	kri:'eit	vt. 创造, 建造, 引起, 任命
created	kri: 'eitid	a. 创造的
creater		n. 创造者；造物主
creative	kri:'eitiv	a. 有创造力的, 创作的, 产生的
creativer	kriː'eɪtɪv	adj. 创造的；创作的；创造性的；有创造力的
creatives		(creative 的复数) a. 有创造力的, 创作的, 产生的
creativest	kriː'eɪtɪv	adj. 创造的；创作的；创造性的；有创造力的
creativities	网络	[原型] creativities 是 creativity 的复数
creativity	.kri:ei'tiviti	n. 创造力, 创造性
creature	'kri:tʃә	n. 人, 动物, 创造物, 生物
creatures	'kri:tʃəz	n. 生物, 动物( creature的复数形式 ); 人
credit	'kredit	n. 信用, 信任, 荣誉, 贷款, 学分
credited		v. 相信；记入贷方（credit的过去式和过去分词）
creditest	'kredɪt	n.
crediting		vt. 相信, 信任（credit的现在分词形式）
credits	'kredits	n. 演职员名单；工作人员；信用；学分（credit的复数）
creed	kri:d	n. 宗教信条, 教义, 纲领
creeded		n. 信条，教义 (creed的变形)
creeding	kriːd	n.
creeds	kri:dz	n. （尤指宗教）信条, 教条( creed的复数形式 )
creep	kri:p	n. 爬, 徐行, 蠕动
creeper	'kri:pә	n. 爬行者
creepest	kri:p	CREEP, Creep
creeping	'kri:piŋ	n. 爬行
creeps		n. 毛骨悚然的感觉, 战栗
crete	kri:t	n. （希腊）克里特岛
cretes	网络	[原型] Cretes 是 crete 的复数
crew	kru:	n. 全体人员, 一群人, 全体队员
crewed		vt. 当工作人员（crew的过去式与过去分词形式）
crewes	人名	[原型] crewes 是 crewe 的复数
crewing		vt. 当（尤指船上的）工作人员（crew的现在分词形式）
crews		n. 一起工作的人, 一群做同一工作的人
cricket	'krikit	n. 蟋蟀, 板球
cricketed		n. 【虫】蟋蟀；斜沟小屋顶；〈美〉矮木凳；垫脚凳
cricketer	'krikitә	n. 板球队员, 玩板球者
cricketing	ˈkrɪkɪtɪŋ	n. 板球呢
crickets	ˈkrikits	n. 蟋蟀( cricket的复数形式 ); 板球
cries		v. 哭；喊叫（cry的第三人称单数）
crime	kraim	n. 犯罪, 罪行, 罪恶
crimes		n. 犯罪（crime的复数形式）
criminal	'kriminәl	n. 罪犯, 犯人, 刑事
criminals	k'rɪmɪnlz	n. 罪犯, 犯人( criminal的复数形式 )
cripple	'kripl	n. 跛者, 残废
crippled	'krɪpld	a. 跛腿的, 残废的
crippler		n. 跛子; 残缺事物; 不完美的事物
cripples	ˈkriplz	n. 伤残人( cripple的名词复数 ); 残疾人; 跛子; 瘸子
crisis	'kraisis	n. 危机, 危险期, 紧要关头
crisp	krisp	a. 脆的, 新鲜的, 活泼的
crisped	k'rɪspt	v. （使）变脆( crisp的过去式和过去分词 )
crisper	'krispә(r)	n. 新鲜蔬菜保存盒
crispest		a. 脆的( crisp的最高级 ); 干冷的; 声音; 新奇的
crispies		(crispy 的复数) a. 卷曲的, 松脆的, 易碎的, 干脆的, 干净利落的, 生气勃勃的
crisping	'krispiŋ	匀边电路
crisps		n. 薯片（crisp的复数）
crispy	'krispi	a. 卷曲的, 松脆的, 易碎的, 干脆的, 干净利落的, 生气勃勃的
criterion	krai'tiәriәn	n. 标准, 准则, 规范
criterions		判断的标准, 定规, 尺度, 准则, 标准
critic	'kritik	n. 批评家, 鉴定家
critical	'kritikәl	a. 批评的, 决定性的, 危险的, 临界的
criticism	'kritisizm	n. 批评, 评论, 非难
criticisms	k'rɪtɪsɪzəmz	n. 批评( criticism的复数形式 ); 批判; 评论; 评论文章
criticize	'kritisaiz	v. 批评, 吹毛求疵, 非难
criticized	ˈkritisaizd	vt. 批评(criticize的过去式)
criticizes	ˈkritisaiziz	v. 评论, 批评( criticize的第三人称单数 )
critics		n. 评论家；批评者；吹毛求疵的人（critic的复数）
crooked	'krukid	a. 弯曲的, 歪的, 邪恶的
crookeder	'krʊkɪd	adj.
crop	krɒp	n. 农作物, 产量, 平头
croping	ˊkrɒpiŋ	n. 收成
cropped		-1
cropper	'krɒpә	n. 种植者, 农作物
croppest		un. 作物病虫害
cropping	'krɔpiŋ	[计] 裁剪
crops	医	[原型] crops 是 crop 的第三人称单数
cross	krɒs	n. 十字架, 十字架形物件, 交叉, 十字标, 交叉路, 磨难, 杂交
crossed	krɒst	a. 十字的, 划掉的, 交叉的
crosser		垫木；隔条；衬木
crosses	krɔsiz	v. 交叉( cross的第三人称单数 ); 穿过; 使交叉; 使杂交
crossest		cross（坏脾气的, 易怒的）的最高级形式
crossing	'krɒsiŋ	n. 横越, 横渡, 交叉点, 渡口
crossings		n. 交叉口（crossing的复数形式）
crossroads		-1
crossroadss		n. 十字路口, 交叉路口, 聚会的中心地点, (喻)需作抉择的重要关头, 紧要关头
crow	krәu	n. 啼叫, 乌鸦, 鸡鸣, 撬棍
crowd	kraud	n. 群众, 一伙人
crowded	'kraudid	a. 拥挤的, 塞满的
crowder		n. 沟渠扫污机
crowdest	kraud	n.
crowdies		n. 一种苏格兰的酸牛乳
crowding	计	[原型] crowding 是 crowd 的现在分词
crowds	kraudz	n. 人群( crowd的名词复数 ); 群众; 一群; 听众
crowed		crow的过去式和过去分词
crowes		(Crowe 的复数) n. 克罗（姓氏）
crowing	krəuɪŋ	v. 公鸡啼鸣( crow的现在分词 ); （婴儿）欢叫; （尤指在其他人不成功时）扬扬自得地夸口; 自鸣得意
crown	kraun	n. 王冠, 王权, 顶点
crowned		a. 戴王冠的, 象戴着王冠的, 有...帽顶的
crowner	'kraunә	n. 登峰造极的一举, 顶点, 倒栽葱, 跌伤头部, 皮鞋检验员, (非正式)验尸官
crownes	网络	[原型] crownes 是 crowne 的复数
crownest		un. 架空交通指挥岗亭
crowning	'krauniŋ	a. 最高的, 无比的
crowns	kraunz	n. 王冠( crown的名词复数 ); 花冠（有时象征胜利）; 王权; （某物的）顶部
crows	krəuz	n. 乌鸦( crow的名词复数 ); 雄鸡的啼声
crowst	krәust	矿工便餐
crude	kru:d	a. 天然的, 未成熟的, 粗糙的, 粗鲁的
cruder	kru:də	a. 粗鲁的( crude的比较级 ); 粗略的; 天然的; 简陋的
crudes		(crude 的复数) a. 天然的, 未成熟的, 粗糙的, 粗鲁的
crudest		a. 粗鲁的( crude的最高级 ); 粗略的; 天然的; 简陋的
cruel	'kru:әl	a. 残酷的, 令人极痛苦的
crueler	'kruːəl	adj. 残忍的；令人痛苦的；铁面无私的
cruelest	krʊəl	a. 残酷的；残忍的；残暴的；故意使别人遭受痛苦的；以他人的痛苦为乐的；令人痛苦的
cruels	krʊəl	a. 残酷的；残忍的；残暴的；故意使别人遭受痛苦的；以他人的痛苦为乐的；令人痛苦的
cruelties	ˈkru:əlti:z	n. 残忍( cruelty的名词复数 ); 残忍的行为; 残酷行为; 虐待
cruelty	'kru:әlti	n. 残酷, 野蛮, 残酷行为
cruise	kru:z	n. 巡航, 巡弋, 漫游
cruised	kru:zd	v. 乘船巡游( cruise的过去式和过去分词 ); 以快而平稳的速度长距离行驶; 巡航; 轻而易举赢得（或获得）
cruiser	'kru:zә	n. 巡洋舰, 巡航飞机, 警察巡逻车
cruises		n. 游艇；邮轮旅游；油轮公司（cruise的复数）
crush	krʌʃ	n. 压碎, 粉碎, 群众, 迷恋
crushed		a. 压碎的, 倒碎的
crusher	'krʌʃә	n. 碾碎机, 打击
crushes	krʌʃiz	v. 压碎, 压坏( crush的第三人称单数 ); 破坏; 镇压; 榨
crushest	krʌʃ	vt.
crushing	'krʌʃiŋ	a. 碾碎的, 压倒的
crust	krʌst	n. 外壳, 坚硬外皮, 面包皮
crusted	'krʌstid	a. 有硬皮的, 有外壳的, 长了酒垢的, 陈旧的, 古色古香的
crusties		(crusty 的复数) a. 有硬皮的, 易怒的
crusting	建	[原型] crusting 是 crust 的现在分词
crusts	krʌsts	n. 面包皮( crust的名词复数 ); 糕饼等的酥皮; （泥土、雪等）硬的外层; 外皮
cry	krai	n. 叫声, 哭声, 大叫
cryer		n. (Cryer)人名；(英)克赖尔
cryes		(crye 的复数) [网络] 哭泣
crying	'kraiiŋ	a. 叫喊的, 嚎哭的, 迫切的, 臭名昭著的
crys		abbr. crystalloid 晶体（的）; crystalloids 晶体; crystalline 结晶的; c
cryst	k'rɪst	[医]晶状体
crystal	'kristl	n. 水晶, 水晶装饰品, 结晶
crystals		n. 石英晶体；晶体（crystal的复数形式）
cube	kju:b	n. 立方体, 立方
cubed	kju:bd	[医]荜澄茄
cuber	'kju:bә	切丁机
cubes	kju:bz	n. 立方形的东西, 立方体( cube的名词复数 ); <数>立方
cubic	'kju:bik	a. 立方体的, 立方的
cubics		三次曲线
cuckoo	'kuku:	n. 杜鹃鸟, 布谷鸟
cuckooed	'kʊkuː	n. 【鸟】郭公鸟；傻子；家伙；杜鹃的啼声
cuckooing	'kʊkuː	n. 【鸟】郭公鸟；傻子；家伙；杜鹃的啼声
cuckoos	ˈku:ku:z	n. 布谷鸟, 杜鹃( cuckoo的名词复数 )
cucumber	'kju:kәmbә	n. 黄瓜
cucumbers	k'ju:kʌmbəz	n. 黄瓜, 胡瓜( cucumber的复数形式 )
cuisine	kwi:'zi:n	n. 烹调风格, 烹调法, 烹饪, 厨房
cuisines		(cuisine 的复数) n. 烹调风格, 烹调法, 烹饪, 厨房
cultivate	'kʌltiveit	vt. 培养, 耕作
cultivated	'kʌltiveitid	a. 耕耘的, 栽植的, 有教养的
cultivates	ˈkʌltiveits	v. 耕( cultivate的第三人称单数 ); 建立（友谊）; 种植; 陶冶思想[感情]
cultural	'kʌltʃәrәl	a. 文化的, 教养的, 修养的
culture	'kʌltʃә	n. 文化, 修养, 耕种
cultured	'kʌltʃәd	a. 有教养的, 有修养的, 有知识的
cultures		n. 文明, 文化（culture复数）
cunning	'kʌniŋ	a. 狡猾的, 巧妙的, 可爱的
cunninger	'kʌnɪŋ	n.
cunningest		(cunning 的最高级) a. 狡猾的, 巧妙的, 可爱的
cunnings	'kʌnɪŋ	adj. 狡猾的；巧妙的；可爱的
cup	kʌp	n. 杯子, 茶杯, 优胜杯
cupboard	'kʌpbɒ:d	n. 食橱, 碗柜, 餐具柜
cupboarded	'kʌbəd	n. 食橱，碗柜；[主英国英语](放置衣服、食品等的)小橱
cupboarding		un. 橱柜
cupboards	'kʌbədz	n. 柜橱( cupboard的复数形式 ); 食物柜; 衣柜; 壁橱
cupped	kʌpt	a. 杯形的；凹的
cupper	'kʌpә(r)	n. 用杯吸法者, 用吸器放血者
cupping	'kʌpiŋ	n. 杯吸法, 拔火罐
cupr		abbr. Catholic University of Puerto Rico 波多黎各天主教徒大学
cups		n. 拨火罐（器具）；杯子（cup的复数形式）
cure	kjuә	n. 治疗, 治愈, 治疗法
cured	'kjuәd	a. 治愈的；熟化的；熏制的
curer	'kjuәrә	治疗者, 治疗器
cures		n. 治愈；治疗法（cure的复数形式）
curest	kjʊə; kjɔː	vt. 治愈(病人)；治好(疾病)；使痊愈：；消除，祛除；改正，矫正，纠正：
curiosities	ˌkjuəriˈɔsitiz	n. 好奇心( curiosity的名词复数 ); 爱打听的癖性; 奇人; 奇物
curiosity	.kjuәri'ɒsiti	n. 好奇心, 新奇的事物, 珍品
curious	'kjuәriәs	a. 好奇的, 求知的, 古怪的
curiouser	'kjʊərɪəs	a. 求知欲强的；好问的, 好奇的；好管闲事的；好窥探的
curiousest	'kjʊərɪəs	adj. 求知欲强的；好问的，好奇的；好管闲事的；好窥探的
curiously	'kjuәriәsli	adv. 好奇地
curl	kә:l	n. 拳曲, 鬈发
curled		a. 鬈发的；卷曲的
curler	'kә:lә	n. 卷发的人, 卷发夹子
curlest	kɜːl	vt. 卷；使(头发)变鬈：；使卷曲；使成螺旋状：
curlies		(curly 的复数) a. 拳曲的, 卷毛的, 弯曲的
curling	'kә:liŋ	n. (苏格兰)冰上溜石游戏, 头发的拳曲, 蜷缩
curls	kə:lz	n. 一绺鬈发( curl的名词复数 ); 卷曲物; 螺旋状物; （指头发）拳曲
curly	'kә:li	a. 拳曲的, 卷毛的, 弯曲的
currencies	ˈkʌrənsiz	n. 通货( currency的名词复数 ); 货币; 流通; 市价
currency	'kʌrәnsi	n. 货币, 通货, 流通, 通用
current	'kʌrәnt	n. 涌流, 趋势, 流
currentest	'kʌr(ə)nt	adj. 当前的，现时的，进行中的；通用的，通行的，流通的
currently	'kʌrәntli	adv. 现在, 当前, 一般, 普通
currents		n. 潮流；气流；电流（current的复数）
curriculum	kә'rikjulәm	n. 课程
curriculums		全部课程, 一门课程, 课程
curse	kә:s	n. 咒骂, 诅咒
cursed	kә:st	a. 被诅咒的
curser		n. 诅咒；咒骂 (curse的变形)
curses	kə:siz	n. 诅咒( curse的名词复数 ); 咒语; 骂人的话; 祸害
cursest	kɜːs	n. 诅咒，祈求上帝(或上天)降祸于人；咒语；咒骂的话
curtain	'kә:tәn	n. 帐, 幕, 窗帘
curtained	'kɜːtənd	a. 挂帘子的
curtains	'kә:tәnz	n. [俚]灾难；窗帘（curtain的复数）
curtsies	ˈkɜ:tsi:z	n. （女子的）屈膝礼( curtsy的名词复数 )
curtsy	'kә:tsi	n. 屈膝礼
curtsying	ˈkɜ:tsi:ɪŋ	v. 行屈膝礼( curtsy的现在分词 )
curve	kә:v	n. 曲线, 弯曲, 曲线球
curved		-K1
curves		n. 曲线；弯曲状（curve的复数形式）
cushion	'kuʃәn	n. 垫子, 橡皮软垫
cushioned		v. 加衬垫（cushion的过去分词）
cushioning	机	[原型] cushioning 是 cushion 的现在分词
cushions	ˈkuʃənz	n. （隔离两个表面的）垫( cushion的名词复数 ); 垫子; 起保护（或缓冲）作用的事物; （台球等运动） （台
custom	'kʌstәm	n. 习惯, 风俗, 海关, 自定义
customaries	'kʌstəməri	adj. 通常的；照惯例的
customary	'kʌstәmәri	a. 习惯的, 惯常的
customer	'kʌstәmә	n. 消费者
customers		n. 客户；顾客（customer的复数）
customes	网络	[原型] customes 是 custome 的复数
customs		-K2
customss		n. 海关, 关卡, 关税
cut	kʌt	n. 切口, 割伤, 降低, 切, 割, 砍, 削, 伤口, 削减, 缩短, 删节, 通路
cute	kju:t	a. 可爱的, 聪明的, 伶俐的
cuter		a. 可爱的；聪明的（cute的比较级）
cutes		n. 〈外〉【解】真皮；【植】表皮
cutest		装腔作势的（cute的最高级）
cuties	ˈkjuːti	n. 〈非正式〉讨人喜欢的人；美女；甜心；小可爱
cuts		n. （分摊到的）份额；切口；近路（cut的复数）
cutter	'kʌtә	n. 裁剪者, 切割者, 切割器
cutters		n. 刀具；中部叶；倾斜节理；切割者, 剪削者（cutter的复数）
cuttest		abbr. Coordinated Universal Time(协调)世界时
cutting	'kʌtiŋ	n. 切断, 切下, 路堑
cuttings	'kʌtiŋs	n. 钻屑；粉屑；插条（cutting的复数）
cuzco	'ku:skәu	n. 库斯科
cuzcoes	'ku:skəu	Cuzco
cycle	'saikl	n. 周期, 循环, 自行车, 一段时间, 整套
cycled		循环的
cycler	'saiklә(r)	n. 骑自行车的人, 骑机器脚踏车的人
cycles		n. 循环动作；圈数；周期（cycle的复数）
cyclest		n. 自行车选手
cycling	'saikliŋ	n. 骑脚踏车兜风, 骑脚踏车消遣
cyclings	网络	[原型] cyclings 是 cycling 的复数
cyclist	'saiklist	n. 骑脚踏车的人
cyclists	'saɪklɪsts	n. 骑自行车的人( cyclist的复数形式 )
cyclops	'saiklɔps	n. 独眼巨人, 独眼的人, 独眼畸胎
cyclopses		n. 【希神】独眼巨人；〈比喻〉独眼人
cyclopss	'saɪklɑps	Cyclops
cylinder	'silindә	n. 圆筒, 圆筒状物, 汽缸, 柱面
cylindered	'sɪlɪndərd	有气缸的
cylinders	'sɪlɪndəz	n. 圆筒( cylinder的复数形式 ); 圆柱; 汽缸; （尤指用作容器的）圆筒状物
czar	zɑ:	n. 沙皇
czars		(czar 的复数) n. 沙皇
dad	dæd	n. 爸爸, 爹爹
daded		abbr. digital audio disc 数字信号唱片,数码音响碟,激光音碟
dades	网络	[原型] dades 是 dade 的复数
dads	dædz	n. 爸, 爹( dad的复数形式 )
dailies	ˈdeiliz	n. 日报( daily的名词复数 ); （不寄宿的）仆人
daily	'deili	a. 每日的, 日常的
dairies	ˈdɛəriz	n. 牛奶场( dairy的名词复数 ); 乳品店
dairy	'dєәri	n. 牛奶公司, 乳品店, 乳牛场
dairyer	'deərɪ	dairy
dairying	'deәriiŋ	n. 乳制品业
daisies	ˈdeɪzi:z	n. 雏菊（花）( daisy的名词复数 ); 菊科植物; 非常新鲜; 精神饱满
daisy	'deizi	n. 雏菊, 一流人物
daisys	'deɪzɪ	Daisy
dam	dæm	n. 水坝, 障碍
damage	'dæmidʒ	n. 损害, 伤害
damaged	'dæmidʒid	a. 被损坏的
damager	'dæmɪdʒə	演员
damages		n. 赔偿金
damd		abbr. dimthylaminomethyl dimethyl dithiocarbamate 二甲基氨酸二甲胺甲酯
damed		(dame 的过去时) n. 夫人
dames	deɪmz	n. （在英国）夫人（一种封号）, 夫人（爵士妻子的称号）( dame的复数形式 ); 女人
dammed		vt. 用水坝阻止（dam的过去式与过去分词形式）
dammer		达马（树）脂
dammest	dæm	n. 堤，坝，堰，水闸；蓄在堤坝中的水
damming	'dæmiŋ	n. 修筑隔墙；筑坝
damn	dæm	n. 一点, 诅咒, 丝毫
damnd	网络	[级别] damnder, damndest
damned	dæmd	a. 可恶的, 该死的
damnest	dæm	vt. 宣称(某事)是坏(或糟糕，低劣，无效，非法)的：；毁坏，毁掉：
damning	'dæmiŋ	n. 诅咒
damns	dæmz	n. 一点点, 丝毫( damn的名词复数 )
damp	dæmp	n. 潮湿, 湿气
damped		a. 被窒息的；阻尼的；衰减的
damper	'dæmpә	n. 令人扫兴的人, 增湿器, 阻尼器
dampest		a. 潮湿的, 不完全干燥的( damp的最高级 )
damping	'dæmpiŋ	n. 阻尼, 衰减, 减幅
damps	dæmps	v. 使潮湿( damp的第三人称单数 ); 减弱; 抑制; 使沮丧
dams		abbr. 海洋建筑的设计与分析；[美]防御性反导弹系统（Defense Against Missiles System
dan	dæn	n. 段(柔道、围棋运动员的等级)
dance	dæns. dɑ:ns	n. 跳舞, 舞蹈, 舞会
danced	dɑ:nst	v. 跳舞( dance的过去式和过去分词 ); 手舞足蹈; 摇晃; 跳跃
dancer	'dɑ:nsә	n. 舞蹈演员, 跳舞者
dances		n. 舞蹈；舞会；舞曲（dance的复数）
dancest	dɑːns	vi. 跳舞，舞，表演舞蹈；参加舞会；舞蹈：；(由于激动、兴奋而)手舞足蹈，跳跃，雀跃：
dancing	'dænsiŋ	n. 舞蹈
dancings	网络	[原型] dancings 是 dancing 的复数
danes		n. 丹麦人（Dane的复数）；丹族
danger	'deindʒә	n. 危险, 威胁
dangering	'deɪn(d)ʒə	n. 危险；危险物，威胁
dangerous	'deindʒәrәs	a. 危险的
dangerouser	'deɪn(d)ʒ(ə)rəs	adj. 危险的；充满危险的；引起危险的；冒险的；不安全
dangers	ˈdeindʒəz	n. 危险( danger的复数形式 ); 可能造成损伤、疼痛等的人或物; 危险因素; 危害
dangle	'dæŋgl	vi. 摇晃地悬挂着, 追求
dangled	ˈdæŋgəld	v. 悬吊着( dangle的过去式和过去分词 ); 摆动不定; 用某事物诱惑…; 吊胃口
dangler	'dæŋglә	n. 吊着晃来晃去的东西, 耳环, 追逐女人的男人
dangles	ˈdæŋgəlz	v. 悬吊着( dangle的第三人称单数 ); 摆动不定; 用某事物诱惑…; 吊胃口
danies	网络	[原型] danies 是 danie 的复数
danish	'deiniʃ	n. 丹麦文
danishes	网络	[原型] danishes 是 danish 的复数
dans		prep. （法）在…里；按照…；在…时候
dare	dєә	n. 挑战, 挑动, 大胆
dared		v. 敢于（竟敢）
darer		abbr. Dictionary of American Regional English《美国英语方言词典》
dares	dɛəz	v. 敢( dare的第三人称单数 ); 敢做; 激（某人做某事）; 问（某人）有没有胆量（做某事）
daring	'dєәriŋ	a. 大胆的
darings	网络	[原型] darings 是 daring 的复数
dark	dɑ:k	n. 黑暗, 夜, 黄昏, 模糊
darker		a. 较暗, 比较暗的
darkest		a. 最黑暗的（dark的最高级）
darkies	'dɑːkɪ	n. 黑人, 黑家伙
darkness	'dɑ:knis	n. 黑暗, 暗, 深色, 隐密, 模糊, 无知
darknesses	网络	[原型] darknesses 是 darkness 的复数
darks	dɑː(r)k	adj. 暗黑的；微暗的；浅黑的；浓(色)
darling	'dɑ:liŋ	n. 亲爱的, 可爱的人, 可爱的物
darlinger	'dɑːlɪŋ	n. ☉心爱的人，爱人；心爱的动物
darlingest	'dɑːlɪŋ	n. ☉心爱的人，爱人；心爱的动物
darlings	ˈdɑ:liŋz	n. （用作称呼）亲爱的( darling的复数形式 ); 心爱的人; 倍受宠爱的人; 亲切友好的的人
dash	dæʃ	n. 冲撞, 破折号, 短跑
dashed	dæʃt	n. 虚线
dasher	'dæʃә	n. 猛冲者, 精力充沛的人, 搅拌装置
dashes	dæʃiz	n. 破折号( dash的名词复数 ); 匆忙; 少许; 猛冲
dashest		abbr. drone antisubmarine helicopter无线电遥控反潜艇直升机
dashing	'dæʃiŋ	a. 闯劲足的, 有力的
data	'deitә	pl. 资料, 数据
database	'deitәbeis	n. 数据库
databased	'deɪtə.beɪs	n. 数据库；信息库
databases		n. 数据库；资料库（database的复数）
dataed		pp. 搜集资料
datar		abbr. Digital Automatic Tracking and Ranging 数字自动跟踪与测距
datas		n. 数据输入
date	deit	n. 日期, 约会, 枣椰树
dated	'deitid	a. 有日期的, 陈旧的
dater	'deitә	n. 日期戳子
dates		n. 日期；枣子, 大枣；约会（date的复数形式）
datum	'deitәm	n. 论据, 材料, 资料, 已知数
datuming		直平化
datums		pl. 论据, 已知数, 数据, 材料, 资料
daughter	'dɒ:tә	n. 女儿
daughtered	'dɔːtə	n. 女儿[有时亦用于指雌性动物]；☉儿媳(妇)(=daughter-in-law)
daughtering	'dɔːtə	n. 女儿[有时亦用于指雌性动物]；☉儿媳(妇)(=daughter-in-law)
daughters		n. 女儿们（歌曲名）；枕边杀机（电影名）
dawn	dɒ:n	n. 破晓, 黎明
dawned	dɔ:nd	v. 破晓( dawn的过去式和过去分词 ); （天）刚亮; 开始出现; 变得明朗
dawnest	dɔ:n	道恩(女子名)
dawning	'dɒ:niŋ	n. 拂晓, 黎明
dawns	dɔ:nz	n. 黎明( dawn的名词复数 ); 开端; 天亮; （破晓时的）晨空
day	dei	n. 天, 日子, 白天, 工作日
dayed	deɪ	n. ☉白天，日间，昼；白昼；黎明
dayer	网络	[原型] dayer 是 daye 的比较级
dayes		(daye 的复数)  [人名] 戴
dayest		(daye 的最高级)  [人名] 戴
daylight	'deilait	n. 白昼, 日光
daylighted	'deɪlaɪt	n. 白天；日光；黎明；公开
daylighting		(daylight 的现在分词) n. 白昼, 日光
daylights		n. 生命；理智；间隙（daylight的复数）
days	deiz	n. 一生, 时期
daytime	'deitaim	n. 白天, 日间
daytimer	dj:'deitaimə	n. 白昼迪斯科舞会
daytimes		(daytime 的复数) n. 白天, 日间
dazzle	'dæzl	v. (使)眼花, 炫耀
dazzled		a. 目眩的；眼花撩乱的
dazzler		n. 引人注目的人
dazzles	ˈdæzlz	n. 耀眼, 令人赞叹的东西( dazzle的名词复数 )
dazzlest	'dæz(ə)l	vt. (强光或闪光等)耀(眼)，眩(眼)，刺(目)，使目眩，使眼花缭乱：
dead	ded	a. 死的, 不活泼的, 麻木的, 熄灭的
deader	'dedə	n. [俚语]死人, 死尸, 尸体
deadest		dead（死去的）的最高级形式
deading	'dediŋ	褪光
deadline	'dedlain	n. 最后期限, 截止期限
deadlines	ˈdedlainz	n. 最后期限( deadline的复数形式 )
deadly	'dedli	a. 致命的, 致死的
deads	dedz	围岩, 井下废石, 尾矿
deaf	def	a. 聋的
deafen	'defәn	vt. 使聋
deafened	ˈdefənd	v. 使聋( deafen的过去式和过去分词 ); 使隔音
deafener		减音器
deafenest	'def(ə)n	vt. 使听不清；使聋：；把…震聋，把…震昏，被…震得耳朵发聋：
deafening	'defәniŋ	a. 震耳欲聋的
deafens	ˈdefənz	v. 使聋( deafen的第三人称单数 ); 使隔音
deafer	defə	a. 聋的( deaf的比较级 ); 不愿听的; 耳聋的人; 聋子
deafest		a. 聋的( deaf的最高级 ); 不愿听的; 耳聋的人; 聋子
deafs	def	adj. 聋的
deal	di:l	n. 交易, 协定, 数量, 买卖, 松木板
dealer	'di:lә	n. 经销商, 商人
dealers		n. 交易商；经销商；商人们（dealer的复数）
deales	网络	[原型] deales 是 deale 的复数
dealest	diːl	vi. 论述，谈及，讨论，谈论；谈到，涉及；和…有关，有关联(通常与with或in连用):
dealing	'di:liŋ	n. 经营行为, 行为, 交易
deals		n. 协约；份额；交易（deal的复数形式）
dean	di:n	n. 院长, 主持牧师
deaned	di:n	n. 院长；系主任；教务长；主持牧师
deanes	人名	[原型] deanes 是 deane 的复数
deaning	di:n	n. 院长；系主任；教务长；主持牧师
deans	di:nz	n. （大学的）学院院长( dean的复数形式 ); （乡间主管若干教堂牧师的）主任牧师; 座堂主任牧师; （大学, 尤
dear	'diә	n. 亲爱的人
dearer		珍贵的（dear的比较级）
deares	人名	[原型] deares 是 deare 的复数
dearest		-1
dearies	'diəri	n. 亲爱的；宝贝儿
dears	dɪə(r)	n. 亲爱的人( dear的复数形式 ); 仁慈的人; （称呼所爱的人）亲爱的; 对较年轻的人或孩子说话时用)亲爱的
death	deθ	n. 死亡
deaths		n. 死亡数
debate	di'beit	n. 辩论, 讨论
debated	diˈbeitid	v. 辩论( debate的过去式和过去分词 ); 仔细考虑; 思考; 盘算
debater	di'beitә	n. 辩论家, 讨论者
debates	diˈbeits	n. 讨论( debate的名词复数 ); 辩论; （各自发表不同意见的）争论; 辩论
debatest	dɪ'beɪt	n. (尤指在集会上的)辩论，争论；讨论；辩论会
debt	det	n. 债务, 罪过
debted	det	n. 债务, 欠款, 借款；义务；恩义, 恩情, 情义, 托福
debts		n. 负债类, 债务（debt的复数形式）
decade	'dekeid	n. 十年, 十
decades	ˈdekeidz	n. 十年, 十年间( decade的复数形式 )
decay	di'kei	n. 衰退, 腐败
decayed	di'keid	a. 腐烂的；腐败的；衰退的
decaying		n. 颓坏；衰减；腐蚀作用
decays	diˈkeiz	v. （使）腐烂, 腐朽( decay的第三人称单数 ); 衰败, 衰退, 衰落
deceit	di'si:t	n. 欺骗, 谎言
deceitful	di'si:tful	a. 欺诈的
deceits		(deceit 的复数) n. 欺骗, 谎言
deceive	di'si:v	v. 欺骗, 行骗
deceived	diˈsi:vd	v. 欺骗, 蒙骗( deceive的过去式和过去分词 )
deceiver	di'si:vә	n. 欺人者, 欺诈者
deceives	diˈsi:vz	v. 欺骗, 蒙骗( deceive的第三人称单数 )
deceivest	dɪ'siːv	vt. (以虚假的外观或言论)欺骗，哄骗，诓骗，蒙蔽；使弄错；使误解：；[古语]使失望：
december	di'sembә	n. 十二月
decembers	diˈsembəz	n. 12月( December的名词复数 )
decent	'di:sәnt	a. 有分寸的, 得体的, 大方的
decenter	'di:sntər	离心
deception	di'sepʃәn	n. 欺骗, 诡计
deceptions	dɪˈsepʃənz	n. 欺骗( deception的复数形式 ); 骗术, 诡计
decide	di'said	v. 决定, 判决
decided	di'saidid	a. 确定的, 坚决的
decidedly	di'saididli	adv. 决定了, 坚决, 明显, 显而易见, 显然, 明确, 果断, 毫无疑问
decider		n. 决定者, 决赛, 裁决者
decides	diˈsaidz	v. 下决心( decide的第三人称单数 ); （使）决定; 解决; 裁决
decidest	dɪ'saɪd	vt. 裁决，判定，判决(竞争、争端)：；解决(有争执或疑问的事情)：
decimal	'desimәl	a. 十进位的, 小数的
decimals		n. 位数；小数（decimal的复数形式）
decision	di'siʒәn	n. 决定, 决心, 决断
decisioning	dɪ'sɪʒ(ə)n	n. 决定，决心；决议
decisions		n. 决断；决策；決定（decision的复数）
decisive	di'saisiv	a. 决定性的, 坚定的, 果断的
deck	dek	n. 甲板, (汽车后部的)行李仓
decked	dekt	a. 分层的；装了甲板的；铺面的；装饰的
decker	'dekә	n. 装饰者, (用以构成复合词的)有...层甲板的船只, 有...层面的车辆
deckest	dek	n. 【造船】；甲板，舱面，舱板
decking	'dekiŋ	n. 装饰, 桥面板, 盖板
decks		n. 舱板；平台；甲板（deck的复数）
declaration	.deklә'reiʃәn	n. 宣告, 说明, 宣布
declarations		n. 声明（declaration的复数）
declare	di'klєә	v. 宣布, 声明, 申报, 断言
declared	di'klєәd	a. 公告的, 公然的
declarer	di'klєәrә	n. 宣言者, 申报者
declares	diˈklɛəz	v. 宣布( declare的第三人称单数 ); 断言; 申报（收益）; 板球（在击球员还未全部出局时）宣布结束赛局
decline	di'klain	n. 衰退, 跌落, 下降
declined	diˈklaind	v. 辞谢, 谢绝（邀请等）( decline的过去式和过去分词 ); （道路、物体等）下倾; （太阳）落下; （在品格
decliner		n. 下降；衰退；斜面 (decline的变形)
declines	diˈklainz	v. 辞谢, 谢绝（邀请等）( decline的第三人称单数 ); （道路、物体等）下倾; （太阳）落下; （在品格、价
declinest	dɪ'klaɪn	vt. 拒绝，拒不(做、进入、考虑等)：；谢绝，婉言拒绝，婉辞：
decompose	.di:kәm'pәuz	v. 分解, (使)腐烂
decomposed	.di:kәm'pәuzd	a. 已腐烂的, 已分解的
decomposer	.di:kәm'pәuzә	n. 分解体（分解已败死的原生质之有机体）；分解器
decomposes	di:kəm'pəʊzɪz	v. 腐烂( decompose的第三人称单数 ); （使）分解; <化>分解（某物质、光线等）
decorate	'dekәreit	v. 装饰
decorated	'dekәreitid	a. 装饰的, 修饰的
decorates	ˈdekəreits	v. 装饰( decorate的第三人称单数 ); 点缀; 粉刷; 授予（某人）勋章
decoration	.dekә'reiʃәn	n. 装饰, 装饰品
decorations		n. 装修；装饰品（decoration的复数）
decorative	'dekәreitiv	a. 装饰性的
decrease	'di:kri:s	n. 减少, 减少量
decreased	di:ˈkri:st	v. （使）缩短, 减小, 减少( decrease的过去式和过去分词 )
decreases	di:ˈkri:siz	n. 减小, 降低( decrease的名词复数 ); 减少（量）
decreasest	dɪ'kriːs	vi. (程度、数量、力量、权力、能力等)(逐渐)减少，减小，减退，缩减，缩小：
decree	di'kri:	n. 法令, 判决, 天意
decreed	dɪ'kriːd	vt. 命令（decree的过去式与过去分词形式）
decreeing		vt. 命令（decree的现在分词形式）
decreer		n. 法令；判决 (decree的变形)
decrees	diˈkri:z	n. 命令( decree的名词复数 ); 法令; （法院的）裁定; 教令
decreest	dɪ'kriː	n. 政令，法令；敕令；【法律】(尤指遗嘱检验法庭或衡平法院的)判决；裁定，裁决
dedicate	'dedikeit	vt. 献出, 贡献
dedicated	'dedikeitid	a. 专注的, 献身的
dedicatees		(dedicatee 的复数) n. 受奉献者
dedicates	ˈdedikeits	v. 奉献( dedicate的第三人称单数 ); （为表示感情或敬意将著作、乐曲、艺术作品等）题献给（某人、某事业等）
dedicatest	'dedɪkeɪt	vt. 以…供奉，以…奉献，把…奉献给崇高的目的：；把(时间、精力等)用于：
deduce	di'dju:s	vt. 推论, 演绎出
deduced	diˈdju:st	v. 推论, 演绎( deduce的过去式和过去分词 )
deduces	diˈdju:siz	v. 推论, 演绎( deduce的第三人称单数 )
deed	di:d	n. 行为, 实行, 契约
deeded	diːd	n. 行为；实行；事实；【法】证书
deedes	人名	[原型] deedes 是 deede 的第三人称单数
deeding	diːd	n. 行动；实行；事实；【法】证书
deeds	di:dz	n. 行为( deed的复数形式 ); 行动; <律>契约; 证书
deem	di:m	v. 认为, 相信
deemed	di:md	v. 认为, 相信( deem的过去式和过去分词 ); 想
deemest	diːm	vt. 想，以为，认为，视为；相信：
deeming	di:mɪŋ	v. 认为, 相信( deem的现在分词 ); 想
deems	di:mz	v. 认为, 相信( deem的第三人称单数 ); 想
deep	di:p	a. 深的
deepen	'dipәn	vi. 深化
deepend		na. (游泳池的)深端；困境
deepened	ˈdi:pənd	v. 变深, 加深( deepen的过去式和过去分词 ); 加浓
deepenest	'diːp(ə)n	vt. 挖深；使变深；使深化：；加深；使变浓；使强烈：
deepening	'di:pәniŋ	n. 加深, 延深；向下侵蚀
deepens	ˈdi:pənz	v. 变深, 加深( deepen的第三人称单数 ); 加浓
deeper		a. 更深
deepest	dipɪst	a. 深的（ deep的最高级 ）; 严重的; 深奥的; 有…深的
deepies	'diːpɪ	n. 立体电影
deeping	'di:piŋ	n. 一种流网
deeps		n. 深处；深渊（deep的复数）
deer	diә	n. 鹿
deeres		n. 美国迪尔（美国工农业设备公司）
deering		(deer 的现在分词) n. 鹿
deers		鹿( deer的名词复数 )
default	di'fɒ:lt	n. 违约, 不履行责任, 缺席, 默认值
defaulted	diˈfɔ:ltid	v. 弃权( default的过去式和过去分词 ); 违约; [法律]（经法院传唤而）不到庭; 不履行义务（或职责）
defaulter	di'fɒ:ltә	n. 不履行义务者, 缺席者, 违反军规者
defaulting		n. 不付欠款；违约
defaults		n. 违约；默认；预设值（default的复数）
defeat	di'fi:t	n. 败北, 失败
defeated	diˈfi:tid	v. 击败( defeat的过去式和过去分词 ); 战胜; 挫败; 使困惑
defeater		击败者, 战胜者；击败物
defeatest	dɪ'fiːt	vt. (在竞赛、选举、战斗等中)战胜，击败，打败：；挫败，使受挫折，使失败，使落空，使破灭：
defeating	diˈfi:tɪŋ	v. 击败( defeat的现在分词 ); 战胜; 挫败; 使困惑
defeats	diˈfi:ts	v. 击败( defeat的第三人称单数 ); 战胜; 挫败; 使困惑
defect	di'fekt	n. 缺点
defected		vi. 叛逃（defect的过去式与过去分词形式）
defecting		vi. 叛逃（defect的现在分词形式）
defects		n. 缺点；瑕疵；不合格品（defect的复数）
defence	di'fens	n. 防卫, 防卫设备
defences	dɪ'fensɪs	n. 辩护( defence的复数形式 ); 防御; 防御工事; 后卫
defend	di'fend	vt. 防护, 辩护, 防卫
defended	diˈfendid	v. 辩护( defend的过去式和过去分词 ); 保卫; （足球、曲棍球等）防守; 进行辩护
defender	di'fendә	n. 防卫者, 防护者, 辩护者
defendest	dɪ'fend	vt. 保卫，守卫，警卫，捍卫；防御；保护(通常与from或against连用)：；【法律】
defending	diˈfendɪŋ	v. 辩护( defend的现在分词 ); 保卫; （足球、曲棍球等）防守; 进行辩护
defends	diˈfendz	v. 辩护( defend的第三人称单数 ); 保卫; （足球、曲棍球等）防守; 进行辩护
deficiencies	diˈfiʃənsiz	n. 缺乏( deficiency的名词复数 ); 不足; 缺点; 缺陷
deficiency	di'fiʃәnsi	n. 缺乏, 不足
deficient	di'fiʃәnt	a. 不足的, 不充分的, 有缺陷的
defies	diˈfaiz	v. 不服从( defy的第三人称单数 ); 公然反抗; 蔑视; 向…挑战
define	di'fain	vt. 定义, 规定, 使明确
defined	di'faind	a. 清晰的, 轮廓分明的；有定义的, 确定的
definer		n. 定义者（define的名词形式）
defines		v. 定义；详述；规定；表明特征（define的三单形式）
definest	dɪ'faɪn	vt. 给(词、短语等)下定义；解释(词义等)；阐述：；使明确，弄明确，明确说明(或规定)：
definite	'definit	a. 明确的, 一定的
definitely	'definitli	adv. 明确无疑地, 清楚地
definites		(definite 的复数) a. 明确的, 一定的
definition	.defi'niʃәn	n. 定义, 精确度, 清晰度
definitions		n. 定义（definition的复数形式）
deflect	di'flekt	vt. 转移, 使偏斜
deflected	dɪf'lektɪd	a. 偏离的
deflecting	计	[原型] deflecting 是 deflect 的现在分词
deflection	di'flekʃәn	n. 歪斜, 偏, 偏向
deflections	dɪf'lekʃnz	n. （尤指击中某物后）突然转向, 偏斜, 偏离( deflection的复数形式 )
deflects	diˈflekts	v. （使）偏斜, （使）偏离, （使）转向( deflect的第三人称单数 )
deform	di'fɒ:m	vt. 使残缺, 使变形
deformation	.di:fɒ:'meiʃәn	n. 损形, 变丑, 畸形
deformations	di:fɔ:'meɪʃənz	n. 损形( deformation的复数形式 ); 变形; 畸形; 破相
deformed	di'fɒ:md	a. 畸形的, 残废的, 丑陋的
deformer		n. 变形器
deformest	dɪ'fɔːm	vt. 使成畸形；损毁(或损坏)…的外形(或形状)，使不成形；致残：；使变形：
deforming	医	[原型] deforming 是 deform 的现在分词
deforms	dɪˈfɔ:mz	v. 使变形, 使残废, 丑化( deform的第三人称单数 )
defy	di'fai	vt. 藐视, 挑衅, 使落空
defyer	dɪ'faɪ	vt. (对权势的公然)违抗，反对，对抗；不服从；藐视，蔑视；对…满不在乎，不顾：；顶得住，经受得起：
defying	diˈfaiŋ	v. 不服从( defy的现在分词 ); 公然反抗; 蔑视; 向…挑战
degradation	.degrә'deiʃәn	n. 降格, 堕落, 退化
degradations	ˌdegrəˈdeɪʃənz	n. 堕落( degradation的复数形式 ); 下降; <地>陵削; 毁坏
degrade	di'greid	v. (使)降级, (使)退化
degraded	di'greidid	a. 被降级的, 落泊的, 退化的
degrader		降能器
degrades	diˈɡreidz	v. 降低( degrade的第三人称单数 ); 使降级; 降低…身分; 使丢脸
degradest	dɪ'greɪd	vt. 降低…的身份，使失体面，使失尊严，使丧失名誉，使(评价)降低；使受屈辱，有辱…的人格，使丢脸:
degree	di'gri:	n. 程度, 度数, 学位, 度
degreed	dɪ'ɡriːd	a. degree的变形；有一个以上学位的
degrees		n. 角度, 学历；度数（degree的复数）
delay	di'lei	n. 耽搁, 迟滞
delayed	di'leid	a. 定时的；延时的
delayer	di'leiә	[计] 延迟电路, 延迟文件
delaying	计	[原型] delaying 是 delay 的现在分词
delays	diˈleiz	v. （使）耽搁, 延误( delay的第三人称单数 ); 推迟; 使延期; 使延迟
delegate	'deligeit	n. 代表
delegated		授与的
delegates	ˈdeliɡits	n. 代表, 代表团成员( delegate的名词复数 )
delegation	.deli'geiʃәn	n. 代表团, 派遣代表团, 代表的地位(或权力)
delegations	ˌdelɪˈgeɪʃənz	n. 代表团( delegation的复数形式 ); 委托, 委派
delete	di'li:t	vt. 删除
deleted		a. 已删除的
deletes	diˈli:ts	v. 删除( delete的第三人称单数 )
deliberate	di'libәrәt	a. 深思熟虑的, 故意的, 从容的
deliberated		vbl. 思量
deliberately	di'libәrәtli	adv. 故意地
deliberates	diˈlibərits	v. 仔细考虑( deliberate的第三人称单数 ); 研讨, 商讨
deliberatest	dɪ'lɪb(ə)rət	adj. 深思熟虑的，深谋远虑的，考虑周到的；慎重的，谨慎的，审慎的，仔细的
delicate	'delikәt	a. 细致优雅的, 微妙的, 美味的
delicatest	'delɪkət	adj. (食物)美味可口的，鲜美的，清淡可口的；(光、色等)柔和的，淡色的
delicious	di'liʃәs	a. 美味的
deliciouses	dɪ'lɪʃəs	adj. 美味的；可口的
deliciouss	dɪ'lɪʃəs	n. 【植物】红香(或金香)苹果树；红香(或金香)苹果
delight	di'lait	n. 高兴, 愉快
delighted	di'laitid	a. 高兴的, 快乐的
delighter		n. 高兴 (delight的变形)
delightest	dɪ'laɪt	n. 愉快，快乐，欢乐，高兴；乐事；乐趣；乐处；令人高兴的人(或东西)，给人乐趣的事；嗜好
delighting	diˈlaitɪŋ	v. 使高兴, 使欣喜( delight的现在分词 ); 感到高兴[快乐]
delights	diˈlaits	n. 快乐, 高兴( delight的名词复数 ); 使人高兴的东西或人
deliver	di'livә	vt. 递送, 陈述, 释放, 发表, 引渡, 投递, 交付
delivered	di'livәd	a. 业已交货
deliverer	di'livәrә	n. 救助者, 引渡人, 交付者
deliverest	dɪ'lɪvə	vt. (邮件、货物等)投递，递送，分送，分发，送交；传送；运输:；宣布；发表；讲出；陈述；表达：
deliveries		n. 已交付；交货（delivery的复数）
delivering	diˈlivərɪŋ	v. 递送, 交付( deliver的现在分词 ); 发表; 交出; 发动
delivers	diˈlivəz	v. 递送, 交付( deliver的第三人称单数 ); 发表; 交出; 发动
delivery	di'livәri	n. 递送, 交付, 分娩, 交货, 引渡
delta	'deltә	n. 三角洲, 希腊字母的第四个字
deltas	ˈdeltəz	n. 希腊字母表中第四个字母( delta的名词复数 ); （河口的）三角洲
demand	di'mɑ:nd	n. 要求, 需求, 需要
demanded	diˈmɑ:ndid	v. 要求( demand的过去式和过去分词 ); 需要; 想要知道; 查问
demander	di'mɑ:ndә	n. 要求者
demandes	网络	(demande 的复数)
demandest	dɪ'mɑːnd	vt. 有权要求，请求：；断然(或密切)地要求；强要；强令；强求；指令；嘱咐：
demanding	di'mɑ:ndiŋ	a. 要求高的, 费力的
demandings	dɪ'mɑːndɪŋ	demanding
demands	diˈmɑ:ndz	v. 要求( demand的第三人称单数 ); 需要; 想要知道; 查问
democracies	diˈmɔkrəsiz	n. 民主( democracy的名词复数 ); 民主国家; 民主精神; 民主权利
democracy	di'mɒkrәsi	n. 民主政治, 民主主义
democratic	.demә'krætik	a. 民主的
demonstrate	'demәnstreit	vt. 示范, 证明
demonstrated	ˈdemənstreitid	v. 举行示威游行（或集会）( demonstrate的过去式和过去分词 ); 示范。展示; 显示; 论证
demonstrater	'demənstreɪt	vt. 证明, 论证, 证实：；(用实例、标本、实验等)说明, 解释, 表明；教：
demonstrates	ˈdemənstreits	v. 举行示威游行（或集会）( demonstrate的第三人称单数 ); 示范。展示; 显示; 论证
demonstratest	'demənstreɪt	vt. 证明，论证，证实：；(用实例、标本、实验等)说明，解释，表明；教：
dempsey		登普西（人名）
dempseys	网络	[原型] dempseys 是 dempsey 的复数
denial	di'naiәl	n. 否认
denials	diˈnaiəlz	n. 否认( denial的复数形式 ); 否定; 拒绝; 拒绝接受
denies	diˈnaiz	v. 拒绝( deny的第三人称单数 ); 拒绝承认; 拒绝…占有; 否认知情
denmark	'denmɑ:k	n. 丹麦
denmarks	'denma:k	n. 丹麦（欧洲国家）
denote	di'nәut	vt. 指示, 表示
denoted	diˈnəutid	v. 为…的符号( denote的过去式和过去分词 ); 为…的名称; 指示; 指出
denotes	diˈnəuts	v. 为…的符号( denote的第三人称单数 ); 为…的名称; 指示; 指出
denounce	di'nauns	vt. 告发, 抨击, 谴责
denounced	diˈnaunst	v. 公开指责( denounce的过去式和过去分词 ); 揭发; 告发; 通知废止
denouncer		n. 斥责者, 告发者
denounces	diˈnaunsiz	v. 公开指责( denounce的第三人称单数 ); 揭发; 告发; 通知废止
denouncest	dɪ'naʊns	vt. 谴责，痛斥，指责，公然抨击：；(如向警方或法庭)揭发，告发，控告，控诉：
dense	dens	a. 密集的, 浓厚的
denser		a. 密集的；浓厚的（dense的比较级）
densest		a. 密集的( dense的最高级 ); 密度大的; 愚笨的; （信息量大得）难理解的
densities	ˈdensitiz	n. 密集( density的复数形式 ); 稠密; <物><化>密度（固体、液体或气体单位体积的质量）; 密度（磁盘存
density	'densiti	n. 密度
dentist	'dentist	n. 牙科医生
dentists	ˈdentists	n. 牙科医生( dentist的复数形式 ); 牙科诊所
deny	di'nai	v. 否认, 拒绝
denying	diˈnaiŋ	v. 拒绝( deny的现在分词 ); 拒绝承认; 拒绝…占有; 否认知情
denys		(deny 的第三人称 -s形式) vt. 否认, 拒绝
depart	di'pɑ:t	vi. 离开, 出发, 背离, 违反, 去世
departed	di'pɑ:tid	a. 过去的, 以往的, 死了的
departer	dɪ'pɑːt	vi. (人)离去, 离开；出发, 启程, 起程；(火车)开出(from):；从…叉开, 违反, 背离, 不合(from
departest	dɪ'pɑːt	vi. (人)离去，离开；出发，启程，起程；(火车)开出(from):；从…叉开，违反，背离，不合(from):
departing	diˈpɑ:tɪŋ	v. 离开( depart的现在分词 ); 出发; 开出; 离职
department	di'pɑ:tmәnt	n. 部门, 系, 机关
departments	dɪ'pɑ:tmənts	n. 部( department的复数形式 ); （任何事物的）部分; （企业单位负责特定活动的、零售商店中专售某类商品
departs	diˈpɑ:ts	v. 离开( depart的第三人称单数 ); 出发; 开出; 离职
departure	di'pɑ:tʃә	n. 离开, 出发, 违背, 偏离
departures		n. 出发；背离；出港（departure的复数）
depend	di'pend	vi. 靠, 视...而定, 信赖
dependant	di'pendәnt	n. 家眷, 侍从, 食客
dependants	dɪˈpendənts	n. 受赡养者, 受扶养的家属( dependant的复数形式 )
depended	diˈpendid	v. 依靠( depend的过去式和过去分词 ); 依赖; 信赖; 决定于
dependent	di'pendәnt	n. 依赖他人者
dependents	计	[原型] dependents 是 dependent 的复数
dependest	dɪ'pend	vt. 信赖，信任，相信，确信，对…有信心(通常与on或upon连用)：；依赖，依靠(通常与on或upon连用)：
depending	计	[原型] depending 是 depend 的现在分词
depends		v. 依赖；信赖（depend的三单形式）
deposit	di'pɒzit	n. 存款, 定金, 堆积物
deposited		v. 储存；存放；放置（deposit的过去分词）
depositing	di'pɔzitiŋ	n. 涂覆；镀层, 电铸；沉淀
deposition	.depә'ziʃәn	n. 免职, 作证, 沉淀
depositions		n. 口供；宣誓作证（deposition的复数形式）
deposits	diˈpɔzits	n. 存放( deposit的名词复数 ); 订金; 寄存处; 储蓄
depress	di'pres	vt. 使沮丧, 压低, 降低, 使萧条
depressed	di'prest	a. 沮丧的, 降低的
depresses	diˈpresiz	v. 压下( depress的第三人称单数 ); 使愁苦; 降低（价格）; 使跌价
depressing	di'presiŋ	a. 抑压的, 沉闷的, 阴沉的
depression	di'preʃәn	n. 不景气, 消沉, 沮丧, 洼地
depressions	dɪp'reʃnz	n. 低气压( depression的复数形式 ); 凹陷; 忧伤; 经济大萧条
deprive	di'praiv	vt. 剥夺, 使丧失
deprived		a. 穷困的, 丧失了受良好教育权利的, 贫穷的
depriver		n. deprive的变形
deprives	diˈpraivz	v. 剥夺, 夺去, 使丧失( deprive的第三人称单数 )
depth	depθ	n. 深度, 深处, 深奥
depths		n. 深处；深渊
deputies	ˈdepjutiz	n. 副手( deputy的名词复数 ); 代理人; （某些国家的）议员; （美国协助地方治安官办案的）警官
deputy	'depjuti	n. 副手，代理人
derivation	.deri'veiʃәn	n. 推论, 推导, 来历
derivations	derɪ'veɪʃnz	n. 发展( derivation的复数形式 ); 起源; 派生; 词源
derive	di'raiv	vt. 得自
derived		a. 导出的；衍生的, 派生的
deriver		n. 河流级护卫舰
derives	diˈraivz	v. 得到( derive的第三人称单数 ); （从…中）得到获得; 源于; （从…中）提取
derivest	dɪ'raɪv	vt. 得到，取得，获得；导出；形成 (from):；引(申)出，推论出，推断，推知，推究(from):
descend	di'send	vi. 下降, 世代相传, 屈尊, 袭击
descendant	di'sendәnt	n. 后裔, 子孙
descendants		n. 后代, 晚辈（descendant的复数）；子节点；衍生物
descended		-1
descender	di'sendә(r)	[计] 后继
descendest	dɪ'send	vi. 下降，下来，下去：；(在刻度或标尺上)下降，降低
descending	di'sendiŋ	a. 下降的, 下行的
descends	diˈsendz	v. 下来( descend的第三人称单数 ); 下去; 下降; 下斜
descent	di'sent	n. 降落, 家系, 侵袭, 血统
descentes	网络	(descente 的复数)
descents	diˈsents	n. 下降( descent的复数形式 ); 沦落; 下坡; 血统
describe	di'skraib	vt. 描述, 描绘, 画
described		v. 描述, 描写（describe的过去式）
describer	dis'kraibә	n. 叙述者, 制图者, 描写者
describes		v. 描述, 记述；形容, 作图（describe的复数形式）
describest	dɪ'skraɪb	vt. 讲述，叙述，记叙，评述，描述，描写；形容；勾勒，刻画：；把…称为，把…说成(as):
description	di'skripʃәn	n. 描述, 说明, 种类
descriptions		n. 说明, 说明书；摘要；描述（description的复数形式）
desert	'dezәt. di'sә:t	n. 沙漠, 应得的赏罚, 功劳
deserted	di'zә:tid	a. 被遗弃的, 废弃的
deserter	'dezәtә	n. 背弃者, 脱党者, 逃亡者
desertest	(for v.) dɪ'zɜːt; (for n.) 'dezət	n. 沙漠；荒漠，荒原，不毛之地
deserting	ˈdezətɪŋ	v. 舍弃( desert的现在分词 ); 废弃; （在需要时刻）背离; 擅离（职守、工作岗位、现役等）
deserts	dɪˈzɜ:ts	n. 应得到的事物; 沙漠( desert的名词复数 ); 赏罚; 荒漠; [常用复数]应得的赏（或罚）
deserve	di'zә:v	vt. 该得到, 值得
deserved	di'zә:vd	a. 应得的, 理所当然的, 该受的
deserver		应得者, 应受者
deserves	diˈzə:vz	v. 应受, 应得, 值得( deserve的第三人称单数 ); 应受报答; 应得报酬; 应得赔偿
deservest	dɪ'zɜːv	vt. 值得；应得，该得，应受(赏罚、帮助等)：
design	di'zain	n. 设计, 图样, 方案, 企图
designate	'dezigneit	vt. 指定, 指明, 称呼
designated	'deziɡ.neitid	a. 特指的；指定的
designates	ˈdeziɡneits	v. 指出( designate的第三人称单数 ); 指派; 命名; 标明
designed	di'zaind	a. 故意的, 有计划的, 特意的
designer	di'zainә	n. 设计者, 谋划者, 制图者
designers		n. 设计师, 设计者；设计器（designer的复数形式）
designing	di'zainiŋ	a. 阴谋的, 诡诈的
designs		n. 阴谋, 诡计
desirable	di'zairәbl	a. 令人想望的, 可取的
desirables		n. 称心如意的人[东西]（desirable的复数形式）
desire	di'zaiә	n. 欲望, 要求
desired	di'zaiәd	a. 渴望的；想得到的
desirees	di'ziərei	n. 拿破仑情史（电影名）
desirer		n. 欲望；要求, 心愿；性欲 (desire的变形)
desires		n. 欲望；心愿（desire的复数形式）
desirest	dɪ'zaɪə	vt. 希望，想望，期望，渴望，热望，欲望，意欲：；恳求，请求，要求，想要，向…要：
desk	desk	n. 书桌, 办公桌, 工作台
desked	desk	n. 书桌, 办公桌, 写字台, 绘图桌；【宗教】
desking	desk	n. 书桌, 办公桌, 写字台, 绘图桌；【宗教】
desks		n. 书桌；桌子（desk的复数）
desolate	'desәlәt	a. 荒凉的
desolated	ˈdesəlitid	v. 毁坏( desolate的过去式和过去分词 ); 极大地破坏; 使沮丧; 使痛苦
desolater		n. desolate的变形
desolates	ˈdesəlits	v. 毁坏( desolate的第三人称单数 ); 极大地破坏; 使沮丧; 使痛苦
despair	di'spєә	n. 绝望, 失望
despaired	disˈpɛəd	v. 绝望( despair的过去式和过去分词 )
despairer		n. 绝望；令人绝望的人或事 (despair的变形)
despairest	dɪ'speə	n.
despairing	dis'peәriŋ	a. 绝望的
despairs	disˈpɛəz	n. 绝望( despair的名词复数 ); 使人绝望的人（或事物）
desperate	'despәrәt	a. 不顾一切的, 危急的, 令人绝望的, 极渴望的
desperates	'desp(ə)rət	adj. 不顾一切的；令人绝望的；极度渴望的
despise	di'spaiz	vt. 轻视
despised	disˈpaizd	v. 鄙视, 看不起某人（某事）( despise的过去式和过去分词 )
despiser		轻视者
despises	disˈpaiziz	v. 鄙视, 看不起某人（某事）( despise的第三人称单数 )
despisest	dɪ'spaɪz	vt.
despite	di'spait	n. 轻视, 憎恨
despited	dɪ'spaɪt	prep. 尽管, 不管
despites	dɪ'spaɪt	prep. 尽管，不管
dessert	di'zә:t	n. 餐后甜点
desserts	dɪ'zɜ:ts	n. （餐后）甜食, 甜点( dessert的复数形式 )
destination	.desti'neiʃәn	n. 目的地, 目标, 目的
destinations	destɪ'neɪʃnz	n. 目的地, 终点( destination的复数形式 ); 目的, 目标; [罕用语]预定, 指定; 注定
destine	'destin	vt. 注定, 预定
destined		-2
destines	ˈdestɪnz	v. 预定( destine的第三人称单数 ); 指定; 命定; 打算
destinest	'destɪn	vt.
destinies	ˈdestiniz	n. 命运( destiny的名词复数 ); 天命; 天数; 主宰事物的力量
destiny	'destini	n. 命运, 定数
destroy	di'strɒi	vt. 破坏, 毁坏, 消灭
destroyed		a. 被毁, 毁坏；遭破坏的
destroyer	di'strɒiә	n. 破坏者, 消灭者, 起破坏作用的东西, 驱逐舰
destroyest	dɪˈstrɔɪ	vt.
destroying	disˈtrɔiŋ	v. 破坏( destroy的现在分词 ); 毁灭; 消灭; 杀死
destroys	disˈtrɔiz	v. 破坏( destroy的第三人称单数 ); 毁灭; 消灭; 杀死
destruction	di'strʌkʃәn	n. 破坏, 毁灭
destructions		(destruction 的复数) n. 破坏, 毁灭
destructive	di'strʌktiv	a. 毁灭性的, 破坏的, 有害的
detach	di'tætʃ	vt. 使分离, 分遣
detached	di'tætʃt	a. 超然的, 分离的, 冷淡的
detaches	diˈtætʃiz	v. 拆卸( detach的第三人称单数 ); 派遣; 分遣; 分派
detachest	dɪ'tætʃ	vt.
detaching		v. 分离（detach的ing形式）
detail	'di:teil	n. 细节, 详情
detailed	'di:teild	a. 详细的, 复杂的
detailer	di:'teɪlə	大样设计员, 细部设计员
detailing	化	[原型] detailing 是 detail 的现在分词
details		n. 详细资料；细节（detail的复数）
detain	di'tein	vt. 扣留, 扣押, 耽搁
detained	diˈteind	v. 留住( detain的过去式和过去分词 ); 耽搁; 拘留; 扣留
detainer	di'teinә	n. 拘留者, 非法留置, 继续监禁令
detainest	dɪ'teɪn	vt.
detaining	diˈteinɪŋ	v. 留住( detain的现在分词 ); 耽搁; 拘留; 扣留
detains	diˈteinz	v. 留住( detain的第三人称单数 ); 耽搁; 拘留; 扣留
detect	di'tekt	vt. 发现, 察觉, 探测
detected		a. 检测到的
detecter	di'tektə	检波器
detectest	dɪ'tekt	vt.
detecting	di'tektiŋ	[计] 检测, 探测
detection	di'tekʃәn	n. 发现, 察觉, 探测
detections		n. 侦测到, 探测到；信号检测；探测（detection的复数）
detective	di'tektiv	n. 侦探
detectives	dɪ'tektɪvz	n. 侦探( detective的复数形式 )
detector	di'tektә	n. 发现者, 检验器, 检波器
detectors	dɪ'tektəz	n. 探测器( detector的复数形式 )
detects	diˈtekts	v. 发现, 发觉, 查明( detect的第三人称单数 )
determination	di.tә:mi'neiʃәn	n. 决心, 果断
determinations	diˌtə:miˈneiʃənz	n. 决心( determination的复数形式 ); 果断; 坚定; 决定
determine	di'tә:min	v. 决定, 决心
determined	di'tә:mind	a. 坚决的, 已下决心的
determiner	di'tә:minә	n. 限定词
determines	diˈtə:minz	v. （使）下决心, （使）做出决定( determine的第三人称单数 ); 决定; 确定; 使决定
determinest	dɪ'tɜːmɪn	vt.
develop	di'velәp	vt. 发展, 使发达, 进步, 洗印, 显影
developed	di'velәpid	a. 发达的（国家或地区）；成熟的
developer	di'velәpә	n. 开发者
developes		v. 发展；开发；产生；使发达
developing	di'velәpiŋ	a. 发展中的
development	di'velәpmәnt	n. 发展
developments		n. 建设；发展；进展（development的复数）
develops	diˈveləps	v. 开发( develop的第三人称单数 ); 发展; （使）成长; （使）发育
deviate	'di:vieit	vi. 脱离, 偏离
deviated	ˈdi:vieitid	v. 偏离, 越轨( deviate的过去式和过去分词 )
deviater	'diːvɪeɪt	vi. (从航向、道路、通路)偏离，背离(正路、路线、方向、标准、主义等) (from):；扯开，离题(from):
deviates	ˈdi:vieits	v. 偏离, 越轨( deviate的第三人称单数 )
deviatest	'diːvɪeɪt	vi. (从航向、道路、通路)偏离，背离(正路、路线、方向、标准、主义等) (from):；扯开，离题(from):
deviation	.di:vi'eiʃәn	n. 背离
deviations	di:v'ɪeɪʃnz	n. 背离, 偏离( deviation的复数形式 ); 离经叛道的行为
device	di'vais	n. 装置, 设计, 策略, 发明物, 设备
devices		n. 设备；装置；器件（device的复数）
devil	'devәl	n. 魔鬼
deviled	'devəld	a. 蘸了很多芥末的
deviling	'devәliŋ	开毛, 扯碎呢
devilled	'devld	a. 蘸了很多芥末的
devilling	de'vəlɪŋ	刻槽
devils		n. 魔鬼；恶魔（devil的复数形式）
devise	di'vaiz	vt. 设计, 发明, 图谋, 遗赠给
devised	diˈvaizd	v. 想出( devise的过去式和过去分词 ); 计划; 设计; 发明
devisees		n. 【法】被遗赠者
deviser	di'vaizә	n. 设计者, 计划者, 发明者
devises	diˈvaiziz	v. 想出( devise的第三人称单数 ); 计划; 设计; 发明
devisest	dɪ'vaɪz	vt.
devote	di'vәut	vt. 投入于, 献身
devoted	di'vәutid	a. 投入的, 深爱的
devotees	ˌdevəˈti:z	n. 热爱者( devotee的复数形式 )
devoter	dɪ'vəʊt	vt. 献身于, 致力于, 专心于, 专心致力于, 专心从事, 把(时间、精力等)专用于(某些目的、活动、研究、职业、事
devotes	diˈvəuts	v. 把…奉献（给）, 把…专用（于）( devote的第三人称单数 )
devotest	dɪ'vəʊt	vt.
devotion	di'vәuʃәn	n. 热爱, 投入
devotions		n. 祈祷；虔敬（devotion的复数形式）
devour	di'vauә	vt. 吞食, 挥霍, 吞没
devoured	diˈvauəd	v. 吞没( devour的过去式和过去分词 ); 耗尽; 津津有味地看; 狼吞虎咽地吃光
devourer		吞噬者
devouring	diˈvauərɪŋ	v. 吞没( devour的现在分词 ); 耗尽; 津津有味地看; 狼吞虎咽地吃光
devours	diˈvauəz	v. 吞没( devour的第三人称单数 ); 耗尽; 津津有味地看; 狼吞虎咽地吃光
dew	dju:	n. 露珠, 露水
dewd	d'ju:d	abbr. detailed elementary wiring diagram(s) 详细的基本接线图，接线详图
dewed		vt. 弄湿（dew的过去式与过去分词形式）
dewer		喷水工
dewing	d'ju:ɪŋ	结露
dews	经	[原型] dews 是 dew 的复数
diagnose	'daiәgnәuz	v. 诊断
diagnosed	ˈdaiəɡnəuzd	v. 诊断( diagnose的过去式和过去分词 )
diagnoser	'daɪəgnəʊz; -'nəʊz	vt.
diagnoses		pl. 诊断, 判断, 调查分析
diagram	'daiәɡræm	n. 图表；图解
diagraming		n. 图；【数】作图
diagrammed		(diagram 的过去分词) n. 图表；图解
diagrammer		图示化工具
diagramming	'daiә,^ræmiŋ	[计] 图形表示, 用图解法表示
diagrams	ˈdaiəɡræmz	n. 图解, 简图, 图表( diagram的名词复数 )
dial	'daiәl	n. 刻度盘, 钟面, 转盘
dialect	'daiәlekt	n. 方言, 同源语
dialects	'daɪəlekts	n. 方言, 土语( dialect的复数形式 )
dialed	ˈdaiəld	v. 打电话, 拨电话号码( dial的过去式和过去分词 )
dialer	'daiәlә	[计] 拨号装置
dialing		n. 拨号
dialog	'daiәlɒg	n. 会话, 对话
dialoged		n. 问答；(小说中的)对白；问答题
dialoging		n. 问答；(小说中的)对白；问答题
dialogs	ˈdaiəlɔɡz	n. 会话, 对话( dialog的复数形式 )
dialogue	'daiәlɒg	n. 对话
dialogued	'daɪəlɒɡ	n. (小说中的)对白；对语；问答题
dialogues	ˈdaiəlɔɡz	n. 对话( dialogue的复数形式 ); （文学、戏剧、电影等中的）对话; 对白; 意见分歧者之间的意见交换
dials	ˈdaiəlz	n. 钟（表）面( dial的名词复数 ); 标度盘; 拨号盘; 表盘
diameter	dai'æmitә	n. 直径
diameters	da'ɪæmɪtəz	n. 直径( diameter的复数形式 ); 放大率
diamond	'daiәmәnd	n. 钻石, 菱形
diamonded	'daɪəmənd	n. 钻石, 金刚石；菱形；方块牌
diamonding		菱形变形; 菱形形变
diamonds	医	[原型] diamonds 是 diamond 的复数
diaries	ˈdaiəriz	n. 日记, 日记簿( diary的名词复数 ); （工作日程）记事簿
diary	'daiәri	n. 日记
diarying	'daɪərɪ	n. 日志，日记；日记簿
dictate	'dikteit	vi. 听写, 口述, 口授
dictated	dikˈteitid	v. 大声讲或读( dictate的过去式和过去分词 ); 口授; 支配; 摆布
dictates	dikˈteits	n. 命令, 规定, 要求( dictate的名词复数 )
dictatest	dɪk'teɪt	vt.
dictation	dik'teiʃәn	n. 听写, 口述, 命令
dictations	dikˈteiʃənz	n. 口授, 听写( dictation的复数形式 ); 听写测验
dictator	'dikteitә	n. 命令者, 独裁者
dictators	ˈdɪkˌteɪtəz	n. 独裁者( dictator的复数形式 ); 专制者; 发号施令者; 专横的人
dictionaries	'dɪkʃənərɪ	n. 词典, 字典( dictionary的名词复数 )
dictionary	'dikʃәnәri	n. 字典, 词典
dictionarying	'dɪkʃ(ə)n(ə)rɪ	n.
did	did	do的过去式
die	dai	vi. 死亡, 消逝, 平息, 熄灭, 漠然, 渴望
died		v. 死亡, 消逝（die的过去式和过去分词）
dies	'daii:z	v. 死亡；凋谢；消失（动词die的第三人称单数形式）
diesel	'di:zәl	n. 内燃机, 柴油机, 柴油
dieseled	'diːz(ə)l	n. 柴油机；柴油；（俚）健康的身体
dieseling	'di:zlɪŋ	自燃现象
dieselling	'diːz(ə)l	diesel
diesels	ˈdi:zəlz	n. 柴油( diesel的复数形式 ); 柴油机机车（或船等）
diest		abbr. dual injection emitter-switched thyristor 双注入射极开关晶闸管
diet	'daiәt	n. 日常饮食, 议会
dieted		vt.& vi. （使）节制饮食（diet的过去式与过去分词形式）
dieter	'daiәtә	n. 节食者
dieting		n. 节食；节食减肥
diets	ˈdaiəts	n. 日常饮食( diet的名词复数 ); 规定饮食
differ	'difә	vi. 不一致, 不同
differed	ˈdifəd	v. 不同, 有异( differ的过去式和过去分词 ); 持异议
difference	'difәrәns	n. 不同, 差异
differenced		vt. 辨别, 区分（difference的过去式与过去分词形式）
differences		n. 偏差, 差异（difference复数形式）
different	'difәrәnt	a. 不同的
differently	'difrentli	adv. 差异, 不同, 各别, 各种
differest	'dɪfə	vi.
differing	ˈdifərɪŋ	v. 不同, 有异( differ的现在分词 ); 持异议
differs	ˈdifəz	v. 不同, 有异( differ的第三人称单数 ); 持异议
difficult	'difikәlt	a. 困难的
difficulted	'dɪfɪk(ə)lt	adj.
difficulties	ˈdifikəltiz	n. 困难( difficulty的名词复数 ); 难度; 难事; 麻烦
difficulting	'dɪfɪk(ə)lt	adj.
difficulty	'difikәlti	n. 困难, 难点
dig	dig	vt. 挖, 翻土, 发掘
digest	di'dʒest	n. 文摘
digested	daiˈdʒestid	v. 消化( digest的过去式和过去分词 ); 透彻了解
digester	di'dʒestә, dai-	n. 做摘要者, 蒸煮锅, 蒸煮器
digestest	daɪ'dʒest; dɪ-	vt.
digesting	化	[原型] digesting 是 digest 的现在分词
digests	daiˈdʒests	n. 摘要, 文摘, 汇编( digest的名词复数 )
digged	di^d	<古>dig的过去式
digger	'digә	n. 挖掘者
diggest	dɪɡ	n.
digging	'digiŋ	n. 挖掘
digital	'didʒitәl	a. 数字显示的, 数字的
digitals	网络	[原型] digitals 是 digital 的复数
dignities		n. 尊严（dignity的复数形式）
dignity	'digniti	n. 尊严, 高贵
digs		n. 寄宿处, 住所
dilemma	di'lemә	n. 困境, (进退两难的)窘境
dilemmas	dɪ'leməz	n. 左右为难( dilemma的复数形式 ); 窘境, 困境
diligent	'dilidʒәnt	a. 勤勉的, 用功的
dim	dim	a. 暗淡的, 模糊的
dimension	dai'menʃәn	n. 尺寸, 次元, 面积, 维数
dimensioned	dɪ'menʃ(ə)n; daɪ-	n. [数] 维；尺寸；次元；容积
dimensioner	dɪ'menʃ(ə)n; daɪ-	n.
dimensioning	计	[原型] dimensioning 是 dimension 的现在分词
dimensions		n. 面积, 大小, 容积
dimer	'daimә	n. 二聚物
dimes	daimz	n. （美国、加拿大的）10分铸币( dime的复数形式 )
diminish	di'miniʃ	v. (使)减少, (使)变小
diminished	di'miniʃt	a. 减退了的；减弱的
diminisher	di'miniʃә	减光器, 减声器
diminishes	diˈminiʃiz	v. （使）减少, 缩小( diminish的第三人称单数 ); 减弱…的权势
diminishing	di'miniʃiŋ	v. 减少；衰减；递减；削弱…的权势（diminish的现在分词）
dimmed		a. 无效的；暗灰色的
dimmer	'dimә	n. 调光器
dimmest	'dɪmɪst	a. 最迟钝的; 暗淡的( dim的最高级 ); 不光明的; 看不清的; （性质和特征上）不显著的
dimming	'dimiŋ	n. 调光；变暗
dims	'dɪmz	v. （使）变暗淡( dim的第三人称单数 ); （使）变模糊; （使）减弱; 变淡漠
dine	dain	vi. 用正餐, 进餐
dined	daind	v. 吃饭, 进餐( dine的过去式和过去分词 ); 设宴款待, 请客
diner	'dainә	n. 用餐者
dines	dainz	v. 吃饭, 进餐( dine的第三人称单数 ); 设宴款待, 请客
dinest	daɪn	vi.
dinner	'dinә	n. 晚餐, 正餐, 宴会
dinnered	'dɪnə	n.
dinnering	'dɪnə	n.
dinners	ˈdinəz	n. 正餐, 主餐( dinner的复数形式 ); 宴会
dinosaur	'dainәsɒ:	n. 恐龙
dinosaurs	'daɪnəsɔ:z	n. <生>恐龙( dinosaur的复数形式 ); 守旧落伍的人, 过时落后的东西
dioxide	dai'ɒksaid	n. 二氧化物
dioxides		(dioxide 的复数) n. 二氧化物
dip	dip	v. 浸, 降下, 把(手、勺等)伸入, 舀取
diploma	di'plәumә	n. 文凭, 毕业证书
diplomad		a. 持有文凭的, 持有执照的
diplomaed	di'plәjmәd	a. 持有文凭的, 持有执照的
diplomas		pl. 公文, 文书, 执照, 特许证, 毕业文凭, 学位证书, 奖状
diplomat	'diplәmæt	n. 外交官, 有外交手腕的人
diplomated	'dɪpləmeɪt	n.
diplomates		(diplomate 的复数) n. (持有资格证书的)医师
diplomatic	.diplә'mætik	a. 外交的, 老练的
diplomatics	,diplә'mætiks	(=diplomacy)外交手腕
diplomating	'dɪpləmæt	n.
diplomats	'dɪpləmæts	n. 外交官( diplomat的复数形式 ); 有手腕的人, 善于交际的人
dipped	'dɪpt	v. 浸( dip的过去式和过去分词 ); （把烛芯浸在融蜡里）制造（蜡烛）; 把（汽车前灯）的远光调为近光; 洗药水浴
dipper	'dipә	n. 显影液槽, 浸礼会教友, 浸染工, 北斗七星
dippest	dɪp	DIP
dipping	'dipiŋ	[计] 浸渍
dips		abbr. 日本电信电话公司信息处理系统（Dendenkosha Information Processing Syst
direct	di'rekt	a. 直接的, 坦白的
directed	di'rektid. dai-	a. 定向的；经指导的；被控制的
directer	di'rektə; dai-	n. =director
directes	网络	(directe 的复数)
directest	dəˈrekt; daɪˈrekt	vt.
directing	经	[原型] directing 是 direct 的现在分词
direction	di'rekʃәn	n. 方向, 指导, 趋势
directioner	dɪˈrɛkʃən; daɪ-	n. 指示，命令，指令；管理，经理，安排，操纵，控制；监督；指导
directions		n. 指示；方向；用法说明书（direction的复数形式）
directly	di'rektli, dai'rektli	adv. 径直地, 直接地, 直率地, 正好地, 直截了当地, (非正式)立即, 马上
director	di'rektә	n. 主管, 导演, 董事
directories		n. 目录, 名录；指南；计算机文件或程序的目录（directory的复数）
directors		n. 导演；主管；理事；董事（director的复数形式）
directory	di'rektәri	n. 目录, 工商名录, 指南
directs	diˈrekts	v. （用建议、指示、有益的情报等）指导( direct的第三人称单数 ); 导演（戏剧或电影）; 指示方向; 把…对准
dirt	dә:t	n. 污垢, 泥土
dirted	dɜːt	n.
dirter	dɜːt	n. 污物，污秽物；污泥，烂泥；污垢，尘垢，灰尘，尘土；垃圾，废物；粪肥，排泄物；卑鄙(或可鄙)的人
dirtest	dɜːt	n. 污物，污秽物；污泥，烂泥；污垢，尘垢，灰尘，尘土；垃圾，废物；粪肥，排泄物；卑鄙(或可鄙)的人
dirtied	ˈdə:tid	v. 弄脏( dirty的过去式和过去分词 )
dirties	ˈdə:tiz	v. 弄脏( dirty的第三人称单数 )
dirts		泥土( dirt的名词复数 )；污垢；下流想法；恶言
dirty	'dә:ti	a. 肮脏的, 卑鄙的
dirtying	ˈdə:tiŋ	v. 弄脏( dirty的现在分词 )
disabilities	ˌdisəˈbilitiz	n. 无能力( disability的名词复数 ); 无力; 残疾; 伤残
disability	disә'biliti	n. 无力, 无能, 残疾
disable	dis'eibl	vt. 使失去能力, 使残废, (律)使无资格
disabled	dis'eibld	a. 残废的, 有缺陷的, 失效的
disableds	dɪs'eɪbld	adj. 残废的，有缺陷的
disables	disˈeiblz	v. 使无能力( disable的第三人称单数 ); 使残废; 使伤残; 使无效
disadvantage	.disәd'vɑ:ntidʒ	n. 缺点, 不利, 坏处
disadvantaged	disәd'vɑ:ntidʒ	a. 社会地位低下的, 生活条件差的, 被剥夺了基本权利的
disadvantages	ˌdisədˈvɑ:ntidʒz	n. 不利, 劣势, 短处( disadvantage的名词复数 )
disagree	.disә'gri:	vi. 不一致, 不适宜
disagreed	ˌdisəˈɡri:d	v. 不同意( disagree的过去式和过去分词 ); （食物）有害健康; 不适合; 不符
disagreeing	ˌdisəˈɡri:ɪŋ	v. 不同意( disagree的现在分词 ); （食物）有害健康; 不适合; 不符
disagreement	.disә'gri:mәnt	n. 不合, 争论, 不一致
disagreements	dɪsəɡ'ri:mənts	n. 分歧, 意见不合( disagreement的复数形式 )
disagreer		n. disagree的变形
disagrees	dɪsəɡ'ri:z	v. 不同意( disagree的第三人称单数 ); （食物）有害健康; 不适合; 不符
disappear	.disә'piә	vi. 消失, 不见
disappearance	.disә'piәrәns	n. 看不见, 失踪, 消失
disappearances	dɪsə'pɪərənsɪz	n. 消失( disappearance的复数形式 ); 丢失; 失踪; 失踪案
disappeared		a. 消失的；消失了的
disappearest	dɪsə'pɪə	vi.
disappearing	ˌdisəˈpiərɪŋ	v. 不见, 消失( disappear的现在分词 ); 不复存在; 掩始; 隐显
disappears	ˌdisəˈpiəz	v. 不见, 消失( disappear的第三人称单数 ); 不复存在
disappoint	.disә'pɒint	vt. 使失望
disappointed	.disә'pɒintid	a. 失望的
disappointest	dɪsə'pɒɪnt	vt.
disappointing	.disә'pɒintiŋ	a. 使失望的, 期待落空的, 令人沮丧的
disappoints	ˌdisəˈpɔints	v. 使（人）失望( disappoint的第三人称单数 ); 使破灭, 使落空
disapprove	.disә'pru:v	v. 不赞成
disapproved	ˌdɪsəˈpru:vd	v. 不赞成( disapprove的过去式和过去分词 )
disapprover		n. disapprove的变形
disapproves	ˌdɪsəˈpru:vz	v. 不赞成( disapprove的第三人称单数 )
disapprovest	dɪsə'pruːv	vt.
disaster	di'zɑ:stә	n. 灾祸, 不幸, 彻底失败
disasters	dɪ'zɑ:stəz	n. 灾难( disaster的复数形式 ); 彻底的失败; 不幸; 祸患
disastrous	di'zɑ:strәs	a. 损失惨重的, 悲伤的
disbelief	.disbi'li:f	n. 不信, 怀疑
disbeliefs		(disbelief 的复数) n. 不信, 怀疑
discard	dis'kɑ:d	vt. 丢弃, 抛弃
discarded	dɪs'kɑ:rdɪd	v. 丢弃, 抛弃( discard的过去式和过去分词 ); 不再使用
discarder		打出的牌
discardest	dɪ'skɑːd	vt.
discarding	disˈkɑ:dɪŋ	v. 丢弃, 抛弃( discard的现在分词 ); 不再使用
discards		n. 抛弃物, 废物（discard的复数形式）
discern	di'zә:n	v. 辨别, 看清楚, 了解
discerned	diˈsə:nd	v. 看见( discern的过去式和过去分词 ); 辨明; 觉察出; 识别
discerner		n. discern的变形
discernest	dɪ'sɜːn	vt.
discerning	di's\\:niŋ	a. 有眼力的, 敏锐的, 有辨别能力的, 有洞察力的
discerns	diˈsə:nz	v. 看见( discern的第三人称单数 ); 辨明; 觉察出; 识别
discharge	dis'tʃɑ:dʒ	vt. 卸下, 放出, 解雇, 拔染, 履行, 放电
discharged	dis'tʃɑ:dʒd	a. 放电的；泻出的
dischargees	,distʃɑ:'dʒi:	n. 戒毒会康复者；出院者
discharger	dis'tʃɑ:dʒә	n. 卸货人, 排出装置, 履行者
discharges	disˈtʃɑ:dʒz	v. 下（客）( discharge的第三人称单数 ); 卸船; 免除（自己的义务、负担等）; 执行
dischargest	dɪs'tʃɑːdʒ	vt.
discipline	'disiplin	n. 训练, 纪律
disciplined	'disiplind	a. 遵守纪律的；受过训练的
discipliner		n. 学科；纪律；训练；惩罚 (discipline的变形)
disciplines		n. 科目；纪律（discipline的复数）
disciplinest	'dɪsɪplɪn	n.
disclose	dis'klәuz	vt. 揭露, 透露
disclosed	disˈkləuzd	v. 说出( disclose的过去式和过去分词 ); 揭露; 使显露; 使暴露
discloser		n. 揭露者（disclose的名词形式）
discloses	disˈkləuziz	v. 说出( disclose的第三人称单数 ); 揭露; 使显露; 使暴露
disclosest	dɪs'kləʊz	vt.
disco	'diskәu	n. 夜总会, 迪斯科, 的士高
discoed	'dɪskəʊ	n. 迪斯科
discoes	'dɪskəʊ	n. 迪斯科舞厅；的士高
discoing		(disco 的现在分词) n. 夜总会, 迪斯科, 的士高
discos		n. 迪斯科
discount	'diskaunt	n. 折扣, 贴现率
discounted	ˈdiskauntid	a. 已贴现的；已折扣的
discounter	经	(22169/-)
discounting		vt. 折现；贴现；折扣；计算现值（discount的现在分词）
discounts		n. 优惠, 折价；扣减额（discount的复数形式）
discourage	dis'kʌridʒ	vt. 使气馁, 阻碍
discouraged	dis'kʌridʒd	a. 气馁的
discourager	dɪs'kʌrɪdʒər	n. 沮丧, 妨碍, 劝阻者
discourages	disˈkʌridʒz	v. 使气馁( discourage的第三人称单数 ); 使沮丧; 阻碍; 劝阻
discouragest	dɪs'kʌrɪdʒ	vt.
discourse	'diskɒ:s	n. 谈话, 演讲
discoursed		vi. 演说（discourse的过去式与过去分词形式）
discourser		n. 论述；谈话；演讲 (discourse的变形)
discourses	ˈdiskɔ:siz	n. 论文( discourse的名词复数 ); 演说; 讲道; 话语
discoursest	'dɪskɔːs; -'kɔːs	n.
discover	dis'kʌvә	vt. 发现, 找到, 暴露
discovered		v. 发现, 找到（discover的过去形式）
discoverer	dis'kʌvәrә	n. 发现者
discoverest	dɪ'skʌvə	vt.
discoveries	disˈkʌvəriz	n. 发现( discovery的名词复数 ); 被发现的事物
discovering	dɪs'kʌvərɪŋ	v. 发现( discover的现在分词 ); 碰见; 撞见; 了解到
discovers	disˈkʌvəz	v. 发现( discover的第三人称单数 ); 碰见; 撞见; 了解到
discovery	dis'kʌvәri	n. 发现, 被发现的事物
discrimination	dis.krimi'neiʃәn	n. 差别, 岐视, 辨别力
discriminations		(discrimination 的复数) n. 差别, 岐视, 辨别力
discuss	dis'kʌs	vt. 讨论, 论述
discussed		v. 商讨；讨论（discuss的过去分词）
discusser	dɪs'kʌsər	n. 论述者, 讨论者
discusses	dɪ'skʌs	vt. 讨论；论述, 辩论
discussing	disˈkʌsɪŋ	v. 谈论( discuss的现在分词 ); 讨论; 商量; 论述
discussion	dis'kʌʃәn	n. 讨论
discussions	dɪs'kʌʃnz	n. 讨论( discussion的复数形式 ); 商讨; 详述; 论述
disease	di'zi:z	n. 疾病, 弊病
diseased	di'zi:zd	a. 害病的, 病态的, 不健全的
diseases		n. 病害；疾病；疾病种类；病（disease的复数）
disgrace	dis'greis	n. 耻辱, 不名誉
disgraced	dɪs'greɪst	a. （人）丢脸的, 耻辱的, 不光彩的
disgracer	dɪs'ɡreɪsə	n. 丢脸的人, 给他人脸上抹黑的人, 害群之马；丢脸的事, 丑事
disgraces	disˈɡreisiz	n. 丢脸( disgrace的名词复数 ); 耻辱; 不光彩; 丢脸的人（或事）
disgracest	dɪs'greɪs	n.
disguise	dis'gaiz	n. 假面目, 假装
disguised	disˈɡaizd	v. 假扮( disguise的过去式和过去分词 ); 化装; 伪装; 掩盖
disguiser		n. 伪装者, 假装者
disguises	disˈɡaiziz	n. 伪装( disguise的名词复数 ); 伪装品
disguisest	dɪs'gaɪz	vt.
disgust	dis'gʌst	n. 厌恶, 嫌恶
disgusted	dis'ɡʌstid	a. 厌恶的；厌烦的
disgusting	dis'gʌstiŋ	a. 令人厌恶的
disgusts	disˈɡʌsts	n. 反感, 厌恶, 嫌恶( disgust的名词复数 )
dish	diʃ	n. 盘子, 碟, 菜肴
dishd		abbr. dishonoured （票据）拒付的
dished	diʃd	a. 中凹的
dishes		n. 餐具
dishing	'diʃiŋ	a. 凹陷的（表面凹陷）；碟形的
dishonour	dis'ɔnә	n. 不名誉, 使人丢脸的人/事, 耻辱, 不光彩
dishonoured	dɪs'ɒnəd	拒收的；拒付的；无法偿付的
dishonourest	dis'ɔnə	n.
dishonouring		vt. 使（人、家族等）丧失名誉（dishonour的现在分词形式）
dishonours	dɪsˈɔnəz	n. 不名誉( dishonour的名词复数 ); 耻辱; 丢脸; 丢脸的人或事
disillusion	.disi'lu:ʒәn	n. 觉醒, 幻灭
disillusioned		a. 幻想破灭了的, 大失所望的, 醒悟了的
disillusioning	ˌdisiˈlu:ʒənɪŋ	v. 使不再抱幻想, 使理想破灭( disillusion的现在分词 )
disillusions	ˌdisiˈlu:ʒənz	v. 使不再抱幻想, 使理想破灭( disillusion的第三人称单数 )
disk	disk	n. 圆盘, 磁盘
disked	dɪsk	n. 圆盘；盘状；〈美〉唱片；【体】铁饼
disking	'diskiŋ	[航空]地面小距
disks		n. 圆盘；磁盘（disk的复数）
dislike	dis'laik	n. 嫌恶
disliked	disˈlaikt	v. 不喜欢, 厌恶( dislike的过去式和过去分词 )
disliker		n. dislike的变形
dislikes		n. 不喜欢（dislike的复数）
dislikest	dɪs'laɪk	vt.
dismay	dis'mei	n. 沮丧
dismayed	dɪsˈmeɪd	a. 惊愕的; 惊慌的; 沮丧的; 失望的
dismaying	disˈmeiŋ	v. 使惊愕, 使焦虑, 使气馁( dismay的现在分词 )
dismays	disˈmeiz	n. 惊愕, 气馁( dismay的名词复数 )
dismiss	dis'mis	vt. 解散, 开除, 解职
dismissed	dɪs'mɪst	v. 解雇( dismiss的过去式和过去分词 ); （使击球员或球队）退场; 使退去; 驳回
dismisses	dɪs'mɪs	vt. 解散；解雇；开除；让...离开
dismissest	dɪs'mɪs	vt.
dismissing	disˈmisɪŋ	v. 解雇( dismiss的现在分词 ); （使击球员或球队）退场; 使退去; 驳回
disobey	.disә'bei	v. 违反, 不服从
disobeyed	ˌdɪsəˈbeɪd	v. 不服从, 不顺从( disobey的过去式和过去分词 )
disobeyer		n. 反抗的人
disobeyest	dɪsə'beɪ	vt.
disobeying	ˌdɪsəˈbeɪŋ	v. 不服从, 不顺从( disobey的现在分词 )
disobeys	ˌdɪsəˈbeɪz	v. 不服从, 不顺从( disobey的第三人称单数 )
disorder	dis'ɒ:dә	n. 杂乱, 混乱
disordered	dis'ɒ:dәd	a. 混乱的, 发狂的, 害了病的
disorderest	dɪs'ɔːdə	n.
disordering	dɪ'sɔ:dərɪŋ	无序化
disorders	disˈɔ:dəz	n. 混乱( disorder的名词复数 ); 凌乱; 骚乱; （身心、机能）失调
dispatch	dis'pætʃ	vt. 派遣
dispatched	dɪs'pætʃt	v. （常指为了特殊原因或执行特殊任务而迅速地）派遣( dispatch的过去式和过去分词 ); 杀死; （迅速地）发出
dispatcher	dis'pætʃә	n. 发送者, 配车员, 调度员
dispatches	disˈpætʃiz	n. （使者等的）派遣( dispatch的名词复数 ); 急件; 迅速办理（或办妥、摆脱）; （记者发回的）新闻报道
dispatchest	dɪˈspætʃ	vt.
dispatching	计	[原型] dispatching 是 dispatch 的现在分词
disperse	dis'pә:s	vt. 分散, 传播, 散开
dispersed	dis'pә:st	a. 被驱散的, 被分散的, 散布的
disperser	dɪs'pɜ:sə	分散剂
disperses	disˈpə:siz	v. （使）分散( disperse的第三人称单数 ); 疏散; 驱散; 散布
dispersest	dɪ'spɜːs	vt.
displace	dis'pleis	vt. 移置, 替换, 转移
displaced	dis'pleist	a. 位移的；无家可归的；被取代的
displacement	dis'pleismәnt	n. 换置, 移位, 移动, 取代
displacements	dɪsp'leɪsmənts	n. 取代( displacement的复数形式 ); 替代; 移位; 免职
displacer		n. 取代剂, 过滤器, 置换剂
displaces	disˈpleisiz	v. 移动( displace的第三人称单数 ); 替换; 移走; 撤职
display	dis'plei	n. 显示, 陈列, 炫耀, 显示器
displayed	dis'pleid	a. 显示的
displayer	dɪs'pleɪə	[医]显示仪, 显示器
displaying		v. 展出；使展现；显示（display的现在分词形式）
displays		n. 显示器（display的复数）
displease	dis'pli:z	v. 使不愉快, 使(人)生气
displeased		a. 不快的；生气的
displeases	dɪsˈpli:ziz	v. 冒犯, 使生气, 使不愉快( displease的第三人称单数 )
disposal	dis'pәuzәl	n. 丢掉, 处理, 排列, 销毁, 布置
disposals	disˈpəuzəlz	n. （事情的）处置( disposal的复数形式 ); （自由）处置权; 清除; 排列
dispose	dis'pәuz	vt. 处理, 排列, 布置
disposed	di'spәjzd	a. 愿意, 倾向于
disposer	dis'pәuzә	n. 处理者；清除器；碎渣机
disposes	disˈpəuziz	v. 处理, 处置( dispose的第三人称单数 ); 布置; 使愿意或准备做
disposest	dɪ'spəʊz	vt.
dispute	dis'pju:t	n. 争论
disputed		a. 有争议的
disputer	dis'pju:tә(r)	n. 争论者, 争辩者
disputes	disˈpju:ts	n. 辩论( dispute的名词复数 ); 争端; （劳资）纠纷; 罢工
disputest	dɪ'spjuːt; 'dɪspjuːt	vi.
disregard	.disri'gɑ:d	n. 忽视, 漠视
disregarded	ˌdisriˈɡɑ:did	v. 不顾, 不理会, 无视( disregard的过去式和过去分词 )
disregarder		disregard的变形
disregarding	ˌdisriˈɡɑ:dɪŋ	v. 不顾, 不理会, 无视( disregard的现在分词 )
disregards	ˌdisriˈɡɑ:dz	n. 漠视, 忽视, 蔑视( disregard的名词复数 )
disrespectful	.disri'spektful	a. 失礼的, 无礼的, 不尊敬的
disrespectfully	,disri'spektfəli	adv. 无礼地；不恭地
dissatisfaction	'dis.sætis'fækʃәn	n. 不满, 不平
dissatisfies	dɪ'sætɪsfaɪz	v. 使不满意, 使失望, 使不满足( dissatisfy的第三人称单数 )
dissatisfy	dis'sætisfai	vt. 使感觉不满, 不满足
dissatisfying	dɪsˈsætɪsˌfaɪŋ	v. 使不满意, 使失望, 使不满足( dissatisfy的现在分词 )
dissipate	'disipeit	vt. 散失, 驱散, 浪费
dissipated	'disipeitid	a. 沉迷于酒色的, 闲游浪荡的, 消失的
dissipater		n. 浪荡子
dissipates	ˈdisipeits	v. 驱散, 消失( dissipate的第三人称单数 ); 浪费
dissipatest	'dɪsɪpeɪt	vt.
dissolve	di'zɒlv	v. 溶解, 解散
dissolved		a. 溶解的；溶化的
dissolver	di'zɔlvә	溶解器
dissolves	diˈzɔlvz	v. 溶解( dissolve的第三人称单数 ); 结束; 消除; 以化学手段)除去
dissolvest	dɪ'zɒlv	vt.
distance	'distәns	n. 距离, 远方, 遥远
distanced		vt. 把…远远甩在后面（distance的过去式与过去分词形式）
distancer		测距仪
distances	ˈdistənsiz	n. 距离( distance的名词复数 ); 远处; （时间或空间的）相距; 疏远
distant	'distәnt	a. 远的, 疏远的
distinct	dis'tiŋkt	a. 清楚的, 显著的, 不同的
distincter		较卓越的; 较清楚的
distinctest		清楚的（distinct的最高级）
distinction	dis'tiŋkʃәn	n. 区别
distinctions	dɪs'tɪŋkʃnz	n. 区别( distinction的复数形式 ); 荣誉; 特质; 卓越
distinctly	dis'tiŋktli	adv. 显然地, 明显地, 清楚地
distinguish	dis'tiŋgwiʃ	v. 区别, 辨别
distinguished	dis'tiŋgwiʃt	a. 卓著的, 著名的
distinguisher		n. 辨义成分（汉语语义严格意义上的义素）
distinguishes	disˈtiŋɡwiʃiz	v. 辨别, 区别( distinguish的第三人称单数 ); 使出众; （凭任何感觉器官）识别出; 看清
distinguishest	dɪ'stɪŋgwɪʃ	vt.
distinguishing	dis'tiŋgwiʃiŋ	a. 有区别的
distort	dis'tɒ:t	vt. 扭曲, 歪曲
distorted	dis'tɔ:tid	a. 歪曲的；受到曲解的
distorter	dɪs'tɔ:tər	畸变放大器
distorting	disˈtɔ:tɪŋ	v. 歪曲( distort的现在分词 ); 曲解; 扭曲; 使变形
distortion	dis'tɒ:ʃәn	n. 扭曲, 变形, 曲解
distortions	dɪˈstɔ:ʃənz	n. 曲解, 失真( distortion的复数形式 )
distorts	disˈtɔ:ts	v. 歪曲( distort的第三人称单数 ); 曲解; 扭曲; 使变形
distract	dis'trækt	vt. 转移, 分心, 使发狂
distracted	dis'træktid	a. 心烦意乱的
distracter	dɪst'ræktər	误选项
distractest	dɪ'strækt	vt.
distracting	dɪ'stræktɪŋ	v. 使（人）分心, 分散（注意力）( distract的现在分词 ); 打扰
distracts	disˈtrækts	v. 使（人）分心, 分散（注意力）( distract的第三人称单数 ); 打扰
distress	di'stres	n. 苦恼, 贫困, 痛苦
distressed	di'strest	a. 痛苦的, 哀伤的
distresses	disˈtresiz	n. 悲痛( distress的名词复数 ); 痛苦; 贫困; 危险
distressest	dɪ'stres	n.
distressing	di'stresiŋ	a. 使痛苦的, 使烦恼的
distribute	di'stribju:t	vt. 分配, 散布, 分发
distributed	di'stribju:tid	a. 分布式的
distributees		na. 分配遗产受益人
distributer	di'stribjutə	n. [医]分配器, 配电器, 配电盘, 分线盒, 中间寄存器; 分销商
distributes	disˈtribju:ts	v. 分配( distribute的第三人称单数 ); 散发; 分销; [常用被动语态]将…分类(into)
distributest	dɪ'strɪbjuːt; 'dɪstrɪbjuːt	vt.
distribution	.distrә'bju:ʃәn	n. 分配
distributions	dɪstrɪb'ju:ʃnz	n. 分配( distribution的复数形式 ); 分类; 分发; 分配物
district	'distrikt	n. 区域, 地方
districted	'dɪstrɪkt	n. 区域；地方；行政区
districting		n. 分区；空间聚合
districts	ˈdistrikts	n. 地区( district的名词复数 ); （为行政、司法、选举、教育等目的而划分的国家、州或县的）区; 选区; 英
disturb	dis'tә:b	vt. 扰乱, 妨碍, 使不安
disturbance	dis'tә:bәns	n. 扰乱, 不安, 忧虑
disturbances	dɪs'tɜ:bənsɪz	n. 骚乱( disturbance的复数形式 ); 打扰; 困扰; 障碍
disturbed	di'stә:bd	a. 混乱的
disturber		n. 打扰者
disturbest	dɪ'stɜːb	vt.
disturbing	dis'tә:biŋ	a. 引起烦恼的, 令人不安的
disturbs	diˈstə:bz	v. 打扰( disturb的第三人称单数 ); 扰乱; 使焦虑; 激荡（水面）
ditch	ditʃ	n. 沟渠
ditched		vt. 摆脱, 抛弃（ditch的过去式与过去分词形式）
ditcher	'ditʃә	n. 挖沟人, 挖沟机
ditches	ditʃiz	n. 沟, 渠( ditch的名词复数 )
ditching	'ditʃiŋ	开沟, [航空]水上迫降
dive	daiv	n. 潜水, 跳水
dived		跳水, 潜水, 俯冲, 猛冲, 突然下降, 把手伸入, 钻研, 插进, 伸入, 投入, 探究
diver	'daivә	n. 潜水者
diverge	dai'vә:dʒ	vi. 分歧, 岔开
diverged	dɪˈvɜ:dʒd	v. 分开( diverge的过去式和过去分词 ); 偏离; 分歧; 分道扬镳
diverger	dai'v\\:dʒә(r),di-	n. 富有幻想力的人
diverges	dɪˈvɜ:dʒz	v. 分开( diverge的第三人称单数 ); 偏离; 分歧; 分道扬镳
divers	'daivәz	a. 各种不同的
diverse	dai'vә:s	a. 不同的, 变化多的
diverser	daɪ'vɜːs; 'daɪvɜːs	diverse
diversest	daɪ'vɜːs; 'daɪvɜːs	adj. (形式、种类、性质等)不同的，各不相同的，相异的，互异的；不一样的；不像的
diversion	dai'vә:ʒәn	n. 转移
diversions	daɪ'vɜ:ʃnz	n. 娱乐( diversion的复数形式 ); 转移; 临时绕行路; 分散注意力
diversities	dɪˈvɜ:sɪti:z	n. 多样化, （人在种族、民族、宗教等方面的）多样性( diversity的名词复数 ); 分歧
diversity	dai'vә:siti	n. 差异, 多样性
divert	dai'vә:t	vt. 转移, 使欢娱
diverted		v. 呼叫转移, 释放（divert的过去分词形式）
diverter	dai'vә:tә	[计] 分流器
divertest	daɪ'vɜːt; dɪ-	vt.
diverting	dai'vә:tiŋ	a. 有趣的, 娱乐的
diverts	daiˈvə:ts	v. 使转移[向]( divert的第三人称单数 ); 娱乐; 转移（某人）的注意力; 改变（资金、材料等）的用途
dives	'daivi:z	n. (<<圣经>>寓言中的)财主, 富豪
divest	dai'vest	vt. 使摆脱, 使脱去, 夺去
divide	di'vaid	vi. 分开, 分配, 分裂
divided	dә'vaidid	a. 分开的
divider	di'vaidә	n. 划分者, 分隔物, 间壁
divides	diˈvaidz	v. 分( divide的第三人称单数 ); 划分; 分离; （使）产生分歧
dividest	dɪ'vaɪd	n.
divine	di'vain	a. 神的, 神圣的, 非凡的
divined	diˈvaind	v. 猜测, 预测( divine的过去式和过去分词 ); （用丫形杖）探测（地下水）
divineer	dɪ'vaɪn	divine
divineest	dɪ'vaɪn	divine
diviner	di'vainә(r)	n. 占卜者, 推测者, 预言者
divines	diˈvainz	n. 神的, 天赐的( divine的名词复数 ); 极好的; 猜测, 预测; （用丫形杖）探测（地下水）
divinest		最神圣的（divine 的最高级）
division	di'viʒәn	n. 分, 分开, 除法, 部门(如部、处、系等), 师
divisiones		分开,分裂,分支
divisions	dɪ'vɪʒnz	n. 分开( division的复数形式 ); 分界线; 分歧; 分离
divorce	di'vɒ:s	n. 离婚
divorced		-K
divorcees	diˈvɔ:si:z	n. 离婚者( divorcee的复数形式 )
divorces	diˈvɔ:siz	n. 离婚( divorce的名词复数 ); 分离
dizzies	ˈdiziz	v. 使人眩晕的( dizzy的第三人称单数 ); 头昏眼花的; 引起头晕的; 愚蠢的
dizzy	'dizi	a. 晕眩的, 眼花缭乱的
dizzying	'dizi:iŋ	a. 令人昏乱的；极快的；灿烂的
dna		-2
dnas		(DNA 的复数) 脱氧核糖核酸
do	du:	v. 做, 进行, 完成
dock	dɒk	n. 码头, 船坞, 被告席, 尾巴的骨肉部分
docked	dɔkt	v. （使）船停靠码头( dock的过去式和过去分词 ); （使宇宙飞船在外层空间）对接; 减少; 扣除
docker	'dɒkә	n. 码头工人
docking	'dɒkiŋ	n. 入坞
docks		n. 码头；船坞；港区（dock的复数）
doctor	'dɒktә	n. 医生, 博士
doctored	'dɒktəd	vt.& vi. 医疗, 行医（doctor的过去式与过去分词形式）
doctorer	'dɒktə	n.
doctores	网络	[原型] doctores 是 doctore 的复数
doctoring	'dɔktәriŋ	n. 刮除；医治
doctors		n. 医生（doctor的复数）
doctrine	'dɒktrin	n. 教条, 学说
doctrines	'dɒktrɪnz	n. 教条( doctrine的复数形式 ); 教义; 学说; （政府政策的）正式声明
document	'dɒkjumәnt	n. 文件, 公文, 文档
documentaries		n. 纪录片；记录片（documentary的复数）
documentary	.dɒkju'mentәri	n. 记录片
documented		a. 备有证明文件的
documenting	计	[原型] documenting 是 document 的现在分词
documents		n. 文档（document的复数形式）
dod	dɔd	abbr. 美国国防部（Department of Defense of the United States）
doer	'du:ә	n. 行为者, 实干家
does	dʌz; dәz	v. 做；工作；有用（do的第三人称单数形式）
doest	'du(:)ist	v. [古语]do的第二人称单数现在式
dog	dɒg	n. 狗, 坏蛋
doges		(doge 的复数) n. 总督
dogged	'dɒgid	a. 顽固的, 顽强的
dogger	'dɒgә	n. 小型双桅渔船
doggest	dɔɡ	DOG
dogging	'dɔɡiŋ	n. 慢跑；绳头插接；钩卡, 夹钳住
dogies		n. 孤犊儿；〈美方〉(牧场中)失去母牛的牛犊
dogs		n. 瘦狗类；狗（dog的复数）
doies		(doy 的复数) abbr. 东营（山东省的一个市）；靠你自己（depend on yourself）
doing	'du:iŋ	n. 行为, 活动
dollar	'dɒlә	n. 美元, 元(加、澳等国货币单位)
dollared	'dɔlə	dollared
dollars		n. 美元（dollar的复数）
dollywood		多莱坞
dome	dәum	n. 圆顶
domed		a. 圆屋顶的, 圆盖状的, 圆顶的, 半球形的
domer	'dәumә	制箱盖的工人
domes		n. 拱形结构；穹顶；西班牙域名
domestic	dәu'mestik	a. 家庭的, 国内的, 驯养的
domestics	də'mestɪks	n. 家庭纠纷( domestic的复数形式 ); 家佣; 棉布; [有时用复数]国（产）货
dominant	'dɒminәnt	a. 占优势的, 支配的
dominants		(dominant 的复数) a. 占优势的, 支配的
dominate	'dɒmineit	v. 支配, 占优势
dominated		a. 占统治地位的；占主导地位的；强势的；受控的
dominates	ˈdɔmineits	v. 控制( dominate的第三人称单数 ); 在…中占首要地位; 在…中具有最重要（或明显）的特色; 在…中拥有最
donate	'dәuneit	v. 捐赠
donated	dəuˈneitid	v. （尤指向慈善机构）捐赠( donate的过去式和过去分词 ); 献（血）; 捐（血）; 捐献（器官）
donates	dəuˈneits	v. （尤指向慈善机构）捐赠( donate的第三人称单数 ); 献（血）; 捐（血）; 捐献（器官）
donkey	'dɒŋki	n. 驴子, 笨蛋, 顽固者, 辅助发动机, 辅助泵
donkeys	ˈdɔŋkiz	n. 驴( donkey的名词复数 )
doom	du:m	n. 厄运, 不幸, 法律, 宣告, 判决, 死亡
doomed		a. 注定的；命定的
doomest	du:m	n.
dooming	du:mɪŋ	v. 注定( doom的现在分词 ); 判定; 使…的失败（或灭亡、毁灭、坏结局）成为必然; 宣判
dooms	du:mz	v. 注定( doom的第三人称单数 ); 判定; 使…的失败（或灭亡、毁灭、坏结局）成为必然; 宣判
door	dɒ:	n. 门
doored	'dɔ:rd	adj. 有门的
doorer	dɔː	n. ☉(建筑物、房间、壁橱、衣橱、碗橱等的)门；=air curtain
doores	网络	[原型] doores 是 doore 的复数
dooring	dɔː	n. ☉(建筑物、房间、壁橱、衣橱、碗橱等的)门；=air curtain
doors		n. 大门；入口；通道（door的复数）
dor	dɒ:	n. 发出嗡嗡声的甲虫, 金龟子
dorm	dɒ:m	n. 宿舍
dormed		电止痛治疗机
dormer	'dɔ:mә	n. 老虎窗；屋顶采光窗
dormies	'dɔ:mi	adj. ＝dormie
dormitories	ˈdɔ:mitriz	n. 集体宿舍( dormitory的名词复数 )
dormitory	'dɒ:mitәri	n. 宿舍
dorms	dɔ:mz	n. 宿舍( dorm的复数形式 )
dos	du:z	磁盘操作系统
dose	dәus	n. 剂量, 服用量
dosed	dɑs; dɔs	abbr. 磁盘操作系统（Disk Operating System）
doser	'dәusә	定量加料器, 计量给料器, 量器系统
doses		v. 服药（dose的三单形式）
dost	dʌst	v. [古]do的第二人称单数.现在式
dot	dɒt	n. 点, 圆点, 小数点, 小东西, 嫁妆
doted	dəʊtid	v. 溺爱, 宠爱, 过分地喜爱( dote的过去式和过去分词 )
doter	'dəutə	n. 老耄者；过分喜爱者
dotes	dəʊts	v. 溺爱, 宠爱, 过分地喜爱( dote的第三人称单数 )
dotest	dəʊt	vi.
doting	'dәutiŋ	a. 偏爱的, 溺爱的
dots		abbr. 现代结核病控制策略（Directly-Observed Treatment Strategy）
dotted	'dɒtid	a. 有点的, 星罗棋布的
dotter	'dɔtә	n. 加点的人, 标点器
dotting	dɔtɪŋ	v. 打( dot的现在分词 ); 布满; 分布各处; 以小圆点标出
double	'dʌbl	n. 两倍
doubled		v. 两倍；加倍努力；快步走（double的过去式和过去分词）
doubler	'dʌblә	n. 倍压器, 倍频器
doubles		n. 双打
doublest	网络	[原型] doublest 是 doubl 的最高级
doubt	daut	n. 怀疑, 疑惑
doubted	dautid	v. 怀疑, 疑惑( doubt的过去式和过去分词 )
doubter	'dautә	n. 抱怀疑态度的人；不信宗教的人；怀疑论者
doubtest	daʊt	vt.
doubtful	'dautful	a. 可疑的, 疑心的, 不明确的
doubtfuller	'daʊtfʊl; -f(ə)l	adj.
doubtfuls	'daʊtfʊl; -f(ə)l	adj.
doubting		a. 抱怀疑态度的
doubtless	'dautlis	a. 无疑的, 确定的
doubts	dauts	n. 怀疑, 疑虑( doubt的名词复数 ); 未确定
dove	dʌv	n. 鸽子
dover	'dәuvә	n. 多佛(英国港口)
doves	dәuvs	n. 菜包肉末饭；白鸽（dove的复数）
down	daun	a. 向下的
downed	daund	vbl. 击落
downer	'daunә	n. 镇定剂, 令人沮丧的人
downes		n. (Downes)人名；(英)唐斯
downest	daʊn	唐郡(英国北爱尔兰东南部的郡)
downies	网络	[原型] downies 是 downy 的复数
downing		唐宁
download	计	[时态] downloaded, downloading, downloads
downloaded	ˈdaunləudid	v. 将（程序, 资料等）从大计算机系统输入小计算机系统, 下载( download的过去式和过去分词 )
downloader		n. 下载器（病毒类型）
downloading	'daunlaudiŋ	n. 下装, 下载；下传
downloads		n. 下载（download的复数）
downs		n. 丘陵地, 丘陵草原
downstairs	'daun'stєәz	n. 楼下
downstairss	daʊn'steəz	adv. 往楼下；顺楼梯而下，沿楼梯往下；在楼下
downtown	'daun'taun	n. 市中心区
downtowner		(downtown 的比较级) n. 市中心区
downtowns		市中心区（downtown的复数形式）
downward	'daunwәd	a. 向下的
downwards	'daunwәdz	adv. 向下
dozen	'dʌzn	n. 打, 十二个
dozened	'dʌz(ə)n	n. 十二个，一打
dozens		n. 几十, 许多
draft	dræft. drɑ:ft	n. 气流, 草稿, 汇票, 草案
drafted	drɑ:ftid	v. 起草( draft的过去式和过去分词 ); 制定; 征募; 拟稿
drafter	'dræftә	n. 起草者
drafting	'drɑ:ftiŋ	n. 起草, 制图, 草稿的措词
drafts	drɑ:fts	n. 草稿（箱）；精绵；汇票（draft的复数形式）
drag	dræg	n. 拖, 拖累
drages	网络	[原型] drages 是 drage 的复数
dragged		v. 制动；拖动；打滑；松懈
dragger	'dræ^ә	小型拖网渔船
draggest	dræg	vt.
dragging	'dræ^iŋ	[计] 牵引, 慢移动
dragon	'drægәn	n. 龙, 凶暴的人
dragones		(dragone 的复数)  [人名] 德拉根
dragons		n. 龙；飞龙；龙族（dragon的复数形式）
drags	dræ^z	n. 铸锭列车；拖曳的东西；拖累物；阻力锚（drag的复数）
drain	drein	n. 排水沟, 消耗, 排水
drainage	'dreinidʒ	n. 排水
drainages		(drainage 的复数) n. 排水
drained	dreɪnd	v. （使）流干, （使）逐渐流走( drain的过去式和过去分词 ); 喝光, 喝干; 使（精力、金钱等）耗尽
drainer	'dreinә	n. 排水器, 下水道修建工, 排水工, 放泄器, 滴干板, 滤干器
drainest	dreɪn	vt.
draining	'dreiniŋ	a. 排水的；滤水的
drains	dreinz	n. 消耗( drain的名词复数 ); 排水沟; 下水道孔盖; 流尽
drama	'drɑ:mә	n. 戏剧, 戏剧艺术
dramas		pl.戏剧
dramatic	drә'mætik	a. 戏剧性的, 生动的
dramatics	drә'mætiks	n. 演剧活动, 舞台技术, 演剧技术, 戏剧艺术研究, 戏剧性行径
drank	dræŋk	drink的过去式
dranks	dræŋk	v. 喝；喝酒（drink的过去式）
drastic	'dræstik	a. 激烈的
drastics		峻泻药
draw	drɒ:	vi. 拉, 拖, 拔剑
drawback	'drɒ:bæk	n. 缺点, 退税
drawbacks	d'rɔ:bæks	n. 缺点, 不利条件, 障碍( drawback的复数形式 )
drawer	'drɒ:ә	n. 抽屉, 开票人
drawered	drɔ:(r)	n.
drawers	drɔ:z	n. 厨柜；内裤
drawes		(drawe 的第三人称 -s形式) n. (Drawe)人名；(德)德拉韦
drawest	drɔː	vt.
drawing	'drɒ:iŋ	n. 图画, 制图, 拉
drawings		n. 图纸；图示；提用, 提款（drawing的复数）
draws		n. 铸件孔穴；图画（draw的复数）
dread	dred	n. 恐惧, 可怕的人(或事)
dreaded		-1
dreader		n. 恐惧；可怕的人（或物） (dread的变形)
dreadest	dred	vt.
dreadful	'dredful	a. 可怕的
dreadfulest	'dredfʊl; -f(ə)l	adj.
dreadfullest	'dredfʊl; -f(ə)l	adj.
dreading	dredɪŋ	v. 害怕, 恐惧, 担心( dread的现在分词 )
dreads	dredz	n. 恐惧, 畏惧( dread的名词复数 ); 令人恐惧的事物
dream	dri:m	n. 梦, 空想, 愿望
dreamed		dream的过去式和过去分词
dreamer	'dri:mә	n. 做梦的人, 梦想者
dreames	网络	[原型] dreames 是 dreame 的第三人称单数
dreaming		a. 有梦想的
dreams		n. 梦想, 美梦（dream的复数形式）
dress	dres	n. 服装, 覆盖物
dressed	'dresid	a. 穿好衣服的；打扮好的；去内脏及分割加工好的（特指动物, 如鱼, 禽类等）
dresser	'dresә	n. 化妆台, (剧团)服装师, 碗柜
dresses	dresiz	n. 衣服( dress的名词复数 ); 装饰; 连衣裙; 礼服
dressest	dres	n.
dressies	'dresɪ	adj. [口语]；(指衣服)款式好的；漂亮的，时髦的
dressing	'dresiŋ	n. 调味品, 穿衣, 化妆
dries	drais	n. 间歇出露区；干出（dry的复数形式）
drift	drift	n. 漂流物, 漂流, 动向
drifted	driftid	v. 漂( drift的过去式和过去分词 ); 吹积; 漂泊; 浮现
drifter	'driftә	n. 漂流者, 漂流物, 漂网渔船
driftest	drɪft	n.
drifting	'driftiŋ	[计] 漂移的
driftnet		流网
driftnets		(driftnet 的复数)  流网
driftnetting		(driftnet 的现在分词)  流网
drifts		n. 漂流物；分额；作业分额（drift的复数）
drill	dril	n. 钻孔机, 钻子, 播种机, 粗斜纹布
drilled	drild	v. 钻（孔）( drill的过去式和过去分词 ); 打（眼）; 操练; 训练
driller	'drilә	n. 操练员, 钻床, 钻机, 钻探工
drilling	'driliŋ	n. 演练
drills		n. 操练；斜纹布；钻头（drill的复数）
drink	driŋk	n. 饮料, 酒
drinked	drɪŋk	vi.
drinker	'driŋkә	n. 饮者, 酒徒
drinkes	网络	[原型] drinkes 是 drinke 的复数
drinkest	drɪŋk	vi.
drinkies		(drinky 的复数) n. <口>酒
drinking	'driŋkiŋ	n. 喝, 喝酒
drinkings	网络	[原型] drinkings 是 drinking 的复数
drinks		n. 饮料, 饮品；喝酒（drink复数）
drip	drip	n. 水滴
dripped	d'rɪpt	v. （使）滴下( drip的过去式和过去分词 ); 滴出; 含有; 充满
dripper	d'rɪpə	沥干架
dripping	'dripiŋ	n. 滴, 滴下物, 水滴
drips	drips	n. （使）滴下( drip的名词复数 ); 滴出; 含有; 充满
drive	draiv	n. 驾车, 快车道, 推进力, 驱动, 动力, 击球, 驱动器
drived	draɪv	vt.
driver	'draivә	n. 驾驶员, 驱动器, 驱动程序
drivers	计	[原型] drivers 是 driver 的复数
drives		n. 驱动器；驱动力；驱动程序（drive的复数形式）
drivest	draɪv	vt.
droop	dru:p	vi. 下垂, 消沉
drooped	dru:pt	v. 弯曲或下垂, 发蔫( droop的过去式和过去分词 )
droopest	druːp	vi.
drooping	'dru:piŋ	a. 下垂的,无力的
droops	dru:ps	n. 弯曲或下垂, 发蔫( droop的名词复数 )
drop	drɒp	n. 滴, 微量, 落下, 空投
dropped	drɔpt	a. 抛踢球得分的
dropper	'drɒpә	n. 滴管, 落下的人(或物)
droppest	drɒp	n.
dropping	'drɒpiŋ	n. 点滴, 滴下, 落下
drops		n. 药水, 滴剂
drought	draut	n. 干旱, 缺乏
droughted	'drautid	adj.
droughting	draʊt	n.
droughts	d'raʊts	n. 干旱（时期）( drought的复数形式 )
drown	draun	vi. 淹死
drowned	draund	v. （使）淹没, （使）溺死( drown的过去式和过去分词 ); 浸透; 浸泡; 压过
drowner	d'raʊnər	溺死者
drownest	draʊn	vi.
drowning	'drauniŋ	[医] 淹溺, 淹死
drowns	draunz	v. （使）淹没, （使）溺死( drown的第三人称单数 ); 浸透; 浸泡; 压过
drug	drʌg	n. 药, 麻药, 麻醉药
drugged	drʌgd	vt. （在食物或饮料中）投放麻醉药, 下麻醉药（drug的过去式与过去分词形式）
drugger	'drʌ^ә(r)	吸毒者
drugging		vt. （在食物或饮料中）投放麻醉药, 下麻醉药（drug的现在分词形式）
drugs		n. 毒品, 药物
drum	drʌm	n. 鼓, 鼓声
drummed	'drʌmd	a. 桶装的
drummer	'drʌmә	n. 鼓手, 旅行推销员
drummest	drʌm	n.
drumming	'drʌmiŋ	[机] 转鼓加工
drums		n. 鼓；鼓声（drum的复数）
drunk	drʌŋk	a. 喝醉了的
drunken	'drʌŋkәn	a. 酒醉的
drunker		醉汉
drunkest	drʌŋk	n. 酒醉状态；醉汉；〈美口〉酒宴
drunks	drʌŋks	n. 醉汉, 酒鬼, 酗酒者( drunk的复数形式 )
dry	drai	a. 干的, 无酒的, 枯燥无味的, 干燥的
dryer	'draiә	n. 干衣机, 干燥剂
dryest		dry的最高级之一的
drying	'draiiŋ	[计] 干燥的
drys	draɪ	adj. (井,河等)干涸的；(气候)干旱的；无奶的；无泪的
duchess	'dʌtʃis	n. 公爵夫人
duchessed	'dʌtʃɪs	n. 公爵夫人；公爵未亡人；女公爵；(公国的)女大公
duchesses	ˈdʌtʃɪsiz	n. 公爵夫人, 公爵遗孀, 女公爵( duchess的复数形式 )
duchessing	'dʌtʃɪs	n. 公爵夫人；公爵未亡人；女公爵；(公国的)女大公
duck	dʌk	n. 鸭子
ducked		vt.& vi. 躲避, 回避（duck的过去式与过去分词形式）
ducker	'dʌkә	n. 潜水人, 潜水鸟, 养鸭者
duckies		(ducky 的第三人称 -s形式) a. 极好的, 可爱的, 令人愉快的
ducking	'dʌkiŋ	n. 钻入水中, 浸入水中, 湿透
ducks		n. 薄帆布工作服, 帆布裤子；鸭子（duck的复数）
due	dju:	n. 应得的东西, 应付款
dues		n. 税, 应付款, 该缴之款
duest	djuː	adj. [通常作表语]到期的，期满的；(作为道德或自然的权利)当然的，应遵守的
duke	dju:k	n. 公爵
duked		vi. 战斗（duke的过去式与过去分词形式）
dukes	du:ks	n. 双拳；双手；英国公爵（duke的复数形式）
dull	dʌl	a. 钝的, 无趣的, 呆滞的, 阴暗的
dulled	dʌld	v. 使变钝( dull的过去式和过去分词 ); 使（兴趣、痛苦等）减少; 使麻木; 使晦暗
duller		(刀等)钝的
dulles	'dʌlis, '-lәs	n. 杜勒斯（姓氏）
dullest		a. 迟钝的( dull的最高级 ); 不鲜明的; 不活跃的; 不热心的
dulling	'dʌliŋ	n. 发暗；失光；迟钝
dulls	dʌlz	v. 使变钝( dull的第三人称单数 ); 使（兴趣、痛苦等）减少; 使麻木; 使晦暗
dumb	dʌm	a. 哑的, 不说话的, 无声音的
dumbed		(dumb 的过去时) a. 哑的, 不说话的, 无声音的
dumber		哑的（dumb的比较级）
dumbest		哑的
dumbing		(dumb 的现在分词) a. 哑的, 不说话的, 无声音的
dumbs		哑的( dumb的名词复数 )；说不出话的；愚蠢的
dump	dʌmp	n. 垃圾场
dumped		a. 废弃的；被甩了的
dumper	'dʌmpә	n. 垃圾车, 卸货车, 自动倾卸车, 清洁工人, 倾卸者, 倾销者
dumpies	'dʌmpɪ	adj. 矮胖的，粗短的；忧郁的
dumping	'dʌmpiŋ	n. 倾销
dumpling	'dʌmpliŋ	n. 面团布丁, 团子
dumplings	'dʌmplɪŋz	n. 汤团( dumpling的名词复数 ); 饺子; 水果布丁; 矮胖的人
dumps	dʌmps	n. 忧郁；废物, 垃圾场（dump的复数）
duplicate	'dju:plikeit	n. 副本, 复本, 复制品
duplicated		v. 复制, 复写
duplicates	ˈdju:plikits	n. 完全一样的东西, 复制品( duplicate的名词复数 ); 抄件, 副本; 摹本; 翻版
durable	'djurәbl	a. 持久的, 耐用的
durabler	'djʊərəb(ə)l	adj. 耐久的，耐用的，耐穿的，不易损坏的；坚固的；经久的，持久的，稳定的，不变的；牢固的
durables	'djʊrəbls	n. 持久的, 耐用的( durable的名词复数 )
durablest	'djʊərəb(ə)l	adj. 耐久的，耐用的，耐穿的，不易损坏的；坚固的；经久的，持久的，稳定的，不变的；牢固的
duration	dju'reiʃәn	n. 持续时间, 持续
durations	djʊ'reɪʃnz	n. 持续, 持续的时间, 期间( duration的复数形式 ); （时间的）持续, 持久, 连续; [语音学]音长,
during	'djuәriŋ	prep. 在...的时候
dusk	dʌsk	n. 薄暮, 傍晚, 黄昏
dusked	dʌskt	v. 黄昏, 傍晚( dusk的过去式和过去分词 ); 暮色
dusker	dʌsk	n.
duskest	dʌsk	n.
duskies	'dʌskɪ	adj.
dusking	dʌskɪŋ	v. 黄昏, 傍晚( dusk的现在分词 ); 暮色
dusks		v. 变暗（dusk的第三人称单数形式）
dust	dʌst	n. 灰尘, 尘埃, 粉末, 花粉, 土, 骚乱
dustbin	'dʌstbin	n. 垃圾箱
dustbins	ˈdʌstˌbɪnz	n. （家庭用的）垃圾箱[桶]( dustbin的复数形式 )
dusted		vt.& vi. 拂（一拂）, 掸（dust的过去式与过去分词形式）
duster	'dʌstә	n. 掸子, 打扫灰尘的人
dusting	'dʌstiŋ	n. 擦灰, 殴打
dusts		n. [农药] 粉剂（dust复数）
dusty	'dʌsti	a. 灰尘多的, 无聊的, 含糊的, 粉末状的
duties		n. 关税（duty的复数）
duty	'dju:ti	n. 责任, 关税, 职务, 尊敬
dutys	'djuːtɪ	n. (道德上、法律上的)义务；(道义上、法律上的)责任，本分
dwarf	dwɒ:f	n. 矮子, 侏儒
dwarfed		vt. （使）显得矮小（dwarf的过去式与过去分词形式）
dwarfer	dwɔːf	n.
dwarfing	'dwɔ:fiŋ	矮化病
dwarfs		n. 侏儒, 矮子（dwarf的复数形式）
dwell	dwel	vi. 居住, 居住(于), 存在(于)
dwelled		dwell的过去式和过去分词
dweller	'dwelә	n. 居民
dwelles		(dwelle 的第三人称 -s形式)  [医]人工泪液（含EDTA,氯化钠, 硼酸, 聚维酮）
dwelling	'dweliŋ	n. 住处
dwellings	d'welɪŋz	n. 住处, 处所( dwelling的复数形式 )
dwells	dwelz	v. 居住, 住( dwell的第三人称单数 )
dye	dai	n. 颜料, 染料
dyed		a. 被染色的
dyeing	'daiiŋ	n. 染色, 染色工艺
dyer	'daiә	n. 染色工
dyes		n. 染料, 染色（dye复数形式）
dyest	daɪ	n.
dying	'daiiŋ	a. 垂死的
dyinger	'daɪɪŋ	vi. die的变形
dyingest	'daɪɪŋ	vi. die的变形
dyings	网络	[原型] dyings 是 dying 的复数
dynamic	dai'næmik	a. 动态的, 有活力的, 有力的, 动力的, 不断变化的
dynamics	dai'næmiks	n. 动力学
dynamo	'dainәmәu	n. 发电机
dynamoed	'daɪnəməʊ	dynamo
dynamoes		n. <电>（尤指直流）发电机( dynamo的名词复数 )
dynamos		n. 精力充沛的人（dynamo的复数形式）
dynasties	ˈdainəstiz	n. 王朝( dynasty的名词复数 ); 朝代
dynasty	'dainæsti	n. 朝代, 王朝
each	i:tʃ	a. 每个, 每一
eaches	iːtʃ	adj.
eachest	iːtʃ	adj. (两个或两个以上人、物中的)每个，每，每一；各，各个，各自的
eager	'i:gә	a. 热心的, 渴望的, 热望的
eagerer		热切的
eagerest		热切的
eagers		伊格斯
eagle	'i:gl	n. 鹰, 鹰状标饰
eagled		v. [高]低于标准杆数两杆（eagle的过去式与过去分词形式）
eagles		n. 老鹰乐队, 鹰；老鹰（eagle复数形式）
ear	iә	n. 耳朵, 倾听, 听觉, 穗
eared	iәd	a. 有...耳的, 有把的, 有穗的
eares		A phrase used mainly in Northern England meaning 'Hey' or 'H
earing	'iәriŋ	n. 耳索
early	'ә:li	a. 早的, 早熟的
earlys	'ɜːlɪ	adv. 早；提早，在原定(或预期、通常)的时间之前；初，在早期，在初期，在开始阶段，开始后不久
earn	ә:n	vt. 赚得, 获得, 博得
earned	ә:nd	a. 挣得的
earner	'ә:nә	n. 赚钱的人
earnest	'ә:nist	n. 定金, 诚挚, 认真
earnested	'ɜːnɪst	欧内斯特(男子名)[见Ernest]
earnesting	'ɜːnɪst	欧内斯特(男子名)[见Ernest]
earnests		(earnest 的复数) n. 定金, 诚挚, 认真
earning	'ә:niŋ	n. 收入（earn的现在分词）
earnings	'ә:niŋ	n. 所赚的钱, 工资, 收入
earningss	'ɜːnɪŋz	earnings
earns	ə:nz	v. 赚得( earn的第三人称单数 ); 挣钱; 生（利）; 获（利）
earphone	'iәfәun	n. 耳机, 听筒
earphoned	'ɪəfəʊn	n.
earphones	ˈɪəfəʊnz	n. 耳机; 耳机, 听筒( earphone的复数形式 )
earring	'iәriŋ	n. 耳环, 耳饰
earringed	'iəriŋ	earringed
earrings		n. 耳环；耳饰（earring的复数）
ears		abbr. 电声额定系统（Electro-Acoustic Rating System）
earth	ә:θ	n. 地球, 泥土, 世界, 尘世
earthed	ɜ:θt	接[通]地的
earthenware	'ә:θәnweә	n. 陶器
earthenwares		(earthenware 的复数) n. 陶器
earthies	'ɜːθɪ	adj.
earthing	'ә:θiŋ	n. 接地
earthquake	'ә:θkweik	n. 地震
earthquaked	'ə:θkweikid	adj. 遭受地震的
earthquakes		n. 地震（earthquake的复数形式）
earths	ə:θs	n. 世界( earth的名词复数 ); 尘世; 泥土; 兽穴
ease	i:z	n. 安乐, 安逸, 悠闲
eased		a. 放松的
easer	'i:zә	[刷]油墨添加剂
eases	i:ziz	n. 安心( ease的名词复数 ); 无病无痛; （限制的）放松; 容易
easies	'iːzɪ	adj. 容易的；舒适的
easily	'i:zili	adv. 容易地, 轻易地, 流利地
east	i:st	n. 东方, 东
easter	'i:stә	n. 复活节
eastering	'i:stə	n. 【基督教】；复活节(一年一度纪念“耶稣复活”的节日，一般在3月21日或在当日后的第一个星期日)
eastern	'i:stәn	n. 东方人, 东正教徒
easterner	'i:stәnә(r)	n. 东方人
easterns	ˈi:stənz	n. 东方的，东部的，来自东方的( eastern的名词复数 )
easters		(Easter 的复数) n. 复活节
eastest	iːst	n. 东，东方[略作 E.或E] (west 之对)；罗盘上的90°(与西正相反)
easting	'i:stiŋ	n. 东行航程, 朝东方
easts	网络	[原型] easts 是 east 的复数
eastward	'i:stwәd	n. 朝东方向
eastwards	'i:stwәdz	adv. 向东方地
easy	'i:zi	a. 容易的, 缓缓的, 舒适的, 从容的, 宽容的, 流畅的, 随便的, 自在的, 疲软的
easy-going		-1
easying	'iːzɪ	adj. 容易的；舒适的
eat	i:t	v. 吃, 腐蚀
eated	iːt	vt.
eater	'i:tә	n. 吃...的人, 生吃的水果, 美味的水果
eatest	iːt	vt.
eating	'i:tiŋ	n. 吃, 食物
eatings	'iːtɪŋ	adj. 侵蚀的；可生食的；进餐用的
eats	i:ts	abbr. 设备准确度测试站（Equipment Accuracy Test Station）
eccentric	ik'sentrik	n. 怪人, 偏心圆
eccentrics		(eccentric 的复数) n. 怪人, 偏心圆
echo	'ekәu	n. 回声, 回音, 回波
echoed	ˈekəud	v. 重复, 随声附和( echo的过去式和过去分词 ); 类似; 发射（声音等）; 发出回声
echoer		n. echo的变形
echoes	ˈekəuz	n. 回声, 共鸣( echo的名词复数 ); （言语、作风、思想等的）重复; 重复者; [无线电]回波
echoest	'ekəu	n.
echoing	'ekәuiŋ	n. 回音；反照现象；呼应
echos		(echo 的第三人称 -s形式) n. 回声, 回音, 回波
eclipse	i'klips	n. 日食, 月食, (地位名誉等的)消失
eclipsed	iˈklipst	[物]遮掩[键]位形
eclipses	iˈklipsiz	n. （日、月）食( eclipse的名词复数 ); 消失, 黯然失色
eclipsest	ɪ'klɪps	n.
eco-friendly		a. 对生态环境友好的, 不妨害生态环境的
ecologies		(ecology 的复数) n. 生态学, 社会生态学
ecology	i:'kɒlәdʒi	n. 生态学, 社会生态学
economic	.i:kә'nɒmik	a. 经济上的, 实用的, 节省的
economical	.i:kә'nɒmikәl	a. 节俭的, 经济的, 合算的
economically	i:kә'nɔmikәli	adv. 节约地, 不浪费地, 节省地, 节俭地, 在经济上, 在经济学上
economics	.i:kә'nɒmiks	n. 经济学
economicss	iːkə'nɒmɪks; ek-	economics
economies	iˈkɔnəmiz	n. 节约( economy的名词复数 ); 经济; 经济情况; 经济结构
economy	i'kɒnәmi	n. 经济, 理财, 节约
ecosystem	'i:kәu.sistәm	n. 生态系统
ecosystems	ˈekəʊˌsɪstəmz	n. <生>生态系统( ecosystem的复数形式 )
edge	edʒ	n. 边缘, 尖锐, 刀刃, 优势
edged	edʒd	a. 有某种或几种刃的
edger	'edʒә	n. 磨边机；轧边机；刨边机
edges		n. 边界；边缘；优势（edge的复数）
edgest	ɛdʒ	EDGE
edit	'edit	vt. 编辑, 编校, 修订, 剪辑
edited		v. 编辑（edit的过去式和过去分词）
editer		n. 编辑器；编辑程式
editing	'editiŋ	a. 编辑的
edition	i'diʃәn	n. 版本, 版, 翻版
editioner	ɪ'dɪʃ(ə)n	n. (出版物的)版, 版本；版次；版别；☉(书报等出版物的)一版印刷数
editions	ɪ'dɪʃnz	n. 版次( edition的复数形式 ); （报纸、杂志的）一份; （广播、电视节目的）一期; （书、报、杂志等的）一
editor	'editә	n. 编者, 编辑, 主笔, 编辑器, 编辑装置
editorial	.edi'tɒ:riәl	n. 社论, 评论
editorials	ˌediˈtɔ:riəlz	n. 社论（美）( editorial的复数形式 )
editors		n. 编辑器；剪辑师；编辑（editor的复数形式）
edits		abbr. 实验数字电视系统（Experimental Digital Television System）
editted	'edɪt	vt.
educate	'edjukeit	vt. 教育, 培养, 训练
educated	'edjukeitid	a. 受过教育的, 有教养的
educatees	,edjʊkeɪ'tiː	n. 受教育者
educates	ˈedju:keits	v. 教育( educate的第三人称单数 ); 训练, 培养; 教导, 教养
educatest	'edjʊkeɪt	vt.
education	.edju'keiʃәn	n. 教育, 训练, 教育学
educational	.edju'keiʃәnl	a. 教育的, 教育性的
educationals	edʒʊ'keɪʃən(ə)l	adj.
educations	edʒʊ'keɪʃnz	n. 教育( education的复数形式 ); 教育学; 教育机构; 有教益的经历
educator	'edjukeitә	n. 教育家
educators	'edʒʊkeɪtəz	n. （尤指作为一种职业的）教育工作者, 教员, 教师( educator的复数形式 )
eel	i:l	n. 鳗鱼, 鳝鱼
eeling	'i:liŋ	n. 捕鳗, 捕鳝鱼
eels		abbr. 电子能量损失谱学（Electron Energy Loss Spectroscopy）；电子发射器定位系统（
effect	i'fekt	n. 结果, 影响, 效果, 印象
effected		v. 造成；产生；招致（effect的过去分词）
effecter		起作用的人(或事物)
effecting		vt. 使发生（effect的现在分词形式）
effective	i'fektiv	a. 有效的, 有力的, 实际的
effectively	i'fektivli	adv. 有效地, 有力地, 实际上
effectives	ɪ'fektɪvz	n. <美>兵力，兵员; [军事]实际可作战的士兵（或部队），有生命力，有生力量[通常用于复数]( effective的
effects		n. 财物, 个人财产
efficiencies	iˈfiʃənsiz	n. 效率, 效能( efficiency的复数形式 )
efficiency	i'fiʃәnsi	n. 效率, 效能, 功效
efficient	i'fiʃәnt	a. 有效率的, 能干的
efficiently	i'fiʃәntli	adv. 生效, 能胜任, 有能力, 效率高, 有效
effort	'efәt	n. 努力, 成就
efforted	'efət	n.
efforts		n. 努力；转向力（effort的复数）
egg	eg	n. 蛋, 卵
egged		v. 煽动, 挑唆；用蛋黄蛋白调拌（egg的过去分词形式）
egger	'e^ә(r)	幼虫食叶子的蛾类,搜集鸡蛋的人
egges		N:    A Tyrannosaurus-like beer drinking scourge.
egging		vt. 煽动, 怂恿（egg的现在分词形式）
eggplant	'egplɑ:nt	n. 茄子
eggplants	'eɡplɑ:nts	n. 茄子( eggplant的复数形式 )
eggs		n. 鸡蛋；蛋（egg的复数形式）
egypt	'i:dʒipt	n. 埃及
egyptian	i'dʒipʃәn	n. 埃及人
egyptians		n. 埃及人
egypts	网络	[原型] egypts 是 egypt 的复数
eight	eit	num. 八, 八个
eighteen	'ei'ti:n	num. 十八, 十八个
eighteens		十八岁（eighteen的复数形式）
eighter	eɪt	n. 八，8；八个(人或物)；表示八的符号(8,viii,VIII)
eightest	eɪt	n. 八，8；八个(人或物)；表示八的符号(8,viii,VIII)
eighth	eitθ	num. 第八, 八分之一
eighthed	eɪtθ	eighth
eighther	eɪtθ	adj. 第八的；8th；八分之一的
eighthest	eɪtθ	adj. 第八的；8th；八分之一的
eighths	eɪtθs	n. 第八( eighth的名词复数 ); 微醉; 第八; <音>八分音符
eighties	计	[原型] eighty
eights		n. 八叠板；八层叠板；八人单桨有舵手（赛艇比赛项目之一）
eighty	'eiti	num. 八十, 八十个
either	'i:ðә	a. (两者之中)任一的, (两者之中)各一的
eject	i'dʒekt	vt. 逐放, 放逐, 喷射
ejected		a. 射出的；被放出的；被驱逐的
ejecting		v. 喷射（eject的ing形式）
ejects	iˈdʒekts	v. 弹出, 喷出, 排出( eject的第三人称单数 ); 逐出; （飞机坠毁前从弹射座椅）弹出
elaborate	i'læbәreit	a. 精细的, 详尽的, 精心计划(或制作)的
elaborated	iˈlæbəreitid	v. 详尽说明( elaborate的过去式和过去分词 ); 变得复杂; 详细制定; 详尽阐述
elaborates		vi. 详尽说明（elaborate的第三人称单数形式）
elapse	i'læps	vi. 逝去, 过去
elapsed		v. 时间过去；消逝（elapse的过去分词）
elapses	iˈlæpsiz	v. （时间）消逝, 过去( elapse的第三人称单数 )
elastic	i'læstik	n. 松紧带, 橡皮筋
elastics		(elastic 的复数) n. 松紧带, 橡皮筋
elbow	'elbәu	n. 手肘, 弯头, 扶手
elbowed	ˈelbəud	a. [医]角的, 屈的, 肘形的
elbower		n. 投手
elbowing	ˈelbəuɪŋ	n. 打拐子
elbows	ˈelbəuz	n. 肘( elbow的名词复数 ); （衣服的）肘部; （衣服的）肘部; （管子、烟囱等的）弯处
elder	'eldә	n. 年长者, 老人, 前辈
eldered	'eldə	adj.
elderer	'eldə	elder1
elderest	'eldə	elder1
elders	ˈeldəz	n. （某些基督教会中的）长老( elder的复数形式 ); 长辈; 比我年长的人; 接骨木
elect	i'lekt	n. 当选人, 被选的人
elected	i'lektid	vt. 选举, 推选
electing	iˈlektɪŋ	v. （进行）选举( elect的现在分词 ); 推举; 选择; 决定（做某事）
election	i'lekʃәn	n. 选举, 当选, 选择权
elections		n. 选举, 选举制；投票（election的复数形式）
electr	e'lektə	abbr. electric(al) 电的; 电气的; electrician 电学家; electricity 电
electric	i'lektik	a. 电的, 导电的, 电动的
electrical	i'lektrikәl	a. 电的, 有关电的
electricals		(electrical 的复数) a. 电的, 有关电的
electrician	.ilek'triʃәn	n. 电学家, 电气技师, 电工
electricians	elekt'rɪʃnz	n. 电工, 电气专家( electrician的复数形式 )
electricities	ilekˈtrisitiz	n. 电( electricity的名词复数 ); 热情; 强烈的感情; 激动
electricity	.ilek'trisiti	n. 电, 电流, 电学, 热情, 电力供应
electrics	i'lektriks	[电] 电体
electrode	i'lektrәud	n. 电极
electrodes	e'lektrəʊdz	n. 电极( electrode的复数形式 )
electron	i'lektrɒn	n. 电子
electronic	.ilek'trɒnik	a. 电子的
electronics	.ilek'trɒniks	n. 电子学
electronicss	ɪlek'trɒnɪks; el-	electronics
electrons	e'lektrɒnz	n. 电子( electron的复数形式 )
elects	iˈlekts	v. （进行）选举( elect的第三人称单数 ); 推举; 选择; 决定（做某事）
elegant	'eligәnt	a. 优雅的, 端庄的, 高雅的
element	'elimәnt	n. 元件, 元素, 要素
elemental	.eli'mentәl	a. 元素的, 基本的
elementals		n. 元素生物, 元素（elemental复数）
elementary	.eli'mentәri	a. 初步的, 基本的
elements	'elimәnts	n. 原理, 基础
elephant	'elifәnt	n. 象
elephanter		爱烈芬塔暴风雨
elephants	'elɪfənts	n. 象, 大象( elephant的复数形式 )
elevate	'eliveit	vt. 举起, 提拔, 鼓舞
elevated	'eliveitid	a. 提高的
elevates	ˈeliveits	v. 举起( elevate的第三人称单数 ); 提高; 提升; 鼓舞
elevation	.eli'veiʃәn	n. 海拔, 提高, 仰角
elevations	ˌeləˈveɪʃənz	n. （水平或数量）提高( elevation的复数形式 ); 高地; 海拔; 提升
elevator	'eliveitә	n. 电梯, 升降机
elevatored	'elɪveɪtə	n.
elevatories	'elɪveɪtərɪ	elevatory
elevators	'elɪveɪtəz	n. 电梯( elevator的复数形式 ); 升降机（美）; 谷仓; 粮仓
eleven	i'levn	num. 十一, 十一个
elevens		n. 上午11点左右的点心
eleventh	i'levnθ	num. 第十一, 十一分之一
elevenths	ɪˈlevənθs	n. 第十一( eleventh的复数形式 ); 最后关头, 最后一刻
elias	i'laiәs	n. 伊莱亚斯（希伯来先知, 等于Elijah）
eliminate	i'limineit	vt. 除去, 排除, 剔除, 消除
eliminated	iˈlimineitid	v. 排除( eliminate的过去式和过去分词 ); 消除; 除掉; <口>干掉
eliminates	iˈlimineits	v. 排除( eliminate的第三人称单数 ); 消除; 除掉; <口>干掉
elimination	i.limi'neiʃәn	n. 除去, 消除, 消灭
eliminations		(elimination 的复数) n. 除去, 消除, 消灭
elliptical	i'liptikәl	a. 椭圆的
eloquence	'elәkwәns	n. 口才, 雄辩术, 雄辩
eloquences	'eləkwəns	n. 口才；雄辩；雄辩术；修辞
else	els	a. 别的, 其他的
elsest	els	else
elsewhere	'elshwєә	adv. 在别处
elsewheres	els'weə; 'elsweə	adv. 在别处，在别的地方；往别处，向别处
e-mail	'i:meil	[计] 电子邮件
email	'i:'meil	n. 电子信函
emailed	'iːmeɪl	n. 电子信函
emailing		n. 电子邮件（通信方式）；用电子邮件
emails	'iːmeɪl	n. 电子信函
embarrass	im'bærәs	vt. 使困窘, 使局促不安, 阻碍
embarrassed	im'bærәst	a. 尴尬的；窘迫的
embarrasses	ɪm'bærəs; em-	vt. 使局促不安；使困窘；阻碍
embarrassing	im'bærәsiŋ	a. 令人为难的, 麻烦的
embassies	ˈembəsiz	n. 大使馆( embassy的名词复数 ); 大使馆全体成员
embassy	'embәsi	n. 大使馆, 大使馆全体人员
embodies	imˈbɔdiz	v. 表现( embody的第三人称单数 ); 象征; 包括; 包含
embody	im'bɒdi	vt. 具体表达, 使具体化
embodying	imˈbɔdiŋ	v. 表现( embody的现在分词 ); 象征; 包括; 包含
embrace	im'breis	n. 拥抱
embraced	imˈbreist	v. 拥抱( embrace的过去式和过去分词 ); 包括; 包含; 接受
embracer	im'breisә(r)	n. 拥抱者,信奉者,接受者,企图以非法手段笼络法庭或陪审团的人
embraces	imˈbreisiz	v. 拥抱( embrace的第三人称单数 ); 包括; 包含; 接受
embracest	im'breis	vt.
embroideries	imˈbrɔidəriz	n. 刺绣( embroidery的名词复数 ); 刺绣品; 刺绣法
embroidery	im'brɒidәri	n. 刺绣品, 粉饰, 刺绣
embryo	'embriәu	n. 胚胎, 胎儿, 胚芽
embryos	'embriәuz	n. 胚胎；晶胚
emerge	i'mә:dʒ	vi. 浮现, 形成, 出现, (事实)显露
emerged		vt. 出现（emerge的过去分词）；浮现, 暴露
emergencies		n. 紧急需要；紧急事件
emergency	i'mә:dʒәnsi	n. 紧急状况, 紧急事件, 紧急需要
emerger		n. 羽化式毛钩
emerges	iˈmə:dʒz	v. 出现( emerge的第三人称单数 ); 露头; 形成; 事实
emergest	ɪ'mɜːdʒ	vi.
emigrate	'emigreit	v. (使)移居, (使)移民
emigrated	ˈemiɡreitid	v. 移居国外( emigrate的过去式和过去分词 )
emigrates	ˈemiɡreits	v. 移居国外( emigrate的第三人称单数 )
emilies	'eməlɪ	n. 埃米莉（女子名）
emily	'emәli	n. 埃米莉（女子名）
emission	i'miʃәn	n. 发射, 射出, 发行
emissions	ɪˈmɪʃənz	n. 排放物( emission的复数形式 ); 散发物（尤指气体）
emit	i'mit	vt. 发出, 放射, 发表(意见等), 散发, 发行
emitr		均相酶标记免疫测定试剂盒
emits	iˈmits	v. 发出, 放出( emit的第三人称单数 )
emitted		a. 射出的
emitter	i'mitә	n. 发射体, 发射极
emitting		n. 发射；发出, 散发
emotion	i'mәuʃәn	n. 情绪, 激动, 强烈的情感
emotional	i'mәuʃәnәl	a. 情绪的, 情感的
emotioned	ɪ'məʊʃ(ə)n	n. ☉强烈的感情, 激情；激动
emotions		n. 情绪；情感（emotion的复数形式）
emperor	'empәrә	n. 皇帝, 君主
emperors	ˈempərəz	n. 皇帝, 君主( emperor的复数形式 )
emphasis	'emfәsis	n. 强调, 加强, 重点, 强语气
emphasised	'emfəsaɪz	vt. （英）强调；加强…的语气（等于emphasize ）
emphasiser	'emfəsaiz	emphasiser
emphasises		(emphasise 的第三人称 -s形式) vt. 强调, 重读, 加强...的语气, 着重
emphasising		(emphasise 的现在分词) vt. 强调, 重读, 加强...的语气, 着重
emphasize	'emfәsaiz	vt. 强调, 加强语气, 着重
emphasized	ˈemfəsaizd	v. 强调( emphasize的过去式和过去分词 ); 加强语气; 重读; 使突出
emphasizer	ˊemfәsaizә	n. 见preemphasis network
emphasizes	ˈemfəsaiziz	v. 强调( emphasize的第三人称单数 ); 加强语气; 重读; 使突出
empire	'empaiә	n. 帝国, 帝权
empires		n. 帝国（empire的复数）
empirical	em'pirikәl	a. 完全跟据经验的, 经验主义的
empiricals		(empirical 的复数) a. 完全跟据经验的, 经验主义的
employ	im'plɒi	n. 雇用
employed		vt. 雇佣（employ的过去分词）
employee	.emplɒi'i:	n. 职员, 员工, 受雇人员
employees		n. 员工；雇员；从业人员（emploee的复数）
employer	im'plɒiә	n. 雇主, 老板
employers	ɪmp'lɔɪəz	n. 雇主( employer的复数形式 )
employes		(employe 的第三人称 -s形式) n. 受雇者, 雇员, 雇工
employest	,emplɒɪ'iː	n.
employing	imˈplɔiŋ	v. 雇用( employ的现在分词 ); 使用, 利用
employment	im'plɒimәnt	n. 雇用, 职业, 工作
employments		(employment 的复数) n. 雇用, 职业, 工作
employs	imˈplɔiz	v. 雇用( employ的第三人称单数 ); 使用, 利用
empties		n. 空矿车
empty	'empti	a. 空的, 空虚的, 空腹的, 空洞的
emptying	'emptiiŋ	[化] 排空
enable	i'neibl	vt. 使能够
enabled	i'neibl	a. 激活的, 使可行的
enabler		n. 使能器, 使能者；促成者, 赋能者
enables	iˈneiblz	v. 使能够, 提供做…的权利[措施]( enable的第三人称单数 ); 使可能
enablest	ɪn'eɪb(ə)l; en-	vt.
enchant	in'tʃænt	vt. 施魔法, 使入迷
enchanted	ɪnˈtʃɑ:ntɪd	a. 中魔法的; 着了魔的; 狂喜的; 极乐的
enchanter	in'tʃæntә	n. 巫师, 魔法师
enchantes	网络	(enchante 的复数)
enchantest	ɪn'tʃɑːnt; en-	vt.
enchanting	in'tʃæntiŋ	a. 迷人的, 妩媚的, 迷惑人的
enchants	inˈtʃɑ:nts	v. 使欣喜, 使心醉( enchant的第三人称单数 ); 用魔法迷惑
enclose	in'klәuz	vt. 围绕, 圈起, 放入封套, 附上
enclosed	in'klәuzd	a. 被附上的
encloses	inˈkləuziz	v. （用墙、篱笆等）把…围起来( enclose的第三人称单数 ); 把…装入信封; 附入; （尤指墙、篱笆等 ）围住
enclosest	ɪn'kləʊz; en-	vt.
enclosure	in'klәuʒә	n. 附件, 围墙, 围绕
enclosures	enk'ləʊʒəz	n. 圈占( enclosure的复数形式 ); 围绕; 圈占地; 附件
encounter	in'kauntә	n. 相会, 相遇, 遭遇
encountered		v. 遇到；曾遭遇（encounter的过去式）
encounterest	ɪn'kaʊntə; en-	vt.
encountering	inˈkauntərɪŋ	v. 遇到( encounter的现在分词 ); 遭遇; 偶然碰到; 与（人、部队）冲突
encounters	inˈkauntəz	n. 遭遇战( encounter的名词复数 ); [天文学]（向着某一天体的）接近; 突然遇到
encourage	in'kʌridʒ	vt. 鼓励, 支持, 激励
encouraged		a. 受到鼓舞的
encouragement	in'kʌridʒmәnt	n. 鼓励, 激励, 奖励
encouragements		(encouragement 的复数) n. 鼓励, 激励, 奖励
encourager		n. encourage的变形
encourages	inˈkʌridʒz	v. 鼓励( encourage的第三人称单数 ); 支持; 促进; 鼓动
encouragest	ɪn'kʌrɪdʒ; en-	vt.
encyclopedia	in.saiklәu'pi:diә	n. 百科全书
encyclopedias	ensaɪklə'pi:dɪəz	n. 百科全书, （某一学科的）专科全书( encyclopedia的复数形式 )
end	end	n. 结束, 终点, 目标, 末端, 梢, 死亡, 残余
endanger	in'deindʒә	vt. 危及
endangered	in'deindʒәd	a. 有生命危险的；濒临灭绝的
endangerest	ɪn'deɪn(d)ʒə; en-	vt.
endangering	enˈdeɪndʒərɪŋ	v. 危及, 使遭受危险( endanger的现在分词 )
endangers	enˈdeɪndʒəz	v. 危及, 使遭受危险( endanger的第三人称单数 )
endeavor	in'devә	n. 努力, 尽力
endeavored	enˈdevəd	v. 尝试, 试图( endeavor的过去式和过去分词 )
endeavorer		n. 努力；尽力（等于endeavour） (endeavor的变形)
endeavoring	enˈdevərɪŋ	v. 尝试, 试图( endeavor的现在分词 )
endeavors	enˈdevəz	n. <正>努力, 尽力( endeavor的名词复数 )
endeavour	in'devә	n. 努力, 力图, 尽力
endeavoured	inˈdevəd	v. 努力, 尽力, 竭力( endeavour的过去式和过去分词 )
endeavourest	ɪn'devə; en-	vi.
endeavouring	inˈdevərɪŋ	v. 努力, 尽力, 竭力( endeavour的现在分词 )
endeavours	inˈdevəz	n. <英>尽力, 竭力( endeavour的名词复数 )
ended		a. 结束的（end的过去分词）
ender		n. 安德（游戏中的人物名）；恩德（男子名）
endes		恩代什
endest	end	n.
ending	'endiŋ	n. 终止, 终了, 收场
endings	ˈendiŋz	n. （故事, 电影等的）结局( ending的复数形式 ); 结束; 终结; 最后部份
endless	'endlis	a. 不停的, 无穷尽的, 无尽的
endow	in'dau	vt. 捐赠, 捐助, 赋予
endowed	ɪn'daʊ	v. 捐钱( endow的过去式和过去分词 ); 捐赠; 资助; 使（某人）天生具有（好资质、能力等）
endower		n. endow的变形
endowest	ɪn'daʊ; en-	vt.
endowing	inˈdauɪŋ	v. 捐钱( endow的现在分词 ); 捐赠; 资助; 使（某人）天生具有（好资质、能力等）
endows	inˈdauz	v. 捐钱( endow的第三人称单数 ); 捐赠; 资助; 使（某人）天生具有（好资质、能力等）
ends		n. 目的；末端；结束（end的复数）
endurance	in'djuәrәns	n. 忍耐, 忍耐力, 耐性
endurances	ɪn'djʊərəns	n. 耐久；忍耐(力)
endure	in'djuә	vt. 忍受, 忍耐, 容忍, 耐
endured	inˈdjuəd	a. 吃苦耐劳的
endures	inˈdjuəz	v. （长时间地）忍受, 忍耐, 容忍( endure的第三人称单数 ); 持续, 持久, 坚持下去
endurest	ɪn'djʊə; en-; -'djɔː	vt.
enemies	'enəmɪz	n. 仇敌( enemy的名词复数 ); 敌军; 危害物; 大敌
enemy	'enimi	n. 敌人, 仇敌, 敌军
energetic	.enә'dʒetik	a. 精力充沛的, 积极的
energetics	.enә'dʒetiks	n. 能量学
energies	ˈenədʒiz	n. 活力( energy的名词复数 ); [物理学]（原子、电、辐射的）能; [常用复数]精力; （有效地发挥的）力量
energize	'enәdʒaiz	vt. 使活跃, 激励, 供给...能量
energized	'enədʒaɪzd	v. 给予…精力, 能量( energize的过去式和过去分词 ); 使通电
energizer	'enәdʒaizә	抗抑制剂, 情绪兴奋剂
energizes	ˈenəˌdʒaɪziz	v. 给予…精力, 能量( energize的第三人称单数 ); 使通电
energy	'enәdʒi	n. 精力, 精神, 活力, 能量
enforce	in'fɒ:s	vt. 强迫, 执行, 坚持
enforced	in'fɔ:sid	a. 强制执行的；实施的
enforcer		n. 实施者, 强制者
enforces	inˈfɔ:siz	v. 实施( enforce的第三人称单数 ); 执行; 强迫; 强制执行
enforcest	ɪn'fɔːs; en-	vt.
engage	in'geidʒ	vi. 答应, 从事, 交战
engaged	in'geidʒd	a. 忙碌的, 使用中的
engagement	in'geidʒdmәnt	n. 诺言, 约会, 婚约, 交战
engagements	en'ɡeɪdʒmənts	n. 订婚( engagement的复数形式 ); 婚约; 约会; 约定
engager		衔接器
engages	ɪnˈɡeɪdʒz	v. 从事( engage的第三人称单数 ); 使从事（某种事业等） (in); 吸引或引起（注意、兴趣等）; 与（某人
engagest	ɪn'geɪdʒ; en-	vt.
engine	'endʒin	n. 引擎, 发动机, 机车
engined		a. 装有若干数量或某种类型发动机的
engineer	.endʒi'niә	n. 工程师, 工兵
engineered		a. 设计的, 工程
engineering	.endʒi'niәriŋ	n. 工程学, 工程, 操纵
engineerings	网络	[原型] engineerings 是 engineering 的复数
engineers		n. 工程师；机械师（engineer的复数）
enginer		n. (Enginer)人名；(土)恩吉内尔
engines		n. 火车头；发动机, 引擎（engine的复数形式）
england	'iŋglәnd	n. 英格兰
englander	'iŋ^lәndә(r)	n. 英国人；英格兰人
englands	网络	[原型] englands 是 england 的复数
english	'iŋgliʃ	n. 英语
englished	'iŋɡliʃ	a. 英文的；英国的；英国人的
englisher	'iŋ^liʃә(r)	n. 英国人；英语译者；将另一种文字译成英文者
englishes	网络	[原型] englishes 是 english 的复数
englishest	'ɪŋɡlɪʃ	adj.
englishing	'iŋɡliʃ	a. 英文的；英国的；英国人的
englishman	'iŋgliʃmәn	n. 英国人
enhance	in'hæns	vt. 提高, 加强, 增加
enhanced	in'hɑ:nst. -'hænst	a. 增大的；加强的
enhancer	in'hɑ:nsә	[化] 增强子
enhances	inˈhɑ:nsiz	v. 提高( enhance的第三人称单数 ); 增进; 用计算机增强（照片等）; 提高…的价值（或价格）; 使变青白,
enhancest	ɪn'hɑːns; -hæns; en-	vt.
enjoy	in'dʒɒi	vt. 享受, 喜欢, 欣赏
enjoyable	in'dʒɒiәbl	a. 可从中得到乐趣的, 令人愉快的
enjoyabler	ɪn'dʒɒɪəb(ə)l; en-	adj. 有乐趣的，(能)给人乐趣的，可从中得到乐趣的；令人愉快(或快乐的)；能享受的，能享有的
enjoyablest	ɪn'dʒɒɪəb(ə)l; en-	adj. 有乐趣的，(能)给人乐趣的，可从中得到乐趣的；令人愉快(或快乐的)；能享受的，能享有的
enjoyed	ɪn'dʒɔɪd	v. 享有（ enjoy的过去式和过去分词 ）; 玩得快乐; 喜欢
enjoyer		n. enjoy的变形
enjoyest	ɪn'dʒɒɪ; en-	vt.
enjoying	end'ʒɔɪɪŋ	v. 享有( enjoy的现在分词 ); 玩得快乐; 喜欢; enjoy yourself （祝愿时说）玩痛快些
enjoyment	in'dʒɒimәnt	n. 享乐, 快乐, 享受
enjoyments	enˈdʒɔɪmənts	n. 愉快( enjoyment的复数形式 ); 令人愉快的事物; 享有; 享受
enjoys	inˈdʒɔiz	v. 享有( enjoy的第三人称单数 ); 玩得快乐; 喜欢; enjoy yourself （祝愿时说）玩痛快些
enlarge	in'lɑ:dʒ	vt. 扩大, 增大
enlarged	inˈlɑ:dʒd	v. 扩大( enlarge的过去式和过去分词 ); 扩展; 扩充; 放大
enlarger	in'lɑ:dʒә	n. 放大机, 扩大者, 详述者
enlarges	inˈlɑ:dʒz	v. 扩大( enlarge的第三人称单数 ); 扩展; 扩充; 放大
enlargest	ɪn'lɑːdʒ; en-	vt.
enlighten	in'laitn	vt. 教育, 启发, 启蒙, 开导, 教导
enlightened	in'laitnd	a. 有知识的, 进步的, 文明的
enlightener		启蒙
enlightenest	ɪn'laɪt(ə)n; en-	vt.
enlightening		a. 有启发作用的, 使人领悟的
enlightens	inˈlaitənz	v. 启发, 开导( enlighten的第三人称单数 )
enormous	i'nɒ:mәs	a. 巨大的, 庞大的
enough	i'nʌf	n. 充足, 够, 很多
enoughs	网络	[原型] enoughs 是 enough 的复数
enquire	in'kwaiә	v. 询问
enquired	inˈkwaiəd	v. 打听( enquire的过去式和过去分词 ); 询问; 问问题; 查问
enquirer		n. 寻问者；追究者
enquires	inˈkwaiəz	v. 打听( enquire的第三人称单数 ); 询问; 问问题; 查问
enquirest	ɪn'kwaɪə	vi.,vt.
enquiries	inˈkwaiəriz	n. 询问（ enquiry的复数形式 ）; 调查; 查询; 问讯处
enquiry	in'kwaiәri	n. 询问
enrich	in'ritʃ	vt. 使富足, 使肥沃
enriched	in'ritʃt	a. 浓缩的；强化的
enricher	en'rɪtʃər	浓缩器
enriches	inˈritʃiz	v. 使富有( enrich的第三人称单数 ); 使富裕; 充实; 使丰富
enrichest	ɪn'rɪtʃ; en-	vt.
enriching	inˈritʃɪŋ	v. 使富有( enrich的现在分词 ); 使富裕; 充实; 使丰富
enroll	in'rәul	vt. 登记, 使加入
enrolled		v. 登记（入会；卷）
enroller		n. enrol的变形；enroll的变形
enrolling		n. 入学；登记
enrolls		( enroll的第三人称单数 )；登记, 招收, 使入伍（或入会、入学等）, 参加, 成为成员；记入名册；卷起, 包起
ensure	in'ʃuә	vt. 确定, 保证, 担保, 保护
ensured	inˈʃuəd	v. 确保( ensure的过去式和过去分词 ); 担保获得[避免]; 使（某人）获得; 使安全
ensurer		n. ensure的变形
ensures	inˈʃuəz	v. 确保( ensure的第三人称单数 ); 担保获得[避免]; 使（某人）获得; 使安全
ensurest	ɪn'ʃɔː; -'ʃʊə; en-	vt.
enter	'entә	vt. 进入, 参加, 开始, 输入, 回车
entered		a. 进入的
enterer		穿经工
enterest	'entə	vi.
entering	计	[原型] entering 是 enter 的现在分词
enterprise	'entәpraiz	n. 企业, 事业心, 进取心, 干事业
enterprised	'entəpraɪz	n. 企业；事业；进取心；事业心
enterpriser	'entәpraizә(r)	n. 干事业的人, 创业者, 企业家
enterprises		n. 企业（enterprise的复数）
enters	ˈentəz	v. 进入( enter的第三人称单数 ); 进去; 参加; 登记
entertain	.entә'tein	vt. 娱乐, 招待, 怀抱
entertained	ˌentəˈteind	v. 款待, 招待( entertain的过去式和过去分词 ); 使欢乐; 使娱乐; 抱有
entertainer	.entә'teinә	n. 表演娱乐节目的人, 演艺人员
entertainest	entə'teɪn	vt.
entertaining	.entә'teiniŋ	a. 使人愉快的, 有趣的
entertainings	entə'teɪnɪŋ	adj.
entertainment	.entә'teinmәnt	n. 娱乐, 款待, 娱乐表演
entertainments	entə'teɪnmənts	n. 娱乐( entertainment的复数形式 ); 殷勤; 款待; 娱乐物
entertains	ˌentəˈteinz	v. 款待, 招待( entertain的第三人称单数 ); 使欢乐; 使娱乐; 抱有
enthusiasm	in'θju:ziæzәm	n. 巨大的热情, 热心
enthusiasms	inˈθju:ziæzəmz	n. 热心( enthusiasm的复数形式 ); 极大（或强烈）的兴趣; 巨大兴趣; 激发热情的事物（或人）
enthusiastic	in.θju:zi'æstik	a. 狂热的, 热心的, 热烈的
entire	in'taiә	n. 整个, 全部
entirely	in'taiәli	adv. 完全, 全然, 一概
entirer	ɪn'taɪə; en-	entire
entires	ɪn'taɪə(r)	adj. 整个的；完整的；全体的；纯粹的
entirest	ɪn'taɪə; en-	entire
entitle	in'taitl	vt. 给...权利, 取名为, 给予名称, 叫做
entitled	in'taitld	a. 有资格的；给与名称的
entitles	inˈtaitlz	v. 使有资格, 使有权( entitle的第三人称单数 ); 给…题名
entrance	'entrәns	n. 入口, 进入点, 入场, 入学, 进入, 开始(阶段), 就任
entranced		a. 着迷的；狂喜的
entrancer	'entrəns	n.
entrances	ˈentrənsiz	n. 入口( entrance的名词复数 ); 进入; 登场; 入学
entreat	in'tri:t	v. 恳求, 乞求
entreated	enˈtri:tid	v. 恳求, 乞求( entreat的过去式和过去分词 )
entreatest	ɪn'triːt; en-	vt.
entreaties	enˈtri:ti:z	n. <正>恳求, 乞求( entreaty的名词复数 )
entreating	enˈtri:tɪŋ	v. 恳求, 乞求( entreat的现在分词 )
entreats	enˈtri:ts	v. 恳求, 乞求( entreat的第三人称单数 )
entries		n. 进入；（词典所列的）词目（entry的复数形式）
entry	'entri	n. 登录, 条目, 进入, 入口, 报关
envelope	'envәlәup	n. 信封, 封套, 封袋
enveloped		n. 折叠条
enveloper	in'veləp; 'envələup	enveloper
envelopes	'envələʊps	n. 信封( envelope的复数形式 )
envelopest	'envələʊp; 'ɒn-	n.
envies	ˈenviz	n. 妒忌, 羡慕( envy的名词复数 )
environment	in'vairәnmәnt	n. 环境, 外界, 围绕
environmental	in.vaiәrәn'mentәl	a. 周围的, 环境的
environmentalist	in,vaiәrәn'mentlist	n. 环保人士
environments		n. 环境；生态环境；[计]（计算机系统运行的）环境（environment的复数）
envy	'envi	n. 羡慕, 嫉妒
envyed	'envɪ	n.
envying	ˈenviŋ	v. 妒忌, 羡慕( envy的现在分词 )
episode	'episәud	n. 插曲, 插话, 有趣的事件, 一段情节
episodes		n. 发作, 插曲（episode复数）
epoch	'i:pɒk	n. 新纪元, 时代, 时期
epoched	'iːpɒk; 'epɒk	n.
epoches	ˈi:pɔkiz	n. 纪元( epoch的名词复数 ); 时期; 时代; 世
epochs		时代（epoch的复数形式）
equal	'i:kwәl	n. 对手, 匹敌, 同辈
equaled	ˈi:kwəld	v. 比得上( equal的过去式和过去分词 ); （质量等方面）赶得上; 与…相等或相同; 使（某物）等于
equaler	'i:kwəl	equal
equaling	ˈi:kwəlɪŋ	v. 比得上( equal的现在分词 ); （质量等方面）赶得上; 与…相等或相同; 使（某物）等于
equalities	i:ˈkwɔlitiz	n. 同等, 平等( equality的名词复数 )
equality	i:'kwɒliti	n. 平等, 均匀, 相等
equals		n. （地位、实力等）相同或相等的人；对手；相等物（equal的复数形式）
equation	i'kweiʃәn	n. 相等, 等式, 平衡
equations		n. 方程式；等式；均等；均势（equation的复数形式）
equator	i'kweitә	n. 赤道
equators		(equator 的复数) n. 赤道
equilibrium	.i:kwi'libriәm	n. 平衡, 平静, 均衡
equilibriums	i:kwɪ'lɪbrɪəmz	n. 平衡, 均势（equilibrium的复数形式）
equip	i'kwip	vt. 装备, 配备
equiped		(equipe 的过去分词) n. <法>运动队（或比赛队）及其装备
equipes	网络	[原型] equipes 是 equipe 的复数
equipment	i'kwipmәnt	n. 装备, 设备, 才能
equipments		n. 设备；装备（equipment的复数）
equips	iˈkwips	v. 装备( equip的第三人称单数 ); 配备; 使有能力; 使胜任
equivalent	i'kwivәlәnt	n. 同等物, 等价物, 相等物
equivalented	ɪ'kwɪv(ə)l(ə)nt	adj.
equivalenting	ɪ'kwɪv(ə)l(ə)nt	adj.
equivalents	ɪk'wɪvələnts	n. 相等的东西( equivalent的复数形式 ); 对应词
era	'iәrә	n. 时代, 纪元, 时期
eras		n. 纪元, 时代；年代（era的复数形式）
eraser	i'reisә	n. 擦子
erasers	ɪ'reɪsəz	n. <主美>橡皮擦, 板擦( eraser的复数形式 )
erast		n. (Erast)人名；(俄)叶拉斯特
erect	i'rekt	a. 直立的, 竖立的, 笔直的
erected	iˈrektid	v. 使直立, 竖起( erect的过去式和过去分词 ); <正>建立
erecter	ɪ'rektə	n. =erector
erectest	ɪ'rekt	adj.
erecting	计	[原型] erecting 是 erect 的现在分词
erects	iˈrekts	v. 使直立, 竖起( erect的第三人称单数 ); <正>建立
erosion	i'rәuʒәn	n. 腐蚀, 冲蚀, 侵蚀
erosions		(erosion 的复数) n. 腐蚀, 冲蚀, 侵蚀
errand	'erәnd	n. 任务, 差使, 使命
erranded	'er(ə)nd	n.
erranding	'er(ə)nd	n.
errands	ˈerəndz	n. errand的复数; 差使( errand的复数形式 ); 差事
error	'erә	n. 错误, 过失, 失误, 误差
errored	'erə	n.
erroring	'erə	n.
errors		n. 误差；错误；差错（error的复数）
erupt	i'rʌpt	vi. 爆发
erupted	iˈrʌptid	v. 爆发( erupt的过去式和过去分词 ); 喷发; 突然发生; 出疹
erupting	iˈrʌptɪŋ	v. 爆发( erupt的现在分词 ); 喷发; 突然发生; 出疹
eruption	i'rʌpʃәn	n. 爆发, 喷出物, 出疹
eruptions	ɪˈrʌpʃənz	n. 喷发, 爆发( eruption的复数形式 )
erupts	iˈrʌpts	v. 爆发( erupt的第三人称单数 ); 喷发; 突然发生; 出疹
escape	i'skeip	n. 逃亡, 避难设备, 逃跑
escaped		v. 避开；泄出；逃离, 逃脱（escape的过去式, 过去分词）
escapees	ɪˌskeɪˈpi:z	n. 逃脱者, 逃亡者, 逃犯( escapee的复数形式 )
escaper	ɪs'keɪpər	排放器
escapes	isˈkeips	n. 逃走( escape的名词复数 ); 消遣
escapest	ɪ'skeɪp; e-	vi.
escort	'eskɒ:t	n. 护送者, 护卫者, 护航舰
escorted	ˈeskɔ:tid	v. 护送, 护卫( escort的过去式和过去分词 )
escorting	ˈeskɔ:tɪŋ	v. 护送, 护卫( escort的现在分词 )
escorts		v. 陪同；护送（escort的第三人称单数形式）
especially	i'speʃәli	adv. 尤其, 特别, 格外
essay	'esei. e'sei	n. 随笔, 短文, 评论, 企图
essayed		vt. 尝试（essay的过去式与过去分词形式）
essayer		n. 散文；试图；随笔 (essay的变形)
essayest	'eseɪ	n.
essaying	ˈeseiŋ	[医]取样, 试样, 定量分析
essays	ˈeseiz	n. 散文( essay的名词复数 ); （作为课程作业, 学生写的）文章; 企图; （用来刊登的）论说文
essence	'esns	n. 实质, 本质, 香精
essenced		a. 香料的, 香气的
essences	'esnsɪz	n. 本质( essence的复数形式 ); 实质; （植物, 药物等）精髓; 精华
essential	i'senʃәl	n. 要素, 要点, 本质
essentials		n. 要件, 概要；基本营养素；生活必需品（essential的复数）
establish	i'stæbliʃ	vt. 建立, 确立, 制定
established	is'tæbliʃt	a. (被)建立的, 固定的, 既定的, 确定的, 确认的, 确立的, (被)制定的
establisher	i'stæbliʃ	n. establish（建立）的变形
establishes	isˈtæbliʃiz	v. 建立( establish的第三人称单数 ); 确定; [植物学]使（植物）定植; 使成为
establishest	ɪ'stæblɪʃ; e-	vt.
establishing	isˈtæbliʃɪŋ	v. 建立( establish的现在分词 ); 确定; [植物学]使（植物）定植; 使成为
establishment	i'stæbliʃmәnt	n. 确立, 制定, 设施
establishments	isˈtæbliʃmənts	n. 企业( establishment的复数形式 ); 建立; （通常反对变革的）当权派; 反对改革的保守当权派
estate	i'steit	n. 不动产, (人生的)阶段, 阶层, 财产
estated		a. 有财产的, 有地产的, 有产业的
estates		n. 不动产；房地产, 财产（estate的复数）
estimate	'estimeit	n. 估计, 判断
estimated		a. 估算的；估计的；预计的
estimater		估定器
estimates		n. 估计；概数；预算（estimate的复数）
estimatest	'estɪmeɪt	vt.
etc		-3
eternal	i'tә:nl	a. 永恒的, 永远的, 不灭的
eternals		永恒的, 永久的( eternal的名词复数 )；似乎不停的
ethical	'eθikәl	a. 伦理的, 民族的, 民族特有的
ethicals		凭处方出售的药品
ethics	'eθiks	n. 道德规范
ethicss	'eθɪks	ethics
ethos	'i:θɔs	n. 气质；民族精神；社会思潮
ethosed	'iːθɒs	n.
ethoses	'iːθɒs	n. 民族精神；气质；社会思潮
europe	'juәrәp	n. 欧洲
european	.juәrә'pi:әn	n. 欧洲人
europeans	ˌjʊərəˈpi:ənz	n. 欧洲人( European的复数形式 )
europes	网络	[原型] europes 是 europe 的复数
evaluate	i'væljueit	vt. 评估, 评价, 赋值
evaluated		vi. 评估；估…的价（evaluate的过去分词形式）
evaluates	iˈvæljueits	v. 评价( evaluate的第三人称单数 ); 求…的值（或数）; 对…评价; [数学、逻辑学]求…的数值
evaporate	i'væpәreit	vi. 蒸发, 失去水分, 消失
evaporated	i'væpәreitid	a. 浓缩的, 蒸发干燥的, 脱水的
evaporates	iˈvæpəreits	v. （使某物）蒸发掉( evaporate的第三人称单数 ); 消失, 不复存在; 使脱水
eve	i:v	n. 前夕, 前夜
eved		vi. eve
even	'i:vәn	a. 平坦的, 相等的, 连贯的, 均等的, 公平的, 偶数的, 平均的, 平衡的, 恰好的
evened		vt. 使平坦（even的过去式与过去分词形式）
evener	'i:vәnә	平整器
evenest		adj. 平的( even的最高级 ); 公平的; 均匀的; 均衡的
evening	'i:vniŋ	n. 傍晚, 晚间, 末期
eveninger	'iːv(ə)nɪŋ	n.
evenings	'i:vniŋz	n. 每晚, 在任何晚上
evenly	'i:vәnli	adv. 平衡地, 平坦地, 平等地
evens	'i:vәnz	a. （英）均等的
event	i'vent	n. 事件, 结果, 事情的进程, 竞赛项目
eventer	i'ventə	n. [主英国英语]【体育】；综合全能马术比赛参赛骑手, 三日赛骑手
eventing	ɪˈventɪŋ	n. 综合全能马术比赛
events		n. 事件；[体育]项目（event的复数）
eventually	i'ventʃuәli	adv. 最后, 终于
ever	'evә	adv. 曾经, 究竟, 永远
everest	'evәrist	n. 珠穆朗玛峰, 顶峰
everlasting	.evә'læstiŋ	a. 永恒的, 持久的
everlastings		(everlasting 的复数) a. 永恒的, 持久的
every	'evri	a. 每一, 所有的
everybodies	'evrɪbɒdɪ	everybody
everybody	'evribɒdi	pron. 每个人, 人人
everyday	'evri'dei	a. 每天的, 日常的, 平常的
everyone	'evriwʌn	pron. 每个人, 人人
everything	'evriθiŋ	pron. 每件事物, 所有事物
everywhere	'evrihwєә	adv. 各处, 到处
eves		n. 伊夫斯（姓氏）
evidence	'evidәns	n. 根据, 证据, 迹象
evidenced		vt. 使明显（evidence的过去式与过去分词形式）
evidencer	'evɪd(ə)ns	n. 明显, 明白, 清楚, 显著(的情况)；痕迹, 迹象；形迹；象征, 征兆, 显示(of)
evidences	ˈevidənsiz	n. 证词( evidence的名词复数 ); 证据; 迹象; 明显
evident	'evidәnt	a. 显然的, 明显的
evil	'i:vl	n. 邪恶, 不幸, 罪恶
evilest		evil（邪恶的，罪恶的）的最高级形式
eviling	'iːv(ə)l; -vɪl	evil
eviller		evil（邪恶的, 罪恶的）的比较级形式
evillest		evil（邪恶的, 罪恶的）的最高级形式
evils	ˈi:vəlz	n. 邪恶, 罪恶, 祸害( evil的复数形式 )
evolution	.i:vә'lu:ʃәn	n. 进化, 发展, 进展, (气体)放出, 开方
evolutions		(evolution 的复数) n. 进化, 发展, 进展, (气体)放出, 开方
evolve	i'vɒlv	vi. 进展, 进化, 展开
evolved		n. 进化了的
evolves	iˈvɔlvz	v. 演变, 进化( evolve的第三人称单数 ); （动植物等 ）进化, 进化形成
evolvest	ɪ'vɒlv	vt.
ewell		尤厄尔 (人名)
exact	ig'zækt	a. 精确的, 准确的, 精密的
exacted		vbl. 索求
exacter		n. 强征(捐税)的人
exactest		adj. 准确的( exact的最高级 ); 严谨的; 科学精密的; 严密的
exacting	ig'zæktiŋ	a. 苛求的, 吃力的
exactly	i^'zæktli	adv. 确切地, 精确地, 恰好, 完全地, 确实, 恰恰正是, 确实如此
exacts	iɡˈzækts	v. 要求( exact的第三人称单数 ); 苛求; 迫使; 强迫
exaggerate	ig'zædʒәreit	v. 夸大, 夸张
exaggerated	ig'zædʒәreitid	a. 夸大的, 夸张的, 言过其实的
exaggerater	ɪg'zædʒəreɪt; eg-	vt.
exaggerates	iɡˈzædʒəreits	n. （使）扩大( exaggerate的名词复数 ); （使）增加; 夸大; 夸张
exaggeratest	ɪg'zædʒəreɪt; eg-	vt.
exam	ig'zæm	n. 考试, 测验
examed	ɪg'zæm; eg-	n.
exames	网络	(exame 的复数)
examination	ig.zæmi'neiʃәn	n. 考试, 测验, 审查
examinations	iɡˌzæmiˈneiʃənz	n. 检查( examination的复数形式 ); 考试; 考查; 试题
examine	ig'zæmin	v. 检查, 调查, 考试
examined		a. 验讫；检查过的
examinees		(examinee 的复数) n. 受试人, 应试者
examiner	ig'zæminә	n. 检查人, 审查人, 主考者
examines	iɡˈzæminz	v. 仔细检查( examine的第三人称单数 ); 考试; 审查
examinest	ɪg'zæmɪn; eg-	vt.
examing	ɪg'zæm; eg-	n.
exammer	ɪg'zæm; eg-	exam
example	ig'zæmpl	n. 例子, 样本, 实例
exampled	ɪg'zɑːmp(ə)l; eg-	n. 例子；榜样
exampler		n. 样本
examples		n. 例子；列证（example的复数形式）
exams		n. 考试；检查（exam的复数）
excavate	'ekskәveit	v. 挖空, 挖出, 凿通
excavated	ˈekskəˌveɪtid	v. 挖掘( excavate的过去式和过去分词 ); 开凿; 挖出; 发掘
excavates	ˈekskəˌveɪts	v. 挖掘( excavate的第三人称单数 ); 开凿; 挖出; 发掘
excavation	.ekskә'veiʃәn	n. 挖掘, 发掘, 挖掘的洞
excavationes		陷凹
excavations	ˌekskəˈveɪʃənz	n. 挖掘( excavation的复数形式 ); 开凿; 开凿的洞穴（或山路等）; （发掘出来的）古迹
exceed	ik'si:d	vt. 超过, 超越, 胜过
exceeded		a. 非常的；过度的；溢出的
exceeder		n. exceed的变形
exceedest	ɪk'siːd; ek-	vt.
exceeding	ik'si:diŋ	a. 超越的, 非常的, 极度的
exceedingly	ik'si:diŋli	adv. 极端地, 极度地, 非常
exceeds	ikˈsi:dz	v. 超过( exceed的第三人称单数 ); 超越; （在数量和质量等方面）胜过; 越过…的界限
excel	ik'sel	vt. 胜过, 优于, 擅长
excelled		v. 胜过；超过；优于；超越（excel的过去分词形式）
excellent	'ekslәnt	a. 优良的, 杰出的, 出色的
excellenter	'eks(ə)l(ə)nt	adj.
excellentest	'eks(ə)l(ə)nt	adj.
excellest	ɪk'sel; ek-	vt.
excelling		n. 胜过（优于）
excels	ikˈselz	v. 优于, 擅长( excel的第三人称单数 ); 胜过平时
except	ik'sept	vt. 除, 除外
excepted		a. 除...之外
exceptest	ɪk'sept; ek-	vt.
excepting	ik'septiŋ	prep. 除...外, 要不是, 只是
exception	ik'sepʃәn	n. 例外, 除外, 异议
exceptional	ik'sepʃәnәl	a. 例外的, 异常的, 特别的
exceptionals		(exceptional 的复数) a. 例外的, 异常的, 特别的
exceptioner	ɪk'sepʃ(ə)n; ek-	n. 除外, 例外；排除在外, 不包括在内；被排除在外的事物；尤指
exceptions		n. 免责条款（exception的复数形式）
excepts	ikˈsepts	v. 略去( except的第三人称单数 ); 不计; 把…作为例外; 把…除外
excess	ik'ses	n. 过度, 剩于, 超过, 超额
excessed	ɪk'ses	n. 过量；过剩；过度；超越
excesses		n. 过份荒淫的行为；剩余额（excess的复数）
excessing	ɪk'ses	n. 过量；过剩；(饮食等)无节制；超越
excessive	ik'sesiv	a. 过度的, 过多的, 极端的
excessively	ik'sesivli	adv. 过多, 极度, 过度, 过分
exchange	iks'tʃeindʒ	n. 交换, (电话)交换局, 交换机, 汇兑, 交易所
exchanged	iksˈtʃeindʒd	v. 换回( exchange的过去式和过去分词 ); 交换, 替换; 进行易货贸易, 作物物交换; [金融业]（货币）
exchanger	iks'tʃeindʒә	n. 交换器
exchanges		n. 交易所, 	票据交换总额；市场, 外币兑换（exchange 复数形式）
exchangest	ɪks'tʃeɪndʒ; eks-	vt.
excite	ik'sait	vt. 刺激, 使兴奋, 激励
excited	ik'saitid	a. 兴奋的, 已励磁的, 已激发的, 激昂的, 激动的
excitement	ik'saitmәnt	n. 刺激, 兴奋
excitements	ikˈsaitmənts	n. 兴奋, 激动( excitement的复数形式 ); 令人兴奋的事
exciter	ik'saitә	n. 刺激者, 激励者, 刺激物
excites	ikˈsaits	v. 使兴奋( excite的第三人称单数 ); 激发; 刺激; 使紧张不安
excitest	ɪk'saɪt; ek-	vt.
exciting	ik'saitiŋ	a. 令人兴奋的, 刺激的
exclaim	iks'kleim	v. 大叫, 呼喊, 大声叫
exclaimed	iksˈkleimd	vt. exclaim的过去式
exclaimer		n. exclaim的变形
exclaimest	ɪk'skleɪm; ek-	vi.
exclaiming	iksˈkleimɪŋ	v. 呼喊, 惊叫, 大声说( exclaim的现在分词 )
exclaims	iksˈkleimz	v. 呼喊, 惊叫, 大声说( exclaim的第三人称单数 )
exclamation	.eksklә'meiʃәn	n. 惊呼, 激烈言词, 惊叹词
exclamations	ˌekskləˈmeɪʃənz	n. 呼喊( exclamation的复数形式 ); 感叹; 感叹语; 感叹词
exclude	iks'klu:d	vt. 除外, 排除, 排斥
excluded	iksˈklu:did	v. 排除, 不包括在内( exclude的过去式和过去分词 )
excluder	iks'klu:dә	排除器
excludes	iksˈklu:dz	v. 排除, 不包括在内( exclude的第三人称单数 )
excludest	ɪk'skluːd; ek-	vt.
exclusive	ik'sklu:siv	a. 排外的, 独占的, 唯一的
exclusively	ik'sklu:sivli	adv. 排他地, 仅仅, 专门, 只, 仅, 唯一地, 专有地
exclusives	iksˈklu:sivz	n. 独家新闻( exclusive的复数形式 ); 专有物; 独家经营的产品（或项目、设计等）; 排外者
excursion	ik'skә:ʒәn	n. 远足, 游览圆, 短程旅行
excursioned	ɪk'skɜːʃ(ə)n; ek-	n. 偏移；远足；短程旅行；离题；游览圆
excursioner	ɪk'skɜːʃ(ə)n; ek-	n.
excursioning	ɪk'skɜːʃ(ə)n; ek-	n. 偏移；远足；短程旅行；离题；游览圆
excursions	iksˈkə:ʃənz	n. （尤指集体）远足( excursion的复数形式 ); 短途旅行; （短期的）涉足; 离题
excuse	ik'skju:z	vt. 原谅, 申辩, 做为...的托辞
excused	iksˈkju:zd	v. 原谅( excuse的过去式和过去分词 ); 使免除; 准许…离开; 为…辩解
excuser		n. 借口；理由 (excuse的变形)
excuses	iksˈkju:ziz	n. 理由( excuse的名词复数 ); 歉意; 拙劣样品
excusest	ɪk'skjuːz; ek-	vt.
execute	'eksikju:t	vt. 执行, 实行, 完成, 处死, 制成
executed	ˈeksikju:tid	v. 执行（法令）( execute的过去式和过去分词 ); （按计划或设计）作成; 履行; 演（戏）
executer		n. 实行；实施
executes	ˈeksikju:ts	v. 执行（法令）( execute的第三人称单数 ); （按计划或设计）作成; 履行; 演（戏）
executest	'eksɪkjuːt	vt.
execution	.eksi'kju:ʃәn	n. 实行, 完成, 执行, 死刑
executioner	.eksi'kju:ʃәnә	n. 刽子手
executions	ˌeksiˈkju:ʃənz	n. 实行( execution的复数形式 ); （尤指遗嘱的）执行; 演奏; 依法处决
executive	ig'zekjutiv	n. 执行部门, 执行委员会, 执行者, 经理主管人员
executives		n. 主管们；高管们；执行管理者, 执行主管（executive的复数）
exemplifies	ɪɡˈzɛmpləˌfaɪz	v. 是…的典型( exemplify的第三人称单数 ); 例示, 举例证明
exemplify	ig'zemplifai	vt. 例证, 例示
exemplifying	ɪɡˈzɛmpləˌfaɪŋ	v. 是…的典型( exemplify的现在分词 ); 例示, 举例证明
exercise	'eksәsaiz	n. 行使, 执行, 运动, 练习, 作业
exercised	ˈeksəd	v. 锻炼, 训练, 练习( exercise的过去式和过去分词 ); 锻炼（身体某部位）; 使焦虑; 发挥（作用）
exerciser	'eksәsaizә	n. 行使职权者, 锻炼者, 肌肉锻练器具
exercises		n. 练习题, 演习；运动
exercisest	'eksəsaɪz	n.
exert	ig'zә:t	vt. 发挥, 运用, 施以影响
exerted	i^'zә:tid	a. 外露的
exertest	ɪg'zɜːt; eg-	vt.
exerting	iɡˈzə:tɪŋ	v. 用（力）( exert的现在分词 ); 尽（力）; 运用; 发挥
exerts	iɡˈzə:ts	v. 用（力）( exert的第三人称单数 ); 尽（力）; 运用; 发挥
exhaust	ig'zɒ:st	n. 排气, 排气装置, 废气
exhausted	iɡ'zɔ:stid	a. 耗尽的；疲惫的
exhauster		n. 排气器
exhausting	i^'zɔ:stiŋ	a. 使耗尽的, 使人筋疲力尽的
exhausts	iɡˈzɔ:sts	v. 用尽( exhaust的第三人称单数 ); 使非常疲倦; 详尽讨论（或研究）; 弄空
exhibit	ig'zibit	n. 显示, 显现, 展览品, 陈列品, 展览
exhibited		a. 展出的
exhibiter	i^'zibitә(r)	n. (展览会的)参加者, 电影院经理, 电影院老板, 电影放映者, 展出者
exhibiting	iɡˈzibitɪŋ	v. 陈列, 展览( exhibit的现在分词 ); 表现; 显示; [法律]当庭出示（证件、物证等）
exhibition	.eksi'biʃәn	n. 表现, 展览会, 展览品
exhibitioner	.eksi'biʃәnә	n. 展出者, 获得奖学金学生
exhibitions		n. 与展览, 展示会；展示会（exhibition复数）
exhibits		n. 陈列品；展览（exhibit的复数）
exile	'eksail	n. 放逐, 流放, 被放逐者
exiled		a. 放逐的；流亡的
exiles	ˈeksailz	n. 流放, 放逐, 流亡( exile的名词复数 ); 长期离家[出国]; 被流放者, 流亡国外者, 背井离乡者
exilest	'eɡzail; 'eksail	n.
exist	ig'zist	vi. 存在, 生存, 发生
existed	iɡˈzistid	v. 存在( exist的过去式和过去分词 ); 生存; （尤指在特殊的条件下或在特定的场所）发现; 持续存在
existence	ig'zistәns	n. 存在, 生存
existences	iɡˈzistənsiz	n. 存在( existence的复数形式 ); 生存, 生活（方式）
exister		n. exist的变形
existest	ɪg'zɪst; eg-	vi.
existing	i^'zistiŋ	a. 存在的, 目前的, 现存的, 现有的
exists		n. 存在量词（exist的复数）
exit	'eksit	n. 出口, 退场, 离去, 去世
exited	ˈeksitid	v. 离开, 退场( exit的过去式和过去分词 )
exiter		激发机，激磁机
exites		外小叶
exiting	ˈeksitɪŋ	v. 离开, 退场( exit的现在分词 )
exits	ˈeksits	n. 出口( exit的名词复数 ); 通道; 退出; 退场
exitted	'eksɪt; 'egzɪt	n. (演员的)退场；退去，退出，出去，离去，离开
exitting	'eksɪt; 'egzɪt	n. 出口，通道；退场
exotic	ig'zɒtik	a. 异国的, 外来的
exotics		(exotic 的复数) a. 异国的, 外来的
expand	ik'spænd	vt. 使膨胀, 详述, 扩张
expanded	ik'spendid	a. 扩充的；展开的
expander	ik'spændә	n. 扩展器, 扩管器
expandest	ɪk'spænd; ek-	vt.
expanding	iks'pændiŋ	[机] 扩张工作
expands	iksˈpændz	v. 使…变大( expand的第三人称单数 ); 扩大; 伸展; 伸开
expansion	ik'spænʃәn	n. 扩充, 开展, 膨胀
expansions	iksˈpænʃənz	n. 扩大( expansion的复数形式 ); 扩张; 扩张物; 膨胀物
expect	iks'pekt	vt. 预期, 盼望, 期待
expectantly		adv. 期待, 期待着, 期望, 预期
expectation	.ekspek'teiʃәn	n. 期待, 指望, 展望
expectations	ekspek'teɪʃnz	n. 希望( expectation的复数形式 ); 预料; （被）预期; [常作复数] 期望的事情
expected		-K
expectest	ɪk'spekt; ek-	vt.
expecting	ikˈspektiŋ	a. 怀孕的
expects	iksˈpekts	v. 期望( expect的第三人称单数 ); 预料; 要求; 认为（某事）会发生
expedition	.ekspi'diʃәn	n. 远征, 探险队, 迅速
expeditioner	,ekspi'diʃәnә(r)	n. 远征队员, 探险队员
expeditions	ekspɪ'dɪʃnz	n. 迅速( expedition的复数形式 ); 远征; 远征队; （短途的）旅行
expel	ik'spel	vt. 驱逐, 逐出, 排出, 开除
expeled	ɪk'spel; ek-	vt.
expeling	ɪk'spel; ek-	vt.
expelled	iksˈpeld	v. 驱逐( expel的过去式和过去分词 ); 赶走; 把…除名; 排出
expeller	iks'pelә	n. 驱逐者, 开除者
expelling	化	[原型] expelling 是 expel 的现在分词
expels	iksˈpelz	v. 驱逐( expel的第三人称单数 ); 赶走; 把…除名; 排出
expenditure	ik'spenditʃә	n. 开支, 费用, 用光, 消费额
expenditures	ɪks'pendɪtʃəz	n. 花费( expenditure的复数形式 ); 使用; （尤指金钱的）支出额; （精力、时间、材料等的）耗费
expense	ik'spens	n. 费用, 代价, 开支, 损失
expensed		向…收取费用（expense的过去式与过去分词形式）
expenses		n. 开支, 经费, 费用
expensive	ik'spensiv	a. 贵的, 奢华的, 费用浩大的, 乱化钱的
experience	ik'spiәriәns	n. 经历, 经验, 体验
experienced	ik'spiәriәnst	a. 富有经验的, 老练的, 熟练的
experiencer	ik'spiəriənsə	n. 经验者；感受者
experiences	iksˈpiəriənsiz	n. 经历( experience的名词复数 ); 经验; 亲身经历; 传统
experiment	ik'sperimәnt	n. 实验, 试验, 实验仪器
experimental	ik.speri'mentәl	a. 实验的, 根据实验的
experimentally	ik.speri'mentli	adv. 实验式地, 在实验上
experimentation	eks,perimen'teiʃәn	n. 实验, 试验, 实验法
experimented		vi. 做实验, 进行试验（experiment的过去式与过去分词形式）
experimenter		n. 实验者, 试验者
experimenting		vi. 做实验, 进行试验（experiment的现在分词形式）
experiments	iksˈperimənts	n. 实验( experiment的名词复数 ); 试验; 尝试; 实践
expert	'ekspә:t	n. 专家, 行家
experted		vt. 以专家身份研究（expert的过去式形式）
experting		以专家身份研究（或检查）, 像专家那样研究（expert的现在分词形式）
expertise	.ekspә:'ti:z	n. 专家意见, 专门技术
expertised	,ekspə:'taiz	expertised
expertises		(expertise 的复数) n. 专家意见, 专门技术
experts		n. 专家；人才（expert的复数形式）
expire	ik'spaiә	vi. 期满, 呼气, 断气
expired		a. 失效的；过期的
expirees	,ekspə'riː	服满刑期者
expires	iksˈpaiəz	v. 期满( expire的第三人称单数 ); 文件、协议等（因到期而）失效; 断气; 逝世
expirest	ɪk'spaɪə; ek-	vt.
explain	ik'splein	v. 解释, 说明
explained		v. 解释（explain的过去式及过去分词）
explainer	'eksplә.neitә	n. 讲解员；说锰序
explainest	ɪk'spleɪn	vt.
explaining	iksˈpleinɪŋ	v. 讲解, 解释( explain的现在分词 ); 说明…的原因, 辩解; 说明, 解释, 辩解
explains		v. 解释；说明（explain的三单形式）
explanation	.eksplә'neiʃәn	n. 解释, 说明, 辩解, 表明
explanations	eksplə'neɪʃnz	n. 解释, 说明( explanation的复数形式 ); 能说明某事缘由的言语、事实、情况等
explicit	ik'splisit	a. 详述的, 清楚的, 直言的
explode	ik'splәud	vi. 爆炸, 爆发, 激增
exploded	iks'plәudid	a. 爆炸了的, 分解的, 被破除的, 被戳穿的
exploder	ik'splәudә	n. 使爆炸的人, 爆炸装置, 爆炸物
explodes	iksˈpləudz	v. （使）爆炸( explode的第三人称单数 ); 突然（发出巨响, 活跃起来, 迸发感情）; 推翻; 驳倒
exploit	'eksplɒit	n. 功绩, 勋绩
exploited	iksˈplɔitid	v. 开采( exploit的过去式和过去分词 ); 利用（…为自己谋利）; 运用; 剥削
exploiter		n. 剥削者
exploiting		n. 利用；开拓
exploits	iksˈplɔits	v. 开采( exploit的第三人称单数 ); 利用（…为自己谋利）; 运用; 剥削
exploration	.eksplә'reiʃәn	n. 探险, 踏勘, 探测
explorations	eksplə'reɪʃnz	n. 探险旅行( exploration的复数形式 ); 搜寻; 考察; 勘探
explore	ik'splɒ:	v. 探险, 探测, 探究
explored		v. 开发；冒险；探寻（explore的过去分词）
explorer	ik'splɒ:rә	n. 探险家, 探测者, 勘探器
explores	ɪkˈsplɔː(r)	n. 勘查, 探测, 勘探( explore的名词复数 ); 探索, 探究, 仔细查看
explorest	ɪk'splɔː; ek-	vt.
explosion	ik'splәuʒәn	n. 爆发, 激增, 爆炸(声)
explosions	ɪksp'ləʊʒnz	n. 爆炸( explosion的复数形式 ); 爆发; 激增; （感情, 尤指愤怒的）突然爆发
explosive	ik'splәusiv	n. 炸药, 爆破音
explosives		n. 爆炸物, 炸药；爆炸品（explosive的复数）
export	ik'spɒ:t	n. 输出品, 输出
exported		v. 出口；输出（export的过去分词）
exporter	ik'spɒ:tә	n. 出口商, 输出者, 出口公司
exporting		a. 输出的；出口的
exports		n. 出口商品；输出额
expose	ik'spәuz	vt. 使暴露, 使曝光, 揭穿, 陈列
exposed	ik'spәuzd	a. 暴露的, 无掩蔽的, 易受攻击的
exposer		n. 曝光器
exposes	ikˈspəuziz	v. 曝光( expose的第三人称单数 ); 暴露; 显露; 揭露
exposest	ik'spəuz	vt.
exposition	.ekspә'ziʃәn	n. 阐述, 讲解, 说明, 博览会, 展览会
expositions	ekspə'zɪʃnz	n. <正>阐述( exposition的复数形式 ); 讲解; 展览会; 博览会
exposure	ik'spәuʒә	n. 暴露, 揭发, 揭露
exposures	iksˈpəuʒəz	n. 暴露( exposure的复数形式 ); 揭发; 公开; （商品等的）展出
express	ik'spres	n. 快车, 快递, 专使
expressed	iksˈprest	v. 表达( express的过去式和过去分词 ); （用符号等）表示; 榨; [express oneself]（如在
expresses	iksˈpresiz	n. 快车( express的名词复数 ); <英>快运; [E-]快报; 快件服务
expressest	ɪk'spres; ek-	vt.
expressing	iksˈpresɪŋ	v. 表达( express的现在分词 ); （用符号等）表示; 榨; [express oneself]（如在说话、写
expression	ik'spreʃәn	n. 表达, 表现, 词语, 措辞
expressions		n. 表情；公式；表达式；表示式（expression是复数形式）
extend	ik'stend	v. 扩充, 延伸, 伸展, 扩大
extended	ik'stendid	a. 延续的, 伸出的, 竭尽全力的, 广大的, 扩大范围的
extender	iks'tendә	[计] 扩展器, 延长器, 扩充部件
extendest	ɪk'stend; ek-	vt.
extending		n. 扩展；伸长
extends		v. 延伸；扩充；继承（extend的第三人称单数形式）
extension	ik'stenʃәn	n. 延长, 扩充, 范围, 扩展名
extensions		n. 扩展, 扩张；延长（extension的复数）
extensive	ik'stensiv	a. 广的, 广泛的, 多方面的
extent	ik'stent	n. 范围, 程度, 区域
extenter		沖淡剂，填充剂，增量剂
extents		(extent 的复数) n. 范围, 程度, 区域
exterior	ik'stiәriә	n. 外部, 表面, 外貌
exteriors	eksˈtiəriəz	n. 外面( exterior的复数形式 ); 外貌; 户外景色图
external	ik'stә:nl	n. 外部, 外面
externals	ɪkˈstɜ:nlz	n. 外面的( external的复数形式 ); 外部的; 外观的; 外国的
extinct	ik'stiŋkt	a. 熄灭的, 灭绝的, 耗尽的
extinction	ik'stiŋkʃәn	n. 消失, 消灭, 废止
extinctions		(extinction 的复数) n. 消失, 消灭, 废止
extinguish	ik'stiŋgwiʃ	vt. 熄灭, 使消亡, 压制, 使减色
extinguished	ɪks'tɪŋwɪʃt	v. 使熄灭, 扑灭( extinguish的过去式和过去分词 ); 使…不复存在
extinguisher	ik'stiŋ^wiʃә(r)	n. 熄灭者, 灭火器, 消灭者
extinguishes	iksˈtiŋɡwiʃiz	v. 使熄灭, 扑灭( extinguish的第三人称单数 ); 使…不复存在
extinguishest	ɪk'stɪŋgwɪʃ; ek-	vt.
extinguishing	iks'tiŋ^wiʃiŋ	熄灭
extra	'ekstrә	n. 额外的事物, 另外的收费
extract	ik'strækt	n. 榨出物, 精汁, 摘录, 选段
extracted	iks'træktid	a. 引出的；萃取的
extracter		抽提器
extractest	ˈekstrækt	vt.
extracting	iks'træktiŋ	n. 提取；萃取；撷取
extraction	ik'strækʃәn	n. 抽出, 取出, 拔出术, 抽出物
extractions	ɪkˈstrækʃənz	n. 取出( extraction的复数形式 ); 摘要; 血统; 拔牙
extracts	iksˈtrækts	n. 摘录( extract的名词复数 ); 引用; 提炼物; 浓缩物
extraordinaries	ɪkˈstrɔːd(ə)n(ə)ri; ekˈstrɔːd(ə)n(ə)ri; ˌekstrəˈɔːdɪn(ə)ri	a. 非凡的；特别的；离奇的；临时的；特派的
extraordinarily	ik'strɔ:dθnәrili	adv. 非凡, 破例, 特别, 非常, 离奇, 使人惊奇, 惊人, 特命, 特派
extraordinary	ik'strɒ:dәnәri	a. 非常的, 特别的, 非凡的
extras	计	[原型] extras 是 extra 的复数
extravagant	ik'strævgәnt	a. 奢侈的, 挥霍无度的, 浪费的
extreme	ik'stri:m	n. 极端, 末端
extremely	ik'stri:mli	adv. 极端地, 非常地
extremer	ɪk'striːm; ek-	adj.
extremes		n. 狂热分子, 极端条件
extremest		(extreme 的最高级) n. 极端, 末端
eye	ai	n. 眼睛, 视力, 看
eyebrow	'aibrau	n. 眉毛
eyebrowed	'aɪbraʊ	n. 眉毛
eyebrowing	'aɪbraʊ	n. 眉毛
eyebrows		n. 眉毛（eyebrow的复数）
eyed	aid	a. 有眼的
eyeing		vbl. 注视
eyer	'aiә(r)	n. 注视的人
eyes		n. 眼睛（eye的复数）
eyesight	'aisait	n. 视力, 目力
eyesights	'aɪsaɪt	n. 视力；目力
eyewitness	ai'witnis	n. 目击者, 见证人
eyewitnessed	'aɪwɪtnɪs	n. 目击者；见证人
eyewitnesser	'ai'witnisә(r)	n. 见证者的报告, 目击报导
eyewitnesses	ˈaɪˈwɪtnɪsiz	n. 目击者( eyewitness的复数形式 )
eyewitnesss		目击者,见证人
fable	'feibl	n. 寓言, 神话, 谎言
fabled	'feibld	a. 寓言(或传说、神话)中的, 虚构的
fabler		n. 编寓言者, 虚构情节者
fables	ˈfeiblz	n. 寓言( fable的复数形式 ); 神话, 传说
fabric	'fæbrik	n. 织物, 布, 结构, 构造, 建筑物
fabricate	'fæbrikeit	vt. 制造, 建造, 装配, 伪造
fabricated		a. 焊接的；组合的, 装配式的
fabricates	ˈfæbrikeits	v. 编造( fabricate的第三人称单数 ); 伪造; 建造; 制造
fabrication	.fæbri'keiʃәn	n. 制造, 建造, 虚构的谎言
fabrications	ˌfæbrɪˈkeɪʃənz	n. 制造( fabrication的复数形式 ); 组建; 构造物; 捏造
fabrices	'fæbrɪk	fabric
fabrics		n. 纤维织物（fabric的复数）
fabulous	'fæbjulәs	a. 传说的, 寓言般的, 难以置信的
face	feis	n. 脸, 面容, 正面, 外观
faced	feist	a. 有某种面孔或表情的
facer	'feisә	n. 面部所受的打击, 意外的打击
faces		n. 脸面；脸色；表面（face的复数）
facest	feɪs	n.
facial	'feiʃәl	n. 美颜, 脸部按摩
facials	ˈfeɪʃəlz	n. 美容, 面部按摩( facial的复数形式 )
facilitate	fә'siliteit	vt. 使容易, 促进, 帮助
facilitated	fəˈsiliteitid	v. 促进( facilitate的过去式和过去分词 ); 使便利; 推进; 帮助（某人）进步
facilitates	fəˈsiliteits	v. 促进( facilitate的第三人称单数 ); 使便利; 推进; 帮助（某人）进步
facilities		n. 工具, 设施, 设备
facility	fә'siliti	n. 容易, 灵巧, 设备
fact	fækt	n. 事实, 真实性, 真相, 细节, 论据
faction	'fækʃәn	n. 小派系, 内讧
factioner	'fækʃ(ə)n	n. (政党、政府、俱乐部等团体中的)派别, 派系, 宗教, 小集团；(组织内的)派系斗争, 党派纷争, 倾轧, 内讧
factions	'fækʃnz	n. 组织中的小派别, 派系( faction的复数形式 )
factor	'fæktә	n. 因素, 因数, 系数, 基因, 代理人
factored		vt. 把…因素包括进去（factor的过去式与过去分词形式）
factores	网络	[原型] factores 是 factore 的复数
factoried	'fæktәrid	a. 多工厂的, 工厂林立的
factories		n. 工厂, 车厂（factory复数形式）
factoring	'fæktәriŋ	[计] 因子分解, 提取公因子, 配置, 排列
factors		n. 因素（factor的复数）
factory	'fæktәri	n. 工厂, 产生地, 代理店
facts		abbr. 设备管理控制与时间调度程序；Facilities Administration Control and Ti
faculties	ˈfækəltiz	n. 能力( faculty的名词复数 ); 全体教职员; 技巧; 院
faculty	'fækәlti	n. 才能, 能力, 全体教员, (大学的)系
fade	feid	vi. 褪色, 消失, 凋谢
faded	'feidid	a. 已褪色的, 已凋谢的
fader	'feidә	n. 音量控制器, 增益调节器, 混频电位器
fades	feidz	v. （使）褪去( fade的第三人称单数 ); 逐渐消逝; 逐渐消失; （运动员、运动队、演员等）走下坡路
fadest	feɪd	vi.
fahrenheit	'færәnhait	a. 华氏温度计的
fahrenheits	'færən'haɪt	adj. 华氏的；华氏温度计的
fail	feil	vi. 失败, 缺乏, 中断, 衰退, 失灵
failed		a. 已失败的
failing	'feiliŋ	n. 失败, 缺点
fails	feilz	v. 在…中失败( fail的第三人称单数 ); 衰退; 衰弱; 破产
failure	'feiljә	n. 失败, 失败者, 不足, 缺乏, 破产
failures		n. 失败（failure的复数）
faint	feint	n. 昏厥, 昏倒
fainted		a. ??人事的, 昏厥的
fainter	feintə	a. 微弱的( faint的比较级 ); （体力）无力的; 易失去知觉的; （动作等）无力的
faintest	'feintist	a. 一点也不的（用于否定句, 加强语气）；极小的
fainting	'feintiŋ	n. 昏晕, 不省人事
faints	feints	pl. 劣质酒精
fair	fєә	n. 展览会, 市集, 美好的事物
faired	f?әd	a. 流线型的
fairer		a. 更公平（fair的比较级）
faires	人名	[原型] faires 是 faire 的复数
fairest		a. 最美的（fair最高级）
fairies	ˈfɛəriz	n. 仙人( fairy的名词复数 ); 小仙子; 小精灵; 兔子（男同性恋者）
fairing	'feәriŋ	n. 集市上卖的礼物, 减阻装置, 整流罩, 整流片, 集市上卖的纪念品
fairly	'fєәli	adv. 美观地, 公平地, 相当地, 清楚地
fairness	'fєәnis	n. 晴朗, 光明正大, 美丽
fairnesses	'feənɪs	n. 公平；美好；清晰；顺利性
fairs		n. 定期集市；低级烟；赛会（fair的复数形式）
fairy	'fєәri	n. 仙女, 精灵
faith	feiθ	n. 信心, 信任, 忠实, 保证
faithed	feɪθ	费思(女子名)
faither	feɪθ	Faith
faithful	'feiθful	a. 忠实的, 详确的, 可靠的
faithfulest	'feɪθfʊl; -f(ə)l	adj.
faithfullest	'feɪθfʊl; -f(ə)l	adj.
faithfully	'feiθfuli	adv. 忠实地, 诚心诚意地, 深信着地
faithfuls	ˈfeiθfulz	n. 忠实的( faithful的复数形式 ); 守信的; 如实的; 忠贞的
faithing	feɪθ	费思(女子名)
faiths		n. 信任( faith的复数形式 ); 宗教信仰; 信赖的事情; 忠诚
fake	feik	n. 假货, 欺骗, 诡计
faked		捏造
fakeer		n. 託钵僧;行者
faker	'feikә	n. 骗子, (卖滑头货的)摊贩
fakes		n. 云母板状岩；赝品；假冒商品（fake的复数）
fakest	feik	vt.
fall	fɒ:l	n. 落下, 瀑布, 采伐量, 下降, 落差, 降低, 堕落, 秋天
fallen	'fɒ:lәn	a. 堕落的, 落下来的, 陷落的
faller	'fɒ:lә	n. 砍伐树木的人
fallest	fɔːl	vi.
falling	'fɒ:liŋ	a. 落下的, 坠落的, 下降的
falls	fɔ:ls	n. 瀑布；陨石
false	fɒ:ls	a. 错误的, 虚伪的, 假的, 不老实的
falsed	fɔːls; fɒls	adj.
falser		false（虚伪的）的比较级形式
falses	fɔːls; fɒls	adj.
falsest		false（虚伪的）的最高级形式
fame	feim	n. 名望, 名声, 传说
famed	feimd	a. 著名的, 闻名的
famer		abbr. fatty acid ethyl ester 【微生物学】脂肪酸甲酯
fames	医	[原型] fames 是 fame 的复数
familiar	fә'miljә	a. 熟悉的, 常见的, 亲密的
familiares	网络	[原型] familiares 是 familiare 的第三人称单数
familiars	fəˈmiljəz	n. 熟悉的( familiar的复数形式 ); 通晓的; 冒昧的; 随便的
families		n. 家族；家庭（family的复数）
family	'fæmәli	n. 家庭, 家人, 族
famine	'fæmin	n. 饥荒, 缺乏, 饥饿
famined	'fæmɪn	n. 饥荒，饥饿；饥荒时期；奇缺，严重缺乏，荒
famines	ˈfæminz	n. 饥荒( famine的复数形式 )
famous	'feimәs	a. 出名的, 极好的
famoused	'feɪməs	a. 著名的, 闻名的, 出名的；[口语]出色的, 极好的, 第一流的
famousest	'feɪməs	adj.
fan	fæn	n. 风扇, 迷, 狂热者, 爱好者
fancies	'fænsis	n. 花式织物；花色货品
fancy	'fænsi	n. 想象力, 幻想, 喜好
fancying		vt. 想像（fancy的现在分词形式）
faned		n. 〈古,诗〉神庙；〈古〉教堂
fanes		(fane 的复数) n. 寺院, 神庙
fanies		FANY, F.A.N.Y.
fanned		v. 扇
fanner	'fænә	n. 摇扇人, 电风扇, 通风机
fanning	'fæniŋ	n. 铺开, 展开；形成气流
fans		n. 风扇；狂热者, 粉丝（fan的复数形式）
fantasies	ˈfæntəsiz	n. 想像( fantasy的名词复数 ); 空想的产物; 想像产物; 幻想作品
fantastic	fæn'tæstik	a. 奇妙的, 稀奇的, 空想的
fantasy	'fæntәsi	n. 幻想, 想象的产物
fantasying	ˈfæntəsiŋ	v. 想像, 幻想( fantasy的现在分词 )
far	fɑ:	a. 远的, 久远的, 遥远的
fard	fɑ:d	a. 涂有胭脂的
fare	fєә	n. 费用, 旅客, 食物
fared		n. 法依笛（服装品牌）
farer	'flərə	n. 旅行者
fares		n. 照明弹；票价；车费（fare的复数）
farewell	'fєә'wel	n. 辞别, 再见, 再会
farewelled	.feə(r)'wel	n. 告别；欢送会；告别辞
fareweller	feə'wel	interj.
farewelling	.feə(r)'wel	n. 告别；欢送会；告别辞
farewells	ˈfɛəˈwelz	n. 告别, 欢送( farewell的复数形式 )
faring		n. 法林（游戏中的地名）
farm	fɑ:m	n. 农场, 农田
farmed		vt. 耕种（farm的过去式与过去分词形式）
farmer	'fɑ:mә	n. 农夫, 农场主
farmeries	'fɑːmərɪ	adj. 农夫一般的
farmers		n. 农民（farmer的复数）
farmes	网络	[原型] farmes 是 farme 的复数
farming	'fɑ:miŋ	n. 农业, 耕作
farms		n. 农场；庄园（farm的复数形式）
farmyard	'fɑ:mjɑ:d	n. 农家庭院
farmyards	ˈfɑ:mˌjɑ:dz	n. 农家宅院( farmyard的复数形式 )
farr		n. (Farr)人名；(英、芬、德、西、阿拉伯)法尔
farred		adj. 【物】远红外的
farrer		法雷尔（人名）
farrest	fɑr	FAR
fars	计	[原型] fars 是 far 的复数
farther	'fɑ:ðә	a. 更远的, 进一步的
fartherer	'fɑːðə	a. far 的比较级,最高级 farthest；(距离、时间上)更远的, 较远的
fartherest	'fɑːðə	adj. far 的比较级,最高级 farthest；(距离、时间上)更远的，较远的
fascinate	'fæsineit	vt. 令人入神, 使着迷
fascinated		a. 着迷的；被深深吸引的
fascinates	ˈfæsineits	v. 使着迷, 使极感兴趣( fascinate的第三人称单数 ); 慑住…使动弹不得
fascinating	'fæsineitiŋ	a. 迷人的, 吸引人的, 使人神魂颠倒的
fashion	'fæʃәn	n. 流行, 风尚, 时样
fashionable	'fæʃәnәbl	a. 时髦的, 上流社会的, 流行的
fashionables		(fashionable 的复数) a. 时髦的, 上流社会的, 流行的
fashioned		a. …式的
fashioner	'fæʃәnә	n. 创造者, 裁缝
fashionest	'fæʃ(ə)n	n.
fashioning	'fæʃәniŋ	[化] 精加工
fashions		n. 流行；时尚；风行一时的事物（fashion的复数形式）
fast	fɑ:st	a. 快速的, 紧的
fasted		vi. 禁食, （尤指）斋戒（fast的过去式与过去分词形式）
fasten	'fɑ:sәn	vt. 拴紧, 使固定, 系, 集中于, 强加于
fastened	ˈfɑ:sənd	v. （使两物）系牢( fasten的过去式和过去分词 ); 系紧; 使牢固; （使）关紧
fastener	'fɑ:sәnә	n. 结扎工, 使系牢之物
fasteners	'fa:stnəz	n. 紧固件( fastener的复数形式 ); 结扎者; 钮扣; 拉链
fastenest	'fɑːs(ə)n	vt.
fastening	'fɑ:sәniŋ	n. 紧固件, 系结物
fastens	ˈfɑ:sənz	v. （使两物）系牢( fasten的第三人称单数 ); 系紧; 使牢固; （使）关紧
faster	计	[原型] faster 是 fast 的比较级
fasterer	计	(faster 的比较级)
fasterest	计	(faster 的最高级)
fastest		a. 最快速的（far 的最高级）
fasting	'fɑ:stiŋ	a. 禁食的
fasts		abbr. 澳大利亚科技协会联盟
fat	fæt	n. 脂肪, 脂油, 肥肉
fatal	'feitәl	a. 致命的, 重大的, 命运注定的, 粗心的, 不幸的
fatales		(fatale 的复数) n. 爱情重伤；命中注定（电影名）
fate	feit	n. 命运, 运气
fated	'feitid	a. 宿命的, 命中注定的, 受命运支配的
fateful	'feitful	a. 宿命的, 重大的, 决定性的
fater	网络	[原型] fater 是 fate 的比较级
fates		n. [希神]命运三女神
fatest		(fate 的最高级) n. 命运, 运气
father	'fɑ:ðә	n. 父亲, 祖先, 长辈, 神父, 创始者
fathered		vt. 成为父亲（father的过去式与过去分词形式）
fatherer	'fɑːðə	n.
fathering	ˈfɑ:ðərɪŋ	[医]父爱
fathers	ˈfɑ:ðəz	n. 父亲( father的名词复数 ); 祖先; （尤指天主教和东正教的）神父; 天父
fathom	'fæðәm	n. 英寻(长度单位,合6英尺)
fathomed	ˈfæðəmd	v. 理解…的真意( fathom的过去式和过去分词 ); 彻底了解; 弄清真相
fathomer		n. fathom的变形
fathomes		(fathome 的复数) [网络] 水深都在六浔
fathoming	ˈfæðəmɪŋ	n. 测量
fathoms	ˈfæðəmz	n. 英寻( fathom的名词复数 )
fatigue	fә'ti:g	n. 疲乏, 疲劳
fatigued	fә'ti:ɡd	a. 疲乏的
fatigues	fəˈti:ɡz	n. 疲劳( fatigue的名词复数 ); <军>杂役; 厌倦; （士兵穿的）工作服
fating		v. 注定（fate的现在分词形式）
fats	fæts	n. 育肥待上市的家畜；（食用的）动植物油（fat的复数）
fatted	'fætɪd	a. 肥胖的
fatter	'fætә	a. 丰满的；胖的
fattest		a. 丰满的；胖的（fat的最高级）
fatting	'fætiŋ	去肠脂, 去内脏脂
fault	fɒ:lt	n. 过错, 故障, 毛病
faulted		a. 有缺点的；有毛病的
faulter	fɔːlt; fɒlt	n. 过失, 失误, 欠缺；疏忽漏做(某事)；缺点, 毛病, 瑕疵；缺陷, 不足
faulting	'fɔ:ltiŋ	n. [地]断层作用；[地]断层错动；[电]故障
faultless	'fɒ:ltlis	a. 完美的, 无缺点的
faults	fɔ:lts	n. 缺点( fault的名词复数 ); 毛病; 失误; 过失
faulty	'fɒ:lti	a. 有过失的, 有缺点的, 不完美的, 应受责备的
favorite	'feivәrit	n. 喜欢的事物, 幸运儿
favorites		n. 收藏夹；偏爱（favorite的复数）
favoritest	'feɪvərɪt	n.
favour	'feivә	n. 好感, 偏爱, 喜爱, 相信, 庇护, 赞同, 支持, 信赖, 善行, 恩惠, 徽章, 礼物
favourable	'feivәrәbl	a. 有用的, 良好的, 赞成的, 顺利的
favourablest	'feɪv(ə)rəb(ə)l	adj.
favoured	'feivәd	a. 受到优待的, 优惠的, 受优惠的, 有天赋的
favourer	'feivәrә(r)	n. 宠爱者, 赞成者, 支持者
favourest	'feɪvə	n.
favouring		a. 顺利的, 有利的
favourite	'feivәrit	n. 喜欢的事物
favourited	'feɪv(ə)rɪt	n.
favourites	ˈfeivərits	n. 特别喜爱的人（或物）( favourite的复数形式 ); 竞赛中被认为会获胜的马、竞争者等
favouritest	'feɪv(ə)rɪt	n.
favours	ˈfeivəz	n. 偏袒( favour的名词复数 ); 帮助; 魅力; 善行
fax	fæks	n. 传真
faxed	fækst	v. 传真传输( fax的过去式和过去分词 ); 传真（文档、信件等）
faxer	fæks	n.
faxes	'fæksɪz	n. 传真; 传真机( fax的名词复数 ); 传真文件
faxing	fæksɪŋ	v. 传真传输( fax的现在分词 ); 传真（文档、信件等）
fear	fiә	n. 恐怖, 害怕, 担心
feared	fiəd	v. 畏惧( fear的过去式和过去分词 ); 为…忧虑（或担心、焦虑）; 敬畏（神等）; 感到害怕
fearer	fiə	菲尔河(美国北卡罗来纳州东南部河流)；Cape 菲尔角(菲尔河河口的岬)
feares	网络	[原型] feares 是 feare 的复数
fearest	fɪr	菲尔河(美国北卡罗来纳州东南部河流)
fearful	'fiәful	a. 可怕的, 恐怕的, 担心的
fearfuler	'fɪəfʊl; -f(ə)l	adj.
fearfulest	'fɪəfʊl; -f(ə)l	adj.
fearfuller	'fɪəfʊl; -f(ə)l	adj.
fearfullest	'fɪəfʊl; -f(ə)l	adj.
fearing	fiərɪŋ	v. 畏惧( fear的现在分词 ); 为…忧虑（或担心、焦虑）; 敬畏（神等）; 感到害怕
fearless	'fiәlis	a. 大胆的, 勇敢的, 无畏的
fears		n. 恐惧；担心
feasible	'fi:zәbl	a. 能实行的, 可行的, 适宜的
feasibler	'fiːzɪb(ə)l	adj. 切实可行的；能实行的，行得通的；有理的，可信的，似真的，可能的
feasiblest	'fiːzɪb(ə)l	adj. 切实可行的；能实行的，行得通的；有理的，可信的，似真的，可能的
feast	fi:st	n. 宴会, 酒席, 享受, 节日
feasted	fiːst	vt. 享受；款待, 宴请
feaster	'fi:stə	欢宴者
feastest	fiːst	n.
feasting		v. 享乐, 请客（feast的现在分词）；参加宴会
feasts	fi:sts	n. 盛会( feast的名词复数 ); 宴会; 宗教节日; 使人欢快的事物（或活动）
feather	'feðә	n. 羽毛
feathered	'feðәd	a. 有羽毛的, 羽状的, 用羽毛覆盖的
featherer		切边工
feathering	'feðәriŋ	n. 羽毛, 十分轻快的弓法, 丛毛, 羽状物, 羽饰
feathers		n. 羽状裂缝；翅膀；羽毛（feather的复数）
feature	'fi:tʃә	n. 面孔的一部分(如眼、口等), 特征, 容貌, 特色, 特写
featured	'fi:tʃәd	a. 面貌秀丽的, 被作为特色的
features		n. 容貌；产品特点, 特征；嘴脸（feature的复数）
februaries	'februəri	n. 二月
february	'februәri	n. 二月
februarys		n. 二月
federal	'fedәrәl	a. 联邦的, 联合的, 同盟的
federales	,feidei'rɑ:leis	[复]n.(墨西哥)联邦部队
federals	ˈfedərəlz	n. 联邦（制）的( federal的复数形式 ); 联邦政府的
fee	fi:	n. 费用, 小费, 封地, 所有权
feeble	fi:bl	a. 微弱的, 衰弱的, 无效的
feebled	'fiːb(ə)l	adj.
feebler	ˈfi:blə(r)	a. 虚弱的( feeble的比较级 ); 无效的; 缺乏决心的; 无力的
feebles		(feeble 的第三人称 -s形式) a. 微弱的, 衰弱的, 无效的
feeblest	ˈfi:blɪst	a. 虚弱的( feeble的最高级 ); 无效的; 缺乏决心的; 无力的
feed	fi:d	n. 饲料, 一餐, 饲养
feedback	'fi:dbæk	n. 反馈, 反应
feedbacked	'fiːdbæk	n.
feedbacker	'fiːdbæk	n.
feedbacking	'fiːdbæk	n.
feedbacks		(feedback 的复数) n. 反馈, 反应
feeded	fiːd	vt.
feeder	'fi:dә	n. 饲养者, 供给者, 奶瓶
feedest	fiːd	vt.
feeding	'fi:diŋ	n. 饲养, 进料, 加料
feeds		n. 饲料；一餐（feed的复数）
feeing	fiː	n. 费用；酬金；小费
feel	fi:l	vt. 感觉, 觉得, 触摸, 以为
feeled	fiːl	vt.
feeler	'fi:lә	n. 触角, 试探者, 试探手段
feelest	fiːl	vt.
feelies		(feely 的复数) n. (Feely)人名；(英)菲利
feeling	'fi:liŋ	n. 摸, 触觉, 知觉, 感觉, 情绪, 同情
feelings		n. 感情, 情绪, 心情, 情感
feels		v. 觉得；体会；触摸（feel的第三人称单数）
feer		abbr. Far East Economic Review （香港）<远东经济评论>; Far Eastern Eco
fees		n. 规费；费用（fee的复数）
fell	fel	vt. 击倒
felled	feld	v. 砍倒, 打倒( fell的过去式 ); 砍倒, 打倒( fell的过去式和过去分词 ); 来临; 成为
feller	'felә	n. 伐木者, 伐木机, 平缝工, 平缝装置, 接缝工, (非正式)伙伴, (非正式)家伙
fellest	fel	fell
fellies	ˈfeliz	n. 外轮, 轮圈( felly的名词复数 )
felling	'feliŋ	n. 二重接缝, 咬口折缝；伐木
fellow	'felәu	n. 男人, 朋友, 同事
fellowed	'feləʊ	n. 家伙；朋友；同事；会员
fellowes		n. (Fellowes)人名；(英)费洛斯
fellowest		n. 男人, 朋友, 同事
fellowing	'feləʊ	n. 家伙；朋友；同事；会员
fellows		n. 研究员；伙伴们（fellow的复数形式）
fellowship	'felәuʃip	n. 伙伴关系, 共同参与, 团体, 奖学金, 友谊
fellowshiped	'felə(ʊ)ʃɪp	n. 友谊；奖学金；研究员职位
fellowshiping	'felə(ʊ)ʃɪp	n. 友谊；奖学金；研究员职位
fellowshipped	'felə(ʊ)ʃɪp	n.
fellowships	'feləʊʃɪps	n. 团体( fellowship的复数形式 ); 研究员职位; 伙伴关系; 学术奖金
fells	felz	v. 砍倒, 打倒( fell的第三人称单数 ); 有叶的, 覆有叶的( foliate的过去式和过去分词 ); 来临;
felt	felt	n. 毛毯, 毡
felted	'feltid	a. 毡制的, 粘结起来的, 用毡覆盖的, 制成毡的
felter	'feltər	制毡工
feltes		费尔特
felties	网络	[原型] felties 是 felty 的复数
felting	'feltiŋ	n. 毡呢, 制毡(过程), 制毡材料
felts		(felt 的复数) n. 毛毯, 毡
female	'fi:meil	n. 女性, 女人, 雌性动物
femaler	'fiːmeɪl	female
females	'fi:meɪlz	n. 雌性动物( female的复数形式 ); 女人
femalest	'fiːmeɪl	female
feminine	'feminin	a. 女性的, 阴性的, 柔弱的
feminines		(feminine 的复数) a. 女性的, 阴性的, 柔弱的
fence	fens	n. 围墙, 栅栏, 买卖赃物的人, 剑术
fenced	fenst	v. 围以栅栏( fence的过去式和过去分词 ); 搪塞; 支吾; 回避
fencer	'fensә	n. 剑术师, 剑术家, 篱笆匠
fences	fensiz	n. 栅栏( fence的名词复数 ); （障碍赛马中的）障碍物; 买卖赃物者; 击剑（术）
fern	fә:n	n. 蕨类植物
ferned	'fɜ:nd	a. 长满羊齿植物的
ferner		n. (Ferner)人名；(德、瑞典)费尔纳
fernies		n. (Fernie)人名；(英)弗尼
ferning		蕨样变; 蕨样变
ferns		n. 蕨类；蕨类植物（fern的复数形式）
ferries	ˈferiz	n. 渡船( ferry的名词复数 ); 渡口; 摆渡; 飞机渡运
ferrous	'ferәs	a. 铁的, 含铁的, 亚铁的
ferry	'feri	n. 渡船, 渡口
ferrying	ˈferiŋ	v. 运送( ferry的现在分词 ); （乘渡船）渡过（河等）; 渡运飞机; 摆渡, 用（渡）船渡, （船）来往行驶
fertile	'fә:tail	a. 可繁殖的, 肥沃的, 生产多的
fertiler	'fɜːtaɪl	fertile
fertilest	'fɜːtaɪl	adj.
fertilizer	'fә:tilaizә	n. 肥料, 促进发展者, 受精媒介物
fertilizers	'fɜ:təlaɪzəz	n. 肥料, 化肥( fertilizer的复数形式 )
festival	'festәvәl	a. 节日的, 喜庆的, 快乐的
festivals	ˈfestəvəlz	n. 节日( festival的复数形式 ); 节期; （音乐、戏剧、电影等的）会演
fetch	fetʃ	n. 取得, 拿, 诡计, 魂
fetched	fetʃt	v. 接来（某人）( fetch的过去式和过去分词 ); 使发出; 吸引; 售得（若干价钱）
fetcher		n. 取物的人, 请人的人
fetches	fetʃiz	v. 接来（某人）( fetch的第三人称单数 ); 使发出; 吸引; 售得（若干价钱）
fetchest	fetʃ	vt.
fetching	'fetʃiŋ	a. 动人的, 引人的, 迷人的
fever	'fi:vә	n. 发烧, 发热, 热病
fevered	'fi:vәd	a. 发烧的, 激动的, 激昂的
fevering		vt. 引起发热（fever的现在分词形式）
fevers	ˈfi:vəz	n. 热（病）( fever的复数形式 ); 发烧; 一时的狂热; 激动不安
few	fju:	a. 很少的, 不多的, 少数的
fewer	'fju:ә	a. 较少的
fewest	计	(-/33801)
fews		abbr. follow-on early warning system 改进型预警系统
fibre	'faibә	n. 纤维, 构造, 纤维制品
fibred		a. 有纤维的, 纤维质的
fibres	'faɪbəz	n. （动植物的）纤维( fibre的复数形式 ); 纤维质
fiction	'fikʃәn	n. 小说, 虚构故事
fictions		n. 小说；杜撰（fiction的复数）
field	fi:ld	n. 领域, 田地, 场地, 战场, 场, 域
fielded		vi. [棒球、板球等]担任外场员, 担任守队队员（field的过去式与过去分词形式）
fielder	'fi:ldә(r)	n. 外场员, 守队队员
fielding	'fi:ldiŋ	n. 守备
fields		n. 域, 字段；场设置（field复数形式）
fierce	fiәs	a. 凶猛的, 猛烈的, 热烈的, 暴躁的
fiercer	fiəsə	a. （尤指人或动物）凶猛的( fierce的比较级 ); 凶狠的; （尤指动作或情感） 强烈的; 酷烈的
fiercest		（尤指人或动物）凶猛的
fifteen	'fif'ti:n	num. 十五, 十五个
fifteens	fɪfˈti:nz	n. 十五( fifteen的复数形式 ); 十五的; 十五岁
fifth	fifθ	num. 第五, 五分之一
fifther	fɪfθ	adj. 第五的；5th；五分之一的
fifthest	fɪfθ	adj. 第五的；5th；五分之一的
fifths	'fɪfθs	a. 第五
fifties	'fɪftɪz	n. 五十几, 五十年代( fifty的名词复数 )
fifty	'fifti	num. 五十, 五十个
fight	fait	n. 打架, 争吵, 斗志
fighter	'faitә	n. 斗士, 战士, 好战者, 战斗机
fighters	ˈfaɪtəz	n. 战士（ fighter的复数形式 ）; 战斗机; 打斗者; 奋斗者
fightest	faɪt	vi.
fighting	'faitiŋ	a. 战斗的, 容易引起争斗的, 适于格斗的, 好斗的, 好战的, 斗争的, 搏斗的
fights	faits	v. 战斗( fight的第三人称单数 ); 斗争; 打架; 吵架
figure	'figә	n. 数字, 价格, 图形, 形状
figured	'fi^әd	a. 有形状的, 有图案的, 用图表表现的, 用图画表现的
figures		n. 图形, 图表；价格, 金额, 数字；规定动作；人物（figure的复数）
figurest	'fɪgə	n.
filament	'filәmәnt	n. 细丝, 细线, 灯丝, 单纤维
filamented		a. 有细丝的
filamenting	'fɪləm(ə)nt	n.
filaments	ˈfɪləmənts	n. （电灯泡的）灯丝( filament的复数形式 ); 丝极; 细丝; 丝状物
file	fail	n. 档案, 公文箱, 文件夹, 文件, 卷宗, 锉刀
filed		v. [专利]申请；存档（file的过去分词形式）
filer	'failә	n. 文件编档员, 文件装钉员, 锉磨工人
files		n. 文件；文档（file的复数）
fill	fil	vt. 装满, 填充, 弥漫, 供给, 满足, 供应
filled	fild	a. 加满的；装满的；满的
filler	'filә	n. 装填者, 补白, 装填物
filles		(fille 的复数) n. （法）少女；女佣；姑娘
fillies	'fɪlɪ	n. 小雌马, 小母马（通常未满四岁）；活泼的小姑娘
filling	'filiŋ	n. 充填物, 填料
fills		n. 填充物；乱纹（fill的复数）
film	film	n. 软片, 薄膜, 胶卷, 电影
filmed		v. 拍摄（复以薄膜）
filmer		n. 菲尔默（人名）
filming	'filmiŋ	n. 摄影；拍摄；薄膜形成
films		n. 电影；薄膜；胶片（film的复数）
filter	'filtә	n. 滤波器, 过滤器, 滤光器, 过滤嘴, 去尘器
filtered		a. 滤过的
filterer		防空情报鉴定员
filterest	'fɪltə	n.
filtering	'filtәriŋ	[计] 过滤
filters		n. 滤器, 滤波器；滤光片（filter的复数）
filth	filθ	n. 污秽, 不洁, 猥亵
filthied	'fɪlθɪ	adj. 肮脏的；污秽的；猥亵的
filths		(filth 的复数) n. 污秽, 不洁, 猥亵
fin	fin	n. 鳍, 鱼翅, 鳍状物, 五元纸币
final	'fainl	n. 期末考试, 结局, 决赛
finales		n. [乐]终曲（finale的复数形式）
finally	'fainәli	adv. 最后, 终于
finals		n. 决赛, 总决赛（final的复数）
finance	fai'næns	n. 财政, 财务
financed		v. 提供经费、筹资；提供资金（finance的过去分词）
financer		n. 金融家；财政家
finances		n. 资金, 经费
financial	fai'nænʃәl	a. 财政的, 金融的
find	faind	vt. 发现, 感到, 找到, 认为, 得到
finded	faɪnd	vt.
finder	'faindә	a. 发现者, 寻星镜
findes	网络	[原型] findes 是 finde 的复数
findest	faɪnd	vt.
finding	'faindiŋ	n. 发现, 发现物, 决定, 裁决
findings		n. 发现, 调查结果；检验发现的情况（finding复数）
finds	faindz	v. 发现( find的第三人称单数 ); 找到; 到达; 发觉
fine	fain	n. 罚款, 罚金, 晴天, 精细
fined		v. 罚钱（fine的过去式）
fineer	faɪn	a. 完美的, 完善的；美好的, 极好的；优质的；优良的；上好的, 上等的
finely	'fainli	adv. 雅致地, 仔细地, 敏锐地, 微细地
finer	'fainә	a. 出色的, 好的
fines	fainz	n. 细骨料；粉末；罚款（fine的复数）
finest	fi'nest	n. [总称]警察
finger	'fiŋgә	n. 手指, 指状物, (手套的)手指部分, 指针
fingered	'fiŋ^әd	a. 有指的, 被手指污染的
fingerer		n. 手指；指针, 指状物 (finger的变形)
fingering	'fiŋgәriŋ	n. 用指摸弄, 抚弄, 用指弹奏, 细绒线
fingernail	'fiŋgәneil	n. 手指甲
fingernailed	'fɪŋgəneɪl	n.
fingernails	'fɪŋgəneɪls	n. 指甲( fingernail的复数形式 )
fingerprint	'fiŋgәprint	n. 指纹
fingerprinted	ˈfɪŋgəˌprɪntid	v. 指纹( fingerprint的过去式和过去分词 )
fingerprinting	医	[原型] fingerprinting 是 fingerprint 的现在分词
fingerprints	ˈfɪŋgəˌprɪnts	n. 指纹( fingerprint的名词复数 )
fingers		n. 梳状剔除器；手指头, 指头（finger复数）
fining	'fainiŋ	n. 澄清
finish	'finiʃ	n. 完成, 结束, 末道漆, 磨光, 完美
finished	'finiʃt	a. 完成的, 完结的, 精巧的, 完美的
finisher	'finiʃә	n. 完工者, 精整工, 整理工, 精轧机, 末道清棉机, 决定性的事件
finishes	ˈfiniʃiz	v. 结束, 完成( finish的第三人称单数 )
finishest	'fɪnɪʃ	vt.
finishing	'finiʃiŋ	a. 最后的, 终点的
finite	'fainait	a. 有限的, 有穷的, 限定的
finiter	'faɪnaɪt	finite
finites		(finite 的复数) a. 有限的, 有穷的, 限定的
finitest	'faɪnaɪt	finite
finned	find	a. 有鳍的
finner	'finә	n. 脊鳍鲸
finning	'finiŋ	[机] 飞边现象
fins		n. 鳍片, 散热翅片；五元纸币（fin的复数形式）
fiord	fjɔ:d	n. 峡湾
fiords		(fiord 的复数) n. 峡湾
fire	'faiә	n. 火, 炉火, 电炉, 火灾, 闪光体, 炮火, 热情
fired		n. 因祸得福（电影名）
fireer	'faiə	n. 点火者；烧火工人；纵火者；点火物；火器，枪；射击手
fireman	'faiәmәn	n. 救火队员, 消防队员
firemans		(fireman 的复数) n. 救火队员, 消防队员
fireplace	'faiәpleis	n. 壁炉
fireplaced	'faɪəpleɪs	n. 壁炉；火炉；野外炉
fireplaces	ˈfaiəpleisiz	n. 壁炉( fireplace的复数形式 )
firer	'fairә	n. 放火者, 开炮者, 发火器
fires		n. 火灾, 点火；火力
firest	'faɪə	n.
firework		-1
fireworks	'faiәwә:ks	n. 烟火, 激烈争论
firm	fә:m	n. 公司, 商号
firmed		vt.& vi. 使坚固（firm的过去式与过去分词形式）
firmer	'fә:mә	a. 圆凿或凿子的；坚固的
firmes		abbr. Fondo de Inversiones Rentables Mexicanas (Spanish=Mexi
firmest		firm（坚固的, 坚牢的）的最高级形式
firming		vt.& vi. 使坚固（firm的现在分词形式）
firmly	'fә:mli	adv. 坚固, 坚定, 断然
firmness	'fә:mnis	n. 坚固, 坚牢, 坚定
firmnesses	'fɜ:mnɪs	n. 坚定；坚固；坚度
firms		n. 公司, 厂商（firm的复数）
first	fә:st	adv. 首先, 第一, 优先
firstest	fɝst	adj.
firsts	fә:sts	n. 一等品；一级品（first的复数形式）
fish	fiʃ	n. 鱼, 鱼肉, 鱼类, 接合板
fished	fiʃt	v. 捕鱼( fish的过去式和过去分词 ); 钓鱼; 摸出; 掏出
fisher	'fiʃә	n. 渔夫, 食鱼动物, 渔船
fisherman	'fiʃәmәn	n. 渔夫, 钓鱼者, 渔船
fishermans	'fɪʃəmən	fisherman
fishes	'fiʃiz	n. 鱼类（fish的复数）
fishest	fiʃ	n.
fishing	'fiʃiŋ	n. 钓鱼, 鱼业
fission	'fiʃәn	n. 裂开, 分裂, 分体
fissioner		裂变材料; 可裂变材料
fissioning		(fission 的现在分词) n. 裂开, 分裂, 分体
fissions	ˈfɪʃənz	n. <物>（原子的）分裂，裂变( fission的名词复数 ); <生>分裂生殖
fist	fist	n. 拳头, 手
fisted	'fistid	a. 有拳头的, 握成拳头的
fisting		n. 拳指性交
fists		n. 拳套；拳头（fist的复数形式）
fit	fit	n. 适宜, 合身, 发作, 痉挛
fitness	'fitnis	n. 适合, 合宜, 合理, 恰当, 健康
fitnesses		(fitness 的复数) n. 适合, 合宜, 合理, 恰当, 健康
fits		n. 合身的衣服；阵发；一阵（fit的复数）
fitted	'fitid	a. [表]配备的, 放在合适地位的
fitter	'fitә	n. 裁剪和试样的服装工人/裁缝, 装配工, 钳工
fittest	fitist	a. 胜任的；适当的（fit的最高级）
fitting	'fitiŋ	a. 适宜的
fittings		n. 家具；设备；配件（fitting的复数）
five	faiv	num. 五, 五个
fiver	'faivә(r)	n. (英)(非正式)五镑, 票面为五镑的钞票, (美)(非正式)票面为五元的钞票
fives	faivz	n. 墙手球
fivest	faɪv	adj. 五(的)，五个(的)
fix	fiks	vt. 使固定, 修理, 准备, 安装, 凝视, 牢记, 确定, 整理
fixed	fikst	a. 固定的, 不变的
fixer	'fiksә	n. 定色剂, 定影剂, 毒贩子
fixes		n. 菲克斯类（一种烈酒）
fixest	fɪks	vt.
fixing	'fiksiŋ	n. 固定, 稳固, 设备, 调料
fixture	'fikstʃә	n. 固定(状态), 固定物, 设备
fixtures		n. 固定附物, 固定附着物；固定财产；卡具；固定装置（fixture的复数形式）
flag	flæg	n. 标志, 旗标, 旗子, 信号旗, 菖蒲
flagged	flæɡd	a. （已醉得）不能再喝的
flagger	'flæ^ә	n. 野生鸢尾花
flagging	'flægiŋ	n. 铺砌石板, 铺石材料, 石板路
flags		n. 标记；旗帜（flag的复数）
flake	fleik	n. 小薄片, 扁薄的一层, 火星, 晒鱼架子
flaked	fleikt	a. 睡去的；精疲力竭的；失去知觉的
flakes	化	[原型] flakes 是 flake 的第三人称单数
flame	fleim	n. 火焰, 火舌, 热情, 光辉
flamed	fleimd	v. （如感情）迸发( flame的过去式和过去分词 ); 燃烧; 变亮; 面红
flamer	'fleimә	n. 火焰喷射器；[俚]公开的同性恋者
flames		n. 火焰；火苗（flame的复数形式）
flank	flæŋk	n. 侧面, 侧腹, 胁, 腰窝肉
flanked		vi. 位于…的侧面
flanker	'flæŋkә	n. 侧面堡垒, 侧面部队, 侧冲
flanking		n. 下齿面加工；侧面攻击
flanks		n. 拱侧翼；石侧面；两翼（flank的复数）
flannel	'flænl	n. 法兰绒, 法兰绒衣服
flanneled	f'lænld	a. 穿法兰绒衣服的
flanneling		vt. 用法兰绒擦[包]（flannel的现在分词形式）
flannelled	flænl'led	a. 穿法兰绒衣服的
flannelling	flænl'lɪŋ	绒布擦坯
flannels		n. 法兰绒男裤
flap	flæp	n. 飘, 摆动, 拍打, 拍打声, 片状垂悬物
flapped	flæpt	v. （使）上下左右移动( flap的过去式和过去分词 ); 轻拍; 焦急, 焦虑; 振（翅）
flapper	'flæpә	n. 拍击者, 惊鸟器, 苍蝇拍, 拍击物, (英)未入社交界的少女
flappest	flæp	n.
flapping	计	[原型] flapping 是 flap 的现在分词
flaps	flæps	n. 马唇肿胀
flare	'flєә	n. 闪光, 闪耀
flared		a. 喇叭状的
flares	flεәs	n. 喇叭裤
flarest	fleə	vi.
flash	flæʃ	n. 闪光, 闪现, 一瞬间
flashback	'flæʃbæk	n. 倒叙, 火舌回闪
flashbacking	'flæʃbæk	n. 倒叙；闪回；迷幻药效幻觉重现
flashbacks	ˈflæʃbæks	n. （文学和电影中）闪回, 倒叙( flashback的复数形式 )
flashed	flæʃt	v. 发出闪光( flash的过去式和过去分词 ); （使）闪现; 映出; 显示
flasher	'flæʃә	n. 发出闪光之物, 闪光灯, 闪光信号
flashes		n. 光芒；披峰；闪光灯（flash的复数形式）
flashest	flæʃ	vi.
flashies		(flashy 的复数) a. 闪光的, 一瞬间的, 浮华的
flashing	'flæʃiŋ	n. 闪光, 遮雨板, 防水板
flashlight	'flæʃlait	n. 手电筒, 闪光信号灯
flashlights	ˈflæʃˌlaɪts	n. 手电筒( flashlight的复数形式 )
flashs	flæʃ	flash
flask	flæsk	n. 细颈瓶, 烧瓶, 小水瓶
flasked		(flask 的过去时) n. 细颈瓶, 烧瓶, 小水瓶
flasks	flɑ:sks	n. 瓶, 长颈瓶, <化>烧瓶( flask的复数形式 )
flat	flæt	a. 平坦的, 单调的, 无力的, 浅的, 萧条的, 干脆的, 无聊的
flating	flæt	a. 平的, 小平的, 平坦的；无凹凸的；平卧地上的；倒下的；伸平的, 平展的, 展开的
flats	flæts	n. 平原, 扁钢；低沼泽（flat的复数形式）
flatted		vt. 使变平（flat的过去式与过去分词形式）
flatten	'flætn	vi. 使...不活跃, 变平
flattened	'flætnd	a. [医]（水）平扁的, 弄平的
flattener	'flætnә	n. 压延机
flattening	'flætniŋ	n. 整平；扁率；压扁作用
flattens	ˈflætnz	v. 变平, 使（某物）变平( flatten的第三人称单数 ); 彻底打败某人, 使丢脸; 停止增长（或上升）; （把
flatter	'flætә	vt. 奉承, 阿谀, 使高兴
flattered		-1
flatterer	'flætәrә	n. 阿谀者, 谄媚者
flatterest	'flætə	flatter
flatteries	ˈflætəri:z	n. 奉承（话）( flattery的名词复数 ); 阿谀奉承会/不会使你如愿以偿
flattering	'flætәriŋ	a. 谄媚的, 讨人欢喜的
flatters	ˈflætəz	v. 向…奉承( flatter的第三人称单数 ); 阿谀; 给以愉快的感觉; 使显得更漂亮
flattery	'flætәri	n. 谄媚, 阿谀, 巴结
flattest		a. 平坦的；扁平的；浅的；单调的 (flat的变形)
flatting	f'lættɪŋ	n. 使物体平滑的方法, 使油漆无光泽的方法; 宽料锯窄
flavour	'fleivә	n. 味, 调味香料, 滋味, 香味, 气味, 风味, 情味, 情趣, 风韵
flavoured		有...味的
flavourer	'fleɪvə	[主英国英语]
flavouring	'fleivәriŋ	n. 调味料
flavours	ˈfleivəz	n. 味( flavour的名词复数 ); 味道; 特色; 特性
flaw	flɒ:	n. 缺点, 裂纹, 瑕疵, 一阵狂风
flawed		a. 有缺陷的；有裂纹的；有瑕疵的
flawing	f'lɔ:ɪŋ	产生裂纹
flaws	flɔ:z	n. 缺点( flaw的名词复数 ); 错误; 裂痕
flee	fli:	vt. 逃避, 逃跑, 逃走
fleece	fli:s	n. 羊毛, 羊毛制的覆盖物
fleeced		a. 布面起绒的
fleecer		剪羊毛装置；剪羊毛者
fleeces	fli:siz	n. 羊毛( fleece的名词复数 ); （一只羊一次剪下的）毛; 羊毛状织物; 绒头织物短上衣
fleeing	fli:ɪŋ	v. 逃走, 逃掉( flee的现在分词 ); 逃离, 逃避
fleer	fliә	vi. 狞笑, 讥笑, 嘲弄
flees	fli:z	v. 逃走, 逃掉( flee的第三人称单数 ); 逃离, 逃避
fleest	fliː	vi.
fleet	fli:t	n. 舰队, 港湾, 小河
fleeted	fliːt	a. 快速的, 敏捷的
fleeter	f'li:tər	小型蒸汽拖网渔船
fleetest	fliːt	n. 舰队；船队；(飞机的)机队；(汽车,战车等的)车队
fleeting		-1
fleets	fli:ts	n. 舰队( fleet的名词复数 ); 车队; 捕鱼船队; （同一机构或统一调度的）机群
flesh	'fleʃ	n. 肉, 肉体, 肉欲, 人性, 亲属, 人类, 众生, 人体
fleshed	fleʃt	v. 肉( flesh的过去式和过去分词 ); 肉体; 果肉; 皮肤
flesher	'fleʃә	n. 屠夫
fleshes	fleʃiz	v. 肉( flesh的第三人称单数 ); 肉体; 果肉; 皮肤
fleshies		(fleshy 的复数) a. 肉的, 肉体的
fleshing	'fleʃiŋ	n. 肉色紧身衣, 长膘能力
flexible	'fleksәbl	a. 易曲的, 灵活的, 柔顺的, 能变形的, 可通融的
flexibler	'fleksɪb(ə)l	adj. 易弯(曲)的，柔韧的，可弯曲的；易被说服的，易受影响的；柔顺的，温顺的
flexiblest	'fleksɪb(ə)l	adj. 易弯(曲)的，柔韧的，可弯曲的；易被说服的，易受影响的；柔顺的，温顺的
flies		n. 裤子前面的开口
flight	flait	n. 飞行, 射程, 逃走, 飞跃, 飞机航程, 班机, 迁徙, 飞逝
flighted		vi. 成群地迁徙或飞行（flight的过去式与过去分词形式）
flighter	'flaitә	酿造用浮片, 刮板
flighting	flaitɪŋ	flight（飞行）的现在分词
flights	flaits	n. （物体的）飞行( flight的名词复数 ); 航班; 飞翔; 楼梯的一段
fling	fliŋ	n. 投掷, 急冲, 嘲弄
flinger	f'lɪnɡər	投掷的人
flingest	flɪŋ	vt.
flinging	fliŋɪŋ	v. （尤指生气地）扔( fling的现在分词 ); 猛动（身体或身体部位）; 粗暴地（向某人）说; 气势汹汹地（对某人
flings	fliŋz	v. （尤指生气地）扔( fling的第三人称单数 ); 猛动（身体或身体部位）; 粗暴地（向某人）说; 气势汹汹地（对
float	flәut	n. 漂流物, 浮舟, 漂浮, 浮萍, 彩车
floated		a. 浮动的
floater	'flәutә	n. 漂浮者, 漂浮物, (企业等的)筹资开办者
floates		n. (floate)人名；(英)弗洛特
floatest	fləʊt	n.
floaties	网络	[原型] floaties 是 floaty 的复数
floating	'flәutiŋ	a. 漂浮的, 浮动的, 移动的
floats		n. 飘浮物；花车（float的复数）
flock	flɒk	n. 兽群, 鸟群, 一群人, 大量, 棉束
flocked	flɔkt	v. 群集, 成群结队而行( flock的过去式和过去分词 )
flocking	'flɒkiŋ	n. 羊毛屑, 棉屑, 植绒图样
flocks		n. 短纤维, 废毛铁；絮凝物, 絮状沉淀
flood	flʌd	n. 洪水, 大量之水, 涨潮
flooded		a. 洪水浸没的；浸没的, 淹没的；灌溉；充斥
flooder	f'lʌdər	溢出物, 涌出物
flooding	'flʌdiŋ	n. 充溢, 泛滥, 血崩
floods	flʌdz	n. 洪水( flood的名词复数 ); 水灾; 大批
floor	flɒ:	n. 地板, 楼层, 底部, 底价
floored	flɔːd	a. 以…为地面材料的；铺有…地板的
floorer	'flɒ:rә	n. 铺地工, 打倒在地上的人(或物), 打败, 难题
flooring	'flɒ:riŋ	n. 地板, 地板材料, 铺地板
floors	flɔ:z	n. 楼地面；地板；楼层；层数（floor的复数）
florida	'flɒridә	n. 佛罗里达州
floridas	网络	[原型] floridas 是 florida 的复数
flour	'flauә	n. 面粉, 粉沫, 碎粉
floured		粉质的；撒上粉的；粉状的；磨碎的
floures		(floure 的复数)  [地名] [法国] 弗卢尔
flouring	f'laʊərɪŋ	v. 在…上撒（或覆以）面粉( flour的现在分词 )
flourish	'flʌriʃ	vi. 繁荣, 茂盛, 活跃, 手舞足蹈
flourished	ˈflʌriʃt	v. 茂盛, 繁荣( flourish的过去式和过去分词 ); 兴旺发达; 挥动
flourisher		n. 兴旺；茂盛；挥舞；炫耀；华饰 (flourish的变形)
flourishes	ˈflʌriʃiz	v. 茂盛, 繁荣( flourish的第三人称单数 ); 兴旺发达; 挥动
flourishest	'flʌrɪʃ	vi.
flourishing	'flʌriʃiŋ	a. 繁茂的, 隆盛的, 繁荣的
flours	ˈflauəz	v. 在…上撒（或覆以）面粉（ flour的第三人称单数 ）
flow	flәu	n. 流程, 流动, 流量, 洋溢, 泛滥, 涨潮
flowed	fləud	v. 流( flow的过去式和过去分词 ); 垂; 流出; （谈话、文体等）流畅
flower	'flauә	n. 花, 开花植物, 精华, 盛时
flowered	'flauәd	a. 花开着的, 用花装饰的
flowerer	'flauәrә	n. 开花植物
flowerest	'flaʊə	n.
flowering	'flauәriŋ	a. 开花的
flowers	医	[原型] flowers 是 flower 的第三人称单数
flowest	fləʊ	vi.
flowing	flәuiŋ	a. 流动的, 如流的, 平滑的
flows		n. 现金流量
flu	flu:	n. 流感, 流行性感冒
fluctuate	'flʌktʃueit	vi. 变动, 起伏, 动摇
fluctuated	ˈflʌktjueitid	v. 波动, 涨落, 起伏( fluctuate的过去式和过去分词 )
fluctuates	ˈflʌktjueits	v. 波动, 涨落, 起伏( fluctuate的第三人称单数 )
fluctuatest	'flʌktʃʊeɪt; -tjʊ-	vi.
fluctuation	.flʌktʃu'eiʃәn	n. 变动, 波动, 动摇
fluctuations		n. 起伏现象；变动；波动（fluctuation的复数）
fluencies	'fluːənsɪ	n. 流畅，流利
fluency	'flu:әnsi	n. 流畅, 雄辩, 善辩
fluent	'flu:әnt	a. 流利的, 流畅的
fluenter	'fluːənt	fluent
fluentest	'fluːənt	fluent
fluently		adv. 流利地；通畅地
fluents	'fluːənt	adj.
flues	flu:z	n. 烟道( flue的复数形式 )
fluid	'flu:id	n. 液体, 分泌液, 流体
fluider	'fluːɪd	fluid
fluides	网络	[原型] fluides 是 fluide 的复数
fluidest	'fluːɪd	fluid
fluids		n. 液体；流体（fluid的复数形式）
fluing	fluː	flu
flur		abbr. fluorescent 荧光的
flus	flu:z	n. 流行性感冒，流感( flu的名词复数 )
flush	flʌʃ	n. 流溢, 面红, 旺盛, 发烧, 惊飞的鸟, 同花牌
flushed		a. 激动的；心情愉快的
flusher	'flʌʃә	(阴沟、 马路等的)冲扫者
flushes	flʌʃiz	n. 一阵强烈情感( flush的名词复数 ); （纸牌游戏） 同花的一手牌
flushest	flʌʃ	vi.
flushing	'flʌʃiŋ	[计] 冲洗
flutter	'flʌtә	n. 摆动, 鼓翼, 烦扰
fluttered	ˈflʌtəd	v. 飘动( flutter的过去式和过去分词 ); （心）快速跳动; 振翼, 拍翅膀
flutterer	'flʌtə	vi.
flutterest	'flʌtə	vi.
flutteries		adj. 焦急不安的
fluttering	ˈflʌtərɪŋ	v. 飘动( flutter的现在分词 ); （心）快速跳动; 振翼, 拍翅膀
flutters	ˈflʌtəz	v. 飘动( flutter的第三人称单数 ); （心）快速跳动; 振翼, 拍翅膀
flux	flʌks	n. 流出, 涨潮, 变迁
fluxed		v. 熔化（flux的过去式与过去分词形式）
fluxer		煤和粘结剂的搅拌箱
fluxes	flʌksiz	n. 连续的改变( flux的名词复数 ); 不稳定的状态; 不停的变化; 通量
fluxing	'flʌksiŋ	[机] 熔剂处理, 助熔
fly	flai	n. 苍蝇, 两翼昆虫, 飞行
flyer	'flaiә	n. 飞鸟, 飞行物, 飞行员, 快车, 传单, 飞跳
flyes		(flye 的复数)  [人名] 弗莱
flyest	flaɪ	n. 飞；飞行距离；蝇；【印,纺】飞花
flying	'flaiiŋ	a. 飞的, 飘扬的, 飞速的
foam	fәum	n. 泡沫, 水沫, 泡沫材料
foamed	fom	泡沫的
foamest	fəʊm	n.
foamies	'fəʊmɪ	foamy
foaming	'fәumiŋ	[计] 泡沫的
foams	fəumz	n. 泡沫, 泡沫材料( foam的名词复数 )
focus	'fәukәs	n. 焦点, 焦距
focused	'fәukәst	a. 聚焦的；专心的
focuser	'fəʊkəsər	聚焦放大镜, 聚焦装置
focuses		pl. 焦点, 焦距, 对焦点, 聚焦, 活动中心, 集中点, 兴趣中心, 病灶, 震源, 疫源地
focusing	'fәukәsiŋ	[化] 调焦; 聚焦
focuss		v. （使）集中, （使）聚集( focus的第三人称单数 ); 调整（镜头, 眼睛）焦点[焦距]以便看清; （光、声等
focussed	'fəʊkəs	n. [物理学]焦点；[光学](镜头的)焦点, 焦距
focusser		聚焦放大镜,聚焦装置
focussing	计	[原型] focussing 是 focus 的现在分词
fog	fɒg	n. 雾, 迷惑, (割后的)最生草, 苔藓
fogged	fɔɡd	a. 有灰雾的；不清晰的
fogger	'fɔ^ә(r)	n. 雾警信号手, 照顾牛马者
fogging	'fɔ^iŋ	[化] 成雾
fogies	'fəʊdʒɪz	n. （思想）守旧者, 抱残守缺的人( fogey的名词复数 ); 守旧者, 赶不上时代的人( fogy的名词复数 )
fogs	fɔɡz	n. 雾( fog的名词复数 ); 迷惘, 困惑
fold	fәuld	n. 折层, 折, 羊栏, 折痕, 信徒
folded		v. 折叠；交叉合拢；失败垮台；把牲畜关在栏中（fold的过去分词）
folder	'fәuldә	n. 文件夹, 折纸机, 折叠式书本, 卷宗
foldest	fəuld	vt.
folding	'fәuldiŋ	a. 可折叠的
folds		n. 皱褶；折痕（fold的复数形式）
folk	fәuk	n. 人们, 家人, 亲属, 民族
folkes		(folke 的第三人称 -s形式)  [人名] 福克
folkies		(folky 的复数) adj. 普通的; 常见的
folks		n. 人们, 父母, 亲人, 家属
follow	'fɒlәu	vt. 跟随, 沿行, 遵循, 追求
followed		a. 跟随的；服从的
follower	'fɒlәuә	n. 从者, 属下, 追补者
followers		n. 追随者；仿效者；契约附页；[机械]随动件（follower的复数）
followest	'fɒləʊ	vt.
following	'fɒlәuiŋ	n. 下列各项, 部下, 追随者
followings	ˈfɔləuiŋz	n. 一群追随者[拥护者]( following的复数形式 ); 下列; 如下
follows		n. 跟随；遵照（follow的复数）
fond	fɒnd	a. 喜欢的, 宠爱的, 温柔的
fonded	fɒnd	adj. 喜欢的；温柔的；宠爱的
fonder		a. 喜欢的；多情的；渴望的（fond的比较级）
fondest		溺爱的
fonds		(fond 的第三人称 -s形式) a. 喜欢的, 宠爱的, 温柔的
food	fu:d	n. 食物, 养料
foodies		(foody 的复数)  [人名] 富迪
foods		n. 食品
fool	fu:l	n. 愚人, 受骗者, 奶油拌水果
fooled	fu:ld	v. 愚弄, 耍弄( fool的过去式和过去分词 ); 欺骗; 开玩笑; 说蠢话, 干傻事（常为逗乐）
foolest	fu:l	n.
fooling	'fu:liŋ	n. 开玩笑的言行；戏谑
foolish	'fu:liʃ	a. 愚蠢的, 傻的
foolisher	'fuːlɪʃ	adj.
fools		n. 傻瓜（fool的复数）
foot	fut	n. 脚, 步调, 英尺, 底部, 末尾, 步兵
football	'futbɒ:l	n. 足球, 橄榄球
footballer	'futbɒ:lә	n. 足球员, 足球选手
footballing	ˈfʊtbɔ:lɪŋ	a. 足球的；和足球运动有关的
footballs	'fʊtbɔ:lz	n. 足球( football的复数形式 ); 足球运动; 屡屡引起争论（或分歧）的问题; 被踢来踢去的难题
footed	'futid	a. 有脚的, 脚步...的, 有...脚的
footer	'futә	n. 墩基, 墙基, 足球比赛
footes		n. (Foote)人名；(英)富特
footest	fʊt	n.
footies	网络	[原型] footies 是 footie 的复数
footing	'futiŋ	n. 站稳, 立足点, 立场, 关系
footpath	'futpæθ	n. 步道, 人行道, 小路
footpaths	ˈfʊtˌpæθs	n. 人行小径, 人行道( footpath的名词复数 )
foots		n. 沉淀物；渣滓；油滓
footstep	'futstep	n. 脚步, 脚步声, 足迹
footsteps		n. 步距；脚步（footstep的复数形式）
for	fɒ:	prep. 为, 因为, 至于
forbid	fә'bid	vt. 禁止, 不准, 妨碍
forbidder		n. forbid的变形
forbiddest	fə'bɪd	vt.
forbidding	fә'bidiŋ	a. 严峻的, 可怕的, 令人难亲近的
forbids	fəˈbidz	v. 禁止( forbid的第三人称单数 ); 妨碍; 阻碍; 阻止
force	fɒ:s	n. 力量, 武力, 势力, 影响力, 军队, 力, 效力
forced	fɒ:st	a. 被迫的, 强迫的, 用力的
forcer	'fɔ:sә	n. 强迫的人；冲头；活塞；蜗杆压榨机
forces		n. 势力；兵力；武装力量（force的复数形式）
forcest	fɔ:s	n.
ford	fɒ:d	n. 浅滩, 福特汽车
fore	fɒ:	a. 在前的, 以前的
forecast	'fɒ:kɑ:st	n. 预想, 预测, 预报
forecasted		forecast的过去式和过去分词
forecaster	'fɔ:kɑ:stә	n. 预报员
forecasting	'fɔ:kɑ:stiŋ	[计] 预报, 预测
forecasts	ˈfɔ:-kɑ:sts	n. 预测, 预报( forecast的名词复数 )
forehead	'fɒ:rid	n. 额, 前额, 前部
foreheads	ˈfɔridz	n. 额( forehead的复数形式 )
foreign	'fɒ:rin	a. 外国的, 外交的, 外省的, 外来的, 不相关的
foreigner	'fɒ:rinә	n. 外国人, 外地人
foreigners	'fɒrənəz	n. 外国人( foreigner的复数形式 ); 外来人, 外地人; 老外; 蕃
foreigns	'fɒrɪn	adj.
foremost	'fәumәust	a. 最初的, 最重要的
forensic	fә'rensik	a. 辩论的, 法院的, 关于法庭的
forensics		n. 辩论学, 辩论术
fores		(fore 的复数) a. 在前的, 以前的
foresee	fɒ:'si:	vt. 预见, 预知
foreseeing	fɔ:ˈsi:ɪŋ	v. 预知, 预见( foresee的现在分词 )
foreseer	'fɒ:si:ә	n. 有先见之明的人
foresees	fɔ:ˈsi:z	v. 预知, 预见( foresee的第三人称单数 )
foreseest	fɔː'siː	vt.
forest	'fɒrist	n. 森林, 林区
forested		a. 草木丛生的
forester	'fɔristә	n. 林务员, 森林动物, 森林居民, 森林管理人
foresting	'fɒrɪst	n. 森林；(英国)皇家狩猎场；福雷斯特；【男名】男子名
forests	ˈfɔrists	n. 森林( forest的名词复数 ); 丛林; （森林似的）一丛; 一片
forever	fә'revә	adv. 永远
forge	fɒ:dʒ	n. 熔炉, 铁工厂
forged		a. 锻的；锻造的
forger	'fɒ:dʒә	n. 铁匠, 伪造者, 赝造者
forges	fɔ:dʒz	v. 锻造( forge的第三人称单数 ); 伪造; 艰苦干成; 努力加强
forgest	fɔ:dʒ	n.
forget	fә'get	vt. 忘记, 忽略, 忘
forgetful	fә'getful	a. 健忘的, 易忘的
forgetfuls	fə'getfʊl; -f(ə)l	forgetful
forgets	fəˈɡets	link-v. 忘记; 遗忘; 遗漏; 看漏
forgetted	fə'get	vt.
forgetter	fә'^etә	n. 健忘者
forgettest	fə'get	vt.
forgetting	fә'^etiŋ	v. 遗忘；忘记（forget的ing形式）
forgive	fә'giv	vt. 原谅, 宽恕, 免除
forgived	fə'gɪv	vt.
forgiver		n. forgive的变形
forgives	fəˈɡivz	v. 原谅( forgive的第三人称单数 ); 饶恕; 对不起; 请原谅
forgivest	fə'gɪv	vt.
fork	fɒ:k	n. 叉子, 叉状物, 分岔
forked	fɒ:kt	a. 成叉的, 叉的, 叉状的
forker	'fɔ:kər	用叉者
forking	'fɔkiŋ	v. 分支；分叉；河流分岔作用（fork的ing形式）
forks	fɔ:ks	n. 叉（挖掘用的园艺工具）( fork的名词复数 ); 餐叉; 叉状物; （自行车或摩托车的）车叉子
form	fɒ:m	n. 形状, 形体, 类型, 方式, 表格, 形式
formal	'fɒ:mәl	a. 正式的, 形式的, 礼仪的, 拘于礼节的, 拘谨的
formals	ˈfɔ:məlz	n. （学校教育或培训）正规的( formal的名词复数 ); 方式上的; 礼仪上的
format	'fɒ:mæt	n. 开本, 版式, 形式, 格式
formated		(formate 的过去时) n. 甲酸盐, 编队飞行
formater		编制器
formates		n. 【化】蚁酸盐；甲酸酯
formating		v. 使格式化；设计, 安排（format的现在分词）
formation	fɒ:'meiʃәn	n. 形成, 构造, 编队
formationes		结构
formations		n. 队形；形态；形成（formation的复数形式）
formats		n. 幅度；格式（format的复数）
formatted		a. 格式化（的）；格式化了的；有格式的
formatter	'fɔ:mætә	[计] 划盘程序; 格式化程序; 格式器
formatting	'fɔ:mætiŋ	[计] 格式化
formed		a. 成形的, 成形
former	'fɒ:mә	a. 从前的, 前者的
formerer	'fɔ:mə	former1
formerest	'fɔ:mə	former1
formerly	'fɒ:mәli	adv. 从前, 以前
formers		n. 框架；创造者（former的复数）
formes		(forme 的复数) n. 印版
formidable	'fɒ:midәbl	a. 巨大的, 优秀的, 可怕的, 艰难的
forming	'fɔ:miŋ	[电] 形成
forms		n. 窗体；表单；表格（form的复数形式）
formula	'fɒ:mjulә	n. 客套语, 公式, 准则
formular	'fɔ:mju:lә	a. 公式的
formulas		pl. (专业术语)公式, 方案, 准则, 程式, 处方, 制造法, 配方, 惯用语句, 俗套话
formulate	'fɒ:mjuleit	vt. 用公式表示, 明确叙述, 制订
formulated	ˈfɔ:mjuleitid	v. 构想出( formulate的过去式和过去分词 ); 规划; 确切地阐述; 用公式表示
formulates	ˈfɔ:mjuleits	v. 构想出( formulate的第三人称单数 ); 规划; 确切地阐述; 用公式表示
formulation	.fɒ:mju'leiʃәn	n. 系统陈述, 公式化, 配制
formulations	fɔ:mjʊ'leɪʃnz	n. 公式化（的表述）( formulation的复数形式 ); 规划, 构想
forr		abbr. forretning (Dano-Norwegian=business or store) （丹麦-挪威语）
forrest		n. 佛利斯特（人名, 或美国电影阿甘正传）
fors		abbr. 方程式救援座位
forsake	fә'seik	vt. 放弃, 断念, 抛弃
forsaker		n. forsake的变形
forsakes	fəˈseiks	v. 放弃( forsake的第三人称单数 ); 弃绝; 抛弃; 摒弃
forsakest	fə'seɪk	vt.
fort	fɒ:t	n. 堡垒, 要塞, 易货站
forted	fɔːt	n. 堡垒；要塞；（美）边界贸易站
forter	'fɔːteɪ; 'fɔːtɪ; fɔːt	n. 长处，优点，擅长，特长，专长；剑身强部(自中央至剑柄部分)[参较 foible]
fortes	ˈfɔ:tisiz	n. 特长, 专长, 强项( forte的复数形式 ); 强音( fortis的复数形式 )
fortest	'fɔːteɪ; 'fɔːtɪ; fɔːt	n. 长处，优点，擅长，特长，专长；剑身强部(自中央至剑柄部分)[参较 foible]
forth	fɒ:θ	adv. 往前, 以后, 向外
forthcoming	'fɒ:θ'kʌmɑŋ	a. 即将来临的
forthcomings	fɔːθ'kʌmɪŋ	adj. 即将来临的
forths	网络	[原型] forths 是 forth 的复数
forties	ˈfɔ:ti:z	n. 四十( forty的名词复数 ); （尤指白天）打盹, 午睡
forting	fɔː(r)t	n. 要塞；〈美〉(从前和印第安人交易的)市集
fortnight	'fɒ:tnait	n. 两星期
fortnights	ˈfɔ:tnaits	n. 两星期, 十四天( fortnight的复数形式 )
fortress	'fɒ:tris	n. 城堡, 要塞
fortressed		(fortress 的过去分词) n. 城堡, 要塞
fortresses	ˈfɔ:trisiz	n. 堡垒, 要塞( fortress的名词复数 )
fortressing	'fɔːtrɪs	n. 堡垒；要塞
forts		n. 堡垒, 要塞（fort的复数）
fortunate	'fɒ:tʃәnit	a. 幸运的, 幸福的
fortunately	'fɒitʃәnitli	adv. 幸运地, 幸亏
fortunatest	'fɔːtʃ(ə)nət	adj.
fortune	'fɒ:tʃәn	n. 财富, 运气, 兴隆, 大量财产, 好运, 命运
fortunes	ˈfɔ:tʃənz	n. （某人的）命运( fortune的复数形式 ); 富有; 幸运; [常作复数]（人生事件中的）时运
forty	'fɒ:ti	num. 四十, 四十个
forum	'fɒ:rәm	n. 论坛, 公开讨论的广场, 法庭, 讨论会
forums		pl. 论坛, 讨论会, 座谈会, 广播专题讲话节目, 电视专题讲话节目, 法庭
forward	'fɒ:wәd	a. 向前的, 早的, 迅速的, 在前的, 进步的
forwarded		v. 转递；已转发（forward的过去分词）
forwarder	'fɔ:wәdә	[计] 传送器
forwardest	'fɔːwəd	adj.
forwarding	'fɔ:wәdiŋ	[计] 转发
forwards	'fɔ:wәdz	adv. 向前；今后
fossil	'fɒsәl	n. 化石, 古物
fossiled		(fossile 的过去分词) n. (Fossile)人名；(意)福西莱
fossiles		(fossile 的复数) n. (Fossile)人名；(意)福西莱
fossils	'fɒslz	n. 化石( fossil的名词复数 ); 老顽固; 食古不化的人; 老古董（老人）
foster	'fɒstә	a. 收养的, 养育的
fostered	ˈfɔstəd	v. 培养, 促进( foster的过去式和过去分词 ); 收养, 养育
fosterer	'fɔstәrә(r)	n. 养育者, 鼓励者
fosterest	'fɒstə	vt.
fostering		v. 哺育；养育（foster的现在分词）
fosters	ˈfɔstəz	v. 培养, 促进( foster的第三人称单数 ); 收养, 养育
foul	faul	a. 污秽的, 邪恶的, 恶臭的, 肮脏的, 恶劣的, 淤塞的
fouled	fauld	v. 使污秽( foul的过去式和过去分词 ); 弄脏; 击球出界; （通常用废物）弄脏
fouler	faulə	a. 恶劣的( foul的比较级 ); 邪恶的; 难闻的; 下流的
foules		(foule 的第三人称 -s形式) 糙面粗哔叽, 缩绒梳毛呢
foulest		邪恶的
fouling	'fauliŋ	n. 污垢
fouls	faulz	n. 犯规；煤层尖灭
found	faund	vt. 建立, 创立, 铸造
foundation	faun'deiʃәn	n. 基础, 根据, 建立
foundationer	faun'deiʃәnә	n. 领奖学金的人, 领助学金的学生
foundations		n. 地基
founded	'faundid	a. 有基础的
founder	'faundә	n. 创立者, 建立者
foundest	faʊnd	found
founding	'faundiŋ	[计] 铸造
founds	faundz	v. 创办, 成立, 建立( found的第三人称单数 )
fountain	'fauntin	n. 水源, 源, 喷泉, 泉水, 本源
fountained		(fountain 的过去时) n. 水源, 源, 喷泉, 泉水, 本源
fountaining		(fountain 的现在分词) n. 水源, 源, 喷泉, 泉水, 本源
fountains	ˈfauntinz	n. 喷水( fountain的复数形式 ); 喷泉; 来源; 人工喷泉
four	fɒ:	num. 四, 四个
fourer		n. 四人赛艇选手
foures	网络	(foure 的复数)
fourest	fɔː	n. 四；四个(人或物)；表示四的符号(4， Ⅳ等)
fouries	网络	[原型] fouries 是 fourie 的复数
fouring	'fɔ:riŋ	四纬稀弄(四页斜纹纬向织疵)
fours	fɔ:z	n. 双打比赛；灯笼裤；四人舞；四人单桨无舵手（four的复数）
fourteen	'fɒ:'ti:n	num. 十四, 十四个
fourteener	,fɔ:'ti:nә(r)	n. 一行有十四个音节的诗
fourteens	.fɔː(r)'tiːn	n. 十四的记号；十四岁
fourth	fɒ:θ	num. 第四, 四分之一
fourthest	fɔːθ	adj. 第四的；四分之一的
fourths	fɔ:θs	n. 第四( fourth的名词复数 )
fowl	faul	n. 鸟, 飞禽, 家禽
fowled		v. 捕鸟（fowl的过去式与过去分词形式）
fowler	'faulә	n. 捕鸟者
fowles		(Fowle 的复数) n. (Fowle)人名；(英)福尔
fowling	'fauliŋ	n. 捕鸟, 打鸟
fowls	faʊlz	n. 鸟( fowl的名词复数 ); 禽肉; 既不是这; 非驴非马
fox	fɒks	n. 狐狸, 狡猾的人
foxed	fɒkst	a. 变了色的, 有褐斑的, 变酸了的
foxer	'fɔksә	为皮鞋或胶鞋换新鞋面的工人
foxes	fɔksiz	n. 狐( fox的名词复数 ); 狐狸; 狡猾的人; 狐皮
foxies	'fɒksɪ	adj.
foxing	'fɔksiŋ	n. 鞋面修补用皮, 鞋面皮
fraction	'frækʃәn	n. 小部分, 破片, 分数
fractioned	'frækʃ(ə)n	n. 分数；部分；小部分；稍微
fractioning	'frækʃ(ə)n	n. 分数；部分；小部分；稍微
fractions	f'rækʃnz	n. <数>分数( fraction的名词复数 ); 小部分; 分裂; [化学]（分）馏（部）分
fracture	'fræktʃә	n. 破碎, 骨折
fractured		a. 断裂的；挫伤的；折裂的
fracturer		破碎器,折断器
fractures	ˈfræktʃəz	n. （指状态）骨折( fracture的名词复数 ); 断裂; （指事实）骨折
fragile	'frædʒail	a. 易碎的, 脆的
fragiler	'frædʒaɪl	adj.
fragment	'frægmәnt	n. 碎片, 破片, 片段
fragmented	'fræɡmentid	a. 成碎片的；片断的
fragmenting	计	[原型] fragmenting 是 fragment 的现在分词
fragments	ˈfræɡmənts	n. 碎片( fragment的名词复数 ); 片段; （将文件内容）分段; （文艺作品等）未完成的部分
fragrant	'freigrәnt	a. 芬香的, 馥郁的, 愉快的
frail	freil	a. 脆弱的, 虚弱的, 意志薄弱的
frailed	freil	adj.
frailer	freilə	a. 脆弱的( frail的比较级 ); 易损的; 易碎的
frailest		a. 脆弱的( frail的最高级 ); 易损的; 易碎的
frails		(frail 的复数) a. 脆弱的, 虚弱的, 意志薄弱的
frame	freim	n. 框, 结构, 体格
framed		a. 遭到陷害的；有构架的
framer	'freimә	n. 组成者, 构成者, 筹划者
frames		n. 帧, 画面；框架；眼镜架（frame的复数）
framework	'freimwә:k	n. 结构, 骨架, 参照标准, 准则, 观点
frameworks	ˈfreimwə:ks	n. 构架( framework的复数形式 ); 结构; （体系的）结构; （作为判断、决定等基础的）信仰
france	frɑ:ns	n. 法国
frances	'frɑ:nsis	n. 弗朗西丝（女子名）
frank	fræŋk	a. 坦白的, 率直的, 老实的
franked	fræŋkt	v. （在信件上）盖邮资已付印记, 盖免付邮资印记( frank的过去式和过去分词 )
franker	fræŋkə	a. 坦白的, 直率的( frank的比较级 )
frankes		(Franke 的复数) n. (Franke)人名；(英、捷、法、瑞典、德、匈、芬、罗)弗兰克
frankest		a. 坦白的, 直率的( frank的最高级 )
frankies	网络	[原型] frankies 是 frankie 的复数
franking	'fræŋkiŋ	[计] 盖邮戳, 打印标记
franks	fræŋks	弗兰克斯(姓氏)
freddies		n. 弗雷迪（男子名）
freddy		n. 弗雷迪（男子名）
free	fri:	a. 自由的, 享受政治权力的, 允许的, 免费的, 丰富的
freed		a. 释放的
freedom	'fri:dәm	n. 自由, 坦率, 特权
freedoms	ˈfri:dəmz	n. （指权利或状态）自由自在( freedom的复数形式 ); 自由权; 没有…的情况; 不受…影响的状态
freeest	friː	adj.
freeing	'fri:iŋ	[计] 释放
freely	'fri:li	adv. 自由地, 随意地, 无拘束地, 直率地, 坦白地, 慷慨地, 免费地, 大量地
freer	'fri:ә(r)	n. 给予自由的人或事物
frees		v. 解放（free的第三人称单数形式）
freest	ˈfri:ɪst	a. 自由的( free的最高级 ); 免费的; 空闲的; 摆脱…的
freeway	'fri:wei	n. 高速公路
freeways	ˈfri:ˌweɪz	n. 高速公路, 快车道( freeway的复数形式 )
freeze	fri:z	vi. 冻结, 冷冻, 僵硬, 楞住
freezer	fri:zә	n. 冰库, 冰箱, 冷冻库
freezes		v. 冻结（freeze单三形式）
freezest	friːz	vi.
freezing	'fri:ziŋ	a. 冰冻的, 冷冻用的, 严寒的
freezings	'friːzɪŋ	adj. 冰冻的；严寒的；冷冻用的
freight	'freit	n. 船货, 运费, 货运
freighted		vbl. 运输
freighter	'freitә	n. 租船人, 承运人, 托运人, 货船, 运输机
freighting		n. 海上运送契约
freights	freits	n. 货运, 货物( freight的名词复数 )
french	frentʃ	n. 法国人, 法文, 法式
frenches	frentʃiz	n. 法语( French的名词复数 )
frenchest	fren(t)ʃ	adj.
frenchies		(Frenchy 的复数) a. 法国式的, 法国风味的
frenching		n. 焦灼病；秃化病；最后精炼；缺素引起的叶肉变黄白色病
frequencies		n. 频率（frequency的复数形式）；频数分析；次数分配表
frequency	'fri:kwәnsi	n. 频率, 频数
frequent	'fri:kwәnt	a. 时常发生的, 频繁的, 快速的
frequented	ˈfri:kwəntid	v. 常到, 光顾, 常与…交往( frequent的过去式和过去分词 )
frequenter	fri'kwentә	n. 常常来访者, 常客
frequentest	'friːkw(ə)nt	adj.
frequenting	ˈfri:kwəntɪŋ	v. 常到, 光顾, 常与…交往( frequent的现在分词 )
frequently	'fri:kwәntli	adv. 频繁, 经常地
frequents	ˈfri:kwənts	v. 常到, 光顾, 常与…交往( frequent的第三人称单数 )
fresh	freʃ	a. 新鲜的, 新奇的, 另外的, 淡的, 精神饱满的, 冒失的
freshen	'freʃn	v. (使)显得新鲜, (使)精神饱满, (使)减少咸味
freshened	ˈfreʃənd	v. 梳洗打扮( freshen的过去式和过去分词 ); 使某物新鲜; （使）洁净; 使清爽或鲜亮
freshener	'freʃәnә(r)	n. 清凉剂
freshening	f'reʃnɪŋ	v. 梳洗打扮( freshen的现在分词 ); 使某物新鲜; （使）洁净; 使清爽或鲜亮
freshens	ˈfreʃənz	v. 梳洗打扮( freshen的第三人称单数 ); 使某物新鲜; （使）洁净; 使清爽或鲜亮
fresher		n. 大学一年级生
freshes	freʃ	a. 新鲜的；清新的；淡水的；无经验的
freshest		新鲜的
freshing	f'reʃɪŋ	保鲜
fret	fret	n. 烦躁, 磨损, 焦急, 网状饰物
frets	frets	基质间片
fretted	'fretid	a. 焦躁的, 腐蚀的
frettest	fret	vt.
fretting	机	[原型] fretting 是 fret 的现在分词
friction	'frikʃәn	n. 摩擦, 摩擦治疗, 不和
frictioned		(friction 的过去时) n. 摩擦, 摩擦治疗, 不和
frictioning	'frikʃәniŋ	擦胶, 刮胶
frictions	f'rɪkʃnz	n. 摩擦( friction的复数形式 ); 摩擦力; 冲突; 不和
friday	'fraidi	n. 星期五
fridays		adv. 每星期五, 在任何星期五
fridge	fridʒ	n. 电冰箱
fridged	frɪdʒ	n.
fridges	fridʒz	n. 冰箱( fridge的复数形式 )
friend	frend	n. 朋友, 支持者, 赞助者
friended	f'rendɪd	a. 有朋友的, 有朋友陪伴的
friending		v. <诗>与…为友（friend的现在分词形式）
friendlies	'fren(d)lɪ	a. 友好的；亲切的；支持的；融洽的, 和睦的
friendly	'frendli	a. 友好的, 亲切的, 互助的
friends		n. 老友记（剧集）
friendship	'frendʃip	n. 友谊, 友爱, 友善
friendships	f'rendʃɪps	n. 友情( friendship的复数形式 ); 友谊; 朋友关系
fries		n. 炸薯条（French fries）
fright	frait	n. 惊骇, 吃惊
frighted	fraɪt	n. 惊吓；惊骇
frighten	'fraitn	vt. 使惊吓
frightened	'frait(ә)nd	a. 受惊吓的, 受惊的, (非正式)害怕...的
frightener		n. frighten的变形
frightenest	'fraɪt(ə)n	vt.
frightening	'fraitәniŋ	a. 令人恐惧的；引起突然惊恐的
frightenings	'fraɪt(ə)nɪŋ; 'fraɪtnɪŋ	frightening
frightens	ˈfraitənz	v. （使）惊恐( frighten的第三人称单数 ); 吓唬
frightful	'fraitful	a. 可怕的, 惊人的, 丑的, 非常的
frightfuller	'fraɪtfʊl; -f(ə)l	adj.
frighting	fraɪt	n. 惊吓；惊骇
frights	fraɪts	n. 惊恐( fright的复数形式 ); 吓死了; 吓了一大跳; 被…吓着
fringe	frindʒ	n. 边缘, 端, 流苏, 穗, 初步
fringed	frindʒd	a. 具流苏的, 具的（等于fringy）；加穗的；带边饰的
fringer	f'rɪndʒər	装饰的人或制作边饰的人
fringes	frindʒz	n. （头发的）刘海( fringe的名词复数 ); （外衣, 小地毯等的）饰边; 毛边; 边缘
fringest	frɪn(d)ʒ	n.
fro	frәu	adv. 向那边, 向后
frock	frɒk	n. 女礼服, 连衣裙, 工装, 罩袍, 僧衣
frocked	frɒk	n. 女装；连衣裙；僧袍；罩袍
frocking	f'rɒkɪŋ	n. 做男礼服用的衣料
frocks	f'rɒks	n. 僧袍, 教士服( frock的名词复数 ); 连衣裙
frod		abbr. functionally related observable difference 【军事】功能性观测差异
froes		n. 劈板斧〔柄与斧背成直角〕
frog	frɒg	n. 青蛙
frogged	frɒg	n. 青蛙；[铁路] 辙叉；饰扣
frogger	f'rɒɡə	辙叉工，道叉工
frogging	'frɔ^iŋ	交叉现象
frogs		n. 青蛙（frog的复数形式）
froing		(fro 的现在分词) adv. 向那边, 向后
from	frɒm	prep. 从, 来自, 根据
frommer		n. 弗罗默（姓氏）
front	frʌnt	n. 前面, 开头, 前线, 阵线, 态度
fronted	'frɔntid	a. 移首的；前移的
frontes		n. （昆虫的）额( frons的名词复数 )
frontest	frʌnt	n.
frontier	'frʌntjә	n. 边界, 边境
frontiered	'frʌntɪə; frʌn'tɪə	n. 国境, 国界, 边界；[美国英语](靠近未开发地带的)边远地区, 边境, 边疆
frontiers	ˈfrʌnˌtiəz	n. 边界( frontier的名词复数 ); 边境; 开发地区的边缘; 尚待开发的领域
fronting		v. 面对；位于…的前面；以舌前位发音（front的ing形式）
fronts	frʌnts	n. 前面( front的名词复数 ); 前线; 一面; 幌子
fros		(fro 的复数) adv. 向那边, 向后
frost	frɒst	n. 霜, 冰冻, 冷漠
frosted	'frɔstid	a. 结霜的, 冻伤的, 无光泽的, 磨砂的, 因年老而变白的, 冷淡的
froster	'frɔstә	起霜的人, 速冻机
frostied	'frɒstɪ	frosty
frosties		(frosty 的复数) a. 霜冻的, 严寒的, 冷淡的
frosting	'frɒstiŋ	n. 霜状白糖, 无光泽面, 装饰玻璃粉
frosts	frɔsts	n. 霜冻, 严寒天气( frost的名词复数 )
frown	fraun	n. 皱眉
frowned	fraund	v. 皱眉( frown的过去式和过去分词 )
frowner		n. frown的变形
frownest	fraʊn	vi.
frownies		n. 芙蓉妮（化妆品名）
frowning	fraunɪŋ	v. 皱眉( frown的现在分词 )
frowns	fraunz	v. 皱眉( frown的第三人称单数 )
fruit	fru:t	n. 水果, 果类, 结果
fruited		a. 结有果实的, 加水果(调味)的
fruiter	'fru:tә	n. 运水果的船, 果树
fruitful	'fru:tful	a. 结果实的, 多实的, 产量多的
fruitfulest	'fruːtfʊl; -f(ə)l	adj.
fruitfuller	'fruːtfʊl; -f(ə)l	adj.
fruitfullest	'fruːtfʊl; -f(ə)l	adj.
fruiting	f'ru:tɪŋ	[医]结果的, 具子实体的
fruits	法	[原型] fruits 是 fruit 的第三人称单数
fruity	'fru:ti	a. 水果的, 有果味的, 有(低级)趣味的, 圆润的
frustrate	'frʌstreit	vt. 挫败, 击败, 破坏
frustrated	frʌ'streitid	a. 失意的, 挫败的；泄气的
frustrater	frʌs'treit	frustrater
frustrates	ˈfrʌstreits	v. 使不成功( frustrate的第三人称单数 ); 挫败; 使受挫折; 令人沮丧
frustratest	frʌ'streɪt; 'frʌs-	vt.
fry	frai	n. 油炸食物, 鱼苗
fryer	fraiә	n. 做油煎食物的人, 可供油炸的食品, 油炸锅
fryes		(frye 的复数) n. boot（高到小腿肚的）弗赖伊皮靴
frying	'fraɪɪŋ	v. 油炸, 油煎( fry的现在分词 ); 皮肤晒黑; 煎炸; 油发
frys		n. (Frys)人名；(法)弗里
fuel	'fjuәl	n. 燃料, 木炭
fueled		v. 加燃料（fuel的过去分词）
fueler	fju:əl:ɜ	供油船
fueling	化	(41094/-)
fuels	fjuәlz	n. 燃料, 供给燃料（fuel 复数形式）
fulfil	ful'fil	vt. 实践, 履行, 实行, 完成, 结束, 满足
fulfilled	fʊlˈfɪld	a. 满足的, 个人志向得以实现的
fulfiller		履行（诺言、责任、义务等）的人
fulfillest	ful'fil	vt.
fulfilling		a. 能实现个人抱负的；令人高兴的；令人满意的
fulfillings	网络	[原型] fulfillings 是 fulfilling 的复数
fulfils	fulˈfilz	v. 满足( fulfil的第三人称单数 ); 执行; 尽到; 应验
full	ful	n. 全部, 完整
fulled	fʊl	a. 完全的, 完整的；满的, 充满的；丰富的；完美的；丰满的；详尽的
fuller	'fulә	n. 漂洗工, 套柄铁锤
fullest		最满的, 最完全的（full的最高级）
fullied	'fʊlɪ	adv.
fullies	'fʊlɪ	adv.
fulling	'fʊlɪŋ	n. 漂洗法, 缩密法; 毡合; 缩呢
fulls	fuls	(=beach ridge)滩脊
fullying	'fʊlɪ	adv.
fun	fʌn	n. 乐趣, 玩笑, 娱乐
function	'fʌŋkʃәn	n. 官能, 职务, 功能, 函数
functioned		vi. 有或起作用（function的过去式与过去分词形式）
functioning	'fʌŋkʃәniŋ	n. 运行, 运作；功能；机能；起酌（function的动名词）
functions		n. 功能；函数（function的复数形式）
fund	fʌnd	n. 基金, 资金, 存款, 财源, 贮藏
fundamental	.fʌndә'mentәl	n. 基本原理, 原则, 基波
fundamentals		-1
funded		a. 成为有固定利息的长期借款的
funder	ˈfʌndə(r)	n. 投资者
fundies	'fʌndɪz	abbr. fundamentalists 基本性，根本，重要性
funding	'fʌndiŋ	[经] 债务转期
funds		n. 基金；资金, 现金（fund的复数）
funeral	'fju:nәrәl	n. 葬礼, 出殡
funerals	ˈfju:nərəlz	n. 葬礼, 丧礼( funeral的复数形式 )
funest	'fʌnɪst	a. 凶恶的, 致命的
funned	fʌn	adj. 有趣的；供娱乐用的
funnel	'fʌnl	n. 漏斗, 漏斗状的东西, 烟囱
funneled		a. 有漏斗的, 漏斗形的
funneling	ˈfʌnəlɪŋ	[医]成漏斗形：描述膀胱底及膀胱尿道交接区
funnelled		a. 有漏斗的, 漏斗形的
funnelling	'fʌnnelɪŋ	v. 倾销( funnel的现在分词 )
funnels	ˈfʌnəlz	n. 漏斗( funnel的名词复数 ); （轮船, 火车等的）烟囱
funnest		滑稽的（fun的最高级）
funnies	ˈfʌniz	n. 连环图画, 报上登载连环图画的版面; 滑稽的( funny的名词复数 ); 可疑的; 疯疯癫癫的; 稀奇的
funning		vi. 嬉闹（fun的现在分词形式）
funny	'fʌni	a. 好笑的, 有趣的, 滑稽的
funs		n. 乐趣, 玩笑；有趣的人或事（fun的复数形式）
fur	fә:	n. 毛皮
furies	'fjuәriz	n. 复仇女神三姐妹（希腊神话中的形象）
furious	'fjuәriәs	a. 狂怒的, 激烈的, 吵闹的
furnace	'fә:nis	n. 火炉, 熔炉, 考验
furnaced	'fɜːnɪs	n. 火炉，熔炉
furnaces	ˈfə:nisiz	n. 熔炉, 火炉( furnace的复数形式 )
furnish	'fә:niʃ	vt. 供给, 提供, 装设
furnished		-1
furnisher	'fә:niʃә	n. 供给者, 家具商
furnishes	ˈfə:niʃiz	v. 陈设, 布置( furnish的第三人称单数 ); 提供
furnishest	'fɜːnɪʃ	vt.
furnishing	'fә:niʃiŋ	n. 家具, 服饰品, 陈设品, 设备
furniture	'fәnitʃә	n. 家具, 帆具
furr	'fɜ:	水垢
furred	fә:d	a. 长着软毛的, 毛皮制的, 穿毛皮的
furring	'fә:riŋ	n. 毛皮, 水垢, 板条
furs		n. 皮草, 毛皮；舌苔（fur的复数）
further	'fә:ðә	a. 更远的, 此外的, 更多的
furthered	ˈfə:ðəd	v. 促进( further的过去式和过去分词 ); 对…给予援助; 赞助; 增进
furtherer		更进一步的（further的比较级）; 更远的（further的比较级）
furthering	ˈfə:ðərɪŋ	v. 促进( further的现在分词 ); 对…给予援助; 赞助; 增进
furthermore	'fә:ðә'mɒ:	adv. 此外, 而且
furthers	ˈfə:ðəz	v. 促进( further的第三人称单数 ); 对…给予援助; 赞助; 增进
fury	'fjuri	n. 愤怒, 狂暴, 狂怒的人
fuse	fju:z	n. 保险丝, 导火线
fused	fju:zd	a. 熔化的, 熔凝的
fusees	fju:ˈzi:z	n. 耐风火柴；(铁路等的)带色闪光信号；(钟表的)均力圆锥轮
fuses	fju:ziz	n. 保险丝( fuse的名词复数 ); 导火线; 引信
fuss	fʌs	n. 大惊小怪, 小题大作, 忙乱
fussed	fʌst	a. 关心的; 在意的
fusser		n. fuss的变形
fusses	fʌsiz	n. 忙乱( fuss的名词复数 ); 抱怨; 焦急
fussies		(fussy 的复数) a. 易怒的, 爱挑剔的, 难取悦的, 易烦恼的
fussing	fʌsɪŋ	v. 小题大做, 大惊小怪( fuss的现在分词 ); 烦恼, 激动（尤指对小事）; 瞎忙一气, 过分关心
future	'fju:tʃә	n. 未来, 将来
futured	'fjuːtʃə	adj.
futurer	'fjuːtʃə	adj. 将来的，未来的；【语法学】将来时的
futures		n. 期货
futurest	'fjuːtʃə	future
futuroscope		n. 木来之透视
futuroscopes		n. 木来之透视
gaily	'geili	adv. 华丽地, 欢乐地
gain	gein	n. 增益, 获得, 利润, 收获, 增加
gained		v. 增进；获得, 得到（gain的过去式）
gainer	'geinә	n. 获得者, 得利者, 胜利者
gaines		(gaine 的复数) (只刻出头部的) 半身雕像的下半部
gainest	ɡein	vt.
gaining	'^einiŋ	n. 增进单向开槽；单向开槽
gains	ɡeinz	n. 收益；利益；腰槽；榫眼（gain的复数）
gainst	^einst	prep. 反抗, 抵抗(=against)
gall-bladder	'ɡɔ:lbl'ædər	胆瓶
galleries		n. 美术馆（gallery的复数）；图表种类
gallery	'gælәri	n. 走廊, 最高楼座, 画廊, 收集, 图库
gallerying	'gæl(ə)rɪ	n. 画廊；走廊；旁听席；地道
gallon	'gælәn	n. 加仑
gallons		n. 加仑；一加仑的容器；大量（gallon的复数）
gamble	'gæmbl	n. 赌博, 冒险
gambled	ˈɡæmbld	v. 赌博, 冒风险( gamble的过去式和过去分词 )
gambler	'gæmblә	n. 赌博者, 赌徒
gambles	ˈɡæmblz	n. 赌博( gamble的名词复数 ); 打赌; 投机; 冒险
gamblest	'gæmb(ə)l	vi.
game	geim	n. 比赛, 玩耍, 比分, 得胜, 比赛规则, 策略, 游戏, 野味
gamed		v. 打赌, 赌输赢（game的过去式与过去分词形式）
gamer	'ɡeimә	n. 玩家, 博弈者
games		n. (英)体操课, 体育课, [谓语用单数或复数]运动会, 比赛会, 竞技会
gamest		game（有冒险精神的）的最高级形式
gang	gæŋ	n. 队, 群, 帮
ganged	'ɡæŋd	成组的, 联动
ganger	'gæŋә	n. 工头, 领班, 快马
ganges	'^ændʒi:z	n. 恒河（位于亚洲, 发源于喜马拉雅山, 流经印度和孟加拉）
ganging	'^ændʒiŋ	机械连接
gangr		工长,领班;工头,监工
gangs		n. 帮派（gang的复数）
gangster	'gæŋstә	n. 流氓, 歹徒
gangsters	'ɡæŋstəz	n. 匪徒, 歹徒( gangster的复数形式 )
gap	gæp	n. 缝隙, 缺口, 间断, 间距, 通用汇编程序
gaped	geɪpt	v. 目瞪口呆地凝视( gape的过去式和过去分词 ); 张开, 张大
gaper	'^eipә(r),'^æp-	n. 打呵欠的人, 目瞪口呆的人
gapes	ɡeips	n. 家禽张口病
gapest	geɪp	vi.
gaping	'^æpiŋ	a. 多洞穴的
gapped		a. 豁裂的, 有缺口的
gapper		间苗机; 疏苗机
gapping	'ɡæppɪŋ	不紧密接触
gaps		n. 差异, 缺口；缝隙（gap的复数形式）
garage	gә'rɑ:ʒ. 'gærɑ:ʒ	n. 车库, 汽车修理厂, 机库
garaged		vt. 把…送入车库（garage的过去式与过去分词形式）
garages	ˈɡærɑ:ʒɪz	n. 车库（ garage的名词复数 ）; 汽车修理站; 加油站; （兼营汽车修理、销售的）加油站
garbage	'gɑ:bidʒ	n. 垃圾, 废物
garbaged	'gɑːbɪdʒ	n.
garbager	'gɑːbɪdʒ	n.
garbages	ˈɡɑ:bidʒz	n. <美>垃圾( garbage的名词复数 ); <口>废话; 垃圾场; 垃圾箱
garcia	'^ɑ:ʃjә	n. 加西亚（姓氏）
garden	'gɑ:dn	n. 花园, 果园, 菜园
gardened	'ɡɑ:dnd	有花园的
gardener	'gɑ:dәnә	n. 园丁, 花匠, 园艺家
gardeners	ˈɡɑ:dnəz	n. 园丁, 园艺爱好者( gardener的名词复数 )
gardening	'gɑ:dniŋ	n. 园艺(学)
gardens		n. 花园（garden的复数形式）
garlic	'gɑ:lik	n. 大蒜
garlics	ˈɡɑ:liks	n. 大蒜( garlic的名词复数 )
garment	'gɑ:mәnt	n. 衣服, 衣装, 外表
garmented		v. 给…穿衣服（garment的过去式与过去分词形式）
garmenting		v. 给…穿衣服（garment的现在分词形式）
garments		n. 服装, 衣着
gas	gæs	n. 气体, 汽油, 瓦斯
gaseous	'gæsiәs	a. 气体的, 气态的, 无实质的
gaser	'^eizә	γ射线微波激射器, γ激光, γ射线激射器
gases		n. 气体
gasing		(gase 的现在分词) n. 硒化镓
gasoline	'gæsәli:n	n. 汽油
gasoliner		汽艇
gasolines	ˈɡæsəli:nz	n. 汽油( gasoline的复数形式 )
gasp	gæsp	n. 喘气
gasped	ɡɑ:spt	v. 喘气( gasp的过去式和过去分词 ); 喘息; 倒抽气; 很想要
gasper	'gæspә	n. 喘气者, 廉价香烟
gasping	'gæspiŋ	a. 痉挛的, 阵发性的
gasps	ɡɑ:sps	v. 喘气( gasp的第三人称单数 ); 喘息; 倒抽气; 很想要
gass		abbr. generic administration software (support) system 通用管理软
gassed	gæst	a. 中毒气毒的, 喝醉酒的
gasser	'^æsә	n. 气井, 夸夸其谈的人, 出类拔萃的东西
gassest	ɡæs	Gas
gassing	'gæsiŋ	n. 放气, 排气, 气体生成, 气体处理, 毒气攻击
gate	geit	n. 门, 牌楼, 大门, 通道, 闸
gated	'ɡeitid	a. 有关卡的；带栅门的
gater	'ɡeitə	n. = gator
gates		n. 大门；关口（gate的复数形式）
gather	'gæðә	n. 集合, 聚集
gathered	'gaðəd	v. （使）聚集（ gather的过去式和过去分词 ）; 集合; 推断; 了解
gatherer	'^æðәrә	n. 采集者, 收集器
gatherest	'gæðə	vt.
gathering	'gæðәriŋ	n. 聚集, 集中, 采集
gatherings	'ɡæðərɪŋz	n. 聚集( gathering的复数形式 ); 收集; 采集; 搜集
gathers		n. 碎褶；密褶（gather的复数）
gauge	geidʒ	n. 标准度量, 计量器
gauged	'^eidʒid	a. 标准的, 校准的；测量的
gauger	'geidʒә	n. 测量者, 检量官, 收税官
gauges	ɡeidʒz	n. 规格( gauge的名词复数 ); 厚度; 宽度; 标准尺寸
gaugest	geɪdʒ	n.
gave	geiv	give的过去式
gavest	ɡeɪv	give 的过去式
gay	gei	a. 欢快的, 艳丽的, 快乐的, 放荡的
gayed	geɪ	盖伊(女子名)[亦作 Gaye]
gayer		a. 华美的, 快乐的
gayes		盖伊（Gay的变体，人名）
gayest		a. 快乐的；华美的
gaying	geɪ	盖伊(女子名)[亦作 Gaye]
gays	ɡeiz	n. 同性恋者（尤指男性）( gay的复数形式 )
gaze	geiz	n. 注视, 凝视
gazed	ɡeizd	v. 凝视, 注视( gaze的过去式和过去分词 )
gazer		n. 凝视者
gazes	ɡeiziz	v. 凝视, 注视( gaze的第三人称单数 )
gazest	geɪz	vi.
gear	giә	n. 齿轮, 工具
geared	^iәd	a. 齿轮传动的, 变速螺旋桨
gearies		吉尔里（人名）
gearing	'giәriŋ	n. 传动装置
gears		n. 齿轮, 传动装置（gear的复数形式）
general	'dʒenәrәl	n. 一般, 将军, 大体
generaled	'dʒen(ə)r(ə)l	adj. 一般的，普通的；综合的；大体的
generalization	,dʒenәrәlai'zeiʃәn	n. 一般化, 普遍化, 概括
generalizations	ˌdʒenərəlɪˈzeɪʃənz	n. 一般化( generalization的复数形式 ); 普通化; 归纳; 概论
generalize	'dʒenәrәlaiz	vt. 一般化, 概括, 推广
generalized	'dʒenәrәlaizd	a. 广义的, 普遍的；无显著特点的
generalizer		n. generalize的变形
generalizes	ˈdʒenərəlaiziz	v. 概括, 归纳, 推论( generalize的第三人称单数 ); 推广, 普及
generalling	'dʒen(ə)r(ə)l	adj.
generally	'dʒenәrәli	adv. 通常, 逐渐地, 普遍地
generals		n. 将军；上将（general的复数）
generate	'dʒenәreit	vt. 产生, 发生, 导致
generated		a. 生成的；发生的
generates	ˈdʒenəreits	v. 生（儿、女）( generate的第三人称单数 ); （通过物理或化学过程）发生; 生成; 引起
generation	.dʒenә'reiʃәn	n. 一代, 一世, 产生
generationer	dʒenə'reɪʃ(ə)n	n.
generations		n. 世代（generation的复数）
generator	'dʒenәreitә	n. 产生器, 发电机, 生产者
generators		n. 发电机；生成器（generator的复数）
generosities		(generosity 的复数) n. 慷慨, 宽大
generosity	.dʒenә'rɒsiti	n. 慷慨, 宽大
generositys		n. 宽大行为
generous	'dʒenәrәs	a. 慷慨的, 有雅量的, 大量的, 丰富的
genius	'dʒi:njәs	n. 天才, 天赋, 精神, 神魔
geniuses		pl. 天才, 创造能力, 才华, 天赋, 天资, 倾向, 风气, 全部特征, 本质, 思潮
genre	'ʒɒŋrә	n. 类型, 流派
genres	'ʒɑ:nrəz	n. <法>（文学、艺术等的）类型, 体裁, 风格( genre的复数形式 )
gentile	'dʒentail	n. 非犹太人, 异邦人, 非伊斯兰教徒
gentiler	'dʒentaɪl	n. [常作 G-]非犹太人；不信犹太教的人(常指基督教徒)；异教徒
gentiles	'dʒentaɪlz	n. 非犹太人, 异教徒（gentile的复数形式）
gentilest	'dʒentaɪl	n. [常作 G-]非犹太人；不信犹太教的人(常指基督教徒)；异教徒
gentle	'dʒentl	a. 温和的, 文雅的
gentled		vt. 使温和（gentle的过去式与过去分词形式）
gentleman	'dʒentlmәn	n. 绅士, 先生
gentlemans	ˈdʒentlmənz	n. 上等人( gentleman的名词复数 ); 绅士; 男人; 富贵闲人
gentler		a. 优雅的, 温和的
gentles		vt. 使温和（gentle的第三人称单数形式）
gentlest		a. 优雅的；温和的
gently	'dʒentli	adv. 温和地, 温柔地, 轻轻地, 逐渐地
genuine	'dʒenjuin	a. 真正的, 真实的, 诚恳的
genuiner	'dʒenjʊɪn	genuine
genuinest	'dʒenjʊɪn	adj. 真正的，真实的，名副其实的；非人造的，非伪造的；真诚的，真心的，诚实的
geographical	dʒiә'græfikl	a. 地理学的, 地理的
geographies	dʒiˈɔɡrəfiz	n. 地理（学）( geography的名词复数 ); 地形, 地势
geography	dʒi'ɒgrәfi	n. 地理学, 地理
geological	.dʒiәu'lɒdʒikәl	a. 地质学的, 地质的
geologies	dʒiˈɔlədʒiz	n. 地质学( geology的名词复数 ); 地质情况
geologist	dʒi'ɔlәdʒist	n. 地质学家, 地质学者
geologists	dʒɪˈɔlədʒɪsts	n. 地质学家, 地质学者( geologist的复数形式 )
geology	dʒi'ɒlәdʒi	n. 地质学, 地质情况
geometrical	.dʒiәu'metrikl	a. 几何学的, 几何的
geometries	dʒiˈɔmitriz	n. <数>几何（学）( geometry的名词复数 ); 几何形状; 几何图形; 几何结构
geometry	dʒi'ɒmәtri	n. 几何学
georgetown	'dʒɔ:dʒtaun	n. 乔治城（圭亚那首都）
georgetowner	'dʒɔdʒtaun	乔治敦(圭亚那港市和首都)
georgetowns	'dʒɔdʒtaun	n. 乔治城（圭亚那首都）
germ	dʒә:m	n. 细菌, 种子, 生殖细胞, 根源
german	'dʒә:mәn	n. 德国人, 德语
germaner	dʒɜː'meɪn	adj. 关系密切的，有关的，同样的；贴切的，恰当的(常与to连用)
germanes	dʒɜː'meɪn	adj. 有密切关系的；贴切的；恰当的
germanest	dʒə:'mein	adj.
germanies	网络	[原型] germanies 是 germany 的复数
germans	ˈdʒɜ:mənz	n. 德国人, 德语( German的名词复数 ); [医]德国人; [人名] 杰曼斯
germany	'dʒә:mәni	n. 德国
germanys	'dʒɜːmənɪ	德意志,德国(中欧国家,首都柏林)[全称the Federal Republic of Germany德意志联邦共和国]
germed	dʒɜːm	n. [植] 胚芽，萌芽；细菌
germer		革末
germs		n. 致病菌；细菌；病菌（germ的复数形式）
gesture	'dʒestʃә	n. 手势, 姿态
gestured	ˈdʒestʃəd	v. 做手势( gesture的过去式和过去分词 )
gesturer		n. 姿态；手势 (gesture的变形)
gestures	'dʒɛstʃɚ	n. 手势( gesture的名词复数 ); 姿势; 姿态; 表示
get	get	vt. 得到, 获得, 变成, 使得, 收获, 接通, 抓住, 染上
getes		(gete 的复数)  [地名] [比利时] 热特河
geting		(gete 的现在分词)  [地名] [比利时] 热特河
gets		abbr. 政府电子贸易服务（Government Electronic Tendering Service）；美国政府
getted	get	vt.
getter	'getә	n. 获取的人, 吸气剂, 毒饵
gettest	get	vt.
getting	'^etiŋ	n. 采煤, 采掘；获得
ghost	gәust	n. 鬼, 灵魂, 幻影, 一丝, 一点
ghosted	电影	[原型] ghosted 是 ghost 的过去式和过去分词
ghosties		(ghosty 的复数) a. 鬼的, 幽灵的
ghosting	'ɡәustiŋ	n. 重影；拖毛；鬼影
ghosts		n. 鬼；幽灵（ghost的复数）
giant	'dʒaiәnt	n. 巨人, 大力士, 巨大怪物
giants	'dʒaiәnts	n. 巨人（giant的复数形式）；癸干忒斯；巨人族（希腊神话中常与天上诸神作战的种族）
gift	gift	n. 礼物, 赠予, 天才
gifted	'giftid	a. 有天才的
gifting		vt. 馈赠；赠予（gift的现在分词）
gifts		n. 礼品, 赠品；礼物；天赋（gift的复数形式）
gigantic	dʒai'gæntik	a. 巨人般的, 巨大的
ginger	'dʒindʒә	n. 姜, 精力, 姜黄色
gingered		(ginger 的过去分词) n. 姜, 精力, 姜黄色
gingerer	'dʒindʒə	金吉(女子名)
gingerest	'dʒɪndʒɚ	金吉(女子名)
gingering	'dʒɪndʒə	n. 姜；姜黄色；精力；有姜味
gingers	ˈdʒindʒəz	n. 姜, 生姜( ginger的名词复数 ); 姜黄色
giraffe	dʒi'rɑ:f	n. 长颈鹿, 鹿豹座
giraffes	dʒəˈræfs	n. 长颈鹿( giraffe的复数形式 )
girl	gә:l	n. 女孩, 少女, 女佣
girler	网络	(girle 的比较级)
girlest	gɜːl	girl
girlfriend		-K2
girlfriends		n. 女朋友；女友们（girlfriend的复数形式）
girlies		(girly 的复数) adj. 像少女的
girling		n. (Girling)人名；(英)格林
girls		n. 女孩（girl的复数）
give	giv	n. 弹性, 适应性
givees	ɡiv	givee
giver	'givә	n. 给予者, 赠予人
gives		n. 付出；弯曲；内幕消息（give的复数）
givest	gɪv	vt.
glacier	'gleiʃә	n. 冰川
glaciered		adj. 冰川生成的；受冰河作用的；冰封的
glaciers	ɡ'læsɪəz	n. 冰河, 冰川( glacier的复数形式 )
glad	glæd	a. 高兴的, 喜欢的, 情愿的
gladd		abbr. Gun Low Altitude Air Defence 低空防空火炮
gladded	ɡlædid	v. 高兴的( glad的过去式和过去分词 ); 感激; 乐意的; 使人高兴的
gladder		a. 愉快的；高兴的（glad的比较级）
gladdest	ɡlæ'dɪst	a. glad 的最高级
gladding	ɡlædɪŋ	v. 高兴的( glad的现在分词 ); 感激; 乐意的; 使人高兴的
gladed	gleɪd	n. 林中空地；林中通道；[美国英语]沼泽地, 湿地
glades	gleɪdz	n. 林中空地( glade的复数形式 )
glads		abbr. gladiolas 唐菖蒲
glance	'glɑ:ns	n. 一瞥, 闪光, 掠过, 辉矿类
glanced	ɡlɑ:nst	v. 一瞥( glance的过去式和过去分词 ); 略视; 闪耀; 浏览
glances	ɡlɑ:nsiz	v. 一瞥( glance的第三人称单数 ); 略视; 闪耀; 浏览
glancest	ɡlɑ:ns; ɡlæns	vi.
glare	glєә	n. 闪耀光, 刺眼
glared	ɡlɛəd	v. 怒目而视( glare的过去式和过去分词 ); 发强光
glares	ɡlɛəz	v. 怒目而视( glare的第三人称单数 ); 发强光
glarest	ɡlεə	vi.
glass	glɑ:s	n. 玻璃, 玻璃杯, 透镜
glassed		vt. 给某物加玻璃（glass的过去式与过去分词形式）
glasser	ɡ'lɑ:sər	磨光机
glasses	'glɑ:siz	n. 眼镜；双筒望远镜；玻璃（glass的复数形式）
glassess		n. 眼镜；双筒望远镜；玻璃（glass的复数形式）
glassing	'^lɑ:siŋ	装配玻璃
gleam	gli:m	n. 光束, 微光, 反光
gleamed	ɡli:md	v. （使）闪烁, （使）闪亮( gleam的过去式和过去分词 )
gleaming	ˈgli:mɪŋ	a. 闪闪发光的
gleams	ɡli:mz	n. 闪光( gleam的名词复数 ); 闪现; 流露
glide	glaid	n. 滑动, 滑过, 流水
glided	ɡlaidid	v. 滑动( glide的过去式和过去分词 ); 掠过; （鸟或飞机 ） 滑翔
glider	'glaidә	n. 滑翔员, 滑翔机
gliders	ˈglaɪdəz	n. 滑翔机( glider的复数形式 )
glides	ɡlaidz	n. 滑行( glide的名词复数 ); 滑音; 音渡; 过渡音
glidest	glaɪd	vi.
glimpse	glimps	n. 一瞥, 一闪
glimpsed	ɡlimpst	v. 瞥见( glimpse的过去式和过去分词 ); 开始领悟到, 开始认识到
glimpser		n. 一瞥, 一看 (glimpse的变形)
glimpses	ɡlimpsiz	n. 一瞥( glimpse的名词复数 ); 一看; 短暂的感受; 大致了解
glitter	'glitә	n. 灿烂, 闪烁, 辉耀
glittered	ˈɡlitəd	v. 闪烁, 闪耀, 闪光( glitter的过去式和过去分词 ); 眼睛闪现（某种强烈情感）
glittering		-1
glitters	ˈɡlitəz	v. 闪烁, 闪耀, 闪光( glitter的第三人称单数 ); 眼睛闪现（某种强烈情感）
global	'glәubl	a. 通用的, 全球的, 球形的, 综合的, 普遍的
globe	glәub	n. 球, 球状物, 地球仪, 天体
globed		v. （使）成球状（globe的过去式与过去分词形式）
globes	ɡləubz	n. 地球( globe的复数形式 ); 球体; 球状物; 地球仪
gloomies		(gloomy 的复数) a. 抑沉的, 忧闷的, 黑暗的, 悲观的
gloomy	'glu:mi	a. 抑沉的, 忧闷的, 黑暗的, 悲观的
glories	ˈɡlɔ:riz	n. 光荣( glory的名词复数 ); 美丽; （对上帝的）赞颂; 非常美的事物
glorifies	ˈglɔ:rəˌfaɪz	v. 赞美( glorify的第三人称单数 ); 颂扬; 美化; 使光荣
glorify	'glɒ:rifai	vt. 赞美, 美化, 赞扬, 使辉煌
glorifying	ˈglɔ:rəˌfaɪŋ	v. 赞美( glorify的现在分词 ); 颂扬; 美化; 使光荣
glorious	'glɒ:riәs	a. 光荣的
gloriouser	'glɔːrɪəs	adj.
gloriousest	'glɔːrɪəs	adj.
glory	'glɒ:ri	n. 光荣, 荣耀, 荣誉, 壮丽, 繁荣
glorying		vi. 得意, 自豪（glory的现在分词形式）
glossaries	ˈglɔ:səri:z	n. （书尾的）词汇表, 难词汇编( glossary的复数形式 )
glossary	'glɒsәri	n. 专业词典, 术语集, 词表
glove	glʌv	n. 手套
gloved	glʌvd	a. （手）戴着手套的
glover	^lʌvә(r)	n. 做手套/卖手套的人
gloves		n. 手套（glove的复数）
glow	glәu	n. 赤热, 光辉, 热情, 热烈, 红光
glowed	ɡləud	v. （无焰地）燃烧( glow的过去式和过去分词 ); 脸红; 尤指热的物体发出微弱而稳定的光; 喜形于色
glower	'glәuә	vi. 瞪眼, 怒目而视, 凝视
glowest	gləʊ	vi.
glowing	'glәuiŋ	a. 白热的, 灼热的, 通红的, 鲜艳的
glows	ɡləuz	v. （无焰地）燃烧( glow的第三人称单数 ); 脸红; 尤指热的物体发出微弱而稳定的光; 喜形于色
glue	glu:	n. 胶, 粘性物
glued	ɡluːd	v. 用胶水将物体粘合( glue的过去式和过去分词 )
glueing	ɡ'lu:ɪŋ	胶合；施胶；涂胶
gluer	'^lu:ә	涂胶器 tail gluer 胶粘机
glues	ɡlu:z	n. 胶, 胶水( glue的名词复数 )
gnaw	nɒ:	v. 咬, 啃, 侵蚀, 消耗, 折磨
gnawed		a. 缺刻状的
gnawer	'nɒ:ә	n. 咬的人, 腐食物, 臼齿动物
gnawest	nɔː	vt.
gnawing	'nɒ:iŋ	n. 咬, 不断的苦痛
gnaws	nɔ:z	v. 咬( gnaw的第三人称单数 ); （长时间） 折磨某人; （使）苦恼; （长时间）危害某事物
go	gou	vi. 去, 走, 达到, 运转, 查阅, 消失, 结束, 放弃, 花费, 流传, 趋于, 打算, 剩下
goal	gәul	n. 目标, 终点, 得分, 球门, 守门员
goaled	gəʊl	n. 目标；球门，得分数；终点
goaler	'ɡəʊlər	[体]守门员
goalies	ˈɡəuliz	n. 守门员( goalie的复数形式 )
goals		n. 目标, 目的；进球, 射中次数
goat	gәut	n. 山羊, 替罪羊, 色鬼
goated	gəʊt	n.
goaties		a. 山羊似的, 淫荡的, 好色的
goating	gəʊt	n.
goats		n. 山羊（goat的复数形式）
god	^ɔd	n. 上帝, 神像, 偶像
godded	ɡɒd	n. 神；（大写首字母时）上帝
goddess	'gɒdis	n. 女神, 美女, 受崇拜的女性
goddesses	ˈgɔdɪsiz	n. 女神( goddess的复数形式 ); 被崇拜的女人
goded		(gode 的过去时) abbr. Gulf Organization for the Development of E
godes		n. (Godes)人名；(法)戈德；(西)戈德斯
gods	ɡɔdz	n. 上帝们；众神, 诸神, 泛指神灵（god的复数）
goed		(goe 的过去时) 海蚀洞
goer	'gәuә	n. 离去的游人(或客人), 走动的东西
goes	ɡәus	v. 前进；行走（go的第三人称单数形式）
goest	'^әjist	<古>go的第二人称单数现在式
going	'gәuiŋ	n. 去, 离去, 工作情况, 地面状况, 行为
gold	gәuld	n. 黄金, 钱财, 金块, 金色, 宝贵
golden	'gәuldn	a. 金的, 含金的, 金色的, 贵重的, 繁盛的
goldened	'gəʊld(ə)n	adj. 金色的，黄金般的；珍贵的；金制的
goldener	'gəʊld(ə)n	adj. 金的，金制的；含金的；产金的
goldenest	'gəʊld(ə)n	adj.
goldening	'gəʊld(ə)n	adj. 金色的，黄金般的；珍贵的；金制的
goldes	网络	[原型] goldes 是 golde 的复数
goldest	gəʊld	n.
goldies		(goldy 的复数) adj.似黄金的, 金黄的
golding		戈尔丁（人名）
golds	ɡəuldz	n. 金( gold的复数形式 ); 金色; 金币; 金饰品
golf	gɒlf	n. 高尔夫球
golfed		vi. 打高尔夫球（golf的过去式与过去分词形式）
golfer	'gɒlfә	n. 打高尔夫球的人
golfing	ˈgɒlfɪŋ	n. 打高尔夫球
golfs		vi. 打高尔夫球（golf的第三人称单数形式）
goneril	'^ɔnәril	贡纳莉(莎士比亚的《李尔王》中李尔的长女名, 是冷酷、不孝的典型)
gonerils	'ɡɔnəril	Goneril
good	gud	n. 善行, 好处, 利益
goodbye	gud'bai	interj. 再见
goodbyes	ˌɡudˈbaiz	n. 再见( goodbye的复数形式 )
gooder	'ɡudə	n. 受人尊敬的人(或事)
goodies		n. 特别吸引人的东西, 糖果, 好吃的东西, 美味的食品, 令人愉快的东西
gooding		n. 古丁（姓氏）
goodness	'gudnis	n. 仁慈, 善良
goodnesses	网络	[原型] goodnesses 是 goodness 的复数
goods	guds	n. 货物
goose	gu:s	n. 鹅, 雌鹅, 鹅肉, 弯把熨斗
goosed		v. 拧或掐屁股（goose的过去式与过去分词形式）
gooser	guːs	n. 【鸟类】雁[鸭科(Anatidae),尤指雁属(Anser)和黑雁属(Branta)水禽]；雌鹅[参较 gande
gooses		n. 长柄熨斗
gor	ɡɔ:	abbr. 气油比（gas oil ratio）；普通操作要求（general operational requirem
gorgeous	'gɒ:dʒәs	a. 华丽的, 灿烂的
gorilla	gә'rilә	n. 大猩猩, 残暴的男人, 歹徒
gorillas	ɡəˈriləz	n. 大猩猩( gorilla的复数形式 ); 暴徒, 打手
gos		abbr. gosudarstvo (Russian=state) （俄语）国家
gossip	'gɒsip	n. 闲聊, 随笔, 流言, 爱讲闲话的人
gossiped	'gɒsɪp	n. 小道传闻；随笔；爱说长道短的人
gossiper		n. 爱闲聊的人, 搬弄是非者
gossipies	'gɑsəpi	gossipy
gossiping		n. 流言蜚语；闲聊
gossipped	'gɒsɪp	n.
gossipper	'gɒsɪp	n.
gossipping	'gɒsɪp	n.
gossips	ˈɡɔsips	n. 流言( gossip的名词复数 ); 闲谈; 爱拨弄是非的人; 八卦
gost		abbr. government-owned special tooling 政府所有的特种工具
govern	'gʌvәn	v. 统治, 支配, 管理
governed	ˈɡʌvənd	v. 统治( govern的过去式和过去分词 ); 管理; 治理; 支配（词或短语的形式或用法）
governer		调节器; 调速器
governest	'gʌv(ə)n	vt.
governing	'^ʌvәniŋ	[计] 调节, 控制
government	'gʌvәnmәnt	n. 政府, 内阁
governments		n. 政权；政府；可转让政府证券（government的复数）
governor	'gʌvәnә	n. (美)州长, (英)总督, 统治者, 管理者, 理事
governoring		调节
governors	ˈɡʌvənəz	n. 主管( governor的复数形式 ); 理事; （美国的）州长; （学校、学院、医院等机构的）董事
governs	ˈɡʌvənz	v. 统治( govern的第三人称单数 ); 管理; 治理; 支配（词或短语的形式或用法）
gown	gaun	n. 睡衣, 法衣, 大学全体师生
gowned	gaʊnd	vt.&vi. 穿长袍（gown的过去式与过去分词形式）
gowning		vt.&vi. 穿长袍（gown的现在分词形式）
gowns	ɡaunz	n. （法官、英国律师、大学学生在特别仪式上穿的）长袍( gown的名词复数 ); 女长服; （尤指在医院穿的）罩衣; 
gps		abbr. 全球定位系统（Global Position System）；通用雷达（General Purpose Ra
gpss	计	[原型] GPSS 是 gps 的复数
grab	græb	n. 抓握, 掠夺, 强占, 东方沿岸帆船
grabbed		v. 攫取；捕获；强夺；匆忙地做（grab的过去分词形式）
grabber	'græbә	n. 贪心者, 强夺者, 强取者
grabbing		v. 抓；夺走；强烈吸引（grab的ing形式）
grabed		(grabe 的过去时) n. (Grabe)人名；(德、瑞典)格拉贝
grabs		n. 链钩（grab的复数）
grace	greis	n. 优雅, 风度, 慈悲, 恩惠, 体面, 赦免, 恩典, 谢恩祷告
graced		v. 使优美（grace的过去式与过去分词形式）
graceful	'greisful	a. 优美的
gracefuller	'greɪsfʊl; -f(ə)l	adj.
gracefullest	'greɪsfʊl; -f(ə)l	adj.
graces		n. 风度, 恩遇, 魅力
gracious	'greiʃәs	a. 亲切的, 慈善的
grade	greid	n. 等级, 年级, 阶段, 成绩, 程度, 坡度, 斜坡
graded	'ɡreidid	a. 分等级的；按年级分的
grader	'^reidә	n. 把东西分类别的人/机器, 平路机, 推土机
grades		n. 分数；等级（grade的复数形式）
gradient	'greidiәnt	n. 倾斜度, 梯度, 坡度, 斜率
gradienter	'greidiәntә	n. 测斜仪, 倾料计
gradients	ˈgreɪdi:ənts	n. 道路的斜度( gradient的复数形式 ); 坡度; 变化程度; （温度、压力等的）变化率
gradual	'grædʒuәl	a. 逐渐的, 渐增的
gradually	'grædʒuәli	adv. 逐渐地
graduals	'ɡrædʒuəl	adj. 渐进的；渐升[降]的；倾斜度小的；逐渐的
graduate	'grædʒueit	n. 毕业生, 量杯
graduated		a. 毕业了的, 分等级的, 分度的, 刻度的
graduater	ˈɡradʒʊeɪt	n. ☉大学毕业生，(尤指学士)学位获得者；[美国英语]毕业生
graduates	ˈɡrædjuits	n. <美>毕业生( graduate的名词复数 ); <英>大学毕业生; （已经取得学士学位正在攻读高级学位的）研究生
graduatest	ˈɡradʒʊeɪt	n. ☉大学毕业生，(尤指学士)学位获得者；[美国英语]毕业生
graduation	.grædʒu'eiʃәn	n. 毕业, 得学位, 分划, 刻度, 分等级
graduations	ˈgrædʒu:ˈeɪʃənz	n. 毕业, 毕业典礼( graduation的复数形式 )
grain	grein	n. 谷粒, 颗粒, 谷类, 纹理, 本质
grained	greind	a. 有木纹的, 漆成花纹的, 去毛的
grainer	'^reinә	n. 刮毛刀, 脱毛器, 鞣皮剂, 漆木纹/画木纹(者)
graining	'greiniŋ	n. 漆纹理, 漆成纹理的方法
grains	^reinz	n. 双齿/多齿鱼叉
grammar	'græmә	n. 语法学, 入门书
grammared	'græmə	n.
grammars	ˈɡræməz	n. 语法( grammar的复数形式 ); 语法书; 语法学; （人的）语言知识及运用能力
grammatical	grә'mætikl	a. 语法的, 合乎语法的
gramme	græm	n. 克
grammer	'ɡræmә	n. 体重…克者
grammes		(gramme 的复数) n. 克
gramophone	'græmәfәun	n. 留声机
gramophones	ˈgræməˌfəʊnz	n. 留声机( gramophone的复数形式 )
grand	grænd	a. 庄重的, 壮观的, 显赫的, 重大的, 最高的, 雄伟的, 宏大的, 豪华的, 傲慢的
granddaughter	'^rændɔ:tә(r)	n. 孙女, 外孙女
granddaughters	ˈgrænˌdɔ:təz	n. （外）孙女( granddaughter的复数形式 )
grander		较大的
grandes		(grande 的复数) adj. 重大的, 显要的
grandest		庄严的
grandfather	'grændfɑ:ðә	n. 祖父, 始祖
grandfathered		a. 祖父级的
grandfathering	'ɡræn(d).fɑːðə(r)	n. 外祖父；祖先；老大爷
grandfathers	ˈɡrændˌfɑ:ðəz	n. （外）祖父( grandfather的复数形式 )
grandies		格兰迪； 格伦迪
grandma	'grændmɑ:	n. 奶奶, 外婆
grandmas	ˈɡrænmɑ:z	n. <非正>奶奶, 外婆( grandma的复数形式 )
grandmother	'grændmʌðә	n. 祖母, 女祖先
grandmothers	ˈɡrændˌmʌðəz	n. （外）祖母( grandmother的复数形式 )
grandpa	'^rænpɑ:, '^rændpɑ:	爷爷, 老太爷, 外公
grandparent	'grændperәnt	n. 祖父母
grandparenting		n. 隔代教养
grandparents		n. 外祖父母；祖父母（grandparent的复数）
grandpas	ˈɡrænpɑ:z	n. <非正>爷爷, 外公, 老太爷( grandpa的复数形式 )
grands	ɡrændz	n. 一千美元, 一千英镑( grand的名词复数 )
grandson	'grændsʌn	n. 孙子, 外孙
grandsons	ˈgrændˌsʌnz	n. （外）孙( grandson的复数形式 )
granite	'grænit	n. 花岗岩
granites	ɡ'rænɪts	n. 花岗岩, 花岗石( granite的复数形式 )
grant	grænt	n. 授予, 授予物, 允许
granted		adv. 算是如此, 但是
granter		n. 出让方；出让人；授与者；转让者
grantest	grɑːnt	格兰特(男子名)
granting	ɡ'rɑ:ntɪŋ	v. （退一步）承认( grant的现在分词 ); （尤指正式地或法律上）同意; 准许; 让渡
grants	经	[原型] grants 是 grant 的第三人称单数
grape	greip	n. 葡萄, 葡萄树
grapes	医	[原型] grapes 是 grape 的复数
graph	græf	n. 曲线图, 图表, 图形
graphed		(graph 的过去时) n. 曲线图, 图表, 图形
grapher	'^ræfә	[计] 记录仪
graphing	计	[原型] graphing 是 graph 的现在分词
graphite	'græfait	n. 石墨
graphited	'^ræfitid	石墨化的
graphites		(graphite 的复数) n. 石墨
graphs		n. 图形, 图表；曲线图（graph的复数）
grasp	græsp	n. 把握, 抓紧, 理解, 抓, 柄, 控制
grasped	ɡrɑ:spt	v. 抓住( grasp的过去式和过去分词 ); 了解; 急忙抓住; 急切（或贪婪）地抓住
grasper	ɡ'rɑ:spə	抓紧器
graspest	grɑːsp	vt.
grasping	'græspiŋ	a. 抓的, 握的, 贪婪的
grasps	ɡrɑ:sps	v. 抓住( grasp的第三人称单数 ); 了解; 急忙抓住; 急切（或贪婪）地抓住
grass	græs	n. 草, 草原, 牧场
grassed	grɑ:st	vt. 用草覆盖（grass的过去式与过去分词形式）
grasser		abbr. graphic aerospace search radar 图示航空航天搜索雷达
grasses		n. 稻科植物类；禾本种；草地（grass的复数）
grasshopper	'græshɒpә	n. 蚱蜢, 蝗虫
grasshoppered		(grasshopper 的过去时) n. 蚱蜢, 蝗虫
grasshoppers	ˈgræsˌhɔpəz	n. 蚱蜢( grasshopper的复数形式 ); 蝗虫; 蚂蚱; （孩子）矮小的
grassies		(grassy 的复数) a. 草绿色的, 象草的, 长满草的
grassing	ɡ'rɑ:sɪŋ	草上晒白法
grassy	'græsi	a. 草绿色的, 象草的, 长满草的
grateful	'greitful	a. 感谢的, 感激的, 令人快意的, 受欢迎的
gratefuller	'greɪtfʊl; -f(ə)l	adj.
gratefullest	'greɪtfʊl; -f(ə)l	adj.
gratitude	'grætitju:d	n. 感激之情
gratitudes	'grætɪtjuːd	n. 感谢的心情
grave	greiv	n. 墓穴, 坟墓, 终结, 死亡
graved		grave的过去式和过去分词
gravel	'grævәl	n. 砂砾, 碎石
graveled		n. 砾石；沙砾；石子
gravelled	经	[原型] gravelled 是 gravel 的过去式
gravelling		铺砾石
gravels	ˈɡrævəlz	n. 沙砾( gravel的名词复数 ); 砾石; 石子; 结石
graver	'greivә	n. 雕刻师, 雕刻刀
graves	ɡrɑ:v	n. 坟墓（grave的复数）
gravest		a. 重大的；严肃的；黯淡的 (grave的变形)
gravies	ˈɡreiviz	n. 肉汁( gravy的名词复数 ); 肉卤; 意外之财; 飞来福
gravities	'grævɪtɪ	n. 重力, 地心引力；严重性；庄严
gravity	'græviti	n. 地心引力, 重力
gravy	'greivi	n. 肉汁, 外快
gray	grei	n. 灰色, 暗淡
grayed	greɪd	变灰的
grayer		a. 苍白的；灰色的
grayest		a. 灰色的,苍白的
graying	'^reiiŋ	[化] 泛灰; 泛灰色
grays	ɡreiz	n. 灰色( gray的名词复数 ); 灰马; 灰色颜料; 暗淡的光线
graze	greiz	n. 吃草, 放牧, 擦伤, 轻擦
grazed	ɡreizd	v. （让动物）吃草( graze的过去式和过去分词 ); 轻擦, 擦破; 擦过; 掠过
grazer	'greizә	n. 食草动物
grazes	ɡreiziz	v. （让动物）吃草( graze的第三人称单数 ); 轻擦, 擦破; 擦过; 掠过
grazest	ɡreiz	vt.
grease	gri:s	n. 脂肪, 兽脂, 油脂, 贿赂
greased	^ri:zd, ^ri:st	a. 灌足酒的；患踵炎症的；醉的；加过润滑脂的
greaser	'^ri:sә	n. 加油脂/涂油脂的工人, 加润滑脂的器具, (美)(非正式)贿赂者
greases	ɡri:siz	n. 动物油脂( grease的名词复数 ); 油膏, 油脂
greasest	griːs	n.
great	greit	a. 大的, 非常的, 主要的, 重大的, 崇高的, 伟大的
greater	'^reitә(r)	[计] 大的
greatest	'^reitist	[计] 最大的
greatly	'greitli	adv. 很, 非常
greats	ɡreits	n. 大人物们( great的复数形式 ); 伟大人物; 重要人物：大师; 名家
greece	gri:s	n. 希腊
greeces	网络	[原型] greeces 是 greece 的复数
greed	gri:d	n. 贪欲, 贪婪
greeds		(greed 的复数) n. 贪欲, 贪婪
greedy	'gri:di	a. 贪婪的, 贪得的, 贪吃的
greek	gri:k	n. 希腊人, 希腊语
greeked	grik	n. 希腊人；希腊语
greeker	griːk	adj.
greekest	griːk	adj.
greeking	grik	n. 希腊人；希腊语
greeks		n. 希腊人（Greek的复数）
green	gri:n	n. 绿色, 绿色颜料
greened	griːn	a. 绿色的；青春的
greener	'gri:nә	n. 生手
greenes	网络	[原型] greenes 是 greene 的复数
greenest		绿的, 绿油油的, 长满青草的（形容词green的最高级）
greengrocer	'gri:ngrәusә	n. 蔬菜水果商, 菜贩
greengroceries		(greengrocery 的复数) n. 蔬菜水果店, 蔬菜水果业
greengrocers	ˈɡri:nɡrəusəz	n. 蔬菜水果商, 菜贩( greengrocer的复数形式 )
greenhouse	'gri:nhaus	n. 温室
greenhoused	'griːnhaʊs	n.
greenhouser	'griːnhaʊs	n. (玻璃)暖房，花房，温室；=greenhouse effect
greenhouses	ɡ'ri:nhaʊzɪz	n. 温室, 花房( greenhouse的复数形式 )
greenhousest	'griːnhaʊs	n. (玻璃)暖房，花房，温室；=greenhouse effect
greenies		(greeny 的复数) a. 呈绿色的
greening	'gri:niŋ	n. 绿皮苹果, 恢复活力
greenland	'gri:nlәnd	n. 格陵兰
greenlander	'ɡri:nləndə	格林兰人
greenlands	地名	[原型] Greenlands 是 greenland 的复数
greens		n. 绿叶蔬菜
greenwich	'grinidʒ	n. 格林威治
greenwiches	ˈgrɛnɪtʃ ;ˈgrinwɪtʃ	n. 格林威治（英国伦敦东南一市镇， 从前皇家天文台的所在地； 通过该天文台的经线被定为本初子午线）
greet	gri:t	vt. 问候, 致敬, 欢迎, 映入眼帘
greeted	ɡ'ri:tɪd	v. 欢迎( greet的过去式和过去分词 ); 迎接; 致意; （以某种方式）对…作出反应
greeter	ˈgri:tə(r)	n. 欢迎人员
greetest	ɡri:t	vt.
greeting	'gri:tiŋ	n. 祝贺, 问候
greetings	ɡ'ri:tɪŋz	n. 问候; 招呼( greeting的复数形式 ); 问候; 祝贺; 祝词
greets	ɡri:ts	v. 欢迎( greet的第三人称单数 ); 迎接; 致意; （以某种方式）对…作出反应
grey	grei	n. 灰色
greyed		vt. 使变成灰色（grey的过去式与过去分词形式）
greyer		grey（灰色的）的比较级形式
greyest		grey（灰色的）的最高级形式
greying	'ɡreiiŋ	a. 石墨化的；发灰色的
greys	ɡreiz	n. 灰色( grey的名词复数 ); 灰色衣服; 灰马; 白马
grief	gri:f	n. 伤心, 忧愁, 悲痛, 不幸, 灾难
griefed	griːf	n.
griefs		n. 悲伤（grief的复数形式）
grieve	gri:v	vt. 使悲伤
grieved		a. 伤心的
grieves	ɡri:vz	n. 悲伤( grief的名词复数 ); 悲痛; 悲伤的事; 担心
grievest	ɡri:v	vt.
griffin	'^rifin	n. 新手, 未经世故的人
griffins		(griffin 的复数) n. 新手, 未经世故的人
grill	gril	n. 烤架, 铁格子, 烤肉
grilled	grild	a. 烤的, 炙过的, 有格子的
grilles	grɪlz	n. 格子, 格栅( grille的复数形式 ); （汽车散热器的）护栅
grilling		n. 格栅
grills	ɡrilz	n. 烤架( grill的名词复数 ); （一盘）烤肉; 格板; 烧烤餐馆
grim	grim	a. 冷酷的, 坚强的, 残忍的, 可怕的, 讨厌的
grimed	graɪmd	v. 污垢( grime的过去式和过去分词 )
grimes		n. 格兰姆斯（广州电气公司名称）
griming	graɪmɪŋ	v. 污垢( grime的现在分词 )
grimmed	grɪm	adj. 严厉的；无情的；凶猛的；残忍的；残酷的；坚定的，坚强的，不妥协的，不屈的
grimmer	ɡrimə	a. 严酷的( grim的比较级 ); 严厉的; 阴冷的; 讨厌的
grimmest		a. 严酷的( grim的最高级 ); 严厉的; 阴冷的; 讨厌的
grin	grin	n. 露齿笑
grind	graind	n. 磨, 碾, 苦差, 摩擦声, 用功的学生
grinded	graɪnd	vt. 磨碎；磨快
grinder	'graindә	n. 推磨的人, 研磨者
grindest	graɪnd	vt.
grinding	'graindiŋ	a. 刺耳的, 沉重的, 剧烈的
grinds	ɡraindz	v. 磨碎, 嚼碎( grind的第三人称单数 ); 旋转开动; 压迫, 折磨
grining		(底层油漆色彩透现在外)底色外透
grinned		v. 露齿而笑（grin的变形词）
grinner		n. 露齿而笑的人, 龇牙咧嘴的人
grinnest	ɡrin	vi.
grinning		笑嘻嘻
grins	ɡrinz	v. 露齿而笑( grin的第三人称单数 ); 露齿笑着表示
grip	grip	n. 紧握, 柄, 握力, 握手方式, 手提包, 掌握, 支配, 控制
griped	graɪpt	v. 感到或引起腹或肠绞痛( gripe的过去式和过去分词 ); 抱怨（某人[某事物]）, 发牢骚
griper	ɡ'raɪpər	<美俚>爱发牢骚的人
gripes	ɡraips	n. <非正>腹部绞疼; 怨言( gripe的名词复数 ); 不平; 不满
griping	ˈgraɪpɪŋ	v. 感到或引起腹或肠绞痛( gripe的现在分词 ); 抱怨（某人[某事物]）, 发牢骚; 偏舵
gripped	ɡript	v. 抓紧( grip的过去式和过去分词 ); 吸引; 引起; 使感兴趣
gripper	'^ripә	n. 握者, 抓爪, 抓器, 夹子
grippest	grɪp	n.
gripping		a. 抓的, 吸引人的, 扣人心弦的, 夹的
grips		vbl. 抓爪
grizzlies	ˈgrɪzli:z	n. 北美洲灰熊( grizzly的名词复数 )
grizzly	'grizli	a. 略为灰色的, 呈灰色的
groan	grәun	n. 呻吟, 叹息
groaned	ɡrəund	v. 呻吟( groan的过去式和过去分词 ); 发牢骚; 抱怨; 受苦
groanest	grəʊn	n.
groaning		n. 呻吟；活塞在气缸内的不正常声；哼声
groans	ɡrəunz	n. 呻吟, 叹息( groan的名词复数 ); 呻吟般的声音
grocer	'grәusә	n. 食品商
grocered	'grəʊsə	n.
groceries		-K
grocering	'grəʊsə	n.
grocers	ˈɡrəusəz	n. 食品杂货商( grocer的复数形式 )
grocery	'grәusәri	n. 食品杂货店, 食品杂货业
groove	gru:v	n. 凹槽, 惯例, 理想境况
grooved	ɡru:vd	a. 带纹道的；表面有沟槽的
groover	'^ru:vә	n. 挖槽者, 挖槽机, 挖槽工具
grooves	ɡru:vz	n. 沟( groove的名词复数 ); 槽; 老一套; （某种）音乐节奏
grope	grәup	v. 摸索
groped	ɡrəupt	v. 暗中摸, 摸索( grope的过去式和过去分词 ); 探索, 搜寻
groper		咸猪手
gropes	ɡrəups	v. 暗中摸, 摸索( grope的第三人称单数 ); 探索, 搜寻
gropest	grəʊp	vi.
gross	grәus	n. 总数, 总量
grossed	ɡrəust	v. 获得（…的）总收入( gross的过去式和过去分词 )
grosser	'ɡrәusә	n. 赚钱的产品或生产
grosses	ɡrəusiz	v. 获得（…的）总收入( gross的第三人称单数 )
grossest		a. 总的( gross的最高级 ); 粗俗的; 显而易见的; 粗鲁的
grossing	ɡrəusɪŋ	v. 获得（…的）总收入( gross的现在分词 )
ground	graund	n. 土地, 战场, 场地, 地面, 范围
grounded	'^raundid	a. [物]接地的；有基础的
grounder	'graundә	n. 滚球, 创立者, 创业者
groundest		n. 土地, 战场, 场地, 地面, 范围
grounding	'graundiŋ	n. 基础教学, 基础训练
grounds		n. 场地, 庭院, 理由, 渣滓, 沉淀物
group	gru:p	n. 团体, 组, 团, 群
grouped		a. 化合的；分组的
grouper	'gru:pә	n. 石斑鱼
groupes	网络	[原型] groupes 是 groupe 的复数
groupies	ˈgru:pi:z	n. 流行乐队迷, 想与流行乐队成员发生性关系的少女( groupie的复数形式 )
grouping	'gru:piŋ	n. 分组
groups		n. 群组, 组；用户组；团体（group的复数形式）
grove	grәuv	n. 小树林
groved		adj. grove的变形
grover		n. 格鲁佛氏；调弦系统；卷弦器
groves	grəuvz	n. 格罗夫斯（男子名）（女子名）或（姓氏）
grow	grәu	vt. 种植, 使长满
grower	'grәuә	n. 栽培者, 生长物
growest	grəʊ	vi. (生物等)生，生长，成长；发育：；增长，增大；扩大，增加；发展：
growing	'grәuiŋ	a. 成长的
growl	graul	n. 吠声, 咆哮声
growled	ɡrauld	v. （动物）发狺狺声, （雷）作隆隆声( growl的过去式和过去分词 ); 低声咆哮着说
growler	'^raulә	n. 嗥叫的动物, 轰鸣的东西, 咆哮的人
growling		a. 咆哮的, 隆隆响的
growls	ɡraulz	v. （动物）发狺狺声, （雷）作隆隆声( growl的第三人称单数 ); 低声咆哮着说
grows	ɡrəuz	v. 种植( grow的第三人称单数 ); 扩大; 扩展; 增加
growth	grәuθ	n. 生长, 栽培, 增长
growther		经济大发展地区; 经济大发展地区
growths	ɡ'rəʊθs	n. 生长( growth的复数形式 ); 增加; 生长物; 经济增长
grumble	'grʌmbl	n. 怨言, 满腹牢骚
grumbled	ˈɡrʌmbld	v. 抱怨( grumble的过去式和过去分词 ); 发牢骚; 咕哝; 发哼声
grumbler	'grʌmblә	n. 发牢骚的人
grumbles	ˈɡrʌmblz	v. 抱怨( grumble的第三人称单数 ); 发牢骚; 咕哝; 发哼声
grumblest	'grʌmb(ə)l	vi. 抱怨，喃喃诉苦；发牢骚；鸣不平：；咕哝，嘟囔，发哼声
grunt	grʌnt	vi. 作呼噜声
grunted	ɡrʌntid	v. （猪等）作呼噜声( grunt的过去式和过去分词 ); （指人）发出类似的哼声; 咕哝着说
grunter	'^rʌntә	n. 作猪哼者, 猪
gruntes	网络	(grunte 的复数)
grunting	'^rʌntiŋ	a. 呼噜的, 咕哝的
grunts	ɡrʌnts	v. （猪等）作呼噜声( grunt的第三人称单数 ); （指人）发出类似的哼声; 咕哝着说; 石鲈
guarantee	.gærәn'ti:	n. 担保, 抵押品, 保证书
guaranteed		a. 有保证的, ；有人担保的
guaranteeing		vt. 保证, 担保（guarantee的现在分词形式）
guarantees	ˌɡærənˈti:z	n. 担保( guarantee的名词复数 ); 担保品; 保修单; 抵押品
guard	gɑ:d	n. 守卫者, 警戒, 护卫队, 防护装置
guarded	'gɑ:did	a. 被防护着的, 被监视着的, 警戒着的
guarder	'gɑ:dә	n. 守卫者, 看守者, 卫兵
guardest	gɑːd	vt. 保卫，守卫；警卫；保护：；监视；看守：
guarding	'^ɑ:diŋ	[计] 保险
guards		n. 禁卫军；护卫队；守卫；后卫（guard的复数形式）
guess	ges	n. 猜测, 臆测
guessed	ɡest	v. 猜( guess的过去式和过去分词 ); （引出令人惊奇或激动的事）你猜; 猜对; 猜中
guesser		n. 推测者；猜测者
guesses	ɡesiz	n. 猜测, 估计, 猜想( guess的名词复数 )
guessest	ges	vt. 猜，猜测；推测：；猜对，猜中：
guessing	'ɡesɪŋ	v. 猜( guess的现在分词 ); （引出令人惊奇或激动的事）你猜; 猜对; 猜中
guest	gest	n. 客人, 来宾, 旅客
guested		vi. 做特邀嘉宾（guest的过去式与过去分词形式）
guesting		vi. 做特邀嘉宾（guest的现在分词形式）
guests		n. 客人；来宾（guest的复数）
guidance	'gaidns	n. 指导, 领导
guidances		指导, 引导( guidance的名词复数 )；导航
guide	gaid	n. 引导者, 导游, 指南, 路标
guided	'ɡaidid	a. 有指导的；有向导的
guider	'ɡaɪdə(r)	n. 指导者
guides		n. 辅助线；参考线；指南
guilt	gilt	n. 罪行, 内疚
guilties	'gɪltɪ	adj. 犯罪的，有罪的；有过失的；判决(或证明)有罪的
guilting	gɪlt	n. 罪，罪行；罪状；过失；内疚，良心自责
guilts		(guilt 的复数) n. 罪行, 内疚
guilty	'gilti	a. 犯罪的, 有过失的, 自觉有错的, 心虚的
guinness	'ginis	n. 吉尼斯黑啤酒
guinnesses	网络	[原型] guinnesses 是 guinness 的复数
guitar	gi'tɑ:	n. 吉他
guitard		吉塔尔
guitared	gɪ'tɑː	n. 【音乐】；吉他，六弦琴
guitarer	网络	(guitare 的比较级)
guitares		(guitare 的复数) [网络] 吉他演奏；吉他版本
guitarest	gɪ'tɑː	guitar
guitaring	gɪ'tɑː	n. 【音乐】；吉他，六弦琴
guitars		n. 吉他（guitar的复数）
gulf	gʌlf	n. 海湾, 深渊, 漩涡, 隔阂
gulfed	ɡʌlf	n. 海湾；鸿沟
gulfs		abbr. Gulf Islands off Pascagoula, Mississippi 密西西比河帕斯卡古拉沿岸的
gum	gʌm	n. 树胶, 橡皮, 橡皮糖, 牙床, 老天
gummed	gʌmd	涂胶的
gummer	'^ʌmә	除粉器
gumming	'gʌmiŋ	n. 树胶分泌
gums		n. 牙龈, 树胶；牙床（gum复数形式）
gun	gʌn	n. 枪
gunned	^ʌnd	a. 带枪的
gunner	'gʌnә	n. 炮手, 炮长, 机关枪手, 带枪猎人
gunning	'gʌniŋ	n. 打猎, 枪杀
gunpowder	'gʌnpaudә	n. 火药
gunpowders	网络	[原型] gunpowders 是 gunpowder 的复数
guns		n. 炮；枪（gun的复数）
gust	gʌst	n. 突然一阵, 趣味, 爱好
gusted		vi. （风）猛刮（gust的过去式与过去分词形式）
guster		n. 葛斯特乐团
gusting		vi. （风）猛刮（gust的现在分词形式）
gusts	ɡʌsts	n. 一阵强风( gust的复数形式 ); （怒、笑等的）爆发; （感情的）迸发; 发作
gutter	'gʌtә	n. 排水沟, 槽, 贫民区
guttered		vt. 形成沟或槽于…（gutter的过去式与过去分词形式）
gutteries	'ɡʌtəri	adj. 有沟的，有槽的；泥泞的
guttering	医	[原型] guttering 是 gutter 的现在分词
gutters		n. 水沟, 水槽（gutter的复数形式）
gym	dʒim	n. +体育馆, 体育训练, 体育课, 体操
gymed		abbr. gymnastics
gyming		abbr. gymnastics
gymnasium	dʒim'neiziәm	n. 健身房, 体育馆
gymnasiums		n. 健身房, 体育馆（gymnasium的复数形式）
gymnastically		adv. gymnastical的变形
gymnastics	dʒim'næstiks	n. 体操, 体育
gymnasticss	dʒɪm'næstɪks	gymnastics
gyms		n. 健身房；体育馆（gym的复数）
habit	'hæbit	n. 习惯, 嗜好, 习性
habitat	'hæbitæt	n. 栖息地, 居留地, 自生地, 聚集处
habitats	'hæbɪtæts	n. （动物的）栖息地, 住处( habitat的复数形式 )
habited	'hæbitid	a. 穿着衣服的, 穿着法衣的
habiting		vt. 给…穿衣服（habit的现在分词形式）
habits		n. 习性；习惯（habit的复数）
habitual	hә'hitʃuәl	a. 习惯的, 惯常的, 平常的
habituals	hə'bɪtʃʊəl; -tjʊəl	adj. 习惯的；惯常的；习以为常的
had	hæd	have的过去式和过去分词
hadd		注意缺陷多动障碍
hadder	hæd	have的过去式和过去分词
haddest	hæd	have的过去式和过去分词
haded		n. 【地】断层余角
hades	'heidi:z	n. 冥府, 阎王, 地狱
hading	'heidiŋ	倾斜, 偏垂
hads		(had 的复数) have的过去式和过去分词
hadst	hædst, hәdst	v. have的第二人称单数过去式
haies	hei	hay1
haiku	'haiku:	n. haiku (Jap) 俳句
haikus	网络	[原型] haikus 是 haiku 的复数
hail	heil	n. 冰雹, 致敬, 欢呼, 招呼
hailed	heild	v. 下雹子( hail的过去式和过去分词 ); 如冰雹般地降下; 致敬; 打招呼
hailer		n. 欢呼的人, 打招呼的人
hailes		n. (Hailes)人名；(英)黑尔斯
hailest	heɪl	interj. [表示欢呼、祝贺、致敬等]万岁!；好啊；欢迎
hailing	heilɪŋ	v. 下雹子( hail的现在分词 ); 如冰雹般地降下; 致敬; 打招呼
hails	heilz	v. 下雹子( hail的第三人称单数 ); 如冰雹般地降下; 致敬; 打招呼
hair	hєә	n. 头发, 毛发, 些微
haircut	'hєәkʌt	n. 理发, (男子的)发式
haircuts	'h?әkʌts	n. 微裂痕；理发；粘丝（haircut的复数）
haircutter	heə'kʌtə	理发员
haircutting		(haircut 的现在分词) n. 理发, (男子的)发式
haired		a. 有毛发的, 长着...头发的
haires		n. (Haire)人名；(英)海尔
hairies		(hairy 的复数) a. 多毛的, 毛状的, 长毛的
hairs		n. 几根头发；体毛（hair的复数）
half	hɑ:f	n. 一半, 半场, 不完全
halfer	'hæfər	单脚
halfes	网络	(halfe 的复数)
halfest	hɑːf	half
halfway	'hɑ:f'wei	a. 中途的, 不彻底的, 部分的
halfways	hɑːf'weɪ; 'hɑːfweɪ	adv. 到一半；在中途
hall	hɒ:l	n. 门厅, 走廊, 会堂
halled	'hɑ:lə	哈雷(市)(德国莱比锡东北部城市)；哈雷区(德国旧行政区)
haller		n. 哈勒（埃塞俄比亚的一个州）；海纳益（钟表品牌）
halles		n. 市大厅（hall的复数）
hallies		n. 哈雷（彗星名称）
halling	'hæliŋ	n. 哈林舞(一种三拍子的挪威民间舞蹈), 哈林舞曲
halloween	.hælәu'i:n	n. (基督教)万圣节前夕
halloweener	ˌhæləʊ'iːn	n. 【基督教】诸圣日前夜(即10月31日之夜)[亦作Hallowe'en]
halloweens	ˌhæləʊˈiːn	n. 【节】万圣节前夜；起源自凯尔特人的传统节日
halls		n. 霍尔斯（姓氏）；荷氏（公司名）
hallway	'hɔ:lwei	n. 门厅；玄关；走廊
hallways	ˈhɔ:lˌweɪz	n. 走廊, 过道, 门厅( hallway的复数形式 )
halt	hɒ:lt	n. 停止, 立定, 休息
halted	hɔ:ltid	v. （使）停下来( halt的过去式和过去分词 )
halter	'hɒ:ltә	n. 缰绳, 笼头
haltest	hɔːlt	vi. 暂停前进，停住，停止；(计划等)中止；(军队)驻扎:
halting	'hɒ:ltiŋ	a. 跛的, 蹒跚的, 犹豫的
halts	hɔ:lts	v. （使）停下来( halt的第三人称单数 )
halve	hɑ:v	vt. 二等分, 对半分享, 把...减半
halved	hævd	v. 把…分成两半( halve的过去式和过去分词 ); 把…减半; 对分; 平摊
halves	hɑ:vz	pl. 半, 一半, (球赛的)半场, (英)半学年, 学期, (美)(非正式)(足球)中卫
ham	hæm	n. 火腿, 后腿, 笨拙演员
hamburger	'hæmbә:gә	n. 汉堡(德国港口), 肉饼, 汉堡包, 纯精牛肉, 汉堡牛排
hamburgers	'hæmbɜ:ɡəz	n. 汉堡包( hamburger的复数形式 )
hamed		(hame 的过去时) n.颈轭(驾车时附加在马颈上)
hamer		n. 哈默尔（人名）
hames	heimz	[pl. ]马颈轭, 项圈
hammed		vi. 表情夸张, 表演过火（ham的过去式与过去分词形式）
hammer	'hæmә	n. 锤, 铁锤, 钉锤
hammered	'hæmәd	a. 锤成的；铸打成的
hammerer	'hæmərər	锻工
hammering	'hæmәriŋ	n. 锤打；锤击；抨击
hammers	ˈhæməz	n. 锤( hammer的名词复数 ); 链球; （拍卖时用的）木槌; 音槌
hamming	'hæmiŋ	v. 过火地表演；拙劣做作地表演（ham的ing形式）
hamper	'hæpә	n. 食篮, 阻碍物, 食盒
hampered	ˈhæmpəd	v. 妨碍, 束缚, 限制( hamper的过去式和过去分词 )
hamperer		n. hamper的变形
hampering	ˈhæmpərɪŋ	v. 妨碍, 束缚, 限制( hamper的现在分词 )
hampers	ˈhæmpəz	v. 妨碍, 束缚, 限制( hamper的第三人称单数 )
hamr		哈姆尔
hams		n. 火腿；腿臀肉；[口]爱好者；拙劣的演员（ham的复数）
hamst		冬凌草制剂,冰凌草制剂
hand	hænd	n. 手, 爪, 指针, 掌握, 协助, 人手, 手艺, 手迹, 支配, 插手
handbag	'hændbæg	n. 手提包
handbagged		(handbag 的过去分词) n. 手提包
handbagging	'hæn(d).bæɡ	na. 手提包；旅行包
handbags	ˈhændbæɡz	n. （女用）手提包, 手提袋( handbag的复数形式 )
handbook	'hænd,buk	n. 手册
handbooking	'hænd,bukiŋ	[美](赛马)打赌
handbooks	ˈhændbuks	n. 手册, 便览( handbook的复数形式 )
handed	'hændid	a. 有手的, 用手的
hander		n. [机械]支持器；夹头
handes		(hande 的复数) abbr. hydrofoil analysis and design 水翼艇分析和设计
handest		n. 捶持小型装置
handful	'hændful	n. 少数, 一把, 棘手事
handfuls	ˈhændfulz	n. 一把（的量）( handful的复数形式 ); 用手抓起的数量; 少数人（或事物）; 难以控制的人（或动物）
handicap	'hændikæp	n. 障碍, 困难, 不利条件
handicapped	'hændikæpt	a. 残疾的
handicapper	'hændi,kæpә(r)	n. 主管 handicap 的裁判人员
handicapping	ˈhændikæpɪŋ	[体]机会均等化比赛法
handicaps	ˈhændikæps	v. 妨碍, 使不利( handicap的第三人称单数 ); 使（某人）行动和生活不正常
handies		(handy 的复数) a. 便利的, 敏捷的, 容易取得的
handing	法	[原型] handing 是 hand 的现在分词
handkerchief	'hæŋkәtʃif	n. 手帕, 头巾, 围巾
handkerchiefs		n. 手帕（handkerchief的复数形式）
handle	hændl	n. 柄, 把手, 把柄, 柄状物, 手感
handled		a. 有把手的；有把柄的
handler	'hændlә	n. 处理者, 操作者, 拳击教练
handles		n. 把；柄；控键（handle的复数形式）
handlest	'hænd(ə)l	n. 柄，把，(桶等的)提手；柄状物；可抓握的东西
handout	'hændaut	n. 施舍物, 救济品, 分发的印刷品资料, 广告物品
handouts	'hændˌɑʊts	n. 救济品( handout的复数形式 ); 施舍物; 印刷品; 讲义
hands		n. 拥有, 所有
handsome	'hænsәm	a. 英俊的, 大方的, 慷慨的, 相当可观的, 美观的, 灵敏的
handsomed	'hæns(ə)m	adj. (体形、体态)漂亮的，好看的，眉清目秀的；(男子)英俊的，美丽的；(女子)端庄健美的
handsomer	'hæns(ə)m	a. (体形、体态)漂亮的, 好看的, 眉清目秀的；(男子)英俊的, 美丽的；(女子)端庄健美的
handsomest	'hæns(ə)m	a. (体形、体态)漂亮的, 好看的, 眉清目秀的；(男子)英俊的, 美丽的；(女子)端庄健美的
handwriting	'hændraitiŋ	n. 笔迹
handwritings		(handwriting 的复数) n. 笔迹
handy	'hændi	a. 便利的, 敏捷的, 容易取得的
hang	hæŋ	n. 悬挂, 诀窍, 意义
hanged		hang的过去式和过去分词
hanger	'hæŋә	n. 挂钩, 吊架, 衣架, 挂衣钩
hanging	'hæŋiŋ	n. 绞死, 绞杀, 悬挂
hangs	hæŋz	v. 悬( hang的过去分词 ); （被）绞死; 贴; 逗留
hannibal	'hænibәl	n. 汉尼巴尔（男子名）；汉尼拔（公元前247～前183, 迦太基名将、统帅）
hannibals	'hænibəl	汉尼巴尔(男子名)
happen	'hæpәn	vi. 发生, 发生, 恰巧
happened		v. 发生（happen的过去式, 过去分词）
happenest	'hæp(ə)n	vi. 引起，发生:；降临(到某人身上)(常与to连用):
happening	'hæpәniŋ	n. 事件, 意外发生的事
happens	ˈhæpənz	v. 发生( happen的第三人称单数 ); 碰巧; 产生结果; （向对方表示异议或不悦等）
happiness	'hæpinis	n. 快乐, 幸运, 适当
happinesses		(happiness 的复数) n. 快乐, 幸运, 适当
happy	'hæpi	a. 快乐的, 幸福的, 愉快的, 恰当的
harbour	'hɑ:bә	n. 港, 避难所
harboured	ˈhɑ:bəd	v. 庇护( harbour的过去式和过去分词 ); 怀着; 包含; 藏有
harbourer		n. 窝藏(罪犯)
harbourest	ˈhɑ:bə(r)	n. 海港；港口，港湾；避难所，躲身处，避风港
harbouring	法	[原型] harbouring 是 harbour 的现在分词
harbours	ˈhɑ:bəz	n. 海港, 港口( harbour的名词复数 )
hard	hɑ:d	a. 坚硬的, 硬的, 难的, 艰苦的, 困难的, 坚固的, 猛烈的, 艰难的, 结实的, 确实的
harden	hɑ:dn	vt. 使变硬, 使坚强, 使冷酷
hardened	'hɑ:dәnd	a. 变硬的；坚定的
hardener	'hɑ:dәnә	n. 硬化剂
hardenest	'hɑːd(ə)n	vt. 使坚硬，使硬化；使牢固:；【冶金学】使硬化，把…淬化
hardening	'hɑ:dәniŋ	n. 硬化, 淬火
hardens	ˈhɑ:dnz	v. （使）变硬( harden的第三人称单数 ); （使）坚固; （使）硬化; （使）变得坚强
harder		a. 更难的；更努力的；更坚固的（hard的比较级）
hardes	人名	[原型] hardes 是 harde 的复数
hardest		a. 极难
hardies	网络	[原型] hardies 是 hardie 的复数
harding	'hɑ:diŋ	n. 哈丁（姓氏）；哈丁（美国前总统）
hardly	'hɑ:dli	adv. 刚刚, 几乎不, 勉强是
hards	hɑ:dz	n. 亚麻屑；硬质煤；毛屑
hardship	'hɑ:dʃip	n. 艰难, 辛苦, 苦难
hardshipped	'hɑːdʃɪp	n. 艰难，困苦，贫穷；虐待，压制
hardshipping	'hɑːdʃɪp	n. 艰难，困苦，贫穷；虐待，压制
hardships	'hɑ:dʃɪps	n. 艰难( hardship的复数形式 ); 困苦; 艰难情况; 艰辛
hardware	'hɑ:dwєә	n. 硬件, 五金器具, 零件
hardwares		五金器具( hardware的名词复数 )；硬件
hard-working		(hard-work 的现在分词) 努力工作；[劳经] 繁重的工作
hardy	'hɑ:di	a. 难的, 艰苦的, 坚硬的, 勇敢的
hare	hєә	n. 野兔
hared		vt.& vi. 飞跑, 疾走（hare的过去式与过去分词形式）
harees	网络	[原型] harees 是 haree 的复数
hareing		(hare 的现在分词) n. 野兔
harer	heə	n. 野兔；[总称]兔
hares	heəz	n. 野兔( hare的名词复数 )
hari		n. 哈里（男子名）
haries	网络	(hary 的复数)
haris		abbr. High Altitude Radiation Instrument System 高空辐射仪表系统; hi
harm	hɑ:m	n. 伤害, 害处
harmed	hɑ:md	v. （使）受到损害, 伤害( harm的过去式和过去分词 )
harmer		哈默（人名）
harmful	'hɑ:mful	a. 有害的, 伤害的
harmfuller	'hɑːmfʊl; -f(ə)l	adj. 有害的，致伤的(常与to连用)
harming	hɑ:mɪŋ	v. （使）受到损害, 伤害( harm的现在分词 )
harmonies	ˈhɑ:məniz	n. 和睦( harmony的名词复数 ); 融洽; 和谐; 和声
harmonious	hɑ:'mәuniәs	a. 和睦的, 调和的, 和谐的, 协调的
harmony	'hɑ:mәni	n. 协调, 和睦, 调和
harms		n. 危害（harm复数）
harness	'hɑ:nis	n. 马具, 挽具状带子, 甲胄
harnessed	ˈhɑ:nist	v. 给（马等）装上挽具( harness的过去式和过去分词 ); 治理, 利用
harnesser		n. harness的变形
harnesses	ˈhɑ:nisiz	n. 马具( harness的名词复数 ); 挽具; （防止坠落或摔倒的）背带; 保护带
harnessing	ˈhɑ:nisɪŋ	v. 给（马等）装上挽具( harness的现在分词 ); 治理, 利用
harp	hɑ:p	n. 竖琴
harped		vi. 弹竖琴（harp的过去式与过去分词形式）
harper	'hɑ:pә	n. 哈珀（英语姓氏）
harpes		抱握器
harpies	ˈhɑ:piz	n. <希神><罗神>哈耳皮埃（身是女人, 而翅膀、尾巴及爪似鸟的怪物）( harpy的名词复数 )
harping		n. 反复述说, 唠唠叨叨地反复讲
harpoon	hɑ:'pu:n	n. 鱼叉
harpooned	hɑ:ˈpu:nd	v. 鱼镖, 鱼叉( harpoon的过去式和过去分词 )
harpooner		n. 鱼叉手
harpooning	hɑ:ˈpu:nɪŋ	v. 鱼镖, 鱼叉( harpoon的现在分词 )
harpoons	hɑ:ˈpu:nz	n. 鱼镖, 鱼叉( harpoon的名词复数 )
harps	hɑ:ps	abbr. harpsichord 拨弦古钢琴
harsh	hɑ:ʃ	a. 粗糙的, 刺耳的, 严厉的
harshed	hɑːʃ	adj. 粗糙的，毛糙；手感粗糙的；刺耳的，难听的，不和谐的
harsher		刺耳的
harshes	hɑːʃ	adj. 粗糙的，毛糙；手感粗糙的；刺耳的，难听的，不和谐的
harshest		刺耳的（ harsh的最高级 ）
harshing	ˈhɑ:ʃiŋ	n. 犬兔追逐游戏
harvest	'hɑ:vist	n. 收获, 成果, 收获物, 收获期
harvested	ˈhɑ:vistid	v. 收割, 收成( harvest的过去式和过去分词 ); 收到; 收割（庄稼）, 捕猎（动物、鱼）
harvester	'hɑ:vistә	n. 收获者, 收割机
harvesting	'hɑ:vistiŋ	v. 收割；收获（harvest的ing形式）
harvests	ˈhɑ:vists	n. 收割( harvest的名词复数 ); 收获季节; 收成; 结果
has	hæz	have的第三人称单数现在式
hases		n. 哈泽（姓氏）
hass	hæs	哈斯铝合金
haste	heist	n. 匆忙, 急忙
hasted	heistid	v. 急忙, 匆忙( haste的过去式和过去分词 )
hasten	'heisn	vt. 催促, 加紧
hastened	ˈheɪsənd	v. 加速, 催促, 赶快( hasten的过去式和过去分词 ); 快速赶往某地
hastener		n. hasten的变形
hastenest	'heɪs(ə)n	vt. 催促；使赶快，使赶紧:；加速，加紧:
hastening	ˈheɪsənɪŋ	v. 加速, 催促, 赶快( hasten的现在分词 ); 快速赶往某地
hastens	ˈheɪsənz	v. 加速, 催促, 赶快( hasten的第三人称单数 ); 快速赶往某地
haster		n. 哈士德风暴
hastes		急忙, 匆忙( haste的第三人称单数 )
hasties		黑斯蒂（英格兰人姓氏）
hastily	'heistili	adv. 匆忙地, 急速地, 急躁地
hasty	'heisti	a. 匆匆的, 轻率的, 性怠的
hat	hæt	n. 帽子
hatch	hætʃ	n. 孵化, 舱口
hatched	'hætʃid	a. [计]阴影线的
hatcher	'hætʃә	n. 孵卵器, 出谋策划的人
hatches		n. 出生、订婚、结婚和死亡栏
hatchest	hætʃ	vt. 孵，孵化:；孵出:
hatching	'hætʃiŋ	n. 阴影, 影线
hate	heit	n. 憎恨, 恨, 厌恶
hated	heitid	v. 憎恨( hate的过去式和过去分词 ); 讨厌; 不愿; 为…感到抱歉
hateful	'heitful	a. 憎恨的, 可恨的, 可恶的
hatefuller	'heɪtfʊl; -f(ə)l	adj. 可憎的，讨厌的；可恨的；激起仇恨的
hater	'heitә(r)	n. 怀恨者
hates	heits	v. 憎恨( hate的第三人称单数 ); 讨厌; 不愿; 为…感到抱歉
hatest	ˈhatest	un. 血细胞凝集反应；血凝
hating	heitɪŋ	v. 憎恨( hate的现在分词 ); 讨厌; 不愿; 为…感到抱歉
hatred	'heitrid	n. 憎恨, 仇恨, 憎恶
hatreds	ˈheitridz	n. 仇恨, 憎恶( hatred的复数形式 ); 厌恶的事
hats		abbr. 转换终端应用程序（Host Access Transformation Services）
hatted	'hætid	a. 戴着帽子的
hatter	'hætә	n. 帽子制造者, 帽商
hatting	'hætiŋ	n. 制帽
haughty	'hɒ:ti	a. 傲慢的, 骄傲的, 崇高的
haul	hɒ:l	n. 用力拖拉, 拖运, 强拉, 捕获量, 拖运距离
hauled	hɔ:ld	v. 拖, 拉（ haul的过去式和过去分词 ）
hauler	'hɔ:lә	[化] 绞盘
hauling		n. 搬运；牵引；拖运
hauls		n. 运输量；拖的东西；捕获数（haul的复数）
haunt	hɒ:nt	n. 常到的地方, 生息地
haunted	'hɔ:ntid	a. 常出现鬼的, 闹鬼的
haunter	hɔ:nt	n. haunt（常去, 常到；经常逗留）的变形
haunting	'hɒ:ntiŋ	a. 常浮现于脑海中的, 不易忘怀的
haunts	hɔ:nts	v. （鬼魂）出没( haunt的第三人称单数 ); 经常出没于; （不快的事情）萦绕于脑际; 长期不断地缠扰（某人）
have	hæv	vt. 有, 怀有, 拿, 进行
haveing	hæv	vt. had ／hæd,弱 həd,əd,d／, having,第三人称单数现在式 has ／hæz,弱 həz,əz
haver	'heivә	vi. 瞎唠叨
haves	hævz	n. 富人；富国
havest	hæv	vt. had ／hæd,弱 həd,əd,d／, having,第三人称单数现在式 has ／hæz,弱 həz,əz
hawk	hɒ:k	n. 鹰, 掠夺者, 鹰派成员
hawked		vt. 通过叫卖主动兜售（hawk的过去式与过去分词形式）
hawker	'hɒ:kә	n. 饲鹰者, 以鹰行猎者, 叫卖小贩
hawkes		n. (Hawkes)人名；(英)霍克斯
hawking	'hɔ:kiŋ	n. 利用鹰行猎
hawks		n. 霍克斯（人名）；亚特兰大老鹰队（NBA球队名）
hay	hei	n. 干草
hayed		vt. 把（草）制成干草（hay的过去式与过去分词形式）
hayer		燕麦
hayes	heiz	n. 海耶斯（男子名）
hayess		n. 海耶斯（男子名）
haying		n. 割干草；堆干草
hays	heiz	海斯（姓氏）
hazard	'hæzәd	n. 冒险, 危险, 机会
hazarded	ˈhæzədid	v. 冒险做（无把握之事）( hazard的过去式和过去分词 ); 冒险做出; 尝试着做[提出]; 冒…的风险
hazarder		n. hazard的变形
hazardest	'hæzəd	n. ☉危险；冒险；危害物
hazarding	ˈhæzədɪŋ	v. 冒险做（无把握之事）( hazard的现在分词 ); 冒险做出; 尝试着做[提出]; 冒…的风险
hazards	ˈhæzədz	n. 危险( hazard的名词复数 ); 冒险的事; 危害物; 危险的根源
he	hi:	pron. 他
head	hed	n. 头, 头脑, 领袖, 脑袋, 最前的部分
headache	'hedeik	n. 头痛, 令人头痛之事
headaches	ˈhedeikiz	n. 头痛( headache的复数形式 ); 令人头痛的事
headed	'hedid	a. 列有标题的, 具有某种类型的头(脑)或头发的
header	'hedә	n. 收割台
heades	网络	[原型] heades 是 heade 的复数
headest		n. 头, 头脑, 领袖, 脑袋, 最前的部分
headies	'hedɪ	adj. 顽固的，任性的，执拗的；性子急的，鲁莽的，轻率的
heading	'hediŋ	n. 标题, 起始字, 方向
headings		n. 标题；上端；平巷；[计]页眉（heading的复数）
headline	'hedlain	n. 大标题, 新闻摘要
headlined		vt. 给…加标题（headline的过去式与过去分词形式）
headliner	'hed,lainә(r)	n. (报纸)写标题的记者
headlines	ˈhedlainz	n. 大字标题( headline的名词复数 ); 新闻提要
headlong	'hedlɒŋ	a. 头向前的, 仓猝而用力的, 轻率的
headlonged	'hedlɒŋ	adv. 头朝前地；倒栽葱地，倒立地
headlonging	'hedlɒŋ	adv. 头朝前地；倒栽葱地，倒立地
headmaster	'hed'mɑ:stә	n. (中小学)校长, 监工
headmasters	'hedm'ɑ:stərz	n. 私立学校的男校长( headmaster的复数形式 )
headquarters	hed'kwɒ:tәz	n. 总部, 司令部, 总部人员
heads	hedz	a. 正面朝上的
heal	hi:l	vi. 痊愈
heald	hi:ld	n. 综；综框；综线
healed	hi:ld	v. （使）愈合( heal的过去式和过去分词 ); 治愈; （使）结束; 较容易忍受
healer	'hi:lә	n. 医治者, 治疗物
healest	hiːl	vt. 医治(伤、病等)；使治愈，使痊愈；使愈合；使康复:；修复，修理；使修整好:
healing	'hi:liŋ	a. 治愈的, 恢复健康的
heals		霍尼韦尔错误分析与记录系统（Honeywell Error Analysis and Logging System）
health	'helθ	n. 健康, 卫生, 蓬勃, 健康状态
healthies	'helθɪ	adj. 健康的，健壮的；健全的；自然的，当然的
healths		健康（状况）( health的名词复数 )；医疗；保健
healthy	'helθi	a. 健康的, 有益健康的, 卫生的
heap	hi:p	n. 堆, 许多, 累积
heaped	hi:pt	a. 盛满的, 满满的
heaper		n. 堆；许多；累积 (heap的变形)
heapes		(heape 的复数)  [人名] [英格兰人姓氏] 希普 Heap的变体
heapest	hiːp	n. (一)堆，堆积；[口语]
heaping	'hi:piŋ	[计] 堆阵操作
heaps	hi:ps	adv. 非常, 极其
hear	hiә	vt. 听到, 倾听, 听说, 审理
heard	hә:d	hear的过去式和过去分词
hearer	'hiәrә	n. 听者, 听众
hearing	'hiәriŋ	n. 听, 听觉, 听讯
hearings	ˈhiəriŋz	n. 听力( hearing的复数形式 ); 听觉; 听力所及的距离; 听证会
hears		n. 剪切刀；殡仪车
hearst	hә:st	n. 赫斯特（姓氏）
heart	hɑ:t	n. 心, 心脏, 中心, 内心, 感情, 精神, 心情, 宝贝儿
hearted	'hɑ:tid	a. 有...心(肠)的
hearth	hɑ:θ	n. 炉床, 灶台, 炉边
hearths	hɑ:θs	n. 壁炉前的地板, 炉床, 壁炉边( hearth的复数形式 )
hearties	ˈhɑ:ti:z	n. 亲切的( hearty的名词复数 ); 热诚的; 健壮的; 精神饱满的
heartily	'hɑ:tili	adv. 衷心地, 真实地, 热心地
hearting	'hɑ:tiŋ	n. 石墙的衬心
hearts		n. 心；中心；内心；同情心；心形物（heart的复数）
hearty	'hɑ:ti	a. 诚恳的, 健壮的, 热烈的, 丰盛的
heat	hi:t	n. 热, 热度, 体温, 高潮
heated	'hi:tid	a. 热的, 激昂的, 兴奋的
heater	'hi:tә	n. 加热器, 灯丝, 加热工
heaters	ˈhi:təz	n. 加热器, 炉子( heater的复数形式 )
heatest	hiːt	n. 热，高温；热力，热量
heating	'hi:tiŋ	n. 加热, 供热, 暖气设备, 供暖系统, 暖气装置
heatings	ˈhi:tɪŋz	n. 暖气装置[设备]( heating的名词复数 )
heats	hi:ts	n. 高温( heat的名词复数 ); 压力; （身体的）热度; 激动
heave	hi:v	n. 举, 抛, 起伏, 鼓起
heaved	hi:vd	v. 举( heave的过去式和过去分词 ); 拉; 扔; 抛
heaven	'hevn	n. 天堂, 上帝, 天空
heavened	'hev(ə)n	n. [有时亦作H-]天国, 天堂；乐园, 乐土, 极乐世界；极乐的状态
heavening	'hev(ə)n	n. [有时亦作H-]天国, 天堂；乐园, 乐土, 极乐世界；极乐的状态
heavens		n. 诸天；天空（heaven的复数形式）
heaver	'hi:vә	n. 举物者, 挑夫, 举物装置
heaves	'hi:vz	n. <美>马慢性肺气肿
heavest	hiːv	vt. 举起(重物)，扯起，拉起：；(用力)举起抛出；投掷：
heavier		a. 巨大的；沉重的
heavies	ˈheviz	n. 保镖( heavy的复数形式 ); 打手; 烈性啤酒; （尤指）苦啤酒
heavily	'hevili	adv. 很重地, 严重地, 难以忍受地
heavy	'hevi	a. 重的, 巨大的, 沉重的, 笨重的, 过度的
heavying	'hevɪ	adj. 重的，重量的；比重大的，分子结构紧密的
hectare	'hektɑ:	n. 公顷
hectares	ˈhektɛəz	n. 公顷（等于2。471英亩）( hectare的复数形式 )
hed		abbr. 高能检波器（high-energy detector）；皮肤单位剂量
hedge	hedʒ	n. 树篱, 障碍, 套头交易
hedged	hedʒ	vt. 用树篱笆围住；避免作正面答复
hedger	'hedʒә(r)	n. 种植(修整)树篱者, 推卸回避的人,骑墙派,作套期保值的人,两方下注者
hedges	hedʒz	n. 树篱( hedge的名词复数 ); 保护手段; 防止损失（尤指金钱）的手段
heed	hi:d	n. 注意, 留心
heel	hi:l	n. 脚后跟, 踵, 后部, 倾侧
heeled	hi:ld	a. 有后跟的, 带着钱的, 带手枪的
heeler	'hi:lә	n. 制做鞋跟的工人, 手下, 一帮捧场的人
heeling	'hi:liŋ	n. 倾斜
heels	化	[医] 跖沟状角皮病
heer	hi:ə	n. 陆军, 德国国防军陆军
hees		(hee 的复数) abbr. 家庭娱乐引擎（Home Entertainment Engine）；高情绪表达（High
height	hait	n. 高度, 海拔, 高地, 顶点
heighten	'haitn	vt. 增高, 提高, 加强
heightened	ˈhaitənd	v. （使）变高, （使）增大( heighten的过去式和过去分词 ); （使）提高; （使）加强[重]
heightener		n. heighten的变形
heightenest	'haɪt(ə)n	vt. 增高，加高，提高：；增加，增大；加强：
heightening		v. 升高（heighten的ing形式）
heightens	ˈhaitənz	v. （使）变高, （使）增大( heighten的第三人称单数 ); （使）提高; （使）加强[重]
heighting		测高差
heights		n. 高度；高地；高处（height的复数）
heir	єә	n. 继承人, 嗣子, 后嗣
heired	eə	n. [法] 继承人；后嗣；嗣子
heires	网络	[原型] heires 是 heire 的复数
heirs		n. 继承人；继承者（heir的复数形式）
helicopter	'helikɒptә	n. 直升机
helicoptered		(helicopter 的过去分词) n. 直升机
helicoptering		(helicopter 的现在分词) n. 直升机
helicopters	'helɪkɒptəz	n. 直升机( helicopter的复数形式 )
hell	hel	n. 地狱, 邪恶势力, 苦境, 阴间, 毁坏, 训斥
helled		过放荡生活（hell的过去式与过去分词形式）
heller	'helә	n. 捷克货币；昔德国之小铜币
helling		过放荡生活（hell的现在分词形式）
hello	hә'lәu	interj. 喂, 嘿
helloed		int. 喂
helloes		int. 喂
helloing		int. 喂
hellos	heˈləuz	n. 喂( hello的复数形式 )
hells		n. 地狱（hell的复数）
helmet	'helmit	n. 钢盔, 盔, 防护帽
helmeted	ˈhelmɪtɪd	头盔状的; 戴头盔
helmets	ˈhelmits	n. 头盔( helmet的复数形式 )
help	help	n. 帮忙, 帮助者, 补救办法, 有益的东西
helped		v. 帮助（help的过去分词）
helper	'helpә	n. 帮忙者, 有益的东西
helpes		(helpe 的复数) [网络] 投诉咨询；代练大厅；帮助者
helpest	help	n. 【机器人】求助程序，HELP语言
helpful	'helpful	a. 有帮助的, 有益的, 有用的
helpfuller	'helpfʊl; -f(ə)l	adj. 给予帮助的；肯帮忙的；辅助的，有帮手的
helping	'helpiŋ	n. 帮助, 协助, 一份
helpless	'helplis	a. 无助的, 无能为力的, 无依无靠的
helps		abbr. 高端激光打印解决方案（High-End Laser Printing Solutions）
hemisphere	'hemisfiә	n. 半球, 地球的半面, 大脑半球
hemispheres	ˈhemiˌsfiəz	n. 半球( hemisphere的复数形式 ); 地球的半球
hen	hen	n. 母鸡, 雌禽
hence	hens	adv. 因此, 从此
henced	hens	adv. 因此，所以；由此；从现在起，从此；从这时起
henceforth	hens'fɒ:θ	adv. 自此以后, 今后
henning		n. 亨宁（男子名）
hens	henz	n. 母鸡( hen的名词复数 ); 雌禽
her	hә:	pron. 她的, 她
herald	'herәld	n. 使者, 传令官, 先驱
heralded	ˈherəldid	v. 预示( herald的过去式和过去分词 ); 宣布（好或重要）
heralder	'her(ə)ld	n. (旧时)皇家信使；传令官，(比武大会等的)宣令调度官；掌礼官；使节；报信者；使者
heraldest	'her(ə)ld	n. (旧时)皇家信使；传令官，(比武大会等的)宣令调度官；掌礼官；使节；报信者；使者
heralding	ˈherəldɪŋ	v. 预示( herald的现在分词 ); 宣布（好或重要）
heralds	ˈherəldz	n. 使者( herald的名词复数 ); 预报者; 预兆; 传令官
herb	hә:b	n. 药草, 香草
herbed	hɜːbd	a. 用香料草调味的
herber		n. (Herber)人名；(法)埃尔贝；(德、瑞典)赫贝尔
herbes		(herbe 的第三人称 -s形式) n. (Herbe)人名；(法)埃尔布
herbies	'hɜːbɪ	herby
herbs		n. 药草；草本植物（herb的复数）
herd	hә:d	n. 兽群, 人群, 牧人
herded	hə:did	v. 群集, 纠结( herd的过去式和过去分词 ); 放牧; （使）向…移动
herder	'h\\:dә(r)	n. 牧人, (美)(非正式)监狱看守
herding		n. 集中畜群；畜牧
herds	hə:dz	n. 兽群( herd的名词复数 ); 牧群; 人群; 群众
here	hiә	adv. 在这里, 此时, 这里
herer	'hiərə	n. ＝Hera
heres	'hiәri:z	n. 继承者
herest	'hiərə	n. ＝Hera
hering		n. 郝林
heritage	'heritidʒ	n. 遗产, 祖先遗留物, 继承物
heritages		(heritage 的复数) n. 遗产, 祖先遗留物, 继承物
hero	'hiәrәu	n. 英雄, 超越常人者, 男主角
herod	'herәd	n. 希律王
heroes		n. 英雄（hero的复数形式）
heroic	hi'rәuik	a. 英勇的, 英雄式的, 壮丽雄伟的
heroics		n. 英雄壮语
heroine	'herәuin	n. 巾帼英雄, 烈妇, 女主角
heroines	'herəʊɪnz	n. 女英雄, 女主角( heroine的复数形式 )
heros		n. 超能英雄（美剧名）
herr	heә	n. （德）先生；德国绅士
herred	hεə	n. [德语]；先生；阁下(=Mr.或 Sir)
herring	'heriŋ	n. 青鱼, 鲱
hers	hә:z	pron. 她的
hersed	hɜːz	pron. [she 的物主代词绝对形式]；[用作谓语性形容词]她的(所有物)
herself	hә:'self	pron. 她自己, 她亲自
herses	hɜːz	pron. [she 的物主代词绝对形式]；[用作谓语性形容词]她的(所有物)
herst		abbr. herstellung (German=manufacture) （德语）制造，生产，建立; 沙洲
hes		abbr. 厚漆单层丝色的（Heavy-Enamel Single-Silk）；家用电子装置的数字键盘（Numeric 
hesitate	'heziteit	vi. 犹豫, 迟疑, 踌躇, 支吾, 停顿
hesitated	'hezɪteɪtɪd	v. 犹豫( hesitate的过去式和过去分词 ); 吞吞吐吐; 顾虑; 停顿
hesitater		n. hesitate的变形
hesitates	ˈheziteits	v. 犹豫( hesitate的第三人称单数 ); 吞吞吐吐; 顾虑; 停顿
hest	hest	n. <古>命令, 训谕
hey	hei	interj. 嗨
heyes		(heye 的复数)  [人名] [苏格兰人、英格兰人姓氏] 海伊 Hay的变体
heyies	网络	(heyy 的复数)
heys		(hey 的复数) interj. 嗨
hi	hai	interj. 喂
hid	hid	hide的过去式和过去分词
hide	haid	n. 兽皮, 迹象, 躲藏处
hided		vt. 隐藏；隐瞒；鞭打 (hide的变形)
hides		n. 躲藏处；兽皮（hide的复数）
hidest	haid	vt.
hied	haɪd	v. 快走( hie的过去式和过去分词 )
hier		adv. （德）在这里
hies		vt.& vi. 快走（hie的第三人称单数形式）
hiest		adj. hicky的变形；hitchy的变形
higgins		n. 希金斯（姓氏）
high	hai	n. 高度, 高处
highed	haɪ	adj.
higher	'haiә	[经] 上扬
highest	'haiist	[计] 最高
highly	'haili	adv. 非常, 非常赞许地
highs	haɪ	a. 高的；高级的；崇高的；高音调的
highway	'haiwei	n. 公路, 大道, 捷径
highwayed	'haɪweɪ	n.
highways		n. 公路；高速公路（highway的复数）
hike	haik	n. 徒步旅行, 远足, 涨价, 提高
hiked	haikt	v. 徒步旅行( hike的过去式和过去分词 ); <口>提高（价格等）
hiker	'haikә	n. 徒步旅行者
hikes	haiks	v. 徒步旅行( hike的第三人称单数 ); <口>提高（价格等）
hiking	'haikiŋ	n. 徒步旅行
hikings	'haɪkɪŋ	n. 徒步旅行
hill	hil	n. 小山, 丘陵, 小土堆
hilled	hɪl	n. 小山；丘陵；斜坡；山冈
hiller	'hilə	n. [农机] 培土器
hilling		n. 培土
hills		n. 丘陵（hill的复数形式）
hillside	'hilsaid	n. 山坡, 山腹
hillsides	ˈhɪlˌsaɪdz	n. （小山的）山坡( hillside的复数形式 )
him	him	pron. 他
himes	人名	[原型] himes 是 hime 的复数
hims		(him 的第三人称 -s形式) pron. 他
himself	him'self	pron. 他自己, 他亲自
hindrance	'hindrәns	n. 妨害, 障碍, 阻碍物
hindrances	ˈhɪndrənsiz	n. 阻碍者( hindrance的复数形式 ); 障碍物; 受到妨碍的状态
hinge	hindʒ	n. 铰链, 关键, 枢纽
hinged		a. 有铰链的
hingeing		(hinge 的现在分词) n. 铰链, 关键, 枢纽
hinger		铰链安装者
hinges	'hɪndʒɪz	n. 铰链( hinge的名词复数 )
hint	hint	n. 暗示, 提示
hinted		vt. 暗示（hint的过去式与过去分词形式）
hinter		n. 暗示；线索 (hint的变形)
hinting		vt. 暗示（hint的现在分词形式）
hints		n. 暗示, 提示（hint的复数形式）
hip	hip	n. 臀部, 蔷薇果, 忧郁
hiped		vt. 抱起对方的大腿将之摔倒
hipes		vt. 抱起对方的大腿将之摔倒
hipped	hipt	a. 沮丧的, 生气的, 抑郁的, 着迷的
hipper		(hip 的比较级) n. 臀部, 蔷薇果, 忧郁
hippest		(hip 的最高级) n. 臀部, 蔷薇果, 忧郁
hipping	'hipiŋ	[计] 模式化, 取定义
hippomenes	hi'pɔmәni:z	n. [希神]希波墨涅斯(在同美女Atalanta赛跑中获胜,因而得以娶她为妻)
hips	化	[原型] HIPS 是 hip 的复数
hir		abbr. hydrostatic impact rocket 水压冲击火箭
hire	haiә	n. 租金, 租用, 雇用
hired		v. 租用；雇用（hire的过去式及过去分词形式）
hirer	'haiәrә	n. 租借者, 雇主
hires	ˈhaiəz	n. 租用( hire的名词复数 ); 雇用; 租金; 工钱
his	hiz	pron. 他的
hisies	网络	(hisy 的复数)
hispanic	his'pænik	a. 西班牙的
hispanics	hisˈpæniks	n. 西班牙和葡萄牙的( Hispanic的复数形式 ); 西班牙及其他说西班牙语国家的
hiss	his	n. 嘘声, 嘶嘶声
hissed	hist	v. 发嘶嘶声( hiss的过去式和过去分词 ); 发嘘声表示反对
hisses	hisiz	n. 嘶嘶声( hiss的名词复数 )
hissies	网络	[原型] hissies 是 hissy 的复数
hissing	'hisiŋ	[电] 嘶嘶声
hist	hist	interj. 嘘
historian	hi'stɒ:riәn	n. 历史学家, 记事者
historians	hɪs'tɔ:rɪənz	n. 历史学家, 史学工作者( historian的复数形式 )
historic	hi'stɒrik	a. 历史上著名的, 有历史性的
historical	hi'stɒrikәl	a. 历史的, 史实的, 历史上的
histories		n. 历史, 历史故事；历史纪录（history的复数形式）
history	'histәri	n. 历史, 过去, 经历, 发展过程, 历史学, 过去的事, 历史记录
historying	'hɪst(ə)rɪ	n.
hit	hit	n. 打击, 打, 冲撞, 讽刺
hites	医	[原型] hites 是 hite 的复数
hitherto	.hiðә'tu:	adv. 迄今, 至今
hits		n. 击打；网页点击数；采样数（hit的复数）
hitted		Hitt.
hitter	'hitә	n. 打手, 打击的人
hitting		n. 压缩；拉伸；击中
hiv		abbr. 艾滋病病毒（human immunodeficiency virus）
hived	haɪvd	v. 使（蜂）入蜂箱( hive的过去式和过去分词 ); （蜂）进入蜂箱; 把一部份分离出来, 卖掉公司的一部分
hiver		n. 养蜂人
hives	haivz	n. 荨麻疹
hiving	haɪvɪŋ	v. 使（蜂）入蜂箱( hive的现在分词 ); （蜂）进入蜂箱; 把一部份分离出来, 卖掉公司的一部分
hivs	网络	[原型] hivs 是 hiv 的复数
hoarse	hɒ:s	a. 沙哑的, 嘶哑的
hoarser	hɔ:sə	a. （指声音）粗哑的, 嘶哑的( hoarse的比较级 )
hoarsest		a. （指声音）粗哑的, 嘶哑的( hoarse的最高级 )
hoax	hәuks	vt. 欺骗, 哄骗, 愚弄
hoaxed	həʊkst	v. 开玩笑骗某人, 戏弄某人( hoax的过去式和过去分词 )
hoaxer		n. 欺骗者
hoaxes	həʊksiz	n. 恶作剧, 戏弄( hoax的名词复数 )
hoaxing	həʊksɪŋ	v. 开玩笑骗某人, 戏弄某人( hoax的现在分词 )
hobart	'hәubɑ:t	n. 霍巴特（澳大利亚地名）
hobarts	'həuba:t	n. 霍巴特（澳大利亚地名）
hobbies		n. 嗜好；兴趣爱好；燕隼；[英方]小马（hobby的复数）
hobby	'hɒbi	n. 嗜好, 癖好, 爱好
hobbying	'hɔbi	hobby1
hoe	hәu	n. 锄头
hoed	həud	v. 锄( hoe的过去式和过去分词 )
hoeing	'həʊɪŋ	v. 锄( hoe的现在分词 ); 扒装; 锄地
hoer	'hәjә(r)	n. 锄地者
hoes	həuz	n. 锄头( hoe的名词复数 )
hoist	hɒist	n. 升高, 起重机, 推动
hoisted	hɔistid	v. 把…吊起, 升起( hoist的过去式和过去分词 )
hoister		n. 起重机, 卷扬机
hoisting	'hɔistiŋ	[化] 吊装; 提升
hoists	hɔists	v. 把…吊起, 升起( hoist的第三人称单数 )
hold	hәuld	n. 把握, 把持力, 柄, 控制, 掌握, 监禁
holder	'hәuldә	n. 持有人, 所有人, 支持物
holdest	həuld	vt.
holding	'hәuldiŋ	n. 把持, 支持, 保持
holds		v. 保存；把握（hold的第三人称单数）
hole	hәul	n. 孔, 洞, 穴, 漏洞
holed		a. 进洞的
holer	'hәulә	挖洞者
holes		n. 小孔；破洞（hole的复数）
holiday	'hɒlәdi	n. 假日, 假期, 节日
holidayed		vi. 度假, 休假（holiday的过去式与过去分词形式）
holidayer		n. 度假者
holidaying		vi. 度假, 休假（holiday的现在分词形式）
holidays	'hɔlә,deiz	adv. 在假日, 每逢假日
holies		(holy 的复数) a. 神圣的, 圣洁的, 至善的
hollies		(holly 的复数) n. 冬青树
hollow	'hɒlәu	n. 洞, 窟窿, 山谷
hollowed	ˈhɔləud	v. 挖洞( hollow的过去式和过去分词 ); 挖空（某物）, 挖出（孔、洞）
hollower		hollow（空的）的比较级形式
hollowest		hollow（空的）的最高级形式
hollowing	'hɔlәuiŋ	n. 打凹成形（雕塑技法）
hollows		n. 圆角面；中空；凹陷处（hollow的复数形式）
holly	'hɒli	n. 冬青树
hollywood	'hɔliwud	n. 好莱坞, 美国电影界, 美国电影工业, 美国式电影
hollywooder		好莱坞地方人
hollywoods	网络	[原型] hollywoods 是 hollywood 的复数
holy	'hәuli	a. 神圣的, 圣洁的, 至善的
home	hәum	n. 家, 避难所, 故乡
homed		vi. 回家（home的过去式与过去分词形式）
homeland	'hәumlænd	n. 本国, 故国
homelands	ˈhəʊmˌlændz	n. 祖国, 家乡( homeland的复数形式 ); （南非种族隔离制度下的）黑人家园
homeless	'hәumlis	a. 无家的, 无养主的
homelesses	'həʊmlɪs	adj. 无家可归的
homely	'hәumli	a. 家常的, 平凡的, 朴实无华的
homer	'hәumә	n. 本垒打, 传信鸽
homes		n. 房屋；家庭（home的复数形式）
homest	həʊm	n. 家，家庭；[主美国英语]住所，住宅；居住的地方
hometown	hәum'taun	n. 故乡, 家乡
hometowned	'həʊm'taʊn	n.
hometowner	'həumtaunə	n.
hometowns	ˈhəʊmˈtaʊnz	n. 家乡, 故乡( hometown的复数形式 )
homework	'hәumwә:k	n. 家庭作业, 家里做的工作
homeworker	'hәjm'w\\:kә(r)	n. 家庭雇佣
homeworking		(homework 的现在分词) n. 家庭作业, 家里做的工作
homeworks		(homework 的复数) n. 家庭作业, 家里做的工作
homogeneous	.hәumә'dʒi:niәs	a. 同种的, 同质的, 齐性的
homosexual	.hɒmәu'sekjuәl	a. 同性恋的
homosexuals	hɒmə'sekʃʊəlz	n. 同性恋者( homosexual的复数形式 ); 同性恋关系
honest	'ɒnist	a. 诚实的, 坦直的, 可靠的
honester		诚实者
honestest		最正直的（honest的最高级）
honesties		诚实( honesty的名词复数 )；正直；老实说；其实
honesting	'ɒnɪst	adj.
honests	'ɒnɪst	adj. 诚实的，实在的；可靠的；坦率的
honesty	'ɒnisti	n. 诚实, 公正, 正直
honey	'hʌni	n. 蜂蜜, 甜蜜, 爱人
honeyed	'hʌnid	a. 加了蜜的, 甜如蜜的, 多蜜的
honeying		vt. 给…加蜜（honey的现在分词形式）
honeymoon	'hʌnimu:n	n. 蜜月, 蜜月假期
honeymooned		vi. 度蜜月（honeymoon的过去式与过去分词形式）
honeymooner	'hʌni,mu:nə	n. 度蜜月的人
honeymooning		vi. 度蜜月（honeymoon的现在分词形式）
honeymoons	ˈhʌni:ˌmu:nz	n. 蜜月( honeymoon的名词复数 ); 短暂的和谐时期; 蜜月期; 最初的和谐时期
honeys	ˈhʌniz	n. 蜂蜜( honey的名词复数 ); <口>亲爱的; 花蜜; 蜜（黄）色
honor	'ɒnә	n. 荣誉, 头衔, 信用, 尊敬, 名誉, 阁下, 勋章
honored		a. 已承兑或付款的；受尊敬的
honorer		n. honor的变形
honores	网络	[原型] honores 是 honore 的复数
honoring	ˈɔnərɪŋ	v. 尊敬, 给以荣誉( honor的现在分词 )
honors		n. 优等成绩, (英)优等成绩奖金, 给予优等生的荣誉, 荣誉标志
honour	'ɒnә	n. 荣誉, 头衔, 信用, 尊敬, 名誉, 阁下, 勋章
honourable	'ɒnәrәbl	a. 值得尊敬的, 荣耀的, 高贵的
honourables		(honourable 的第三人称 -s形式) a. 值得尊敬的, 荣耀的, 高贵的
honoured		vt. 尊敬（honour的过去式与过去分词形式）
honourest	'ɒnə	n.
honouring		vt. 尊敬（honour的现在分词形式）
honours		n. 优等成绩, (英)优等成绩奖金, 给予优等生的荣誉, 荣誉标志
hook	huk	n. 钩, 钩状, 镰刀, 陷阱
hooked	hukt	a. 钩状的, 有钩的, 用钩针编织的
hooker	'hukә	n. 用钩子的人, 渔船
hookes		(hooke 的第三人称 -s形式) n. 万向接头, 虎克
hookest	hʊk	n.
hookies	'hʊkɪ	n. 逃学；逃学者
hooking	计	[原型] hooking 是 hook 的现在分词
hooks		n. 钩子；挂钩（hook的复数）
hop	hɒp	n. 单脚跳, 跳跃, 舞会, 飞行
hope	hәup	n. 希望, 信心, 期待
hoped		v. 希望（hope的过去分词）
hopeful	'hәupful	n. 有希望之人, 有前途之人
hopefuller	'həʊpfʊl; -f(ə)l	adj.
hopefullest	'həʊpfʊl; -f(ə)l	adj.
hopefuls	ˈhəupfulz	n. 有成功希望的人( hopeful的复数形式 )
hopeless	'hәuplis	a. 无希望的, 绝望的, 不可救药的
hoper	'həupə	n. 希望者, 期望者
hopes		v. 希望（hope的第三人称单数）
hoping		v. 希望（hope的ing形式）
hopped	hɔpt	v. 跳上[下]( hop的过去式和过去分词 ); 单足蹦跳; 齐足（或双足）跳行; 摘葎草花
hopper	'hɒpә	n. 跳跃的东西, 单足跳者, 跳虫
hoppest	hɑp	Hop
hopping	'hɔpiŋ	[计] 跳跃
hops	医	[原型] hops 是 hop 的第三人称单数
horace	'hɔrәs	n. 贺拉斯（男子名）
horaces	'hɔrəs	贺拉斯(公元前65～前8，古罗马诗人)
horizon	hә'raizәn	n. 地平线, 眼界, (天)视地平
horizons	hə'raɪznz	n. 地平线( horizon的复数形式 ); 范围; 界限; 眼界
horizontal	.hɒri'zɒntәl	n. 水平线, 水平面, 水平位置
horizontals		(horizontal 的复数) n. 水平线, 水平面, 水平位置
horn	hɒ:n	n. 角, 角质, 喇叭, 号角
horned	hɒ:nd	a. 有角的, 角状的
horner	'hɔ:nә(r)	n. 吹号角者, (非正式)服海洛因的人
hornes		霍恩（人名）
hornest	hɔːn	horn
hornies	'hɔːnɪ	horny
horning		vi. 不请自来（horn的现在分词形式）
horns		n. 喇叭；号；角制品；警报器（horn的复数）
horrible	'hɒrәbl	a. 可怕的, 遭透的, 极讨厌的
horribler	'hɒrəb(ə)l	adj.
horriblest	'hɒrəb(ə)l	horrible
horror	'hɒrә	n. 惊骇, 恐怖, 惨状
horrors	'hɒrəz	n. 恐怖( horror的复数形式 ); 憎恶; 令人感到恐怖的事; 讨厌鬼
horse	hɒ:s	n. 马, 骑兵, 脚架
horsed		vt. 为…备马（horse的过去式与过去分词形式）
horsepower	'hɒ:spauә	n. 马力
horsepowers		<物>马力( horsepower的名词复数 )
horses		n. 马；马匹（horse的复数形式）
hose	hәuz	n. 水管, 橡皮软管, 长统袜
hosed		vt. 用软管浇（hose的过去式与过去分词形式）
hoses	həuziz	n. 连裤袜( hose的名词复数 ); 长统袜; 软管; 胶管
hospital	'hɒspitәl	n. 医院
hospitaler	'hɔspitәlә	n. 宗教慈善团体的职员, 住院者
hospitalities	ˌhɔspiˈtælitiz	n. 殷勤( hospitality的名词复数 ); （提供给客人的）食宿招待; （款待客人、顾客等的）食物
hospitality	.hɒspi'tæliti	n. 款待, 亲切, 殷勤
hospitaller	'hɔspitәlә	n. 医院牧师
hospitals	'hɒspɪtlz	n. 医院( hospital的复数形式 )
host	hәust	n. 主人, 旅馆老板, 节目主持人
hostage	'hɒstidʒ	n. 人质, 抵押品
hostaged	'hɒstɪdʒ	hostage
hostages	ˈhɔstidʒz	n. 人质( hostage的复数形式 )
hosted		v. （作为主人）款待, 招待（客人）；主持（host的过去式）
hostes		n. 敌人
hostess	'hәustis	n. 女主人, 女房东, 女老板
hostessed		(hostess 的过去分词) n. 女主人, 女房东, 女老板
hostesses	ˈhəʊstɪsiz	n. 女主人( hostess的复数形式 ); （夜总会的）女招待; （电视或广播节目的）女主持人; （餐馆的）迎宾女招
hostessing		(hostess 的现在分词) n. 女主人, 女房东, 女老板
hostied		(hosty 的过去时)  [人名] 霍斯蒂
hosties		(hosty 的复数)  [人名] 霍斯蒂
hostile	'hɒstail	a. 敌人的, 怀敌意的, 敌对的
hostiler	'hɒstaɪl	adj. 怀有敌意的，敌对的；不友善的；反对的；不利的；敌人的，敌方的
hostiles		(hostile 的复数) a. 敌人的, 怀敌意的, 敌对的
hostilest	'hɒstaɪl	adj. 怀有敌意的，敌对的；不友善的；反对的；不利的；敌人的，敌方的
hostilities		-1
hostility	hɒs'tiliti	n. 敌意, 敌对, 反对
hosting	'hәustiŋ	n. 作战；群众或部队的集合
hosts	həusts	n. [计算机]主机( host的名词复数 ); 军队; （寄生动植物的）寄主; 主办人[地方, 机构等]
hot	hɒt	a. 热的, 热心的, 辣的, 热情的, 激动的, 猛烈的, 紧迫的
hotel	hәu'tel	n. 旅馆, 客栈
hoteling	'həʊtelɪŋ	一种新的工作型态，意为提供员工临时的工作空间。有时亦写成 hotelling
hotelled		vt. hotel的变形
hotels		n. 酒店；大饭店；旅馆（hotel的复数）
hots		abbr. 高级廷德尔谱图（Higher Order Tyndall Spectrum）；持续治疗法术
hotted	hɔtid	v. hot up 激烈起来, 更加活跃( hot的过去式和过去分词 )
hotter	'hɔtә(r)	a. 热的；热烈的
hottest		a. 热的；热烈的；最热门的
hotting	hɔtɪŋ	v. hot up 激烈起来, 更加活跃( hot的现在分词 )
hound	haund	n. 猎犬
hounded		vt. 追猎（hound的过去式与过去分词形式）
hounder		n. hound的变形
houndest	haund	n.
hounding		vt. 追猎（hound的现在分词形式）
hounds	haundz	n. 猎狗, 猎犬( hound的名词复数 )
hour	auә	n. 小时, 钟头, 时间, ...点钟, 课时
hours		n. 小时（hour的复数形式）
house	haus	n. 房子, 住宅, 机构, 议院, 家族, 家庭
housed		a. 封装的
household	'haushәuld	n. 一家人, 家庭, 家族, 王室
householder	'haushәuldә	n. 一家之主, 家长, 户长
households	'haʊshəʊldz	n. 同住在一所房子里的人, 一家人, 户( household的名词复数 )
houser	'haʊsər	筹划或管理造房规化的人; 建房者
houses	'hauziz	n. 住宅；房子的总称；家园；洋房 （house的复数）
housewarming	'hauswɒ:miŋ	n. 乔迁庆宴
housewarmings		乔迁庆宴( housewarming的名词复数 )
housewife	'hauswaif	n. 主妇, 家庭妇女
housewifed	'haʊswaɪf	n. 家庭主妇
housewifes		(housewife 的复数) n. 主妇, 家庭妇女
housework	'hauswә:k	n. 家事, 家务
houseworks	'haʊswɜːk	n. 家务事
houston	'hju:stәn	n. 休斯敦
houstons	网络	[原型] houstons 是 houston 的复数
hover	'hʌvә	vi. 盘旋, 翱翔, 徘徊
hovered	ˈhɔvəd	v. 鸟( hover的过去式和过去分词 ); 靠近（某事物）; （人）徘徊; 犹豫
hoverer	'hɒvərər	育雏器
hoverest	'hɒvə	vi.
hovering		n. 停悬；空中悬停
hovers	ˈhɔvəz	v. 鸟( hover的第三人称单数 ); 靠近（某事物）; （人）徘徊; 犹豫
how	hau	adv. 如何, 怎样, 多少, 多么
howes		n. (Howes)人名；(英)豪斯
however	hau'evә	adv. 然而, 无论如何, 究竟怎样
howies	'haui	n. 豪伊（男子名，等于Howard ）
howl	haul	n. 嗥叫, 吠声, 号叫
howled	hauld	v. 嗥叫( howl的过去式和过去分词 ); 咆哮; 吼叫; 哀号
howler	'haulә	n. 咆哮者, 号哭的人
howlest	haʊl	vi.
howling	'hauliŋ	a. 咆哮的, 极大的, 荒凉的
howls	haulz	n. 嗥叫( howl的名词复数 ); 吼叫, 高声叫喊
hows		n. 豪视安科公司
hug	hʌg	n. 紧抱, 拥抱
huge	hju:dʒ	a. 极大的, 巨大的, 无限的
huger	hju:dʒə	a. 巨大的, 庞大的( huge的比较级 )
hugest		a. 巨大的, 庞大的( huge的最高级 )
hugged	hʌgɪd	v. 热烈地拥抱, 抱住, 紧抱( hug的过去式和过去分词 ); 紧靠…走; 抱有, 持有; 缠紧, 缚紧（某物, 尤
hugger	'hʌɡər	极端派; 割理
huggest	hʌg	vt.
hugging	hʌɡɪŋ	v. 热烈地拥抱, 抱住, 紧抱( hug的现在分词 ); 紧靠…走; 抱有, 持有; 缠紧, 缚紧（某物, 尤指人体）
hugs	hʌɡz	n. 紧抱, 热烈拥抱( hug的名词复数 )
hull	hʌl	n. 壳, 皮, 船体
hulled	hʌld	a. 有壳的, 有船身的
huller	'hʌlә	脱壳机, 脱粒机, 去壳机, 去皮机
hulling	'hʌliŋ	n. 造船身之材料
hulls	hʌlz	n. 船体( hull的名词复数 ); 船身; 外壳; 豆荚
hum	hʌm	n. 嗡嗡声, 哼声, 杂声
human	'hju:mәn	n. 人, 人类
humaner		仁爱的
humanest	hjʊ'meɪn	adj.
humanistic	.hju:mә'nistik	a. 人本主义的, 人道主义的
humanitarian	hju:.mæni'tєәriәn	n. 人道主义者, 博爱者, 基督凡人论者
humanitarians	hju:ˌmænɪˈteəri:ənz	n. 慈善家( humanitarian的复数形式 )
humanities		n. 人文学科
humanity	hju:'mæniti	n. 人性, 人类, 博爱
humans		n. 人类（human的复数形式）
humble	'hʌmbl	a. 低下的, 谦逊的, 粗陋的
humbled	ˈhʌmbld	v. 使谦恭( humble的过去式和过去分词 ); 轻松打败（尤指强大的对手）; 低声下气
humbler	ˈhʌmblə(r)	自感低卑的
humbles	ˈhʌmblz	v. 使谦恭( humble的第三人称单数 ); 轻松打败（尤指强大的对手）; 低声下气
humblest	'hʌmbl	a. 谦卑的, 谦虚的, 谦恭的, 恭顺的；(等级、身份、重要性等)低下的；粗劣的, 粗陋的；微末的
humes		(hume 的复数) n. 休姆（人名, 姓氏）
humid	'hju:mid	a. 潮湿的, 湿润的, 多湿气的
humider	'hjuːmɪd	adj.
humidest	'hjuːmɪd	adj.
humidities		(humidity 的复数) n. 湿气, 潮湿, 湿度
humidity	hju:'miditi	n. 湿气, 潮湿, 湿度
hummed	hʌmd	v. 发出嗡嗡声, 哼唱( hum的过去式和过去分词 ); 忙碌, 活跃
hummer	'hʌmә	n. 发哼哼声的人, 发嗡嗡声的东西, 蜂鸣器
humming	'hʌmiŋ	a. 发嗡嗡声的, 哼着唱的, 精力旺盛的, 热气腾腾的, (酒)起泡的
humming-bird		雀鸟
humorous	'hju:mәrәs	a. 富幽默感的, 滑稽的, 诙谐的
humour	'hju:mә	n. 幽默, 诙谐, 情绪, 体液
humoured	'hjuːmə	n. 幽默（等于humor）；诙谐
humouring	'hjuːmə	n. 幽默（等于humor）；诙谐
humours	ˈhju:məz	n. 幽默( humour的名词复数 ); 诙谐; 心境; 体液（旧时认为存在人体内, 有四种, 可影响健康和性格）
hums		abbr. 健康和使用监控系统（Health and Usage Monitoring System）
hundred	'hʌndrәd	n. 百, 百个东西
hundreder	'hʌndrəd	n. 100, 一百；一百的 符号；一百个人(或物)；由一百个人(或物)构成的一组
hundreds		n. 数百
hunger	'hʌŋgә	n. 饥饿, 渴望, 饥荒
hungered		a. 饥饿的
hungerest	'hʌŋgə	n.
hungering		(hunger 的现在分词) n. 饥饿, 渴望, 饥荒
hungers	ˈhʌŋɡəz	n. 饿, 饥饿( hunger的名词复数 ); 欲望
hungry	'hʌŋgi	a. 饥饿的, 荒年的, 渴望的, 不毛的
hunt	hʌnt	n. 狩猎, 追捕, 搜寻, 猎区
hunted	'hʌntid	a. 被捕猎的；受迫害的
hunter	'hʌntә	n. 猎人, 猎犬, 追求者
hunters		n. 猎人（hunter的复数）
huntes	人名	(hunte 的复数)
huntest	hʌnt	vt.
hunting	'hʌntiŋ	n. 狩猎, 猎狐, 探求
hunts	hʌnts	n. 狩猎, 追捕（hunt的复数形式）
hurdling	'hә:dliŋ	n. 跳栏赛跑
hurdlings	'hɝdlɪŋ	n. 跳栏赛跑
hurl	hә:l	n. 用力的投掷
hurled	hə:ld	v. 猛投, 用力掷( hurl的过去式和过去分词 ); 大声叫骂
hurler	'hә:lә	n. 投掷者, 投手
hurlest	hɜːl	vt.
hurlies		n. hurly；hurly
hurling	'hә:liŋ	n. 爱尔兰式曲棍球；猛投
hurls	hə:lz	v. 猛投, 用力掷( hurl的第三人称单数 ); 大声叫骂
hurrah	hu'rɑ:	n. 欢呼声, 骚动, 欢乐
hurrahed	hʊˈrɑ:d	v. 好哇( hurrah的过去式和过去分词 )
hurrahing	hʊˈrɑ:ɪŋ	v. 好哇( hurrah的现在分词 )
hurrahs	hʊ'rɑː	n. 欢呼声；激动；混乱
hurricane	'hә:rikәn	n. 飓风, 暴风, 暴风雨
hurricanes	'hʌrɪkənz	n. 飓风, （尤指西印度群岛的）旋风( hurricane的复数形式 )
hurries	ˈhʌriz	v. 仓促（做某事）( hurry的第三人称单数 ); 催促; （朝某方向）迅速移动; 迅速处理
hurry	'hʌri	n. 匆忙, 急忙, 急促
hurryed	'hʌrɪ	vi.
hurrying	ˈhʌriŋ	v. 仓促（做某事）( hurry的现在分词 ); 催促; （朝某方向）迅速移动; 迅速处理
hurt	hә:t	n. 伤害, 创伤, 损害
hurter	'hә:tә	n. 引起损害之人或事物
hurtest	hɜːt	vt.
hurting	hə:tɪŋ	v. 弄痛( hurt的现在分词 ); 使受伤; 使伤心; 使受皮肉之苦
hurts		n. 痛痒
husband	'hʌzbәnd	n. 丈夫, 管理人, 节俭的人
husbanded		vt. 节俭地使用（husband的过去式与过去分词形式）
husbander		n. husband的变形
husbanding		vt. 节俭地使用（husband的现在分词形式）
husbands		n. 丈夫；节俭的人（husband的复数）
hush	hʌʃ	n. 肃静, 安静, 沉默
hushed	hʌʃt	a. （地方）异常安静的, 寂静的; （声音、谈话）小声的, 低声的
hushes	hʌʃiz	n. 安静, 寂静( hush的名词复数 )
hushing		n. 冲刷找矿法
hussey		n. (Hussey)人名；(法)于塞；(英)赫西
husseys		n. (Hussey)人名；(法)于塞；(英)赫西
hut	hʌt	n. 小屋, 茅舍, 临时军营
huter		n. (Huter)人名；(塞)胡特尔
huts	hʌts	n. 小屋, 棚屋( hut的复数形式 )
hutted	'hʌtid	a. 设在小屋里的
hutting		v. 使住临时营房（hut的现在分词形式）
hybrid	'haibrid	n. 混血儿, 杂种, 混合物
hybrider	'haibridә	混合器, 合成器
hybrids	ˈhaibridz	n. 杂交生成的生物体( hybrid的复数形式 ); 杂交植物（或动物）; 杂种; （不同事物的）混合物
hydraulic	hai'drɒ:lik	a. 与水有关的, 水力的, 水压的
hydraulics	hai'drɒ:liks	n. 水力学
hydrocarbon	.haidrәu'kɑ:bәn	n. 碳氢化合物
hydrocarbons	haɪdrə'kɑ:bənz	n. <化>碳氢化合物, 烃( hydrocarbon的复数形式 )
hydrogen	'haidrәdʒәn	n. 氢
hydrogens		(hydrogen 的复数) n. 氢
hymn	him	n. 赞美诗, 圣歌
hymned	hɪm	n. 赞美诗；圣歌；欢乐的歌
hymner	hɪm	n.
hymning	hɪm	n. 赞美诗；圣歌；欢乐的歌
hymns	himz	n. 赞美诗, 圣歌, 颂歌( hymn的名词复数 )
hypothesis	hai'pɒθәsis	n. 假设
hypothesised		(hypothesise 的过去分词) vt. （英）假定；设定；假设（等于hypothesize）
hypothesiser	hai'pɔθisaiz	hypothesiser
hypothesises		(hypothesise 的第三人称 -s形式) vt. （英）假定；设定；假设（等于hypothesize）
hypothesising		(hypothesise 的现在分词) vt. （英）假定；设定；假设（等于hypothesize）
i	ai	pron. 我
ice	ais	n. 冰, 冰淇淋, 糖衣, 冷若冰霜, 矜持, 贿赂
iceberg	'aisbә:g	n. 冰山, 冷冰冰的人
icebergs	ˈaɪsˌbɜ:gz	n. 冰山, 流冰( iceberg的复数形式 )
ice-cream	'aiskri:m	a. 冰淇淋的, 乳白色的
iced	aist	a. 冰冷的；装冰的；冰冻的
icer		n. 冷藏工人；给冷藏货车装冰的机器
ices	aisiz	n. 冰( ice的名词复数 ); 冰块; 冰场; 冰冻甜食
ice-skate		vi. 滑冰
icest		abbr. Institution of Civil Engineers(英国)土木工程师协会；internal-com
icies	'aɪsɪ	adj. 冰的；多冰的；冰封的；似冰的；似水一样滑的；似冰一样寒冷的
icy	'aisi	a. 冰的, 冰冷的, 冷淡的, 滑溜的
id	id	n. 遗传素质, 本能冲动
idea	ai'diә	n. 主意, 办法, 理想, 思想, 概念, 意见
ideaed	ai'diәd	a. 主意多的
ideal	ai'diәl	n. 理想, 典范, 观念, 思想, 最后目标
idealism	ai'diәlizm	n. 唯心主义, 观念论, 唯心论, 理想主义
idealisms		(idealism 的复数) n. 唯心主义, 观念论, 唯心论, 理想主义
ideally	ai'diәli	adv. 完美地, 理想地
ideals		n. 理想（ideal的复数）
ideas		abbr. 工业设计优秀奖
identical	ai'dentikәl	a. 同一的, 恒等的, 完全相同的
identification	ai.dentifi'keiʃәn	n. 识别, 身份证明, 认同
identifications	aiˌdentifiˈkeiʃənz	n. 鉴定( identification的复数形式 ); 验明; 身份证明; 认同
identifies	aiˈdentifaiz	v. 认出( identify的第三人称单数 ); 支持; 确认; 辨认
identify	ai'dentifai	vt. 识别, 认为...等同于, 确定, 使参与
identifying		n. 识别, 标识；标识关系
identities	aiˈdentitiz	n. 身份( identity的名词复数 ); 同一性; 个性; 同一人
identity	ai'dentiti	n. 身份, 相同, 一致, 特性, 恒等式
idiom	'idiәm	n. 习语, 成语, 惯用语法, 方言
idiomatic	.idiә'mætik	a. 符合语言习惯的, 惯用的, 有许多习语的
idiomatics	,idiә'mætiks	成语学
idioms	'ɪdɪəmz	n. 习语( idiom的复数形式 ); 成语; （在语言等方面所表现的）风格; （某时期或某地区的人的）语言和语法
idiot	'idiәt	n. 白痴, 极蠢之人
idioted	'ɪdɪət	n. 傻子, 笨蛋, 极蠢的人；白痴
idiotes		n. 平庸的人；无知的人
idiots	ˈidiəts	n. 傻子, 笨蛋( idiot的复数形式 ); 白痴
idle	'aidl	a. 懒惰的, 闲散的, 停顿的, 空闲的, 无用的
idled	ˈaidld	v. 虚度( idle的过去式和过去分词 ); 空转; 挂空挡; 未熄火
idleness	'aidlnis	n. 懒惰, 闲散, 失业
idlenesses	'aɪdlnəs	n. 懒惰；闲散；失业
idler	'aidlә	n. 懒惰者, 游手好闲的人, 惰轮
idles	ˈaidlz	v. 虚度( idle的第三人称单数 ); 空转; 挂空挡; 未熄火
idlest		idle（无意义的）的最高级形式
ied		abbr. 瞬间弹性变形（Instantaneous Elastic Deformation）；工程设计师学会（Inst
ielts		abbr. 雅思（The International English Language Testing System）
ier		n. 乘数;乘数寄存器
ies	计	[原型] ies 是 ie 的复数
if	if	conj. 如果, 是否, 无论何时, 假设, 即使
ifr		abbr. inflight refueling 飞行补给燃料; infrared 红外线的
ifs	ifs	abbr. installable file system 可安装文件系统; integral flange and s
ignite	ig'nait	vt. 点燃, 使灼热, 使兴奋
ignited	iɡˈnaitid	v. 点燃, 引发( ignite的过去式和过去分词 )
igniter		n. 点火器, 引爆装置
ignites	iɡˈnaits	v. 点燃, 引发( ignite的第三人称单数 )
ignorance	'ignәrәns	n. 无知, 愚味
ignorances	网络	[原型] ignorances 是 ignorance 的复数
ignorant	'ignәrәnt	a. 无知识的, 不知道的, 由无知产生的
ignoranter	'ɪgn(ə)r(ə)nt	adj. 无知的；没有学问的；愚昧的；不知道的；不了解的
ignorantest	'ɪgn(ə)r(ə)nt	adj. 无知的；没有学问的；愚昧的；不知道的；不了解的
ignorants		(ignorant 的复数) a. 无知识的, 不知道的, 由无知产生的
ignore	ig'nɒ:	vt. 不理睬, 忽视, 驳回, 忽略
ignored		v. 忽略；不理会；不顾（ignore的过去分词）
ignorer		忽视坐标法；忽视者
ignores	iɡˈnɔ:z	v. 不顾( ignore的第三人称单数 ); [法律]驳回（诉讼）; 对…不予理会; 佯装未见
ignorest	ɪg'nɔː	vt. 忽视，无视；不顾；不理：；【法律】驳回(诉讼)
iied		(International Institute for Environment and Development)国际环
ill	il	n. 疾病, 坏事, 罪恶, 灾难
illed	ɪl	adj. 生病的；坏的；邪恶的；不吉利的
illegal	i'li:gәl	a. 违法的, 不合规定的
illegals		(illegal 的复数) a. 违法的, 不合规定的
iller		n. 伊勒河（德国境内的河流名）
illiterate	i'litәrәt	n. 文盲
illiterates	ɪˈlɪtərɪts	n. 目不识丁者( illiterate的复数形式 ); 无知
illness	'ilnis	n. 疾病, 恶意
illnesses	'ɪlnəsɪz	n. （身体或精神上的）疾病( illness的复数形式 ); （某种）病; 患病期
ills	'ɪlz	[医][=illustrations]有图解, 图解, 例证
illuminate	i'lju:mineit	vt. 照明, 用灯装饰, 阐明, 说明, 使灿烂
illuminated		-1
illuminates	iˈlju:mineits	v. 使明亮( illuminate的第三人称单数 ); 照亮; 装饰; 说明
illuminatest	ɪ'l(j)uːmɪneɪt	vt. 照明，照亮；照射：；启发；阐明，解释：
illusion	i'lju:ʒәn	n. 幻影, 错觉, 幻想
illusioned	i'lju:ʒlnd	a. 充满幻想的,受幻觉影响的,虚妄的
illusions	ɪ'lu:ʒnz	n. 错觉( illusion的复数形式 ); 幻想; 错误观念; 假象
illustrate	'ilәstreit	vt. 举例说明, 作图解, 阐明
illustrated	'ilәstreitid	n. 有插画的报章杂志
illustrates	ˈiləstreits	v. 给…加插图( illustrate的第三人称单数 ); 说明; 表明; （用示例、图画等）说明
illustration	.ilә'streiʃәn	n. 例证, 插图
illustrations		n. 插图；插画（illustration的复数）
image	'imidʒ	n. 影像, 肖像, 想象, 图像, 形象, 翻版
imaged		vt. 反映（image的过去式与过去分词形式）
imager	'imidʒә	n. 成像器, 图象机
images		n. 图片；意象（image的复数）
imaginaries		复数
imaginary	i'mædʒinәri	a. 想像的, 虚构的, 假想的
imagination	i.mædʒi'neiʃәn	n. 想像, 听觉, 想像力
imaginations	iˌmædʒiˈneiʃənz	n. 想像力( imagination的复数形式 ); 空想; 想像出来的东西
imaginative	i'mædʒinәtiv	a. 想像的, 虚构的
imagine	i'mædʒin	vt. 想像, 设想, 猜测
imagined	iˈmædʒind	v. 想( imagine的过去式和过去分词 ); 想像; 料想; 误认为
imagineer		构想工程师（发明主题公园中的机动游戏等）
imagines	i'meidʒini:z	[医] 成虫(昆虫), 意像(心理)
imaginest	ɪ'mædʒɪn	vt. 想像：；假想；设想：
imitate	'imiteit	vt. 模仿, 效法, 冒充, 仿造
imitated	'imiteitid	a. 仿效的, 仿造的, 假冒的
imitater	'ɪmɪteɪt	vt. 仿效；模仿；模拟：；仿造；仿制：
imitates	ˈimiteits	v. 模仿( imitate的第三人称单数 ); 把…作为例子; 模仿（某人的讲话、举止）; 作滑稽模仿
imitation	.imi'teiʃәn	n. 模仿, 效法, 冒充, 赝品
imitations	ˌɪmiˈteiʃənz	n. 模仿( imitation的复数形式 ); 仿效; 仿制品; 伪造物
immediate	i'mi:diәt	a. 立即的, 直接的, 接近的
immediately	i'mi:diәtli	adv. 直接地, 立刻, 立即
immense	i'mens	a. 极广大的, 无边的, 非常好的
immenser	ɪ'mens	adj. 无限的；无边无际的；无穷的；巨大的；极大的；广大的
immensest	ɪ'mens	adj. 无限的；无边无际的；无穷的；巨大的；极大的；广大的
immerse	i'mә:s	vt. 沉浸, 使陷入
immersed	i'mә:st	a. 专注的；浸入的
immerser	i'mә:sә	浸渍器
immerses		v. 浸；沉湎于
immigrant	'imigrәnt	n. 移民
immigrants		n. 移民（immigrant的复数）
immigrate	'imigreit	vt. 使移居入境
immigrated	ˈɪmɪˌgreɪtid	v. 移入( immigrate的过去式和过去分词 ); 移民
immigrates	ˈɪmɪˌgreɪts	v. 移入( immigrate的第三人称单数 ); 移民
immigration	.imi'greiʃәn	n. 移民, 移居
immigrations	ɪmɪ'ɡreɪʃn	n. 外来移民；移居
immoral	i'mɒrәl	a. 不道德的, 邪恶的, 放荡的
immortal	i'mɒ:tәl	n. 不朽人物, 神仙
immortals	ɪ'mɔ:tlz	n. 不朽的人物( immortal的复数形式 ); 永生不朽者
immune	i'mju:n	a. 免疫的, 免除的, 不受影响的
immuner	ɪ'mjuːn	immune
immunes	网络	[原型] immunes 是 immune 的复数
immunest	ɪ'mjuːn	immune
immunities		n. 豁免（immunity复数）
immunity	i'mju:niti	n. 免疫, 免疫性, 免除
impact	'impækt	n. 冲击, 冲突, 影响, 效果
impacted	im'pæktid	[医] 嵌入的, 嵌塞的, 阻生的
impacter		冲击器
impacting	ˈimpæktɪŋ	[医]撞击（的）, 碰撞（的）
impacts	ˈimpækts	n. 影响, 作用( impact的名词复数 ); 碰撞; 冲击; 撞击
impair	im'pєә	vt. 损害, 减少, 削弱
impaired	im'pεәd	a. 受损的
impairer	ɪm'peərər	n. 损害者, 伤害者
impairest	ɪm'peə	vt. 损害，损伤：；削弱，减少：
impairing	imˈpɛərɪŋ	v. 损害, 削弱( impair的现在分词 )
impairs	imˈpɛəz	v. 损害, 削弱( impair的第三人称单数 )
impart	im'pɑ:t	vt. 给予, 传授, 告知
imparted	im'pɑ:tid	a. 给予的；授予的
imparter		n. 传授者
impartest	ɪm'pɑːt	vt. 给予；把…分给；传授：；告知；通知；告诉；透露：
impartial	im'pɑ:ʃәl	a. 公平的, 不偏不倚的
imparting	imˈpɑ:tɪŋ	v. 通知( impart的现在分词 ); 透露; 传授; 告知
imparts	imˈpɑ:ts	v. 通知( impart的第三人称单数 ); 透露; 传授; 告知
impatient	im'peiʃәnt	a. 不耐烦的, 着急的, 急切的
imperative	im'perәtiv	n. 命令, 必要的事, 规则, 祈使语气
imperatives	ɪm'perətɪvz	n. 必要的事( imperative的复数形式 ); 祈使语气; 必须履行的责任
implement	'implimәnt	n. 工具, 器具, 手段
implemented		v. 执行；实施（implement的过去分词形式）
implementer	'implimentә	n. 制订人；实施者；实现器；实作器
implementing		n. 实现；实施, 执行
implements		n. 甪具；工具（implement的复数）
implication	.impli'keiʃәn	n. 牵连, 含义, 暗示
implications		n. 蕴涵式；卷入（implication的复数）
implies	imˈplaiz	v. 暗示, 暗指( imply的第三人称单数 ); 必然包含; 说明, 表明
implore	im'plɒ:	vt. 恳求, 哀求
implored	ɪmˈplɔ:d	v. 恳求或乞求（某人）( implore的过去式和过去分词 )
implores	ɪmˈplɔ:z	v. 恳求或乞求（某人）( implore的第三人称单数 )
implorest	ɪm'plɔː	vt. 恳求，乞求，哀求：
imply	im'plai	vt. 暗示, 意味
implying	imˈplaiŋ	v. 暗示, 暗指( imply的现在分词 ); 必然包含; 说明, 表明
import	im'pɒ:t	n. 进口货, 进口, 输入, 含义, 重要性
importance	im'pɒ:tәns	n. 重要, 重要性, 重要地位, 自大
importances	网络	[原型] importances 是 importance 的复数
important	im'pɒ:tәnt	a. 重要的, 有地位的, 大量的, 显要的, 自负的
imported		vt. 输入, 进口（import的过去式与过去分词形式）
importer	im'pɒ:tә	n. 输入者, 进口商
importest	ɪm'pɔːt; 'ɪm-	vt. 进口；输入；引进：；意味着，表明：
importing		v. 导入；进口（import的现在分词）
imports		n. 进口商品；进口总额（import的复数）
impose	im'pәuz	vt. 征(税), 把...强加于, 以...欺骗
imposed		a. 强加的；施加的；应用的
imposer	ɪm'pəʊzə	拼版工人
imposes	imˈpəuziz	v. 强迫( impose的第三人称单数 ); 勉强（某人做某事）; 推行; [印刷]把…装版
imposest	ɪm'pəʊz	vt. 加(负担等)于；征(税)；罚(款)(常与on，upon连用)：；把…强加于；把…硬派给：
impossible	im'pɒsәbl	a. 不可能的, 难以置信的, 令人无法忍受的
impossibles		n. 不可能（impossible的复数形式）
impress	im'pres	n. 印象, 特征, 印记
impressed		-K
impresser		n. impress的变形
impresses		vt. 印（impress的第三人称单数形式）
impressest	ɪm'pres	vt. 印，压印；盖(印)于：；给…以深刻印象；使牢记，铭刻：
impressing	imˈpresɪŋ	v. 印( impress的现在分词 ); 给…以深刻印象; 使钦佩; 使意识到（重要性或严重性等）
impression	im'preʃәn	n. 印象, 意念, 盖印, 印记, 印数, 底色, 效果
impressionism	im'preʃәnizm	n. 印象主义, 印象派
impressionisms		(impressionism 的复数) n. 印象主义, 印象派
impressionist	im'preʃәnist	n. 印象主义者, 印象派作家
impressionists	ɪmp'reʃənɪsts	n. 印象派画家( impressionist的复数形式 ); 用滑稽方式模仿名流的人
impressions		n. 印象；观感（impression的复数）
impressive	im'presiv	a. 给人深刻印象的, 威严的
imprison	im'prizn	vt. 使下狱, 关闭, 拘禁, 限制
imprisoned	ɪmˈprɪzənd	v. 下狱, 监禁( imprison的过去式和过去分词 )
imprisoner		n. imprison的变形
imprisonest	ɪm'prɪz(ə)n	vt. 关押，监禁；拘束；束缚；限制；禁锢
imprisoning	ɪmˈprɪzənɪŋ	v. 下狱, 监禁( imprison的现在分词 )
imprisonment	im'priznmәnt	n. 监禁, 下狱, 坐牢
imprisonments		(imprisonment 的复数) n. 监禁, 下狱, 坐牢
imprisons	ɪmˈprɪzənz	v. 下狱, 监禁( imprison的第三人称单数 )
improper	im'prɒpә	a. 不合适的, 错误的, 不成体统的, 不道德的
impropered	ɪm'prɒpə	adj. 不适当的，不合适的；不相宜的；不正确的，错误的，不合理的
impropering	ɪm'prɒpə	adj. 不适当的，不合适的；不相宜的；不正确的，错误的，不合理的
impropers	ɪm'prɒpə	adj. 不适当的，不合适的；不相宜的；不正确的，错误的，不合理的
improve	im'pru:v	vt. 改良, 提高...的价值, 改善, 利用
improved	im'pru:vd	a. 改良的
improvement	im'pru:vmәnt	n. 进步, 改善, 利用
improvements	ɪmp'ru:vmənts	n. 增加或修改( improvement的复数形式 ); 改进; 改善; 改良
improver	im'pru:vә	n. 改良者, 改善者
improves	imˈpru:vz	v. 改善, 改进, 提高( improve的第三人称单数 ); 提高（土地、地产）的价值; 利用（机会）; 抓紧（时间
impulse	'impʌls	n. 冲动, 驱使, 刺激, 推动, 冲力, 建议, 脉冲
impulsed	'ɪmpʌls	n. 冲动；[电子] 脉冲；刺激；神经冲动；推动力
impulser		脉冲传感器
impulses	'ɪmpʌlsɪz	n. 凭冲动行事( impulse的复数形式 ); 突如其来的念头; 推动; 冲量
impurities		n. 杂质（impurity的复数）
impurity	im'pjuәriti	n. 杂质, 不洁, 不纯
in	in	prep. 在...期间, 在...之内, 处于...之中, 从事于, 按照, 穿着
inaccessible	.inæk'sesәbl	a. 难得到的, 难接近的, 难达成的
inaccurate	in'ækjurit	a. 错误的, 不准确的
inadequate	in'ædikwәt	a. 不充分的, 不适当的
inadequates		(inadequate 的复数) a. 不充分的, 不适当的
inasmuch	.inәz'mʌtʃ	adv. 因...之故, 在...范围内
inaugurate	i'nɒ:gjureit	vt. 开始, 举行...就职典礼
inaugurated	iˈnɔ:ɡjureitid	v. 为…举行就职典礼( inaugurate的过去式和过去分词 ); 为…举行仪式, 为…举行落成[开幕]仪式; 开创
inaugurates	iˈnɔ:ɡjureits	v. 为…举行就职典礼( inaugurate的第三人称单数 ); 为…举行仪式, 为…举行落成[开幕]仪式; 开创, 
inca	'iŋkә	n. 印加；印加人
incapable	in'keipәbl	a. 无能力的, 不能的
incas		(inca 的复数) n. 印加；印加人
incast	in'kɑ:st	[英方]添头
incense	'inseins	n. 香, 香气, 奉承
incensed		a. 愤怒的, 激怒了的
incenser		n. incense的变形
incenses	ˈinsensiz	n. 香( incense的名词复数 )
inch	intʃ	n. 英寸, 身高, 小岛
inched	intʃt	a. 有英寸刻度的；英寸的
incher	'intʃә	n. 口径是...英寸的东西
inches		n. 英寸（inch的复数）
inchest	'intʃə	n. [马来语]先生
inching	'intʃiŋ	n. 微调尺寸；寸动；点动；缓动
incidence	'insidәns	n. 发生, 发生率, 影响, 负担者, 入射, 倾角
incidences	ˈinsidənsiz	n. 发生率( incidence的复数形式 ); 影响范围; 发生范围; 影响程度
incident	'insidәnt	n. 事件, 事变, 小事
incidentally	.insi'dentәli	adv. 伴随地, 偶然, 顺便
incidents	'ɪnsɪdənts	n. 发生的事( incident的复数形式 ); 小插曲; 敌对行动; 骚乱
inclination	.inkli'neiʃәn	n. 倾向, 趋向, 倾斜度, 点头
inclinationes		(单inclinatio)倾斜,斜度
inclinations	ˌɪnkləˈneɪʃənz	n. 倾向( inclination的复数形式 ); 倾斜; 爱好; 斜坡
incline	in'klain	n. 倾斜, 斜坡, 斜面
inclined	in'klaind	a. 倾向于...的, 想要...的, 可能的, 趋向于...的
incliner		n. incline的变形
inclines	inˈklainz	n. 斜坡( incline的名词复数 ); 斜度
inclinest	ɪn'klaɪn	vi. 倾斜，偏斜：；点头，弯腰，鞠躬：
include	in'klu:d	vt. 包括, 把...算入, 包住
included	in'klu:did	a. 包括在内
includer	in'klu:dә	包容词(如： 在分句中的after, because等)
includes		v. 包含；包住（include的三单形式）
includest	ɪn'kluːd	vt. 包括；包含：；列入，计入：
inclusive	in'klu:siv	a. 包含的, 包括的
income	'inkʌm	n. 收入, 收益, 流入
incomer	'in.kʌmә	n. 进入者, 新来者, 移民
incomes		n. 收入；收益（income的复数）
incompatible	.inkәm'pætәbl	a. 不相容的, 不能并存的, 矛盾的
incompatibles		(incompatible 的复数) a. 不相容的, 不能并存的, 矛盾的
incomplete	.inkәm'pli:t	a. 不完全的, 未完成的, 不完善的
incompleted	inkәmˊpliːtid	a. 未遂
incompletes	.ɪnkəm'pliːt	adj. 不完备的
incorporate	in'kɒ:pәreit	a. 合并的, 组成公司的, 一体化的
incorporated	in'kɔ:pәreitid	a. 根据法律组成的公司, 公司
incorporates	inˈkɔ:pəreits	v. 组成公司( incorporate的第三人称单数 ); 包含; 使混合; 使具体化
incorrect	.inkә'rekt	a. 不正确的
incorrects		(incorrect 的第三人称 -s形式) a. 不正确的
increase	in'kri:s	n. 增加, 增进, 利益
increased	in'kri:st	a. 增强的（increase的过去分词）
increaser	in'kri:sә	n. 增加的
increases	inˈkri:siz	n. 增加量( increase的名词复数 )
increasest	ɪn'kriːs	vt. 增加；增大；增多：；增强；增进：
increasingly	in'kri:siŋli	adv. 逐渐地, 渐增地
incredible	in'kredәbl	a. 难以置信的
incredibles		n. 超人特工队（一部动画片名字）
ind		abbr. 印度；印第安纳州
indeed	in'di:d	adv. 的确, 实在, 真正地, 甚至
indefinite	in'definit	a. 模糊的, 不确定的, 无限的
independence	.indi'pendәns	n. 独立, 自立, 自主
independences	ɪndɪ'pend(ə)ns	n. 独立性，自立性；自主
independent	.indi'pendәnt	n. 独立自主者, 无党派者
independents	ˌɪndiˈpendənts	n. 自主的( independent的复数形式 ); 不相关连的; 无党派的; 不相干的人所做的（或提供的）
index	'indeks	n. 索引, 指针, 指数, 指标
indexed	'indekst	a. 编入索引的；有索引的
indexer	in'deksә	n. 编索引的人
indexes		n. 指数；索引；标准（index的复数）
indexing	'indeksiŋ	[计] 标引; 变址
india	'indjә	n. 印度
indian	'indiәn	n. 印度人, 印第安人, 印第安语
indians		n. 印第安人；印度人（Indian的复数）
indias		n. (Indias)人名；(葡)因迪亚斯
indicate	'indikeit	vt. 显示, 象征, 指示, 指出
indicated	ˈindikeitid	a. 表明的; 指示的
indicates		v. 指示, 显示；表明（indicate的第三人称单数形式）
indicatest	'ɪndɪkeɪt	vt. 指示，指出；标示：；表明，表示；示意，显示：
indication	.indi'keiʃәn	n. 指示, 象征, 暗示
indications		n. 适应症, 显示；标志（indication复数形式）
indicative	in'dikәtiv	a. 指示的, 象征的, 表示...的
indicatives		陈述语气的动词形式( indicative的名词复数 )
indifferent	in'difәrәnt	a. 漠不关心的, 无重要性的, 中立的
indignant	in'dignәnt	a. 愤怒的, 愤慨的
indignation	.indig'neiʃәn	n. 愤怒, 愤慨, 义愤
indignations	网络	[原型] indignations 是 indignation 的复数
indirect	.indi'rekt	a. 间接的, 非直截了当的, 不坦率的
indirected	ɪndɪ'rekt; ɪndaɪ-	a. 间接的；迂回的；曲折的；(说话等)不直截了当的；兜圈子的
indispensable	.indis'pensәbl	n. 不可缺少之物
indispensables		(indispensable 的复数) n. 不可缺少之物
individual	.indi'vidʒuәl	n. 人, 个人, 个体
individuals		n. 个人；个体（individual的复数）
indonesia	.indәu'ni:ʒә	n. 印尼
indonesias		abbr. Indonesian Islands 印度尼西亚群岛
indoor	'indɒ:	a. 户内的, 室内的
indoors	'in'dɒ:z	adv. 在户内
induce	in'dju:s	vt. 引诱, 招致, 归纳出, 感应
induced	in'dju:st	a. 感应的；诱发型
inducer	in'dju:sә	n. 引诱者, 诱导物
induces	inˈdju:siz	v. 引诱( induce的第三人称单数 ); <正>引起; 催产; 催生
inducest	ɪn'djuːs	vt. 引诱，诱使：；劝，说服：
induction	in'dʌkʃәn	n. 归纳法, 感应, 就职, 入门
inductioner	ɪn'dʌkʃ(ə)n	induction
inductions	ɪnˈdʌkʃənz	n. 归纳（法）( induction的复数形式 ); （电或磁的）感应; 就职; 吸入
indulge	in'dʌldʒ	vt. 纵情于, 使高兴, 放任, 迁就
indulged	inˈdʌldʒd	v. 放纵( indulge的过去式和过去分词 ); 容许; 使（自己）沉溺于; 参加
indulger		n. indulge的变形
indulges	inˈdʌldʒz	v. 放纵( indulge的第三人称单数 ); 容许; 使（自己）沉溺于; 参加
indulgest	ɪn'dʌldʒ	vt. 放纵(感情、欲望等)；使沉溺于；肆意从事：；纵容，放任，迁就：
industrial	in'dʌstriәl	a. 工业的, 供工业用的, 工业高度发展的, 产业的
industriales	网络	[原型] industriales 是 industriale 的复数
industrialize	in'dʌstriәlaiz	vt. 使工业化
industrialized	in'dʌstriәlaizd	a. 工业化的
industrializes	inˈdʌstriəlaiziz	v. （使）工业化( industrialize的第三人称单数 )
industrials		工业股票
industries		n. 行业, 工业；实业公司（industry的复数）
industrious	in'dʌstriәs	a. 勤勉的, 刻苦的
industry	'indәstri	n. 勤劳, 工业, 企业, 产业, 有组织的劳动
ined		abbr. ineditus (Latin=unpublished) （拉丁语）未出版的
inefficient	.ini'fiʃәnt	a. 无效率的, 无能的
iner		abbr. 核能研究所（Institute of Nuclear Energy Research）
inertia	i'nә:ʃә	n. 惯性, 惰性, 迟钝
inertias		(inertia 的复数) n. 惯性, 惰性, 迟钝
ines		abbr. International Nuclear Event Scale System 国际核事故分级系统
inest		abbr. Indiana
inevitable	in'evitәbl	a. 不可避免的, 必然的
inevitables	网络	[原型] inevitables 是 inevitable 的复数
inevitably	in'evitәbli	adv. 不可避免地
inexpensive	.inik'spensiv	a. 便宜的, 不贵重的
infant	'infәnt	n. 婴儿, 儿童, 初学者
infanted	,infən'tiə	n. (西班牙、葡萄牙非王位继承身份的)王子；亲王
infantes	inˈfæntiz	n. （西班牙、葡萄牙非王位继承身份的）王子，亲王( infante的名词复数 )
infants	ˈinfənts	n. 婴儿, 幼儿( infant的复数形式 )
infect	in'fekt	vt. 传染, 感染
infected	in'fektid	a. 被感染的
infectest	ɪn'fekt	vt. 【医学】传染；传播病菌于；侵染，感染：；使受影响，感染：
infecting	inˈfektɪŋ	v. （受）传染( infect的现在分词 ); 污染; 影响
infection	in'fekʃәn	n. 传染, 影响, 传染病
infections		n. 传染病；口腔病害（infection复数形式）
infectious	in'fekʃәs	a. 有传染性的, 易传染的
infects	inˈfekts	v. （受）传染( infect的第三人称单数 ); 污染; 影响
infer	in'fә:	vt. 推论出, 推断
inference	'infәrәns	n. 推论
inferences	ˈinfərənsiz	n. 推论( inference的复数形式 ); 推理; 推断结果; 结论
inferior	in'fiәriә	a. 次等的, 较差的, 下方的, 下级的
inferiors		n. 下级；晚辈；次品；低于他人者（inferior的复数）
inferred	inˈfə:d	v. 推断( infer的过去式和过去分词 ); 间接地提出; 暗示; 意指
inferrer		推测者, 猜想者
inferrest	ɪn'fɜː	vt. 推理，推断，推论：；猜想，臆测(常与from连用)：
inferring	inˈfə:ɪŋ	v. 推断( infer的现在分词 ); 间接地提出; 暗示; 意指
infers	inˈfə:z	v. 推断( infer的第三人称单数 ); 间接地提出; 暗示; 意指
infinite	'infinit	n. 无限, 神
infinitely	'infinitli	adv. 无限地, 无数地, 庞大地
infinites	'ɪnfɪnət	adj. 无限的，无穷的；无数的；极大的
infinities	ɪnˈfɪnɪti:z	n. <数>无穷大( infinity的名词复数 ); 无限远的点; 无法计算的量; 无限大的量
infinity	in'finiti	n. 无限大, 无限
infinitys		(infinity 的复数) n. 无限大, 无限
inflation	in'fleiʃәn	n. 胀大, 夸张, 通货膨胀
inflations		(inflation 的复数) n. 胀大, 夸张, 通货膨胀
influence	'influәns	n. 影响力, 权力, 势力
influenced	ˈinfluənst	a. 影响性的
influencer		n. 影响者
influences	ˈinfluənsiz	n. 影响( influence的名词复数 ); 势力; 有影响的人（或事物）; [占星学]星力
influential	.infu'enʃәl	a. 有影响的, 有势力的
inform	in'fɒ:m	vt. 通知, 使了解, 使充满
informal	in'fɒ:mәl	a. 非正式的, 不拘礼的, 通俗的
informals		(informal 的复数) a. 非正式的, 不拘礼的, 通俗的
information	.infә'meiʃәn	n. 消息, 知识, 通知, 情报, 信息, 问讯处, 起诉
informations		n. 信息（information的复数）
informed	in'fɒ:md	a. 见多识广的
informer	in'fɒ:mә	n. 密告者, 控告者, 通知者
informes	网络	[原型] informes 是 informe 的复数
informest	ɪn'fɔːm	vt. 通知，告诉，告知：；通报，报告：
informing	in'fɔ:miŋ	a. 增长见闻的；提供情报的；鼓舞的
informs		abbr. 运筹学和管理学研究协会（Institute for Operations Research and the 
ingenious	in'dʒi:njәs	a. 灵敏的, 精巧的, 聪明的
ingenuities		(ingenuity 的复数) n. 心灵手巧, 精巧, 精巧设计
ingenuity	.indʒi'nju:iti	n. 心灵手巧, 精巧, 精巧设计
ingredient	in'gri:diәnt	n. 成分, 因素
ingredients		材料；作料
inhabit	in'hæbit	vt. 居住于, 占据, 栖息
inhabitant	in'hæbitәnt	n. 居民, 居住者
inhabitants	ɪn'hæbɪtənts	n. 居民, 住户, （栖息在某地区的）动物( inhabitant的复数形式 )
inhabited	in'hæbitid	a. 有人居住的
inhabiter	in'hæbitə	n. [古语] = inhabitant
inhabitest	ɪn'hæbɪt	vt. 居住于，(动物)栖息于：；存在于：
inhabiting	inˈhæbitɪŋ	v. 居住于, 栖居于( inhabit的现在分词 )
inhabits	inˈhæbits	v. 居住于, 栖居于( inhabit的第三人称单数 )
inherent	in'hiәrәnt	a. 固有的, 与生俱来的
inherit	in'herit	vt. 继承, 遗传
inherited	in'heritid	a. 遗传的；继承权的；通过继承得到的
inheriting	inˈheritɪŋ	v. 继承( inherit的现在分词 ); 经遗传获得（品质、身体特征等）接替（责任等）, 继任
inherits	inˈherits	v. 继承( inherit的第三人称单数 ); 经遗传获得（品质、身体特征等）接替（责任等）, 继任
initial	i'niʃәl	n. 字首, 首字母
initialed	ɪ'nɪʃəl	a. 最初的；字首的
initially	i'niʃәli	adv. 最初, 开头
initials		n. 首字母；姓名中的大写字母（initial的复数）；缩写
initiate	i'niʃieit	n. 入会, 开始
initiated	iˈniʃieitid	v. 开始( initiate的过去式和过去分词 ); 传授; 发起; 接纳新成员
initiates	iˈniʃieits	v. 开始( initiate的第三人称单数 ); 传授; 发起; 接纳新成员
initiative	i'niʃiәtiv	n. 主动行动, 首创精神, 主动权
initiatives	ɪ'nɪʃətɪvz	n. 主动性( initiative的复数形式 ); 主动的行动; 初步; 主动权
inject	in'dʒekt	vt. 注射, 注入, 使入轨
injected	inˈdʒektid	a. [医]注入的, 充血的
injecting	inˈdʒektɪŋ	v. （给…）注射（药物等）( inject的现在分词 ); （给…）注射（液体）; （给…）添加; （给…）投入（资金
injection	in'dʒekʃәn	n. 注射, 注射剂
injectiones		注射
injections	inˈdʒekʃənz	n. 注射( injection的复数形式 ); （液体）注入; 喷入; 大量资金的投入
injects	inˈdʒekts	v. （给…）注射（药物等）( inject的第三人称单数 ); （给…）注射（液体）; （给…）添加; （给…）投入（
injure	'indʒә	vt. 伤害, 损害, 使受冤屈
injured	'indʒәd	a. 受伤的, 受损害的, 被触怒的
injurer		n. 伤害者
injures	ˈindʒəz	v. 损害( injure的第三人称单数 ); 伤害（名誉、自尊等）; （尤指在事故中）伤害; 使受伤
injurest	'ɪndʒə	vt. 危害，损害；毁坏：；伤害(感情、自尊心等)；损害(名誉等)：
injuries	ˈindʒəriz	n. 伤害, 损害( injury的名词复数 ); 受伤处
injury	'indʒәri	n. 伤害, 侮辱
injustice	in'dʒʌstis	n. 不公平, 非正义的行为
injustices	ɪnˈdʒʌstɪsiz	n. 不公平( injustice的复数形式 ); 非正义; 待…不公正; 冤枉
ink	iŋk	n. 墨水, 墨汁
inked		vt. 墨水涂染（ink的过去式）
inker	'iŋkә	n. 油墨轮, 墨棒, 印字机
inkies		(inky 的第三人称 -s形式) a. 墨水的, 给墨水弄污的, 漆黑的
inking	计	[原型] inking 是 ink 的现在分词
inks	iŋks	n. 墨水, 油墨( ink的名词复数 )
inland	'inlәnd	a. 内陆的, 国内的
inlander	'inlәndә	n. 内地人
inlands	'ɪnlənd; -lænd	n. 内地；内陆
inlet	'inlet	n. 进口, 插入物
inlets	'ɪnlets	n. 水湾( inlet的复数形式 ); 小湾; 进口; 入口
inletting	ˈinletɪŋ	v. 水湾( inlet的现在分词 ); 小湾; 进口; 入口
inn	in	n. 旅馆, 客栈
inned	ɪn	n. 客栈；旅馆
inner	'inә	a. 内部的, 内心的
inners		内部, 里面（inner的复数形式）
innes		英尼斯（人名）
inning	'iniŋ	n. 一局, 挨次轮换, 执政期, 围垦
innocent	'inәsәnt	a. 无罪的, 不懂事的, 无知的
innocenter		宣判无罪，认为无罪
innocentest	'ɪnəs(ə)nt	adj. 无罪的；清白的；单纯的；天真的
innocents	'ɪnəsnts	n. 无辜者（尤指天真无邪的孩子）( innocent的复数形式 )
innovation	.inәu'veiʃәn	n. 改革, 创新
innovations	ɪnə'veɪʃnz	n. 改革( innovation的复数形式 ); 新观念; 新事物; 新设施
inns		abbr. 国际神经网络协会（International Nerve Network Society）
innumerable	i'nju:mәrәbl	a. 无数的, 数不清的
inorganic	.inɒ:'gænik	a. 无机的, 无生物的, 非自然形成的
inorganics	,inɔ:'^æniks	无机物
input	'input	n. 输入, 输入电路
inputs		n. 输入；投入（input的复数）
inputted	ˈinputid	v. 把…输入电脑( input的过去式和过去分词 )
inputting	计	[原型] inputting 是 input 的现在分词
inquire	in'kwaiә	v. 询问, 问明, 查究
inquired	inˈkwaiəd	v. 打听, 询问( inquire的过去式和过去分词 )
inquirer	in'kwaiәrә	n. 询问者, 探究者, 调查者
inquires	inˈkwaiəz	v. 打听, 询问( inquire的第三人称单数 )
inquiries	inˈkwaiəriz	n. 调查( inquiry的名词复数 ); 疑问; 探究; 打听
inquiry	in'kwaiәri	n. 质询, 探索, 调查, 询盘
inr	'ɪnər	abbr. impact noise rating 碰撞噪声级别; impact noise ratio 碰撞噪声比率;
ins		abbr. 惯性导航系统（Inertial Navigation System）；国际新闻社（International
insect	'insekt	n. 昆虫, 卑鄙的人
insected	'ɪnsekt	n. 昆虫；虫；任何节肢动物[参较 arachnid]
insects		n. 昆虫；昆虫类, 昆虫纲（insect的复数形式）
insert	in'sә:t	n. 插入物
inserted	in'sә:tid	a. 插入的；嵌入的；著生的；附着的
inserter	in'sә:tә	插入物, 插件, 隔板
insertest	ɪn'sɜːt	vt. 插入；嵌入：；插(话)；添写，添加：
inserting		n. 插入, 嵌进
inserts		n. 镶嵌件；衬垫（insert的复数）
inside	'in'said	n. 内部, 内脏, 内幕
insider	'in'saidә	n. 内部的人, 权威人士, 知道内情的人
insides		n. 心纸；花边机综合特征
insidest	ɪn'saɪd	n. 里面；内部；(道路的)内侧；(跑道的)内圈，里道；(多车道道路的)内车道，靠近路边的车道
insight	'insait	n. 察看, 洞察力, 见识
insights		n. 洞察力；眼力；深刻见解（insight的复数）
insignificant	.insig'nifikәnt	a. 无关紧要的, 无意义的, 琐碎的
insist	in'sist	v. 坚持, 坚决主张, 强调
insisted	inˈsistid	v. 坚决宣称, 坚持认为( insist的过去式和过去分词 ); 坚决要求
insistent	in'sistәnt	a. 坚持的, 迫切的
insister		n. 固执的人
insistest	ɪn'sɪst	vi. 坚持；坚持认为；强调(常与on，upon连用):；一定要，坚决要求；坚决主张(常与on， upon连用):
insisting	inˈsistɪŋ	v. 坚决宣称, 坚持认为( insist的现在分词 ); 坚决要求
insists	inˈsists	v. 坚决宣称, 坚持认为( insist的第三人称单数 ); 坚决要求
inspect	in'spekt	vt. 检查, 检阅, 检验
inspected	inˈspektid	v. 检查, 检验( inspect的过去式和过去分词 ); 视察
inspecting	inˈspektɪŋ	v. 检查, 检验( inspect的现在分词 ); 视察
inspection	in'spekʃәn	n. 检验, 检查, 视察
inspections	ɪnˈspekʃənz	n. 检查( inspection的复数形式 ); 检验; 视察; 检阅
inspector	in'spektә	n. 检查员, 巡视员
inspectors	ɪnˈspektəz	n. 检查员( inspector的复数形式 ); （英国公共汽车或火车上的）查票员; （警察）巡官; 检阅官
inspects	inˈspekts	v. 检查, 检验( inspect的第三人称单数 ); 视察
inspiration	.inspә'reiʃәn	n. 灵感, 鼓舞人心的人或物, 妙计, 吸气
inspirations	ˌɪnspəˈreiʃənz	n. 灵感( inspiration的复数形式 ); 鼓舞人心的人[事物]; 启发灵感的人（或事物）; <口>突然想出的
inspire	in'spaiә	vt. 使感动, 激发, 启示, 吸入, 鼓舞, 产生, 使生灵感
inspired	in'spaiәd	a. 得到灵感的, 有灵感的, 官方授意的
inspirer	ɪns'paɪrɚ	n. 启发灵感、鼓舞（或激励）人心的人
inspires	inˈspaiəz	v. 鼓舞( inspire的第三人称单数 ); 激励; 赋予某人灵感; 启迪
inspirest	ɪn'spaɪə	vt. 鼓舞；激励：；激发；激起；唤起(思想、感情等) (常与in连用):
inst		abbr. 立刻的（instant）；学院（institute）；机构（Institution）
instabilities	ˌɪnstəˈbɪlɪti:z	n. 不稳定, 不稳固( instability的名词复数 )
instability	.instә'biliti	n. 不安定, 不稳定
install	in'stɒ:l	vt. 安装, 安置, 使就职
installation	.instә'leiʃәn	n. 安装, 装置, 就职
installations	ɪnstə'leɪʃnz	n. 装置( installation的复数形式 ); 安装; 就职; 军事设施
installed		a. 安装的；已装入的
installer		n. 安装者
installing		n. 安装；插入；任命
installment	in'stɒ:lmәnt	n. 就职, 装设, 分期付款
installments	inˈstɔ:lmənts	n. 部分( installment的复数形式 )
installs	ɪns'tɔ:lz	v. 安装( install的第三人称单数 ); 安顿; 安置; 使…正式就职
instance	'instәns	n. 建议, 情况, 例子, 场合
instanced		vt. 举…为例（instance的过去式与过去分词形式）
instances	ˈinstənsiz	n. 例子, 实例( instance的名词复数 )
instant	'instәnt	n. 立即, 瞬间
instantaneous	.instәn'teinjәs	a. 即时的, 瞬间的, 猝发的
instanter	in'stæntә	adv. 即刻, 马上
instantly	'instәntli	adv. 立即地, 即刻地
instants		n. 片刻( instant的复数形式 ); 顷刻; 刹那; 某一时刻
instead	in'sted	adv. 作为替代, 反而
instinct	'instiŋkt	n. 本能, 直觉
instincts		n. 直觉；本能（instinct的复数）
institute	'institju:t	n. 学会, 学院, 协会
instituted		v. 创立；设置（institute的过去分词）
instituter	'ɪnstɪtjuːtə	创立者
institutes		n. 学院（institute的复数）
institutest	'ɪnstɪtjuːt	n. (促进科学、教育、艺术等的)组织；学会，学社；协会；☉[美国英语]讲习所；(教师等的)短训班
institution	.insti'tju:ʃәn	n. 机构, 惯例, 制度
institutiones		(institutione 的第三人称 -s形式) 创建, 创办, 设立, 建立；制定；机构, 机关；学校；法规；〈宗〉
institutions		n. 体系
instruct	in'strʌkt	vt. 教, 教育, 命令, 通知
instructed		a. 受教育的, 得到指示的, 被委派的
instructer	ɪn'strʌkt	vt. 教, 讲授；教导, 指导；训练：；命令；指示；吩咐：
instructest	ɪn'strʌkt	vt. 教，讲授；教导，指导；训练：；命令；指示；吩咐：
instructing	inˈstrʌktɪŋ	v. 教( instruct的现在分词 ); 通知; 教授; 命令
instruction	in'strʌkʃәn	n. 指令, 教导, 命令
instructions		n. 指令；说明（instruction的复数形式）
instructor	in'strʌktә	n. 教员, 讲师
instructors	ɪnst'rʌktəz	n. 指导者, 教师( instructor的名词复数 )
instructs	inˈstrʌkts	v. 教( instruct的第三人称单数 ); 通知; 教授; 命令
instrument	'instrumәnt	n. 工具, 手段, 仪器
instrumental	.instru'mentәl	a. 仪器的, 器具的, 可作为手段的
instrumentals		(instrumental 的复数) a. 仪器的, 器具的, 可作为手段的
instrumented	'instrumentid	a. 装有导航仪器的
instrumenting		n. 检测仪表装置
instruments		n. 乐器；工具；仪器（instrument的复数）
insufficient	.insә'fiʃәnt	a. 不够的, 不能胜任的, 不充足的
insulate	'insjuleit	vt. 使绝缘, 隔离
insulated	'insә.leitәd	a. 隔热的；绝缘的
insulates	ˈinsjuleits	v. 使绝缘( insulate的第三人称单数 ); 使隔离; 使免除（不愉快的经历）; 使免受（不良影响）
insulator	'insjuleitә	n. 绝缘体, 从事绝缘工作的工人
insulators	'ɪnsjʊleɪtəz	n. 绝缘、隔热或隔音等的物质或装置( insulator的复数形式 )
insult	'insʌlt	n. 侮辱, 无礼, 损害
insulted	inˈsʌltid	v. 侮辱, 冒犯( insult的过去式和过去分词 )
insulter	ɪn'sʌltə	n. 无礼的人
insultest	ɪn'sʌlt	vt. 侮辱；辱骂；对…无礼：；损害；危害：
insulting	in'sʌltiŋ	a. 侮辱的, 损害人体的
insults		v. 侮辱；辱骂（insult的第三人称单数）
insurance	in'ʃurәns	n. 保险, 保险业, 保险费
insurancer	ɪn'ʃʊər(ə)ns	n. 保险；保险业
insurances		n. 保险；保险公司（insurance的复数形式）
insure	in'ʃuә	vt. 保险, 确保
insured	in'ʃuәd	n. 被保险人
insurer	in'ʃuәrә	n. 保险公司
insures	inˈʃuəz	v. 保证( insure的第三人称单数 ); 确保; 为…保险; 投保
insurest	ɪn'ʃɔː; ɪn'ʃʊə	vt. 为…保险；给…保险：；[美国英语]确保；保证：
intake	'inteik	n. 入口, 吸入, 吸入量
intakes	'ɪnteɪks	n. 吸入( intake的复数形式 ); （液体等）进入口; （一定时期内）进入或纳入的人数; （采煤）进风巷道
integral	'intigrәl	n. 整体, 积分, 整数
integrals		(integral 的复数) n. 整体, 积分, 整数
integrate	'intigreit	vt. 综合, 使完整, 使成整体
integrated	'intәgreitid	a. 综合的, 完整的, 互相协调的
integrates	ˈintiɡreits	v. 使一体化( integrate的第三人称单数 ); 使整合; 使完整; 使结合成为整体
integrities		正直( integrity的名词复数 )；完整；[计算机]保存；健全
integrity	in'tegriti	n. 正直, 廉正, 完整
intellect	'intәlekt	n. 智力, 出众的才华, 知识分子
intellected	'ɪntəlekt	n. 智力；理解力；领悟力；智能；思维能力；获取知识能力
intellects	'ɪntəlekts	n. 智力( intellect的复数形式 ); 理解力; 才智非凡的人; 知识分子
intellectual	.intә'lektʃuәl	n. 有知识者, 知识分子, 凭理智做事者
intellectuals	ɪntə'lektʃʊəlz	n. 知识分子( intellectual的复数形式 ); 脑力劳动者; 有极高智力的人; 凭理智（而非感情）办事的人
intelligence	in'telidʒәns	n. 智力, 情报, 信息
intelligencer	in'telidʒәnsә	n. 报信人, 情报员, 侦探
intelligences		(intelligence 的复数) n. 智力, 情报, 信息
intelligent	in'telidʒәnt	a. 聪明的, 智能的, 了解的
intelligenter	ɪn'telɪdʒ(ə)nt	adj. 理解力强的；有才智的；聪明的；明智的；【计算机】智能的；具有处理信息能力的
intelligenties		n. 〔政〕知识阶层
intend	in'tend	vt. 计划, 打算, 意思是
intended	in'tendid	a. 有意的, 故意的
intender		n. intend的变形
intendest	ɪn'tend	vt. 想要；打算；企图；想做…；有做…的计划：；(为…)准备，打算使…(成为)；供…(用)(常与for，as连用):
intending	in'tendiŋ	a. 未来的；预计中的
intends	inˈtendz	v. 意欲( intend的第三人称单数 ); 打算; 打算使; 意指
intense	in'tens	a. 非常的, 强烈的, 紧张的, 热情的
intenser		(intens 的比较级) abbr. intensified 强化的; intensify 加强; 增强; inten
intensest		(intens 的最高级) abbr. intensified 强化的; intensify 加强; 增强; inten
intensities	inˈtensitiz	n. 强烈( intensity的复数形式 ); （感情的）强烈程度; 强度; 烈度
intensity	in'tensәti	n. 强烈, 紧张, 强度
intensive	in'tensiv	a. 加强的, 内涵的, 集中的
intensives		加强语气的( intensive的名词复数 )；彻底的；加强的；（农业方法）集约的
intent	in'tent	n. 意图, 含义, 故意
intention	in'tenʃәn	n. 意图, 目的, 含义
intentional	in'tenʃәnәl	a. 故意的, 与目的有关的
intentioned	in'tenʃәnd	a. 有...企图的, 出于...意向的
intentions	inˈtenʃənz	n. 意图( intention的复数形式 ); 意向; 目的; 打算
intents	inˈtents	n. 意图( intent的复数形式 ); 意向; 几乎完全; 差不多等于
interact	.intәr'ækt	vi. 互相影响, 交互作用
interacted	ˌɪntərˈæktid	v. 相互作用[影响], 互相配合( interact的过去式和过去分词 ); 交流; 沟通; 合作
interacting	计	[原型] interacting 是 interact 的现在分词
interaction	.intәr'ækʃәn	n. 交互作用, 交感
interactions	ɪntə'rækʃnz	n. 一起活动( interaction的复数形式 ); 合作; 互相影响; 互动
interacts	ˌɪntərˈækts	v. 相互作用[影响], 互相配合( interact的第三人称单数 ); 交流; 沟通; 合作
interconnect	.intәkә'nekt	vt. 使互相连接
interconnected	,intəkə'nektid	v. 互相连接, 互相联系( interconnect的过去式和过去分词)
interconnecting	计	[原型] interconnect
interconnects	ˌɪntəkəˈnekts	v. 互相连接, 互相联系( interconnect的第三人称单数 )
intercourse	'intәkɒ:s	n. 交往, 交流
intercoursed	'ɪntəkɔːs	intercourse
intercourses	ˈintəkɔ:siz	n. 交流，交往，交际( intercourse的名词复数 )
interest	'intrist	n. 兴趣, 嗜好, 利息, 利益, 爱好, 趣味, 势力
interested	'intristid	a. 感兴趣的
interestest	'ɪnt(ə)rɪst	n. 兴趣；关注；注意，关心；爱好；令人感兴趣的人(或事)；趣味
interesting	'intristiŋ	a. 有趣的
interests	ˈintrists	n. 兴趣( interest的名词复数 ); 利益; 利息; 关注
interface	'intәfeis	n. 分界面, 接触面, 界面
interfaced	'intә:feist	a. 界面的；界面上的
interfaces	ˈintəfeisiz	n. 界面( interface的复数形式 ); <计>接口（连接两装置的电路, 可使数据从一种代码转换成另一种代码）;
interfere	.intә'fiә	vi. 妨碍, 冲突, 干涉, 抵触
interfered	ˌɪntəˈfiəd	v. 干预( interfere的过去式和过去分词 ); 调停; 妨碍; 干涉
interference	.intә'fiәrәns	n. 冲突, 干涉
interferences	ɪntə'fɪərənsɪz	n. 干涉( interference的复数形式 ); 介入; 阻碍; 干扰
interferer		干涉
interferes	ˌɪntəˈfiəz	v. 干预( interfere的第三人称单数 ); 调停; 妨碍; 干涉
interior	in'tiәriә	n. 内部, 内政
interiors	inˈtiəriəz	n. 内部( interior的复数形式 ); 里面; 内地; （国家的）内政
intermediate	.intә'mi:diәt	n. 中间物, 调停者, 中级
intermediated		(intermediate 的过去分词) n. 中间物, 调停者, 中级
intermediates	ˌɪntər'mi:dɪəts	n. 中级学生( intermediate的复数形式 ); 调解人, 中间人
internal	in'tә:nәl	a. 内在的, 国内的
internals	化	[原型] internals 是 internal 的复数
international	.intә'næʃәnәl	a. 国际的
internationales		(Internationale 的复数) [法]《国际歌》
internationals		n. 世界赛选手；国际组织；侨居外国者；国家代表队（international的复数）
internet	'intәnet	[计] 因特网, 国际互连网, 网际网络, 互连网络, 广域网
internets		n. 【计】互联网；【计】因特网
internetted	'ɪntɚnɛt	n. 【计算机】因特网；国际互联网[口语简称为 the Net (网)]
internetter		n. Internet的变形
interpersonal	.intә'pә:sәnәl	a. 人与人之间的, 人际(关系)的
interpret	in'tә:prit	vt. 解释, 演出, 翻译, 理解
interpretation	in.tә:pri'teiʃәn	n. 解释, 演出, 翻译
interpretations	ɪntɜ:prɪ'teɪʃnz	n. 解释( interpretation的复数形式 ); 表演; 演绎; 理解
interpreted	inˈtə:pritid	v. 解释( interpret的过去式和过去分词 ); 理解; 把…理解为; 演绎（按自己的感觉演奏音乐或表现角色）
interpreter	in'tә:pritә	n. 直译程序, 解释者, 口译者, 注释器
interpreters		n. 解释器；直译程式；解释程序；口译者（interpreter的复数）
interpretes	网络	(interprete 的复数)
interpreting	计	[原型] interpreting 是 interpret 的现在分词
interprets	inˈtə:prits	v. 解释( interpret的第三人称单数 ); 理解; 把…理解为; 演绎（按自己的感觉演奏音乐或表现角色）
interrupt	.intә'rʌpt	vt. 中断, 妨碍, 插嘴
interrupted	,intә'rʌptid	a. 中断的, 被阻断的, 被遮断的, 被打断的
interrupter	.intә'rʌptә	n. 打断者, 阻碍者, 断续器
interrupting	计	[原型] interrupting 是 interrupt 的现在分词
interruption	.intә'rʌpʃәn	n. 打扰, 中断, 障碍物
interruptions	ˌɪntəˈrʌpʃənz	n. 中断( interruption的复数形式 ); 打断; 障碍物; 打岔的事
interrupts	ˌɪntəˈrʌpts	v. 打断( interrupt的第三人称单数 ); 暂停; 中断; 阻断
interval	'intәvәl	n. 间隔, 距离, 间歇, 间隙
intervales		n. 平地；(适于耕作的)河滩地
intervals	'ɪntevl	n. [军事]间隔( interval的复数形式 ); 间隔时间; [数学]区间; （戏剧、电影或音乐会的）幕间休息
intervene	.intә'vi:n	vi. 插入, 调停, 干涉
intervened	ˌɪntəˈvi:nd	v. 阻碍( intervene的过去式和过去分词 ); 出面; 插嘴; 介于…之间
intervener	法	(41291/-)
intervenes	ˌɪntəˈvi:nz	v. 阻碍( intervene的第三人称单数 ); 出面; 插嘴; 介于…之间
intervenest	ɪntə'viːn	vi. 插进；介入；介于中间；发生于其间：；干涉；干预：
interview	'intәvju:	n. 面谈, 访问, 接见, 面试
interviewed	ˈintəvju:d	v. 面试( interview的过去式和过去分词 ); 访问; 会见; （私下）提问
interviewee	.intәvju:'i:	n. 被接见者, 被采访者, 被面试者
interviewees	ˌɪntəvju:ˈi:z	n. 接受面谈者, 被接见者( interviewee的复数形式 )
interviewer	'intәvju:ә	n. 会见者, 面谈者, 进行面试者
interviewing		vi. 面试；参加面试（interview的ing形式）
interviews	ˈintəvju:z	n. 接见( interview的名词复数 ); 采访; 面谈; 会谈
intimate	'intimәt	a. 亲密的, 私人的, 秘密的
intimated	ˈɪntɪmətid	v. 示意, 暗示( intimate的过去式和过去分词 )
intimater		n. intimate的变形
intimates	ˈɪntɪməts	n. 至交, 密友( intimate的名词复数 )
intimatest	'ɪntɪmət	adj. 亲密的，亲切的；友好的；密切的；深入了解的；熟悉的，精通的
into	'intu:	prep. 进入...之内, 朝..., 深入...之中, 成为...状况
intoed	'intәud	a. 足趾内弯的
intonation	.intәu'neiʃәn	n. 朗诵, 语调, 唱
intonations	ˌɪntəˈneɪʃənz	n. 语调, 说话的抑扬顿挫( intonation的复数形式 ); （演奏或唱歌中的）音准
introduce	.intrә'dju:s	vt. 介绍, 引入, 采用, 输入
introduced	ɪntrəd'ju:st	a. [医]引种的, 引进的
introducer	.intrә'dju:sә	n. 介绍人, 引进者, 创始者
introduces		介绍
introducest	ɪntrə'djuːs	vt. 使相互认识；介绍；引见：；带领；引导：
introduction	.intrә'dʌkʃәn	n. 介绍, 传入, 采用, 初步
introductions	ˌɪntrəˈdʌkʃənz	n. 介绍( introduction的复数形式 ); 引言; 引进; 新采用的东西
invade	in'veid	vt. 侵入, 拥入, 侵略, 侵袭
invaded	inˈveidid	v. 侵入, 侵略( invade的过去式和过去分词 ); 涌入; 侵袭; 侵犯
invader	in'veidә	n. 侵略者
invaders		n. 侵入种；侵略者（invader的复数）
invades	inˈveidz	v. 侵入, 侵略( invade的第三人称单数 ); 涌入; 侵袭; 侵犯
invadest	ɪn'veɪd	vt. 侵略，侵入：；侵犯；干扰，打扰：
invalid	in'vælid	n. 病人, 残废者
invalided		vt. 使伤残（invalid的过去式与过去分词形式）
invalides	网络	[原型] invalides 是 invalide 的第三人称单数
invaliding	inˈvælidɪŋ	[医]伤病
invalids	inˈvælidz	n. 病人, 残疾者( invalid的名词复数 )
invaluable	in'væljuәbl	a. 无价的, 价值无法衡量的
invariably	in'vєәriәbli	adv. 不变化地, 恒定地, 始终如一地
invasion	in'veiʒәn	n. 侵犯, 侵入, 侵害
invasions	inˈveiʒənz	n. 武装入侵( invasion的复数形式 ); （尤指烦扰的）涌入; 侵犯; 干预
invent	in'vent	vt. 发明, 创作, 虚构
invented	ɪn'ventɪd	n. 虚拟
inventer	in'ventә(r)	n. 发明者, 发明家
inventest	ɪn'vent	vt.
inventing	inˈventɪŋ	v. 发明, 创造( invent的现在分词 ); 编造
invention	in'venʃәn	n. 发明, 创作能力, 虚构的故事
inventions	inˈvenʃənz	n. 发明( invention的复数形式 ); 捏造; 创造力; 发明物
inventor	in'ventә	n. 发明家
inventoried		vt. 编制…的目录（inventory的过去式与过去分词形式）
inventories	/ˈɪnvəntri/	n. 总结( inventory的名词复数 ); 细账; 存货清单（或财产目录）的编制
inventors	ɪn'ventəz	n. 发明家, 发明者( inventor的复数形式 )
inventorying		vt. 编制…的目录（inventory的现在分词形式）
invents	inˈvents	v. 发明, 创造( invent的第三人称单数 ); 编造
inversely		adv. 相反地
invest	in'vest	vt. 投资, 花费, 笼罩, 授予
invested		vt. 投资, 花费
invester		n. 投资者
investest	ɪn'vest	vt.
investigate	in'vestigeit	v. 调查, 审查
investigated	inˈvestiɡeitid	v. 调查( investigate的过去式和过去分词 ); 审查; 侦查; 研究
investigates	inˈvestiɡeits	n. 调查( investigate的名词复数 ); 审查; 侦查; 研究
investigatest	ɪn'vestɪgeɪt	vt.
investigation	in.vesti'geiʃәn	n. 调查, 审查
investigations	ɪnvestɪ'ɡeɪʃnz	n. （正式的）调查( investigation的复数形式 ); 侦查; 科学研究; 学术研究
investing	医	[原型] investing 是 invest 的现在分词
investment	in'vestmәnt	n. 投资
investments		n. 投资, 投资的财产；投资学（investment的复数形式）
invests	inˈvests	v. 投资, 花费( invest的第三人称单数 ); 授予; （把资金）投入; 投入（时间、精力等）
invisible	in'vizәbl	a. 看不见的, 无形的
invisibled	ɪn'vɪzɪb(ə)l	adj.
invisibles	经	[原型] invisibles 是 invisible 的复数
invitation	.invi'teiʃәn	n. 邀请, 请柬, 引诱
invitations	ˌɪnviˈteiʃənz	n. （口头或书面的）邀请( invitation的复数形式 ); 请柬; 鼓励; （尤指）怂恿
invite	in'vait	vt. 邀请, 请求, 引起, 招致
invited		v. 邀请；引起, 招致（invite的过去分词）
invitees		(invitee 的复数) n. 被邀请者
inviter		n. 邀请者
invites	inˈvaits	v. 邀请( invite的第三人称单数 ); 请求; 引诱; 招致
invitest	ɪn'vaɪt	vt.
invoice	'invɒis	n. 发票, 发货单
invoiced		v. 开发票（invoice的过去式与过去分词形式）
invoicer	'ɪnvɒɪs	n.
invoices		n. 发票, 单据（invoice的复数）
involve	in'vɒlv	vt. 包括, 使陷于, 潜心于, 包围
involved	in'vɔlvd	a. 难懂的, 复杂的, 不易懂的, 卷入...之中的, 累及..., 与...有关, 被纠缠的
involver		牵涉到的人, 参与者
involves		v. 包含；牵涉（involve的第三人称单数形式）
inward	'inwәd	a. 内心的, 向内的, 本来的
inwards	'inwәdz	adv. 在内部, 向中心, 向内, 内里
ion	'aiәn	n. 离子
iones	网络	[原型] iones 是 ione 的复数
ions		n. 离子（ion复数）
ir	化	[医] 铱(77号原素)
iron	'aiәn	n. 铁, 熨斗, 铁器, 坚强, 烙铁, 镣铐
ironed	ˈaiənd	v. 熨平( iron的过去式和过去分词 ); 用鱼叉叉（鱼）; 用铁铸成; 给…加铁具（以使牢固）
ironer	'aiәnә	n. 烫衣者(工具)
ironic	aiә'rɔnik	a. 冷嘲的, 挖苦的, 反话的, 讽刺的, 令人啼笑皆非的, 出乎意料的
ironies	ˈaiərəniz	n. 反语( irony的复数形式 ); 冷嘲; 具有讽刺意味的事; 嘲弄
ironing	'aiәniŋ	n. 熨烫
irons		n. 镣铐
irregular	i'regjulә	n. 不规则物, 不合规格之物
irregulares		不规则古杯纲
irregularities	ɪreɡjʊ'lærɪtɪz	n. 不规则( irregularity的名词复数 ); 不平整; 不整齐; 不规则的事物
irregularity	i.regju'læriti	n. 不规则, 例外, 违反规则的行为
irregulars	ɪ'regju:ləz	n. 非正规军军人( irregular的复数形式 )
irrespective	.iri'spektiv	a. 不顾的, 无关的, 没关系的
irrigation	.iri'geiʃәn	n. 灌溉, 冲洗
irrigations		(irrigation 的复数) n. 灌溉, 冲洗
irritate	'iriteit	vt. 激怒, 使发怒, 使兴奋, 使发炎
irritated	'iriteitid	a. 被激怒的, 生了气的, 变粗的, 因刺激而发炎的, 发红的
irritates	ˈiriteits	v. 使发怒( irritate的第三人称单数 ); 使急躁; 使感到不适; 使疼痛
is	iz	be的现在式第三人称
isd		abbr. 国际订户拨号（International Subscriber Dialing）；教案设计（Instruct
ises		abbr. 国际太阳能学会（International Solar Energy Society）
ising		abbr. isinglass 鱼胶
islam	'izlɑ:m	n. 伊斯兰教
islams	'ɪz'lɑm	n. 伊斯兰教
island	'ailәnd	n. 岛, 岛屿, 孤立地区, 安全岛
islanded		使孤立（island的过去式与过去分词形式）
islander	'ailәndә	n. 岛民
islanding		使孤立（island的现在分词形式）
islands		n. 岛屿；群岛（island的复数）
isolate	'aisәleit	vt. 使隔离, 使孤立, 使绝缘
isolated	'aisәleitid	a. 孤立的, 孤零零的
isolates		n. 孤立者；隔离群（isolate的复数）
iss	化	(-/31506)
issue	'isju	n. 发行, 问题, 后果, 流出, 出口, 争端
issued		v. 发布, 发行（issue的过去分词形式）
issuer	'iʃjuә	n. 发行者
issues		n. 议题, 问题；争点；债券（issue的复数）
issuest	'ɪʃuː; 'ɪsjuː	n.
ist		abbr. 胰岛素休克疗法（insulin shock therapy）；星际航行（Interplanetary Spa
it	it	pron. 它
italian	i'tæljәn	n. 意大利人, 意大利语
italianer	ɪˈtælɪən	a. 意大利的；意大利人的
italians	ɪˈtæljənz	n. 意大利人, 意大利国民, 意大利语( Italian的复数形式 )
italics	i'tæliks	n. 斜体字
italicss		n. 斜体字
italies	网络	[原型] italies 是 italy 的复数
italy	'itәli	n. 意大利
itd	'ɪtɪd	[医][=idiopathic torsion dystonia]特发性扭转张力障碍
ited		abbr. integrated trajectory error display 综合轨[弹]道误差显示（器）; Io
item	'aitәm	n. 项目, 条款, 一则, 项
itemed	'aɪtəm	n. 条款, 项目；一则
iteming	'aɪtəm	n. 条款, 项目；一则
items		n. 项目；名目；所有物品（item的复数形式）
ites		(ite 的复数) abbr. 交通工程师学会Institute of Traffic Engineers；电信工程师学
ithaca	'iθәkә	n. 伊萨卡岛（希腊西部爱奥尼亚海中群岛之一）
ithacas		n. 伊萨卡岛（希腊西部爱奥尼亚海中群岛之一）
ities		(ity 的复数) abbr. 水晶麻（Intermingle Yarn）；内外之合说（心理学术语）
itr		abbr. incremental tape recorder 增量录音机; integrated test requi
its	its	pron. 它的
itself	it'self	pron. 它本身, 它自己
ivories	ˈaivəriz	n. 象牙( ivory的名词复数 ); 象牙制品; 象牙色; 象牙质
ivory	'aivәri	n. 象牙, 乳白色
iying		(iie 的现在分词) n. (Iie)人名；(日)饭卫 (姓)
jack	dʒæk	n. 插座, 千斤顶, 男人
jacked		v. 抬高（价格等）；用千斤顶顶起（jack的过去分词）
jacker		n. 千斤顶；插座；男人 (jack的变形)
jacket	'dʒækit	n. 夹克, 外套, 护套
jacketed	'dʒækitid	a. 有套的；备有夹套的
jacketing	'dʒækitiŋ	n. 机套, 殴打, 鞭打
jackets		n. 短上装；夹克衫（jacket的复数）
jackies	网络	[原型] jackies 是 jackie 的复数
jacking	'dʒækiŋ	v. 顶托；提高；用篝灯猎捕；训斥（jack的现在分词）
jacks	dʒæks	n. 抓子游戏；家伙；小伙子（jack的复数）
jail	dʒeil	n. 监牢, 监狱, 拘留所
jailed		a. 监禁的
jailer	'dʒeilә	n. 看守监狱的人, 狱卒
jailing	dʒeilɪŋ	v. 监禁, 拘留( jail的现在分词 )
jails	dʒeilz	n. 监狱( jail的名词复数 )
jam	dʒæm	n. 果酱, 拥塞之物, 堵塞, 困境
james	dʒeimz	n. 詹姆斯（姓氏, 男子名）；[圣]《雅各书》
jamie		n. 杰米（男子名）
jamies	网络	[原型] jamies 是 jamie 的复数
jammed		a. 轧住了的；堵塞的；拥挤的
jammer	'dʒæmә	[计] 电气干扰, 人为干扰台
jamming	'dʒæmiŋ	n. 干扰, 人为干扰
jams	dʒæmz	n. 宽短裤；短裤睡衣
janice		n. 贾尼斯（女子名, 等于Janis）
jansons	网络	[原型] jansons 是 janson 的复数
januaries	ˈdʒænjuəriz	n. 一月( January的名词复数 )
january	'dʒænjuәri	n. 一月
januarys	'dʒænjuəri	n. 一月；【女名】女子名
japan	dʒә'pæn	n. 日本
japaned	dʒə'pæn	日本国(亚洲东部岛国，首都东京)[日语 Nihon，Nippon]
japanese	.dʒæpә'ni:z	n. 日本人, 日语
japaneses	网络	[原型] Japaneses 是 japanese 的复数
japaning	dʒə'pæniŋ	japaning
japanned	dʒə'pænd	a. 漆过的
japanner	dʒә'pænә	n. 漆工, 油漆工
japanning	dʒә'pæniŋ	n. [冶] 涂漆
japans	dʒə'pæn	n. 漆器；日本亮漆
jar	dʒɑ:	n. 广口瓶, 震动, 刺耳声
jard		n. (Jard)人名；(法)雅尔；(瑞典)亚德
jared		(jare 的过去时) abbr. Japanese Antarctic Research Expedition 日本南
jarred	人名	[原型] jarred 是 jar 的过去式和过去分词
jarring	'dʒɑ:riŋ	a. 辗轧的, 刺耳的, 不和谐的
jars		n. 广口瓶；震动；刺耳声（jar的复数）
jasmine	'dʒæsmin	n. 茉莉, 淡黄色
jasmined	'dʒæsmin	jasmined
jasmines		(jasmine 的复数) n. 茉莉, 淡黄色
jason		n. 詹森（男子名）
jasons		n. 贾森；【希神】伊阿宋；【男名】男子名
jaw	dʒɒ:	n. 颚, 颌
jawed	dʒɔ:d	a. 有颌的, 有颚的
jawing	'dʒɔ:iŋ	用水灌注
jaws	jɒ:z	n. 口, 狭口, 咽喉, 险地
jazz	dʒæz	n. 爵士乐, 喧闹
jazzed		vt. 把…奏成爵士音乐（jazz的过去式与过去分词形式）
jazzer	'dʒæzə	爵士乐爱好者
jazzes	dʒæz	n. 爵士音乐；活泼放纵；浮华而不实的行为；陈腔滥调的废话
jazzies	'dʒæzɪ	adj. 爵士乐的；有爵士乐特征的；[俚语]令人兴奋的；活泼的，活泼狂放的；愉快的
jazzing		vt. 把…奏成爵士音乐（jazz的现在分词形式）
jazzs	dʒæziz	n. 爵士乐( jazz的名词复数 ); <俚>废话
jealous	'dʒelәs	a. 嫉妒的, 羡慕的, 留心的, 戒备的
jealoused	'dʒeləs	adj.
jealouser	'dʒeləs	adj.
jealouses	'dʒeləs	adj.
jealousest	'dʒeləs	adj.
jealousies	ˈdʒeləsi:z	n. 妒忌( jealousy的名词复数 ); 妒羡
jealousing	'dʒeləs	adj.
jealousy	'dʒelәsi	n. 妒忌, 猜忌, 羡慕
jean	dʒi:n	n. 牛仔裤, 牛仔布, 斜纹棉布
jeaned	dʒi:nd	a. 穿着牛仔裤的
jeanes		(jeane 的复数)  [人名] 珍妮
jeans	dʒi:nz	n. 工装裤, 牛仔裤
jeep	dʒi:p	n. 吉普车
jeeped	dʒiːp	n. 吉普车
jeeper	ˈdʒi:pə	n. 电测井操作者；自行式电测井装置
jeeps		n. 吉普车（Jeep的复数形式）
jellies	'dʒeliz	n. 果胶；凝胶剂（jelly复数）
jelly	'dʒeli	n. 果冻, 果冻甜食, 胶状物
jellying	化	[原型] jellying 是 jelly 的现在分词
jellys		(jelly 的复数) n. 果冻, 果冻甜食, 胶状物
jem		abbr. 正义与平等运动（Justice and Equality Movement）；日本通信卫星（Japan Ex
jems		abbr. Japanese Electric Machine Standard 日本电机工业标准
jerk	dʒә:k	n. 性情古怪的人, 急拉, 肌肉抽搐, 牛肉干
jerked	dʒə:kt	v. 猛拉( jerk的过去式和过去分词 ); （使…）猝然一动[颤动]
jerker		n. 小型单缸柱塞泵；海关检查员；肌肉抽搐
jerkest	dʒə:k	jerk1
jerkied	'dʒə:ki	adj.
jerkies	'dʒɜːkɪ	adj. 抽筋的；急动的；不平稳的
jerking		n. 颠簸；震摇；顿挫
jerks		n. 急促而猛烈的动作；[俚]傻瓜（jerk的复数）
jerkying	'dʒə:ki	adj.
jerries	'dʒerɪ	a. 偷工减料的；草率的
jerry	'dʒeri	a. 草率的, 偷工减料的
jessica	'dʒesikә	n. 杰西卡（女子名）
jesus	'dʒi:zәs	n. 耶稣
jesuss	网络	[原型] jesuss 是 jesus 的复数
jet	dʒet	n. 喷射流, 喷嘴, 煤玉
jeted	dʒɛt	JET
jeter		n. 基特（姓氏）
jetes		(jete 的复数) n. <法>（芭蕾舞的）小跳（单脚跳起单脚落地）
jets		n. 喷射机队；喷气机（jet的复数形式）
jetted	'dʒetid	a. 用黑色大理石装饰的
jetter	'dʒetә	掘泉人
jettest		un. 喷气发动机试车
jetting	'dʒetiŋ	n. 喷射；注射
jew	dʒu:	n. 犹太人, 守财奴, 犹太教信徒
jewel	'dʒu:әl	n. 珠宝, 贵重物, 镶珠宝的饰物
jeweled		a. 用宝石装饰的, 有宝石的, 镶有宝石的, 饰有宝石的
jeweler	'dʒu:әlә(r)	n. 宝石商, 宝石匠, 珠宝商
jeweling		n. 宝石；珠宝；珠宝首饰；宝石饰品
jewelled	'dʒu:әld	a. 用宝石装饰的, 有宝石的, 镶有宝石的, 饰有宝石的
jeweller	'dʒu:әlә(r)	n. 宝石商, 宝石匠, 珠宝商
jewelleries	网络	[原型] jewelleries 是 jewellery 的复数
jewellery	'dʒu:әlri	n. 宝石, 贵重饰物, 珠宝, 宝石饰物, 受珍视的人/物, 宝贝, 有价值的人/物
jewelling	dʒu:ə'lɪŋ	压铝
jewels		n. 珠宝；宝石（jewel的复数形式）
jewish	'dʒu:iʃ	a. 犹太人的, 犹太族的
jews		n. 犹太人, 犹太教（Jew的复数形式）
jingle	'dʒiŋgl	n. 叮当声
jingled	'dʒiŋ^ld	a. 喝醉的
jingler	d'ʒɪŋɡlər	n. 喝醉酒的人
jingles	ˈdʒɪŋgəlz	n. 叮当声( jingle的名词复数 ); 节拍十分规则的简单诗歌
job	dʒɒb	n. 工作, 零活, 职业, 事情
jobbed		vt. 承包（job的过去式与过去分词形式）
jobber	'dʒɒbә	n. 批发商, 股票经纪人
jobbing	'dʒɔbiŋ	a. 做零活的
jobed	dʒɒb	n.
jobies	网络	(joby 的复数)
jobing	dʒɒb	n.
jobs	dʒɔbs	n. 工作（job的复数形式）
jog	dʒɒg	n. 轻推, 轻撞, 慢跑
joged	dʒɔɡ	jog1
jogged	'dʒɔ^d	接合的, 啮合的
jogger	'dʒɔɡә(r)	n. 慢跑者；[印刷]撞纸机
joggers	d'ʒɒɡəz	n. 慢跑锻炼者( jogger的复数形式 )
jogging	'dʒɒgiŋ	n. 慢跑
jogs	dʒɔɡz	v. （使）慢走, 慢跑( jog的第三人称单数 ); 轻敲, 轻推
johannesburg	dʒәu'hænisbә:^	约翰内斯堡[南非(阿扎尼亚)东北部城市]
johannesburgs	dʒəu'hænisbə:ɡ	Johannesburg
join	dʒɒin	vi. 参加, 结合, 加入
joined		v. 加入；连接；参加（join的过去式, 过去分词）
joiner	'dʒɔinә	n. 细工木匠, 接合者, 接合物
joinest	dʒɒɪn	vt.
joining	'dʒɔiniŋ	n. 接缝；连接；连接物
joins		n. 连接；参加；结合（join的复数）
joint	dʒɒint	n. 连接处, 接合, 关节
jointed	'dʒɒintid	a. 有接缝的, 有节的, 有接头的
jointer	'dʒɒintә	n. 拼接工, 接合物
jointest	dʒɒɪnt	joint
jointing	'dʒɔintiŋ	n. 焊接, 填料
joints		n. 关节；连接, 接头；运动付（joint的复数形式）
joke	dʒәuk	n. 笑话, 玩笑, 笑柄
joked	dʒəukt	v. 开玩笑( joke的过去式和过去分词 ); 戏弄; 闹着玩; 说着玩
joker	'dʒәukә	n. 诙谐者, 家伙, 巧计
jokes		n. 笑话（joke的复数）
jokest	dʒəʊk	n.
jollies	ˈdʒɔliz	n. 快活的, 高兴的, 兴高采烈的( jolly的名词复数 ); 使（某人）甘愿或渴望做（某事）, 怂恿
jolly	'dʒɒli	a. 愉快的, 高兴的, 宜人的
jollying	'dʒɔliiŋ	(=jiggering)盘车拉坯
jordan	'dʒɒ:dәn	n. 约旦, 约旦河, 尿壶
jordanes		约尔达内斯
jordaning	'dʒɔ:dәniŋ	磨浆
jordans	人名	[原型] jordans 是 jordan 的复数
joseph	'dʒәuzif	n. 约瑟夫（男子名）；约瑟（圣经中雅各的第十一子）
josephs		n. (Josephs)人名；(英、德)约瑟夫斯
journal	'dʒә:nәl	n. 日记, 杂志, 日报
journaler	'dʒɜːn(ə)l	n.
journaling	'dʒә:nliŋ	[计] 记日志, 记载, 注册, 登记, 日志报表
journalist	'dʒә:nәlist	n. 新闻记者, 从事新闻杂志业的人
journalists	'dʒɜ:nəlɪsts	n. 新闻工作者, 新闻记者( journalist的复数形式 )
journals		n. 日记账；日记；学术期刊（journal的复数）
journey	'dʒә:ni	n. 旅程, 旅行, 行程
journeyed		vi. 旅行, 出游（journey的过去式与过去分词形式）
journeyer	'dʒə:niə	n. 旅行者, 游客
journeyest	'dʒɜːnɪ	n.
journeying		vi. 旅行, 出游（journey的现在分词形式）
journeys		n. 旅行；历程（journey的复数形式）
joust	dʒaust	n. 马背长矛打斗, 格斗
jousted	dʒaʊstid	v. （骑士）骑马用长矛比武( joust的过去式和过去分词 )
jouster		n. 竞技；厮打 (joust的变形)
jousting	dʒaʊstɪŋ	v. （骑士）骑马用长矛比武( joust的现在分词 )
jousts	dʒaʊsts	n. （骑士）骑着马用长矛打斗( joust的名词复数 ); 格斗, 竞争
joy	dʒɒi	n. 欢喜, 乐事, 高兴
joyed	dʒɒɪ	n. 欢乐, 快乐；乐趣；高兴
joyful	'dʒɒiful	a. 欢喜的, 高兴的, 令人高兴的
joyfulest	'dʒɒɪfʊl; -f(ə)l	adj.
joyfuller	'dʒɒɪfʊl; -f(ə)l	adj.
joyfullest	'dʒɒɪfʊl; -f(ə)l	adj.
joying		n. 欢乐；乐趣
joys	dʒɔiz	n. 欢乐( joy的名词复数 ); 乐事; 成功; 满意
judge	dʒʌdʒ	n. 法官, 裁判员, 审判官, 鉴定人
judged	dʒʌdʒd	判断正确的
judgement	'dʒʌdʒmәnt	n. 审判, 判决, 判断
judgements	ˈdʒʌdʒmənts	n. 判断( judgement的复数形式 ); 审判; 看法; 报应
judger		n. 法官, 审判员; 仲裁人; 鉴赏家
judges	'dʒʌdʒiz	n. 士师记（又译《民长记》, 旧约全书之一卷）
judgest	dʒʌdʒ	n.
jug	dʒʌg	n. 水壶, 监牢, 模仿夜莺的叫声
juger		审判, 审理, 审讯；判决；裁判, 仲裁, 裁决；识别, 判断；评论, 评价, 认为, 估计
juges	网络	[原型] juges 是 juge 的复数
jugged	dʒʌ^d	齿形, 锯齿形的
jugger	dʒʌg	n. (有嘴带柄的)大壶, 大罐, 盂；陶制啤酒壶
jugging		陶罐炖煮
juggle	dʒʌgl	vi. 玩戏法, 行骗, 篡改
juggled	ˈdʒʌɡld	v. 歪曲( juggle的过去式和过去分词 ); 耍弄; 有效地组织; 尽力同时应付（两个或两个以上的重要工作或活动）
juggler	'dʒʌglә	n. 变戏法者, 行骗者
juggles	ˈdʒʌɡlz	v. 歪曲( juggle的第三人称单数 ); 耍弄; 有效地组织; 尽力同时应付（两个或两个以上的重要工作或活动）
jugs	dʒʌɡz	n. （有柄及小口的）水壶( jug的名词复数 )
juice	dʒu:s	n. 汁, 活力, 体液
juiced	dʒu:st	a. 有汁的,喝醉的
juicer	'dʒu:sә	n. 榨汁器, 照明技师
juices	dʒu:siz	n. 汁( juice的复数形式 ); 果汁; 胃液; 电
julie		n. 朱莉（女子名）
julier		n. (Julier)人名；(匈)尤利耶尔；(法)朱利耶
julies	dʒu:ˈlaiz	n. 七月( July的名词复数 ); [人名] 朱利斯
july	dʒu:'lai	n. 七月
jump	dʒʌmp	n. 跳跃, 跳动, 暴涨, 惊跳
jumped		v. 跳跃（jump的过去分词）
jumper	'dʒʌmpә	n. 跳跃者, 工作服
jumpest	dʒʌmp	vi.
jumping	'dʒʌmpiŋ	a. 跳跃的
jumpings	'dʒʌmpɪŋ	adj. 跳跃的
jumps		v. 跳跃；暴增（jump的三单形式）
junction	'dʒʌŋkʃәn	n. 连接, 会合处, 交叉点
junctions		n. 连接；交叉点；接头（junction的复数）
june	dʒu:n	n. 六月
junees	地名	(junee 的复数)
junes	dʒu:nz	n. 六月( June的名词复数 )
jungle	'dʒʌŋgl	n. 丛林, 杂乱的一堆, 弱肉强食的地方
jungled	d'ʒʌŋɡld	榛榛
jungles	ˈdʒʌŋɡlz	n. （热带）丛林( jungle的复数形式 ); 丛林音乐(20 世纪 90 年代初发端于英国的一种流行快步舞曲, 歌
junior	'dʒu:njә	n. 年少者, 地位较低者, 大学三年级学生
juniorest	'dʒuːnɪə	adj.
juniors		n. 青少年（junior的复数）
junk	dʒʌŋk	n. 垃圾, 乌七八糟的东西, 舢板
junked	dʒʌŋkt	v. 丢弃, 废弃( junk的过去式和过去分词 )
junker	'dʒʌŋkә	n. 吸食麻药者, 破汽车
junkest		n. 垃圾, 乌七八糟的东西, 舢板
junkies	d'ʒʌŋkɪz	n. 吸海洛因的成瘾者( junkie的复数形式 ); 吸毒者( junky的复数形式 )
junking	ˈdʒʌŋkiŋ	n. <美><非正>报废
junks	dʒʌŋks	n. 废旧物品, 破烂物( junk的名词复数 ); 中国式平底帆船
junkst		Clean version of Shit; stuff, junk
jupiter	'dʒu:pitә	n. 朱庇物(罗马神话中的主神), 木星
jupiters	网络	[原型] jupiters 是 jupiter 的复数
juries		n. 评委会；陪审团（jury的复数）
jury	'dʒuәri	n. 陪审团, 评判委员会
just	dʒʌst	a. 正直的, 合理的, 正确的, 应得的
justed	dʒʌst	adj. 公正的；正义的；恰当的；适当的
juster		n. 贾斯特（姓氏）
justes		(juste 的复数)  [医]祛脂癸硫酯（降血脂药）
justest		公正的（just的最高级）
justice	'dʒʌstis	n. 正义, 公平, 公正, 正确, 司法, 审判
justices	d'ʒʌstɪsɪz	n. 正义( justice的复数形式 ); 公正; 法律制裁; 司法
justifies	ˈdʒʌstifaiz	v. 证明…有理( justify的第三人称单数 ); 为…辩护; 对…作出解释; 为…辩解（或辩护）
justify	'dʒʌstifai	vt. 替...辩护, 证明
justifying		活字整理
justing	dʒʌst	adj. 正值的；公平的；恰当的；适当的
justs	dʒʌst	adj. 正值的；公平的；恰当的；适当的
kakadus	网络	(kakadu 的复数)
karaoke	'kærә.әuki. kærә'әuki	n. 卡拉OK；卡拉OK录音, 自动伴奏录音
karaokes		(karaoke 的复数) n. 卡拉OK；卡拉OK录音, 自动伴奏录音
katie	'keiti	n. 卡蒂（女子名, 等于Kate）
kebab	kә'bɑ:b	n. 烤肉串配蔬菜
kebabbed	kɪ'bæb; kə'bɑːb	n.
kebabbing	kɪ'bæb; kə'bɑːb	n.
kebabs	kəˈbɑ:bz	n. （印度）烤腌羊肉串, 肉串上的肉块( kebab的复数形式 )
keen	ki:n	a. 锋利的, 敏锐的, 强烈的, 敏捷的, 热心的, 渴望的
keened	ki:nd	v. （为死者）恸哭, 哀号( keen的过去式和过去分词 )
keener	'ki:nә	n. 痛哭者
keenest		a. 锋利的( keen的最高级 ); 热衷的; 热情的; 良好的
keenies	人名	(keeny 的复数)
keening	'ki:nɪŋ	n. 哭丧, 哀恸
keens	ki:nz	v. （为死者）恸哭, 哀号( keen的第三人称单数 )
keep	ki:p	n. 生计, 维持, 保持
keeped	kiːp	vt.
keeper	'ki:pә	n. 监护人, 管理人, 看守人
keepers	ˈki:pəz	n. 饲养员( keeper的复数形式 ); 保管人; 管理人; 负责人
keepes	医	(keepe 的复数)
keepest	kiːp	vt.
keeping	'ki:piŋ	n. 保管, 供养, 一致
keeps		n. 罐笼座；盖子（keep的复数形式）
ken	ken	n. 视野范围, 知识范围, 见地
kened	ken	肯(男子名)[Kenneth 的异体]
kenned	'kend	v. <苏格兰>知道( ken的过去式和过去分词 ); 懂得; <古>看到; <方>认出
kenner		n. 肯纳（姓氏）
kenning	'keniŋ	n. 隐喻语
kens		知道（ken的第三人称单数形式）
kent	kent	n. 肯特郡(英国郡名)
kentes		n. (Kente)人名；(瑞典)肯特
kents	网络	[原型] kents 是 kent 的复数
kenya	'kenjә	n. 肯尼亚
kenyas	网络	[原型] kenyas 是 kenya 的复数
kernel	'kә:nl	n. 核心, 中心, 精髓, 内核
kerneled	'kɜːn(ə)l	n. 核心, 要点；[计] 内核；仁；麦粒, 谷粒；精髓
kerneling	'kɜːn(ə)l	n. 核心, 要点；[计] 内核；仁；麦粒, 谷粒；精髓
kernelled	kɜ:nl'led	a. 有核仁的
kernelling	'kɜːn(ə)l	n. 子粒；谷粒, 麦粒；(果木的)核；仁；籽
kernels		n. 核心程序, 核心（kernel的复数形式）
kettle	'ketl	n. 茶壶, 罐
kettled		(kettle 的过去时) n. 茶壶, 罐
kettles	ˈketlz	n. （烧水用的）壶( kettle的复数形式 )
kevin	'kenin	n. 凯文（男子名）
key	ki:	n. 钥匙, 键, 解答, 关键, 要害, 基调, 线索, 答案, 暗礁
keyboard	'ki:bɒ:d	n. 键盘
keyboarded		(keyboard 的过去分词) n. 键盘
keyboarder	ˈki:bɔ:də(r)	n. 操作键盘的人；键盘输入员
keyboarding	计	[原型] keyboarding 是 keyboard 的现在分词
keyboards		n. 键盘乐器；键盘（keyboard的复数）
keyed	ki:d	a. 锁着的, 用拱顶石连住的, 乐器有键的, 已调节音调的, 已被定于某调的
keyer	ki:ә	n. 键控器
keyes		n. 凯斯（姓氏）
keyest	kiː	n. 钥匙；关键；秘诀，要领
keying	'ki:iŋ	[计] 键控
keys		n. 关键帧；（钢琴等的）键；密钥（key的复数）
kg		n. 千克, 公斤
kgr		abbr. kilograin(s)
kgs		abbr. 生酮类固醇（ketogenic steroids）；千克（重量单位, kilograms）；吉尔吉斯斯坦索姆
kick	kik	n. 踢, 反冲, 后座力, 凹底
kicked	kikt	v. 踢( kick的过去式和过去分词 ); 踢蹬, 踢（腿）; （因干了蠢事、失去良机等）对（自己）生气; 体育运动
kicker	'kikә	n. 踢者, 善踢的人, 爱踢的马
kickest	kik	vi.
kicking	'kikiŋ	n. 踢腿；反撞
kicks		n. 踢球；腿法；冲击力（kick的复数）
kid	kid	n. 小山羊, 小山羊肉, 小孩, 欺骗
kidd		n. 基德（姓名）
kidded	kɪd	n. 小孩；小山羊
kidder	人名	(40011/45422)
kidding		n. 开玩笑；山羊产羔
kidnap	'kidnæp	vt. 绑架, 诱拐, 拐骗
kidnaped	ˈkidnæpt	v. 诱拐, 绑架, 劫持( kidnap的过去式和过去分词 )
kidnaper		n. 绑匪；拐子
kidnapped	电影	[原型] kidnapped 是 kidnap 的过去式和过去分词
kidnapper		n. 拐子, 绑架者
kidnapping		n. 绑架；诱拐
kidnaps	ˈkidnæps	v. 诱拐, 绑架, 劫持( kidnap的第三人称单数 )
kidney	'kidni	n. 肾, 个性
kidneyed	'kɪdnɪ	n.
kidneys	'kidniz	n. 肾脏；转炉的附着物；肾形矿脉（kidney的复数）
kids		n. 小山羊；儿童（kid的复数）
kill	kil	n. 杀, 杀戮, 小河
killed	'kild	a. 被杀死的, 被屠宰的, 镇静的
killer	'kilә	n. (非正式)杀人者, 屠杀者, 猛兽, 致死(疾病), 杀手, 止痛药, 限制器, 瞄准器
killest	kil	vt.
killies		(killy 的复数)  [人名] 基利
killing	'kiliŋ	n. 谋杀, 杀戮
kills		n. 杀戮；杀敌数；歼敌数（kill的复数形式）
kilogram	'kilәgræm	n. 千克, 公斤
kilograms	'kɪləgræm	n. 千克( kilogram的名词复数 )
kilometer	'kilәmi:tә	n. 千米, 公里
kilometers	ˈkiləˌmi:təz	n. <美>千米, 公里( kilometer的复数形式 )
kilometre	'kilәjmi:tә(r)	n. 公里, 千米
kilometres	ˈkiləˌmi:təz	n. 千米, 公里( kilometre的复数形式 )
kilowatt	'kilәwɒt	n. 千瓦
kilowatts	ˈkɪləˌwɔts	n. 千瓦( kilowatt的复数形式 )
kind	kaind	n. 种类, 性质, 方式
kinder	'kindәr	adv. 有几分；有一点
kindergarten	'kindә.gɑ:tn	n. 幼稚园
kindergartener		n. 幼儿园教师, 幼儿园里的小孩
kindergartens	'kɪndəɡɑ:tnz	n. 幼儿园( kindergarten的复数形式 ); 学前班
kindes	网络	[原型] kindes 是 kinde 的复数
kindest	kaɪnd	a. 亲切的, 和蔼的, 友善的；富于同情心的, 仁慈的
kinding		n. 引火物
kindle	'kindl	vt. 点燃, 使着火, 引起, 照亮
kindled	ˈkɪndld	v. （使某物）燃烧, 着火( kindle的过去式和过去分词 ); 激起（感情等）; 发亮, 放光
kindles	ˈkɪndlz	v. （使某物）燃烧, 着火( kindle的第三人称单数 ); 激起（感情等）; 发亮, 放光
kindlest	'kindl	vt.
kindness	'kaindnis	n. 仁慈, 亲切, 和蔼
kindnesses	ˈkaindnisiz	n. 亲切( kindness的复数形式 ); 仁慈; 好意; 友好的行为
kinds		n. 种类（kind的复数形式）
kinetic	kai'netik	a. 运动的, 运动引起的, 动力学的, 活动的
kinetics	kai'netiks	n. 动力学
king	kiŋ	n. 国王, 君主
kingdom	'kiŋdәm	n. 王国, 领域
kingdomed	'kɪŋdəm	n. 王国；领域, 范围
kingdomes	网络	[原型] kingdomes 是 kingdome 的复数
kingdoms	ˈkiŋdəmz	n. 王国( kingdom的复数形式 ); 界; 领域
kinged	kɪŋ	n. 国王；最有势力者；王棋
kinges		(kinge 的复数)  [人名] [英格兰人姓氏] 金 King的变体
kinging	kɪŋ	n. 国王；最有势力者；王棋
kings		n. 《列王纪》（《圣经》中的篇章）
kiss	kis	n. 吻
kissed		v. 吻；接吻；轻拂（kiss的过去分词）
kisser	'kisә	n. 接吻的人
kisses		n. 吻；轻触（kiss的复数）
kissest	kɪs	vt.
kissies	'kisi	adj.
kissing	'kisiŋ	a. 接吻的
kit	kit	n. 装备, 工具箱, 成套工具
kitchen	'kitʃin	n. 厨房, 全套炊具
kitchener	'kitʃinә	n. 厨师
kitchens	ˈkitʃinz	n. 厨房( kitchen的复数形式 )
kite	kait	n. 风筝, 筝帆, 空头支票, 骗子
kited		vt. 涂改（kite的过去式与过去分词形式）
kiter	kait	n. kite（鸢；鸟类；骗子；飞机）的变形
kites		n. 风筝；轻帆（kite的复数）
kities		n. (Kity)人名；(冈)基蒂
kiting	'kaitiŋ	[经] 用空头票据骗钱, 挪用补空
kits		n. 装备；小桶；锦囊（kit的复数）
kitted	kɪt	n. 工具箱；成套工具
kitten	'kitn	n. 小猫, 淘气姑娘
kittened	ˈkitnd	v. 小猫( kitten的过去式和过去分词 )
kittening	ˈkitnɪŋ	v. 小猫( kitten的现在分词 )
kittens	ˈkitnz	n. 小猫( kitten的名词复数 )
kitties	'kɪtɪz	n. 赌注( kitty的复数形式 ); 共同的资金; <口>小猫
kitting		移挪补空
kitty	'kiti	n. 小猫, 全部赌注
kittys	'kɪtɪ	Kitty
kiwi	'ki:wi:	n. 鹬鸵, 地勤人员, 新西兰人
kiwis	ˈki:wi:z	n. <动>几维( kiwi的复数形式 ); 鹬鸵; 新西兰人; 猕猴桃
knee	ni:	n. 膝, 膝盖
kneed	ni:d	a. 有膝一般的关节的, 有节的
kneeing		n. 跪；跪式
kneel	ni:l	vi. 跪下
kneeled		kneel过去式和过去分词
kneeler	'ni:lә	n. 跪者, 跪拜者, 跪台
kneelest	niːl	vi.
kneeling		n. 跪着, 跪下
kneels	ni:lz	v. 跪( kneel的第三人称单数 )
knees	ni:z	n. 膝( knee的复数形式 ); 膝盖; （裤子的）膝部; 坐下时)大腿朝上的面
knife	naif	n. 小刀, 匕首
knifed	naift	v. 刮涂( knifing的过去式和过去分词 ); 刮膜; 切深; 切割
knifer	'naifә	搅土器, 剖土机
knifes	ˈnaifiŋz	v. 刮涂( knifing的第三人称单数 ); 刮膜; 切深; 切割
knight	nait	n. 骑士, 爵士
knighted	naɪt	n. 骑士, 武士；爵士
knighting	naɪt	n. 骑士, 武士；爵士
knights		n. 骑兵, 骑士（knight的复数）
knit	nit	v. 编织, 结合
knits	nits	v. （使）愈合( knit的第三人称单数 ); 编结; （使）紧密地结合; 织平针
knitted		-K
knitter	'nitә	n. 编结者, 编织工人, 编织机, 针织机
knittest	nɪt	vt.
knitting	'nitiŋ	n. 编结, 针织法, 针织, 编结法, 编结物, 针织品
knob	nɒb	n. 把手, 瘤, 旋钮, 球形突出物
knobbed		a. 有节的, 多节的, 有圆头的
knobber	'nɔbә	[英]二岁(牡)鹿
knobbing	'nɒbɪŋ	粗琢块石
knobs		n. 凸岩；把手（knob的复数）
knock	nɒk	n. 敲, 敲打, 敲门
knocked	nɔkt	v. 敲, 击, 打( knock的过去式和过去分词 ); （心）怦怦跳; 把…撞击成（某种状态）; 批评
knocker	'nɒkә	n. 敲击者(或物), 敲门者, 门环
knockest	nɒk	vt.
knocking	'nɔkiŋ	[机] 爆震内燃机
knocks	nɔks	n. 短促的敲打（声）( knock的名词复数 ); 爆震声; 敲击声; 敲门（或窗等）声
knot	nɒt	n. 结, 群, 难题
knots		n. 结；结头；要点（knot的复数）
knotted	'nɔtid	a. 多节的, 有节的；棘手的
knotter	'nɔtә	n. 打结的人[物], 解结的人[物]
knotting	'nɔtiŋ	n. 结形花边, 打结；结绳
know	nәu	v. 知道, 了解, 认识, 确信
knower		n. 认识者；理解者
knowes	网络	[原型] knowes 是 knowe 的第三人称单数
knowest	nəʊ	vt. 知道, 了解, 懂得, 通晓, 掌握…的知识(或技能)：；确知, 确信, 确认：
knowing	'nәuiŋ	a. 博学的, 聪颖的, 精明的
knowledge	'nɒlidʒ	n. 知识, 学问, 认识, 知道
knowledges		(knowledge 的复数) n. 知识, 学问, 认识, 知道
knows		v. 知道（know的第三人称单数形式）
koala	kә'ɑ:lә	n. 袋熊
koalas	kəʊˈɑ:ləz	n. 树袋熊( koala的复数形式 )
korea	kә'riә	n. 朝鲜, 韩国
korean	kә'riәn	n. 朝鲜人, 朝鲜语
koreans	kəˈri:ənz	n. 朝鲜人, 朝鲜国民( Korean的复数形式 ); 朝鲜语
koreas	kə'rɪə	n. 韩国；朝鲜
kosciuszkoes		n. (Kosciuszko)人名；(英)科希丘什科；(罗)科斯丘斯科
kungfu	kʌŋ'fu:	[中]功夫
lab	læb	n. 实验室, 研究室
labber		n. 浑身泥泞的人,濡湿的人
label	'leibl	n. 标签, 称号, 商标, 标志
labeled		a. 有标签的；示踪的
labeling	经	(17997/-)
labelled		a. 贴上标签的
labeller		n. 贴标签机；贴标机
labelling	计	[医] 贴标签, 标记
labels		n. 标签；分类（label的复数形式）
labes	网络	[原型] labes 是 labe 的复数
labied		向唇
laboratories	ləˈbɔrətəriz	n. 实验室( laboratory的名词复数 )
laboratory	'læbrәtәri	n. 实验室, 研究室, 化工厂
labour	'leibә	n. 劳动, 努力, 工作, 劳工, 分娩
laboured	'leibәd	a. 吃力的, 缓慢的, 不自然的, 矫揉造作的
labourer	'leibәrә	n. 劳动者, 干体力工作的工人, 劳工
labourest	'leɪbə	n.
labouring	'leibәriŋ	n. 劳动, 操劳
labours	ˈleibəz	n. 劳动( labour的名词复数 ); 劳工; 分娩; 任务
labs	læbs	n. 实验室
lace	leis	n. 饰带, 花边, 缎带, 鞋带
laced	leist	a. 用带子束紧了的, 饰有花边的
lacer	'lækər	胶带接合机
laces		abbr. 工程学会洛杉矶委员会（Los Angeles Council of Engineering Societie
lack	læk	n. 缺乏, 无, 不足
lacked	lækt	v. 缺乏, 缺少( lack的过去式和过去分词 )
lacker	'lækә	[机] 漆, 上漆, 漆器
lackest	læk	n.
lackies		lacky: a person's bitch
lacking	'lækiŋ	a. 缺乏的, 不足的
lacks	læks	n. 缺乏, 不足, 没有( lack的名词复数 )
ladder	'lædә	n. 梯, 梯状物, 发迹的途径
laddered	'lædәd	a. 设有梯子的, 有规则的
laddering	'lædərɪŋ	纵向脱散
ladders	ˈlædəz	n. 梯子( ladder的名词复数 ); 阶梯; 途径; （紧身裤袜或长筒袜的）滑丝
ladies	'leidiz	n. 公共女厕所, 女盥洗室, 女洗手间
lady	'leidi	n. 淑女, 夫人, 女士, 贵妇
ladyes	网络	[原型] ladyes 是 ladye 的复数
lag	læg	n. 落后, 囚犯, 迟延, 桶板, 防护套
lager	'lɑ:gә	n. 贮陈啤酒
lagged	læɡd	v. 走得极慢, 落后( lag的过去式和过去分词 ); 给（管道等）加防冻保暖层
lagger	'læ^ә(r)	n. 落伍者, 惯犯, 懒散的人
lagging	'lægiŋ	n. 迟钝, 落后, 防护套
lags		n. 延迟支付进口货款；落后时间（lag的复数形式）
lake	leik	n. 湖, 池, 色淀
laked		漆的
laker	'leikә(r)	n. 湖畔派诗人；习惯于在湖上居住（或工作, 航行）的人；湖鱼（尤指鲑鱼）；湖船（尤指北美洲五大湖上的船）
lakes		n. 色淀；湖泊, 湖畔
lamb	læm	n. 小羊, 羔羊
lambed	læm	n. 小羊；羔羊；小羊肉；羔羊肉
lamber	'læmər	琥珀
lambies	'læmbɪk	[原型] lambies 是 lamby 的复数
lambing	'læmɪŋ	产羔
lambs	læmz	n. 羔羊肉( lamb的名词复数 ); （慈爱或怜悯地描述或称呼某人）宝贝; 像羔羊般柔顺的人
lame	leim	a. 跛足的, 僵痛的, 不完全的, 金属薄板, 不知内情的人
lamed	'lɑ:med	n. 希伯莱语中的第十二个字母
lamer	leimə	a. 瘸的( lame的比较级 ); 站不住脚的; 差劲的; 蹩脚的
lames	leimz	v. 瘸的( lame的第三人称单数 ); 站不住脚的; 差劲的; 蹩脚的
lamest		a. 瘸的( lame的最高级 ); 站不住脚的; 差劲的; 蹩脚的
lamp	læmp	n. 灯
lamped	læmp	n. 灯；照射器
lampes		(lampe 的复数)  [人名] 兰普
lamping	'læmpiŋ	用紫外线灯勘探荧光矿物
lamps		n. [诗]日月星辰；[俚]眼睛；灯具（lamp的复数）
land	lænd	n. 陆地, 地面, 地界, 地产, 国土, 土地
landed	'lændid	a. 拥有土地的, 有田地的
lander	'lændә	n. 出铁槽；着陆器；把钩工人
landes		n. 兰德斯（姓氏）
landest	lænd	n.
landing	'lændiŋ	n. 登陆, 码头, 降落
landings		n. 出煤量；上市量（landing的复数）
landladies	ˈlændˌleɪdi:z	n. 女房东, 女店主, 女地主( landlady的名词复数 )
landlady	'lændleidi	n. 女房东, 女地主
landlord	'lændlɒ:d	n. 房东, 地主
landlords	'lændlɔ:dz	n. 房东; 房东, 地主( landlord的复数形式 ); 店主
landmine	ˈlændmaɪn	n. 地雷, 投伞水雷
landmines	'lændmaɪnz	n. 潜在的冲突; 地雷, 投伞水雷( landmine的复数形式 )
lands		n. 平原；平面；土地（land的复数形式）
landscape	'lændskeip	n. 风景, 山水, 风景画
landscaped		vt. 对…做景观美化, 给…做园林美化（landscape的过去式与过去分词形式）
landscaper	'lænd.skeipә	n. 庭园设计家
landscapes	ˈlændskeips	n. 风景( landscape的名词复数 ); 风景画; 乡村风景画; 地形
lane	lein	n. 小路, 巷, 弄, 单行道
lanes	leinz	n. 小路( lane的复数形式 ); 车道; 航道; 分道
language	'læŋgwidʒ	n. 语言, 文字, 措辞
languaged	'læŋgwɪdʒ	n. 语言；文字；语言表达能力
languages		n. 语系, 语种；语言文字（language复数）
lantern	'læntәn	n. 灯笼, 提灯, 航标灯
lanterned	'læntən	n. 灯笼, 提灯；(灯塔顶上的)灯室
lanternes	地名	(lanterne 的复数)
lanterning	'læntən	n. 灯笼, 提灯；(灯塔顶上的)灯室
lanterns	'læntənz	n. 灯笼( lantern的复数形式 ); 灯塔
laos	lauz	n. 老挝
laoss	laʊz	Laos
laotian	lei'әuʃiәn	n. 老挝的, 老挝人, 老挝语
laotians		n. 寮人；老挝人（Laotian的复数）
lap	læp	n. 膝盖, 舔, 一圈, 下摆, 衣兜, 山坳
lapd	ileipidi	abbr. 洛杉矶警察局（Los Angeles Police Department）
lapes		Low-Altitude Parachute-Extraction System 低海拔降落伞抽出系统
lapies	lɑ:'pies	n. ＝ karran
lapped	læpt	搭接的, 重叠的
lapper	'læpә	n. 舐食流体食物的人或动物
lapping	'læpiŋ	[计] 研磨, 抛光
laps		abbr. 光寻址电位传感器；SDH 上的链路接入规程（Link Access Procedure SDH）
laptop	计	(研 5866/25826)
laptops	'læptɒps	n. 便携式电脑( laptop的复数形式 )
large	lɑ:dʒ	a. 大的, 大量的, 宽大的, 广博的
largely	'lɑ:dʒli	adv. 大量地, 很多地, 大半地
larger		a. 大的；多量的
larges	网络	[原型] larges 是 large 的复数
largest		a. 多量的, 最大的（large的最高级）
laser	'leizә	n. 激光
lasered		(laser 的过去时) n. 激光
lasering		(laser 的现在分词) n. 激光
lasers		n. 激光器；激光（laser的复数）
last	lɑ:st	a. 最后的, 末尾的, 最近的
lasted		vbl. 持续
laster	'lɑ:stә(r);'læstә(r)	n. 持久之人；上鞋楦的人
lastes		(laste 的第三人称 -s形式) [网络] Low-Altitude Safety and Targeting En
lasting	'lɑ:stiŋ	a. 永久的, 永恒的, 持久的
lasts		n. 鞋楦（last的复数）
late	leit	a. 迟的, 晚的, 已故的
lated	'leitid	a. 迟到的；迟来的
lately	'leitli	adv. 近来, 最近
latent	'leitnt	a. 潜伏性的, 隐藏的
later	'leitә	adv. 以后, 随后
latered	'leɪtə	adv. late的变形
laterer	'leɪtə	adv. late的变形
laterest	'leɪtə	adv. late的变形
laters	'leɪtə	adv. late的变形
lates		n. 尖吻鲈属
latest	'leitist	a. 最近的
lathe	leið	n. 车床
lathed	'lɑ:θt	v. 车床( lathe的过去式和过去分词 )
lathees	'lɑ:ti:	n. 铁箍棒（印度人以此做武器，等于lathi）
lather	'læðә. 'lɑ:ðә	n. 肥皂泡
lathes	leɪðz	n. 车床( lathe的复数形式 )
latin	'lætin	n. 拉丁人, 拉丁语
latines	'lætini	adv.
latins		n. 拉丁人（Latin的复数形式）
latitude	'lætitju:d	n. 纬度, 范围
latitudes		n. 某一纬度地区
latter	'lætә	a. 后者的, 较后的, 近来的
latterer	'lætə	latter
latterest	'lætə	latter
latters	网络	[原型] latters 是 latter 的复数
lattice	'lætis	n. 格子, 组合格子, 格子状东西
latticed	'lætist	a. 制成格状的, 装有格子的
lattices	ˈlætɪsiz	n. 格子框架( lattice的复数形式 ); 类似格子框架的设计
laugh	lɑ:f	n. 笑, 笑声
laughed	'lɑ:ft	v. 笑( laugh的过去式和过去分词 ); 发笑; 嘲笑; （特别表示因成功而）处于有利地位
laugher	'lɑ:fә(r);'læf-	n. 笑者,哄笑者, 好笑的一边倒比赛
laughest	lɑːf	vi.
laughing	'lɑ:fiŋ	a. 一笑置之的, 高兴的
laughs	lɑ:fs	n. 笑声( laugh的名词复数 ); 笑态; 笑料
laughter	'lɑ:ftә	n. 笑, 笑声
laughters	网络	[原型] laughters 是 laughter 的复数
launch	lɒ:ntʃ	n. 下水, 汽艇, 发射
launched	lɔ:ntʃt	v. 发射( launch的过去式和过去分词 ); [计算机]开始（应用程序）; 发动; 开展（活动、计划等）
launcher	'lɒ:ntʃә	n. 发射者, 发射台
launches		n. 汽艇（launch的复数）
launchest	lɔːntʃ	vt.
launching	'lɔ:ntʃiŋ, 'lɑ:ntʃiŋ	n. 发射, 船下水, 下水典礼, 开办
laundries	ˈlɔ:ndriz	n. 洗衣店( laundry的名词复数 ); 洗好的衣服; 待洗的衣服; 洗衣物
laundry	'lɒ:ndri	n. 洗衣店, 洗好的衣服, 洗涤
lausanne	lәu'zæn	洛桑[瑞士西部城市,在日内瓦湖北岸]
lausannes	lo'zæn	n. 洛桑市（瑞士一城市名）
lava	'lɑ:vә	n. 熔岩, 火山岩
lavas		(lava 的复数) n. 熔岩, 火山岩
lavatories	ˈlævətəriz	n. 厕所( lavatory的名词复数 ); 抽水马桶; 公共厕所（或卫生间、洗手间、盥洗室）; 浴室水池
lavatory	'lævәtәri	n. 洗脸盆, 厕所
law	lɒ:	n. 法律, 法则, 定律, 法律的制约, 法学, 司法界, 诉讼
lawd	lɔ:d	n. （美）上帝
lawed		诉诸法律, 对…起诉, 控告（law的过去式与过去分词形式）
lawes	lɔ:z	n. [姓氏] 劳斯
lawing	'lɔ:ɪŋ	n. 诉诸法律, 诉讼
lawn	lɒ:n	n. 草地, 草坪, 上等细麻布
lawns	'lɔ:nz	n. 草地, 草坪( lawn的复数形式 ); 上等细棉布（或麻布）
lawr		abbr. Lawrence 劳伦斯（男子名）; Lawrencian （英国作家）劳伦斯（作品，风格）的
laws		n. 法律；规章（law的复数）
lawyer	'lɒ:jә	n. 律师
lawyering	'lɔ:jәriŋ	[法] 律师业
lawyers		n. 律师（lawyer的复数）
lay	lei	vt. 放置, 产, 铺设, 布置, 提出, 平息
layer	'leiә	n. 层, 产卵鸡, 放置者
layered	'leiәd	a. 层状的；分层的
layering	'leiәriŋ	[计] 分层
layers		n. 层面板；图层面板, 图层集合（layer复数形式）
layes		n. (Layes)人名；(西)拉耶斯
layest	lei	vt.
laying	'leiiŋ	[计] 布置, 敷设
layout	'leiaut	n. 布局, 陈列, 规划图, 页面布局, 版面编排
layouts		n. 布局；图版；设计（layout的复数形式）
lays	leiz	v. 打赌( lay的第三人称单数 ); 提出; 放置; 铺
lazies		点纹花边
lazy	'leizi	a. 懒惰的, 怠惰的, 缓慢的
lead	li:d. led	n. 铅, 铅条, 领导, 超前量, 领引, 榜样, 主角, 导线
leaded	'ledid	a. 加铅的
leader	'li:dә	n. 领导者, 社论, 指挥, 领袖, 领唱者, 前导字符
leaders		n. 指挥；引线；前导字符；领袖（leader的复数）
leadership	'li:dәʃip	n. 领导能力, 领导阶层
leaderships	ˈli:dəʃips	n. 领导( leadership的复数形式 ); 领导权; 领导阶层; 领导才能
leadest	li:d	vt.
leading	'li:diŋ	n. 领导, 指挥, 神示, 铅板
leadings	网络	[原型] leadings 是 leading 的复数
leads		n. 领导者；引线；管道（lead的复数）
leaf	li:f	n. 叶, 树叶, 花瓣, 页
leafed	lift	a. 有叶的
leafing	'li:fiŋ	n. 发叶；金属粉末悬浮现象  出叶；叶浮
leaflet	'li:flit	n. 小叶, 传单
leafleted		vt.& vi. 散发传单（leaflet的过去式与过去分词形式）
leafleter		n. 小叶；传单 (leaflet的变形)
leafleting		vt.& vi. 散发传单（leaflet的现在分词形式）
leaflets	ˈli:flits	n. 传单, 散页印刷品( leaflet的复数形式 )
leafletted	ˈliːflət	n.
leafletter		n. 小叶；传单 (leaflet的变形)
leafs	liːf	n. 叶子；（书籍等的）一张；扇页
league	li:g	n. 同盟, 联盟, 盟约
leagued	'li:ɡd	v. 联盟( league的过去式和过去分词 ); 等级; （运动）俱乐部的联合会; 里格（长度单位, 约等于 3 英里
leaguer	'li:gә	n. 围攻, 盟员
leagues	'li:ɡz	n. 联盟( league的名词复数 ); 等级; （运动）俱乐部的联合会; 里格（长度单位, 约等于 3 英里）
leak	li:k	n. 漏洞, 漏处, 漏出, 泄漏
leakage	'li:kidʒ	n. 漏, 漏出物, 泄漏
leakages	'li:kɪdʒɪz	n. 泄露; 漏( leakage的复数形式 ); 漏出; 漏出物; 渗漏物
leaked		vbl. 漏的
leaker	机	(31508/-)
leaking	'li:kiŋ	[机] 漏, 漏泄
leaks		n. 泄漏, 渗漏（leak的复数）
lean	li:n	n. 瘦肉, 倾斜, 倾斜度
leaned		lean的过去式和过去分词
leaner		n. 清洗液；斜身倾前的射球
leanes		n. (Leane)人名；(英)利恩
leanest	liːn	n. 瘦肉
leaning	'li:niŋ	n. 倾斜, 倾向, 爱好
leans		n. 倾斜；倾斜错觉（lean的复数）
leap	li:p	n. 跳跃, 剧增, 急变, 被越过之物
leaped		leap的过去式和过去分词
leaper		n. 跳跃者
leapest	liːp	n.
leaping	'li:piŋ	a. 跳跃的, 跳跃而行的
leaps	li:ps	n. 跳跃, 飞跃( leap的名词复数 ); 激增
learn	lә:n	vt. 学习；认识到；得知
learned	'lә:nid	a. 有学问的, 学术上的
learner	'lә:nә	n. 学习者, 初学者
learnes	网络	(learne 的复数)
learning	'lә:niŋ	n. 学问, 学识, 学习
learnings	网络	[原型] learnings 是 learning 的复数
learns	lə:nz	v. 学习( learn的第三人称单数 ); 学会; 得知; 记住
lease	li:s	n. 租约, 租期, 租
leased	计	[原型] leased 是 lease 的过去式和过去分词
leaser		n. 出租人；分纱机
leases		n. 租赁；租约；租赁协定（lease的复数）
leasest	li:s	n.
least	li:st	n. 最少, 最小, 最小限度
leaster		n. 利阿斯特聚酯纤维
leastest	'liːstəst	n.
leasts	liːst	adj. 最小的；最少的（little的最高级）
leather	'leðә	n. 皮革, 皮制品, 马镫的皮带
leathered	'leðə	n. 皮革；皮革制品
leatherer	'leðə	leather
leatheries	'leð(ə)rɪ	leathery
leathering	'leðәriŋ	皮革面
leathers	ˈleðəz	n. 皮, 皮革( leather的名词复数 )
leave	li:v	n. 许可, 告别, 请假, 休假
leaved	li:vd	a. 有叶的
leaver	'li:vә	n. 离开者（常指学校毕业生）
leaves	li:vz	pl. 树叶, 花瓣
leavest	li:v	vt.
lecture	'lektʃә	n. 演讲, 谴责, 讲稿
lectured	ˈlektʃəd	v. （向…）演讲, （给…）讲课( lecture的过去式和过去分词 ); 责备; 教训; （尤指恼人地）指责
lecturer	'lektʃәrә	n. 演讲者, 讲师
lectures	ˈlektʃəz	n. 演讲, 讲课( lecture的名词复数 ); 冗长的训斥[谴责]
lecturest	'lektʃə	n.
left	left	a. 左边的, 左倾的, 左侧的, 左派的
lefter		莱夫特
leftest	left	vt.
lefties	ˈleftiz	n. 左撇子, 左翼分子( lefty的复数形式 )
leftover	'leftәuvә	n. 剩货, 残留物, 剩饭
leftovers		n. 吃剩的食物
lefts		n. 左, 左面（left的复数形式）
leg	leg	n. 腿, 假腿, 路程
legal	'li:gәl	a. 法律的, 法定的, 合法的
legend	'ledʒәnd	n. 传说, 传奇文学, 图例
legends	'ledʒəndz	n. 传说( legend的复数形式 ); 民间传说; （地图或书中图表的）图例; 传奇人物
leger	'ledʒә(r)	n. 底饵；分类帐（等于ledger）
leges	'li:dʒi:z, 'lei^eis	lex的复数
legged	'le^id, le^d	a. 有...腿的
legger	'le^ә	n. 织袜统工人
legging	'legiŋ	n. 绑腿, 裹腿
legislation	.ledʒis'leiʃәn	n. 立法, 法律
legislations		(legislation 的复数) n. 立法, 法律
legs	leɡz	n. 木头支架；腿（leg的复数）
leisure	'li:ʒә	n. 空闲, 闲暇, 悠闲
leisured	'leʒәd; 'li:ʒәd	a. 有许多空闲时间的
leisures	网络	[原型] leisures 是 leisure 的复数
lemon	'lemәn	n. 柠檬, 柠檬树, 柠檬色
lemoning	'lemən	n.
lemons		n. 柠檬（lemon的复数）
lend	lend	vt. 借, 贷款给, 增添, 提供, 出租
lender	'lendә	n. 出借人, 贷方
lending	'lendiŋ	n. 出借, 出借物
lends	lendz	v. 把…借给( lend的第三人称单数 ); 贷（款）; 增加; 增添
length	leŋθ	n. 长度, 长, 期间, 一段
lengthen	'leŋθәn	vt. 加长, 使延长
lengthened	ˈleŋkθənd	v. （时间或空间）延长, 伸长( lengthen的过去式和过去分词 )
lengthener	'leŋθәnә	伸长器
lengthenest	'leŋθ(ə)n; -ŋkθ-	vt.
lengthening	计	[原型] lengthening 是 lengthen 的现在分词
lengthens	ˈleŋkθənz	v. （时间或空间）延长, 伸长( lengthen的第三人称单数 )
lengths	leŋθs	n. 长( length的复数形式 ); （持续）时间的长短; 一段; （马或船的）自身长度
leningrad	'lenin^ræd, -^rɑ:d	n. 列宁格勒(前苏联西北部港市)
leningrader	'leninɡrædə	n. 彼得格勒市民
leningrads	'leninɡræd	n. 列宁格勒（前苏联西北部港市）
lens	lenz	n. 透镜, 镜头, 镜片, 晶状体
lensed		a. 有透镜的
lenses	'lensiz	柔性焦距透镜组
lensing	'lenzɪŋ	透镜化
leopard	'lepәd	n. 豹, 美洲豹
leopards	ˈlepədz	n. 豹( leopard的复数形式 ); 本性难移
less	les	n. 较少, 较小
lessen	'lesn	vt. 减少, 缩小, 减轻
lessened	'lesnd	a. 减少的, 减弱的
lessener	'les(ə)n	vt.
lessenest	'les(ə)n	vt.
lessening	'lesәniŋ	n. 减轻, 减少；变小
lessens	ˈlesənz	v. 变少( lessen的第三人称单数 ); 减少（某事物）
lesser	'lesә	a. 较少的, 较小的, 次要的
lesses	les	adv. 较少地；较小地；更小地
lessing	'lesiŋ	莱辛(Gotthold Ephraim, 1729-1781, 德国诗人, 批评家及戏剧家)
lesson	'lesn	n. 课, 课业, 教训
lessoned	'les(ə)n	n. 教训；课
lessoning	'les(ə)n	n. 教训；课
lessons	ˈlesənz	n. 功课( lesson的名词复数 ); 课程; 教训; 一堂课
lest	lest	conj. 以免, 唯恐, 免得
lester	'lestә	n. 莱斯特（男子名）；喻指显赫的人
lestes	'leste	n. [气象] 累斯太风
let	let	vt. 让, 假设, 出租, 排放, 妨碍
lets		abbr. 地方交易系统（Local Exchange Trading System）
let's	lets	abbr. let us 让我们
letted	'letid	[废]let 的过去式及过去分词, let的过去式及过去分词的异体
letter	'letә	n. 信, 字母, 证书, 字面意义, 铅字, 学问, 出租人
lettered	'letәd	a. 标有字母的, 有学问的, 有文化修养的
letterer		n. 文字书写员；文字雕刻员
letteres	'letəz	函件
lettering	'letәriŋ	n. 写字, 印字, 刻字
letters		n. 字母；书信；读者投书栏（letter的复数）
lettest	let	n.
letting	'letiŋ	[法] 租金
lettuce	'letis	n. 莴苣, 生菜, 纸币
lettucer	'letɪs	n.
lettuces	'letɪsɪz	n. 莴苣, 生菜（ lettuce的复数形式 ）; 生菜叶
level	'levl	n. 水平, 水准, 平地
leveled		经调整的
leveler	'levәlә	[计] 校平器
levelest	'lev(ə)l	n.
leveling	'levәliŋ	n. 水准测量
levelled		vt. 使同等（level的过去式与过去分词形式）
leveller	'levәlә	[计] 校平器
levellest	'lev(ə)l	n.
levelling	'levәliŋ	n. 水准测量, 整平, 测平
levels		n. 色阶调整；控制色阶；水平, 标准（level复数形式）
lever	'levә	n. 杠杆, 似杠杆之工具
levered	'liːvə	n. 杠杆；控制杆
levering	人名	[原型] levering 是 lever 的现在分词
levers		n. 杠杆；手段（lever的复数）
lia		abbr. 铅工业协会（Lead Industries Association）；美国皮革业联合会（Leather In
liabilities		n. 碍事的人或物；负债；债务（liability复数形式）
liability	laiә'biliti	n. 责任, 债务, 倾向
liable	'laiәbl	a. 有义务的, 应负责的, 有...倾向的
liabler	'laɪəb(ə)l	liable
liablest	'laɪəb(ə)l	liable
liar	'laiә	n. 说谎者
liard	'li:ɑ:d	利亚德河(加拿大西部河流, 自育空地区南部流入马更些河)
liars	ˈlaɪəz	n. 说谎者( liar的复数形式 )
lias	'laiәs	n. 早侏罗世里阿斯岩石, 蓝色石灰岩
liberal	'libәrәl	n. 自由主义者
liberals	ˈlibərəlz	n. 自由主义者( liberal的复数形式 ); 宽容大度的人; 支持（社会、政治或宗教）变革的人; （旧时）英国自由
liberate	'libәreit	vt. 解放, 释放, 使自由
liberated		a. 解放的, 自由的
liberates	ˈlibəreits	v. 解放, 释放( liberate的第三人称单数 )
liberatest	'lɪbəreɪt	vt.
liberation	.libә'reiʃәn	n. 释放, 解放
liberations		解放( liberation的名词复数 )
liberties	ˈlibətiz	n. 自由( liberty的名词复数 ); <正式>许可权; 自由（自己选择生活方式而不受政府及权威限制）; 自由（不
liberty	'libәli	n. 自由, 特权, 许可, 冒失
libertys		(liberty 的复数) n. 自由, 特权, 许可, 冒失
librarian	lai'brєәriәn	n. 图书馆员, 图书管理员
librarians	laɪb'reərɪənz	n. 图书馆馆长, 图书馆管理员( librarian的复数形式 )
libraries		n. 图书馆查询系统；函数库；图书馆（library的复数）
library	'laibrәri	n. 图书馆, 藏书, 库
librarying	ˈlaɪbrərɪ	n.
license	'laisns	n. 执照, 许可证, 特许
licensed	'laisnst	a. 得到许可的
licensees	ˌlaisənˈsi:z	n. 售酒执照持有者（英式英语）( licensee的复数形式 ); 特许制作（或使用）…的人（或公司）
licenser	'laisәnsә(r)	n. 发许可证/执照者
licenses		n. 授权；许可（license的复数）
lick	lik	n. 舔, 少许, 打
licked	likt	v. 舔( lick的过去式和过去分词 ); <口>打败; （波浪）轻拍; （火焰）吞卷
licker		n. 舔食者；很讨厌的人
lickest	lɪk	vt.
licking	'likiŋ	n. 舔, 挫折, 鞭打
licks		n. 舔；少许；打（lick的复数）
lid	lid	n. 盖子, 限制, 眼睑
lidded	'lidid	a. 有盖子的, 长着...眼睑的, 盖着的
lidding		给…盖盖子（lid的现在分词形式）
lids		abbr. 入侵检测系统（Linux Intrusion Detection System）
lie	lai	n. 谎言, 假象, 位置
lied	li:t	n. (德国)歌曲
lieing	laɪ	vi. 躺；说谎；位于；展现
lier	'laiә	n. 玻璃退火窑；躺卧者
lies		v. 躺卧（lie的第三人称单数形式）
liest	laɪ	vi. 躺；卧；平躺；平卧；横卧(常与 down 连用)：；处于某种状态(或地位)：
lieutenant	lef'tenәnt	n. 中尉, 助理人员, 副官
lieutenants	lefˈtenənts	n. 陆军中尉( lieutenant的复数形式 ); 副职官员; 空军; 仅低于…官阶的官员
life	laif	n. 生活, 生命, 人生, 世事, 生物, 寿命, 一生, 生命力, 灵魂, 无期徒刑
lifer	'laifә	n. 无期徒刑者, 职业军人
lifes		n. 活体模型
lifetime	'laiftaim	n. 一生, 终生
lifetimes	ˈlaifˌtaimz	n. 一生, 寿命( lifetime的复数形式 ); 有生之年
lift	lift	n. 举起, 帮助, 昂扬, 电梯
lifted		a. 提升的
lifter	'liftә	n. 举起的人, 贼, 升降机
lifting	'liftiŋ	[化] 吊装; 提升
lifts		n. 升降机, 电梯（lift的复数）
light	lait	n. 光, 光亮, 灯, 日光, 发光体, 光源, 杰出人物, 火花, 眼光
lighted		light的过去式和过去分词
lighten	'laitn	vt. 照亮, 点亮, 减轻, 使轻松, 闪出
lightened	ˈlaɪtnd	v. 使（某物）更明亮( lighten的过去式和过去分词 ); 变得更光明
lightener		n. lighten的变形；lighten的变形
lightenest	'laitən	vt.
lightening	'laitniŋ	[医] 孕腹轻松(产前数星期子宫下降所致的感觉)
lightens	ˈlaɪtnz	v. 使（某物）更明亮( lighten的第三人称单数 ); 变得更光明
lighter	'laitә	n. 点火者, 点灯工人, 打火机, 驳船
lightered	'laɪtə(r)	n. 打火机；引燃器；点火者；点火器
lightering	'laitәriŋ	驳运
lighters	ˈlaɪtəz	n. 打火机, 点火器( lighter的复数形式 )
lightest		a. 最轻的（形容词light的最高级形式）；最亮的
lighting	'laitiŋ	n. 照明, 照明设备, 舞台灯光
lightly	'laitli	adv. 轻轻地, 少许, 不费力地
lightning	'laitniŋ	n. 闪电
lightninged	ˈlaitniŋd	v. 闪电( lightning的过去式和过去分词 ); 闪电般的，快速的
lightninging	'laɪtnɪŋ	adj. 闪电的；快速的
lightnings		(lightning 的复数) n. 闪电
lights	laits	n. （供食用的）家畜的肺脏；灯光（light的复数）
like	laik	a. 相似的, 同样的
liked		v. 喜欢（like的过去式）
likelies	'laɪklɪ	adj.
likelihood	'laiklihud	n. 可能, 可能性
likelihoods		(likelihood 的复数) n. 可能, 可能性
likely	'laikli	a. 有可能的, 合适的, 前途有望的
likeness	'laiknis	n. 相象, 相似物, 样子
likenessed	'laɪknɪs	n.
likenesses		n. 相象( likeness的复数形式 ); 相似; 画像; 肖像
likenessing	'laɪknɪs	n.
liker	'laikә(r)	n. 喜欢的人, 爱好者
likes		n. 爱好的事物
likest	laik	likest
likewise	'laikwaiz	adv. 同样地, 也
lilies	ˈliliz	n. 百合花( lily的名词复数 )
lily	'lili	n. 百合, 百合花
lima	'li:mә	n. 利马（秘鲁首都）
limas	印度尼西亚	[原型] limas 是 lima 的复数
limb	lim	n. 四肢, 枝干, 翼, 边缘
limbed	limd	a. 有...肢体的
limber	'limbә	a. 柔软的, 敏捷的, 富于弹性的
limbing		vt. 割断…的四肢，肢解（limb的现在分词形式）
limbs		n. 四肢（limb的复数）
lime	laim	n. 石灰, 粘鸟胶, 酸橙
limed	'laɪmd	vt. 撒石灰于（lime的过去式与过去分词形式）
limer	'laimə	n. 在街上溜达的年轻人
limes	'laimi:z	[医] 界量, 限界, 限度
limestone	'laimstәun	n. 石灰石
limestones	ˈlaɪmˌstəʊnz	n. 石灰岩( limestone的复数形式 )
limit	'limit	n. 界限, 边界, 限度, 极限, 限制
limitation	.limi'teiʃәn	n. 限制, 缺陷, 限额
limitations		n. 局限性；（限制）因素；边界（limitation的复数形式）
limited	'limitid	a. 有限制的, 有限的, 有限责任的
limiteds	网络	[原型] limiteds 是 limited 的复数
limiter	'limitә	n. 限制物, 限幅器
limites	'limiti:z	limit的复数
limitest	'lɪmɪt	n.
limiting	'limitiŋ	a. 限制的
limitr		n. 限制者,限制物,限幅器
limits		n. 范围；领土；极限（limit的复数）
limp	limp	n. 跛行
limped	limpt	v. 一瘸一拐地走( limp的过去式和过去分词 ); 困难地航行
limper		a. 柔软的, 无力的；软弱的 (limp的变形)
limpest		a. 柔软的, 无力的；软弱的 (limp的变形)
limping	医	[原型] limping 是 limp 的现在分词
limps	limps	v. 一瘸一拐地走( limp的第三人称单数 ); 困难地航行
line	lain	n. 列, 线, 绳, 电线, 线路, 路线, 航线, 作业线, 界线, 战线, 外形, 排, 家系
linear	'liniә	a. 线的, 直线的, 线状的
lined	laind	a. 有内衬的；具线纹的
linen	'linin	n. 亚麻布, 亚麻线, 亚麻制品
linener	'lɪnɪn	n. 亚麻布(或纱、线)；亚麻织物；[常用复数]亚麻制品(如服装、床上用品等)
linens	ˈlininz	n. 亚麻布( linen的复数形式 ); 家庭日用织品
liner	'lainә	n. 班机, 划线者, 定期船, 衬里
liners		n. 衬层；挂面层；班机, 班轮（liner的复数）
lines		n. 台词
linger	'liŋgә	vi. 逗留, 消磨, 徘徊
lingered	ˈliŋɡəd	v. 逗留( linger的过去式和过去分词 ); 缓慢消失; 苟延残喘; 持续看（或思考）
lingerer		n. linger的变形
lingerest	'lɪŋgə	vi.
lingeries	网络	[原型] lingeries 是 lingerie 的复数
lingering	'liŋɡәriŋ	a. 拖延的
lingers	ˈliŋɡəz	v. 逗留( linger的第三人称单数 ); 缓慢消失; 苟延残喘; 持续看（或思考）
lining	'lainiŋ	n. 衬里, 内层, 衬垫
linings	ˈlaɪnɪŋz	n. 衬里( lining的复数形式 ); 里子; 衬料; 组织
link	liŋk	n. 环, 连结物, 链接, 火把
linked	liŋkt	a. 连接的；显示连环遗传的；联合的
linker	'liŋkә	[计] 连接程序, 链接程序
linkes	网络	[原型] linkes 是 linke 的复数
linkest	lɪŋk	n.
linking	'liŋkiŋ	[计] 连接, 链接
links	liŋks	n. 高尔夫球场
lion	'laiәn	n. 狮子, 狮子(星)座, 国际狮子会会员
lions		n. 腰角；雄狮；狮子（lion的复数）
lip	lip	n. 唇, 口缘, 唇状构造
liped	lɪp	LIP
lipped	lipt	a. 有嘴的, 长着嘴唇的
lipper	'lipә	n. 涟漪, 浪花
lipping	'lipiŋ	n. 唇形
lips	lips	n. 嘴唇（lip的复数）
lipstick	'lipstik	n. 口红, 唇膏
lipsticked	'lɪpstɪk	n. 口红；唇膏
lipsticking		(lipstick 的现在分词) n. 口红, 唇膏
lipsticks	'lɪpstɪks	n. 口红, 唇膏( lipstick的复数形式 )
liquid	'likwid	n. 液体, 流体, 流音
liquides	网络	(liquide 的复数)
liquids	'lɪkwɪdz	n. 液体( liquid的复数形式 )
liquor	'likә	n. 酒, 液体, 汁, 溶液
liquored		vt. 浸泡（liquor的过去式与过去分词形式）
liquores		(单liquor)溶液,液剂
liquoring		vt. 浸泡（liquor的现在分词形式）
liquors	ˈlikəz	n. 酒, 烈性酒( liquor的复数形式 ); 含酒精饮料
list	list	n. 目录, 名单, 明细表, 布条, 条纹, 列表, 序列, 数据清单
listed	'listid	a. 列出的
listen	'lisn	vi. 听, 倾听, 听从
listened	ˈlisnd	v. 倾听( listen的过去式和过去分词 ); 留心听; 听信; （让对方注意）听着
listener	'lisnә	n. 收听者, 听众
listeners		n. 听众；监听器（listener的复数）
listenest	'lɪs(ə)n	vi.
listening	'lisniŋ	n. 听, 监听
listens	ˈlisnz	v. 倾听( listen的第三人称单数 ); 留心听; 听信; （让对方注意）听着
lister	'listә	n. 双耕犁, 制表人
listes	网络	[原型] listes 是 liste 的复数
listest	list	n.
listing	'listiŋ	[计] 列表, 清单, 编目
lists	lists	n. 竞技场
liter	'li:tә	n. 公升
literal	'litәrәl	a. 逐字的, 字面上的, 文字的, 字母的
literally	'litәrәli	adv. 逐字地, 按照字面上地, 不夸张地
literals		n. 字面值；文字（literal的复数）
literary	'litәrәri	a. 文学的, 文艺的, 精通文学的
literature	'litәrәtʃә	n. 文学, 文艺, 著作
literatured	'lɪt(ə)rətʃə	literature
literatures		(literature 的复数) n. 文学, 文艺, 著作
liters		公升
litre	li:tә(r)	n. 升, 公升
litres	ˈli:təz	n. 升( litre的复数形式 )
litter	'litә	n. 垃圾, 杂乱, 轿, 担架
littered	ˈlitəd	v. 使杂乱( litter的过去式和过去分词 ); 乱丢杂物; 乱扔; 使饱含
litterer	'lɪtərə	[医]垃圾虫
littering	法	[原型] littering 是 litter 的现在分词
litters	ˈlitəz	n. （旧时抬要人的）轿( litter的名词复数 ); 杂乱; 废弃物; 一窝
little	'litl	n. 一点点, 少许, 一会儿, 短时间
littler	'lɪt(ə)l	a. 小的, 不大的；(表示否定)(数量)微量的；不多的
littles	网络	[原型] littles 是 little 的复数
littlest	'lɪt(ə)l	a. 小的, 不大的；(表示否定)(数量)微量的；不多的
live	liv.laiv	a. 活的, 生动的, 精力充沛的, 实况转播的
lived	livd. 'laivd	a. 有生命的
livelies	'laɪvlɪ	adj. 活泼的；生动的；真实的；生气勃勃的
livelihood	'laivlihud	n. 生计, 营生, 生活
livelihoods	'laɪvlɪhʊdz	n. 生计, 谋生之道( livelihood的复数形式 )
lively	'laivli	a. 活泼的, 鲜明的, 生动的
liver	'livә	n. 肝脏, 生活者, 居民
livered	'lɪvə	a. live的变形
liverest	'lɪvə	adj. live的变形
liveried	'livәrid	a. 穿制服的, 穿号衣的
liveries	ˈlivəriz	n. （大户人家的男仆或伦敦同业公会的）制服( livery的名词复数 ); 装束
livers		n. 肝脏（liver的复数）
liverying	'livəri	n.
lives	laivz	life的复数
living	'liviŋ	n. 生活, 生计, 生存
livings	ˈliviŋz	n. 生计, 生存之道( living的复数形式 ); 生活方式
load	lәud	n. 负荷, 担子, 重担, 装载量, 负载, 工作量, 加载
loaded	'lәudid	a. 有负载的, 有含蓄的, 加重的, 不公正的, 偏袒的, 喝醉了的, 富有的
loader	'lәudә	n. 载入程序, 载入者, 装货的人
loadest	lod	LOAD
loading	'lәudiŋ	n. 装载, 装填
loads		n. 货载量；负载, 负荷（load的复数）
loaf	lәuf	n. 一条面包, 块, 游荡
loafed		v. 游荡（loaf的过去式与过去分词形式）
loafer	'lәufә	n. 游手好闲的人, 懒人, 懒汉鞋
loafing		v. 游荡（loaf的现在分词形式）
loafs		v. 游荡（loaf的第三人称单数形式）
loan	lәun	n. 贷款, 借出
loaned	ləund	v. 借出, 贷与（尤指钱）( loan的过去式和过去分词 ); 出借（贵重物品给博物馆等）
loaner	'lәunә	n. 借出者, 债权人
loanes	网络	(loane 的复数)
loanest	ləun	n.
loaning	'lәuniŋ	n. 田间小路；村边空地
loans		n. 借贷；贷款（loan的复数形式）
lobbies	ˈlɔbiz	n. （公共建筑物进口处的）门厅( lobby的名词复数 ); （英国议会的）民众接待厅; 议会休息室; （就某问题企图
lobby	'lɒbi	n. 大厅, 休息室, 游说议员者
lobbying		vi. 为了支持或抵制某项特定目标游说（lobby的现在分词形式）
local	'lәukәl	a. 地方性的, 当地的, 局部的, 乡土的, 本地的
locales		n. 现场；场所（locale的复数）
localities	ləuˈkælitiz	n. （出事的）位置, 地区, 地点( locality的复数形式 )
locality	lәu'kæliti	n. 地方, 所在, 位置
locals		n. 当地人；区域变量
locate	'lәukeit	vt. 找出, 设于, 位于
located		-K
locater	lәu'keitә	[英]=locator
locates	ləuˈkeits	v. 找出, 指出（地点或位置）( locate的第三人称单数 ); （在…）设置, 坐落于; 创办于（某地）
location	lәu'keiʃәn	n. 位置, 场所, 特定区域
locations		n. 位置；定位件；地点（location的复数）
lock	lɒk	n. 锁, 刹车, 水闸, 一缕头发
locked	lɔkt	a. 上锁的；不灵活的；下定决心的
locker	'lɒkә	n. 抽屉, 小柜, 上锁人
lockes		(locke 的第三人称 -s形式) n. 洛克（姓氏）
locking	'lɔkiŋ	[计] 锁定; 加锁
locks		n. 锁；水闸；锁定器（lock的复数）
locomotive	.lәukә'mәutiv	n. 火车头, 机车
locomotives	ləʊkə'məʊtɪvz	n. 火车头, 机车( locomotive的复数形式 )
locust	'lәukәst	n. 蝗虫, 蚱蜢, 蝉
locusting	'ləʊkəst	n. 【昆虫】蝗虫[蝗科(Acrididae) 若干种蝗虫][亦称作 acridid,shorthorned grass
locusts	ˈləʊkəsts	n. 蝗虫( locust的复数形式 ); 贪吃的人; 破坏者; 槐树
lodge	lɒdʒ	n. 小屋, 门房, 支部, 旅舍, 分会
lodged	lɔdʒd	v. 存放( lodge的过去式和过去分词 ); 暂住; 埋入; （权利、权威等）归属
lodgeing	lɒdʒ	n.
lodger	'lɔdʒә(r)	n. 寄宿者, 房客
lodges		n. 小屋；胜地旅舍（lodge的复数）
lodgest	lɒdʒ	n.
lodging	'lɒdʒiŋ	n. 寄宿处, 寄宿
lodgings		n. 出租的房舍, 寄宿舍
lofty	'lɒfti	a. 高的, 傲慢的, 崇高的, 高级的, 玄虚的
log	lɒg	n. 记录, 圆木, 日志, 计程仪
loges		n. 逻各斯
logged	lɒgd	a. 笨重的, 湿透的
logger	'lɒgә	n. 樵夫, 圆木装车机
logging	'lɒgiŋ	n. (木材)采运作业, (事物状况的)记录
logic	'lɒdʒik	n. 逻辑, 逻辑学, 推理的方法, 推理, 逻辑性
logical	'lɒdʒikәl	a. 合乎逻辑的, 合理的
logically	'lɔdʒikәli	adv. 逻辑, 合乎逻辑, 符合逻辑, 逻辑上, 有逻辑, 有逻辑头脑, 合理, 明智
logicals	计	[原型] logicals 是 logical 的复数
logics	'lɒdʒɪks	n. 逻辑（学）( logic的名词复数 ); 逻辑学; （做某事的）道理; 推理方法
logies	'ləuɡi	n. 假珠宝饰物
logs		n. 日志；原木（log的复数）
london	'lʌndәn	n. 伦敦
londoner	'lʌndәnә	n. 伦敦人
londons	网络	[原型] londons 是 london 的复数
loneliness	'lәunlinis	n. 寂寞, 孤独, 清静
lonelinesses		(loneliness 的复数) n. 寂寞, 孤独, 清静
lonely	'lәunli	a. 孤单的, 孤寂的, 荒凉的
long	lɒŋ	a. 长的, 长久的, 冗长的, 做多头的
longed	lɔŋd	v. 用练马绳训练马的各种步态( longe的过去式和过去分词 )
longer	'lɔŋɡә. 'lɔ:ŋ-	adv. 比较久
longers	'lɒŋɡə	长的（long的比较级）
longes	网络	[原型] longes 是 longe 的复数
longest	'lɔŋɡist. 'lɔ:ŋ-	a. 最长的
longies	'lɔŋi:z	n. 长内衣裤
longing	'lɒŋiŋ	n. 渴望, 热望, 憧憬
longings	ˈlɔ:ŋɪŋz	n. 渴望, 盼望( longing的复数形式 )
longitude	'lɒndʒitju:d	n. 经度, 经线
longitudes	ˈlɔndʒitju:dz	n. 经度( longitude的复数形式 )
longs	经	[原型] longs 是 long 的第三人称单数
look	luk	n. 一看, 神色, 样子, 面容
looked	lʊkt	v. 看, 瞧( look的过去式和过去分词 ); 注意; 面向; 寻找
looker	'lukә	n. 观看的人, 检查员
looking	'lukiŋ	a. 有…相貌的；有…样子的
looks		n. 美貌
loop	lu:p	n. 环, 圈, 弯曲部分, 循环
looped	lu:pt	a. 有圈的, 成环的, 成圈的, 有环的, 酷酊大醉的
looper	'lu:pә	n. 打环的人, 套口机
loopies	'luːpɪ	adj.
looping	电	[原型] looping 是 loop 的现在分词
loops		n. 封闭的环形；循环（loop复数）
loose	lu:s	n. 发射, 放任, 放纵
loosed	lu:st	v. 释放( loose的过去式和过去分词 ); 不受约束地表达; 松开; 射出（子弹、箭等）
loosees	luː'siːz	n. 松度
loosely	'lu:sli	adv. 松弛地, 宽松地, 不紧
loosen	lu:sn	vt. 放松, 松开, 解除
loosened		a. 松的；分散的, 疏松的
loosener	'lu:snər	松土机, 浅耕机
loosenest	'luːs(ə)n	vt.
loosening	'lu:snɪŋ	v. 解开( loosen的现在分词 ); 放松; 松弛; （使）放松
loosens	ˈlu:sənz	v. 解开( loosen的第三人称单数 ); 放松; 松弛; （使）放松
looser	经	[原型] looser 是 loos 的比较级
looses	lu:siz	v. 释放( loose的第三人称单数 ); 不受约束地表达; 松开; 射出（子弹、箭等）
loosest		a. 松的( loose的最高级 ); 不精确的; 自由的; 疏松的
lord	lɒ:d	n. 统治者, 阁下, 上帝
lorded	'lɔ:dɪd	vi. 逞威风（lord的过去式与过去分词形式）
lordes	计	(lorde 的复数)
lordest	lɔːd	n.
lordies	'lɔ:di	Lordy
lording	'lɔ:dɪŋ	vi. 逞威风（lord的现在分词形式）
lords		n. 上议院；（前面与the连用）上院议员
lori		n. 洛里, 罗莉（人名）
lories	ˈlɔ:riz	n. 一种羽毛美丽的鹦鹉( lory的名词复数 )
loris	'lәuris	n. 懒猴
lorries	'lɒrɪz	n. 运货汽车, 卡车( lorry的名词复数 )
lorry	'lɒri	n. 卡车, 货车
lorrying	'lɒrɪ	n. （英）卡车；[车辆] 货车；运料车
lose	lu:z	vt. 遗失, 损失, 丢失, 使失去, 错过, 浪费, 迷失, 使迷路, 输去, 使沉溺于
loser	'lu:zә	n. 失败者, 遗失者
loses	lu:ziz	v. 遗失, 失去( lose的第三人称单数 ); （使）失去（所需要的东西, 尤指钱）; （因事故、年老、死亡等）损失
losest	luːz	vt.
loss	lɒs	n. 损失, 遗失, 失败, 输, 错过, 伤亡
losses		n. 损失；损耗（loss的复数）
lost	lɒst	a. 失去的, 遗失的, 迷惑的
lostest	lɒst	vt.
losts	lɒst	adj. 失去的；丧失的；迷惑的
lot	lɒt	n. 运气, 签, 抽签, 份额, 许多, 一堆
lotes		(lote 的复数) abbr. lesser of two evils 两个不幸中的较轻者
lots	lɔts	n. 大量, 许多；一堆；命运（lot的复数）
lotted		vt. 分组, 把…划分（lot的过去式与过去分词形式）
lotting	经	[原型] lotting 是 lot 的现在分词
lotus	'lәjtәs	n. 莲, 莲花, 荷花, 荷
lotuses	ˈləutəsiz	n. 莲( lotus的复数形式 ); 莲花图案; 莲属植物; 古希腊神话落拓枣
lotuss	'ləʊtəs	lotus
loud	laud	a. 大声的, 不断的, 喧吵的
louder		adv. 大声一点
loudest		loud（响亮的, 大声的, 高声的）的最高级形式
loudly	'laudli	adv. 高声地, 大声地, 吵闹地
loudspeaker	'laud'spi:kә	n. 扩音器, 喇叭
loudspeakered		(loudspeaker 的过去时) n. 扩音器, 喇叭
loudspeakering		(loudspeaker 的现在分词) n. 扩音器, 喇叭
loudspeakers	'laʊdspi:kərz	n. 扩音器, 扬声器, 喇叭( loudspeaker的复数形式 )
lounge	laundʒ	n. 闲逛, 休闲室, 长沙发
lounged		vi. 闲逛（lounge的过去式与过去分词形式）
lounger	'laundʒә	n. 闲荡的人
lounges	laundʒz	n. 休息厅( lounge的名词复数 ); 客厅; （机场等的）等候室; （私宅中的）起居室
loungest	laʊn(d)ʒ	vi.
love	lʌv	n. 爱, 恋爱, 爱情, 爱好, 性爱
loved	lʌvd	v. 热爱（love的过去分词）
lovelies		(lovely 的复数) a. 可爱的, 有趣的
lovely	'lʌvli	a. 可爱的, 有趣的
lover	'lʌvә	n. 爱人, 爱好者
lovers		n. 情人（lover的复数形式）
loves	lʌvz	v. 爱, 热爱( love的第三人称单数 ); 喜爱; 喜好; 喜欢
low	lәu	n. 低点, 低价, 低, 牛叫声
lowed		vi. （牛）哞哞叫（low的过去式与过去分词形式）
lower	'lәuә	a. 低的, 下级的, 下层的
lowered		v. 降低；削弱（lower的过去分词）
lowerer		下楼机
lowerest	'ləʊə	lower
loweries	'laʊərɪ	lowery
lowering	'lәuәriŋ	a. 皱眉的, 愠怒的, 昏暗的
lowers	法	[原型] lowers 是 lower 的第三人称单数
lowes	lәuz	洛斯(姓氏)
lowest	'lәuist	[法] 最低的, 基层的
lowies		n. (Lowie)人名；(英)洛伊
lowing	'lәuiŋ	n. 牛鸣
lows		n. 低频
loyal	'lɒiәl	a. 忠诚的, 忠实的, 忠贞的
loyalest		忠诚的（loyal 的最高级）
loyaller	'lɒɪəl	adj.
loyallest	'lɒɪəl	adj.
loyalties	ˈlɔiəltiz	n. 忠诚( loyalty的复数形式 ); 忠心; 忠于…感情; 要忠于…的强烈感情
loyalty	'lɒiәlti	n. 忠贞, 忠诚, 忠实
lubricate	'lu:brikeit	vt. 使润滑, 涂油
lubricated		a. 喝醉了的
lubricates	ˈlu:brikeits	v. 加油润滑( lubricate的第三人称单数 )
luck	lʌk	n. 运气, 幸运, 好运, 侥幸
lucked	lʌk	n. 运气；侥幸；〈古〉带来幸运的东西
lucker	人名	(-/32373)
luckily	'lʌkili	adv. 幸运地, 幸亏, 侥幸
lucks	lʌk	n. 运气；幸运；〈古〉带来幸运的东西
lucky	'lʌki	a. 幸运的, 吉祥的, 好运的, 侥幸的
luggage	'lʌgidʒ	n. 行李, 皮箱
luggaged		(luggage 的过去时) n. 行李, 皮箱
luke	lu:k	n. 卢克（男子名）；路加（基督教早期信徒之一）；[圣经]路加福音
lukes	人名	[原型] lukes 是 luke 的复数
lumber	'lʌmbә	n. 木材, 破旧家俱, 废物, 隆隆声
lumbered		vt.& vi. 砍伐（lumber的过去式与过去分词形式）
lumberer	'lʌmbәrә	n. 伐木人
lumbering	'lʌmbәriŋ	n. 伐木, 伐木业
lumbers		vt.& vi. 砍伐（lumber的第三人称单数形式）
luminous	'lu:minәs	a. 发光的, 明亮的
lump	lʌmp	n. 块, 瘤, 很多, 肿块, 笨人
lumped		a. 总集的；集中的；成块的
lumper	'lʌmpә	n. 装卸工, 小承包商, 小包工头, 码头工人
lumping	'lʌmpiŋ	a. 结成一团的, 重的, 大的
lumps	lʌmps	n. 金丝鸟病；块煤；肿块（lump的复数）
lunar	'lu:nә	a. 阴历的, 月的, 微亮的(指光)
lunch	lʌntʃ	n. 午餐
lunched		vt.& vi. 吃午餐（lunch的过去式与过去分词形式）
luncheon	'lʌntʃәn	n. 午宴, 午餐会
luncheoned	'lʌn(t)ʃ(ə)n	n. 午宴；正式的午餐会
luncheoning	'lʌn(t)ʃ(ə)n	n. 午宴；正式的午餐会
luncheons	ˈlʌntʃənz	n. 午餐, 午宴( luncheon的复数形式 )
luncher		n. 午餐 (lunch的变形)
lunches	lʌntʃiz	n. 午餐( lunch的名词复数 )
lunching	电	[原型] lunching 是 lunch 的现在分词
lung	lʌŋ	n. 肺, 肺脏, 空地
lunge	lʌndʒ	n. 刺, 刺进, 跃进, 套马索
lunged	lʌŋd	a. 有肺的, 有...肺的
lungees	'lʌŋɡi	n.
lungeing		(lunge 的现在分词) n. 刺, 刺进, 跃进, 套马索
lunger	'lʌŋә	n. 肺病患者
lunges	lʌn(d)ʒ	n. 刺；跃进；刺进；套马索
lungies	'lʌŋi	adj.
lunging	体	[原型] lunging 是 lung 的现在分词
lungs	'lʌŋz	n. 肺( lung的复数形式 ); 肺脏
luxuries	ˈlʌkʃəriz	n. 奢侈( luxury的名词复数 ); 豪华; 奢侈品; 不常有的乐趣（或享受、优势）
luxurious	lʌg'zjuәriәs	a. 豪华的, 奢侈的, 放纵的
luxury	'lʌkʃәri	n. 奢侈, 豪华
lyrics		n. 歌词
lyricss		n. 歌词
macao	mә'kau	n. 澳门
macaos	mə'kau	n. 澳门
machine	mә'ʃi:n	n. 机器, 机械装置, 机构, 自动售货机, 机械般工作的人
machined		vt. 用机器制造, 用机器加工（machine的过去式与过去分词形式）
machiner	mə'ʃiːn	n. 机床, 机器, 机械；机关, 机构
machines		n. 机器；机械（machine的复数）
mad	mæd	a. 疯狂的, 发疯的, 生气的, 愚蠢的, 狂欢的
madam	'mædәm	n. 女士, 夫人
madames		n. 夫人
madaming	'mædəm	n.
madams	'mædəmz	n. 女士( madam的名词复数 ); 小姐; 喜欢指使他人的年轻妇女; （妓院的）鸨母
madd		abbr. Mothers Against Drunk Drivers 反对酗酒司机的母亲; multiple acyl
madded		vt. 使疯狂（mad的过去式与过去分词形式）
madder	'mædә	n. 茜草属的植物, 茜草根, 人造茜草染料
maddest	'mædɪst	mad（疯狂的）的最高级形式
madding	'mædiŋ	a. 发狂的, 狂乱的
mader		n. 马德尔（男子名）
madest	网络	[原型] madest 是 made 的最高级
madies	网络	[原型] madies 是 mady 的复数
madison	'mædisn	n. 麦迪逊（姓氏）；麦迪逊（美国城市）
madisons		n. 麦迪逊；墨迪逊；James Madison詹姆斯墨迪逊
mads		(mad 的复数) a. 疯狂的, 发疯的, 生气的, 愚蠢的, 狂欢的
magazine	.mægә'zi:n	n. 杂志, 仓库, 弹盒, 胶卷盒
magazined	mægə'ziːn	n. 杂志；弹药库；胶卷盒
magazines		n. 杂志（magazine的复数）
magic	'mædʒik	n. 魔术, 魔法
magical	'mædʒikәl	a. 魔术的, 有魔力的, 不可思议的
magician	mә'dʒiʃәn	n. 魔术家, 幻术家, 术士
magicians	məˈdʒɪʃənz	n. 魔术师( magician的复数形式 ); 巫师; 术士; 施妖术的人
magics		v. 用魔法变出（magic的第三人称单数形式）
magistrate	'mædʒistreit	n. 长官, 法官, 推事
magistrates	ˈmædʒistrits	n. 地方法官, 治安官( magistrate的复数形式 )
magnet	'mægnit	n. 磁铁, 有吸引力之人, 有吸引力之物
magnetic	mæg'netik	a. 有磁性的, 有吸引力的, 催眠术的
magnetics	mæg'netiks	n. 磁学
magnetism	'mægnitizm	n. 磁性, 吸引力, 磁学, 催眠术
magnetisms	'mægnɪtɪz(ə)m	n. 磁性，磁力；磁学；吸引力
magnets	'mæɡnɪts	n. 磁铁, 磁体( magnet的复数形式 ); 有吸引力的人[物]; 磁石; 吸铁石
magnificent	mæg'nifisnt	a. 华丽的, 高尚的, 宏伟的
magnifies	ˈmæɡnifaiz	v. 放大( magnify的第三人称单数 ); 扩大; 夸大; 夸奖
magnify	'mægnifai	vt. 放大, 扩大, 赞美, 夸大
magnifying	'mæ^nifaiiŋ	[医] 放大的
magnitude	'mægnitju:d	n. 巨大, 重大, 重要, 大小, 数量, 星等(指星的亮度)
magnitudes		(magnitude 的复数) n. 巨大, 重大, 重要, 大小, 数量, 星等(指星的亮度)
magpie	'mægpai	n. 鹊, 珍种家鸽, 饶舌的人
magpies	'mægpɚɪz	n. 喜鹊（magpie的复数形式）
maid	meid	n. 少女, 未婚女子, 女仆
maiden	'meidn	n. 年轻未婚女子, 少女, 处女
maidener	'meɪd(ə)n	n. (未婚的)青年女子；少女；年轻姑娘；处女；(赛马中)从未得过奖的马；未跑赢过的马
maidens	ˈmeidnz	n. 处女( maiden的复数形式 ); 少女; 未婚女子; （板球运动）未得分的一轮投球
maiding	meɪd	n. 女仆；少女
maids		abbr. 鼠艾滋病（the Mice AIDS）
maies	mei	May1
mail	meil	n. 邮件, 邮政, 邮递, 盔甲
mailbox	'meilbɒks	n. 邮筒, 邮箱
mailboxes		n. 邮筒（mailbox的复数形式）
mailed	meild	a. 披甲的, 装甲的
mailer	'meilә	n. 邮寄者, 邮船, 包装邮件的东西
mailes		n. 齐墩果状念珠藤（maile的复数）
mailing	'meiliŋ	n. 邮寄, 投递, 邮件, 农场租金
mails		n. 邮件（mail的复数形式）
main	mein	n. 主要部分, 干线, 体力, 力量, 主群组
maind		吡硫醇,双硫吡哆醇,脑复新
mainer		n. (Mainer)人名；(西)迈内尔
maines	网络	[原型] maines 是 maine 的复数
mainest	mein	缅因州(美国东北部州)[略作 Me，ME]
mainies	网络	(mainie 的复数)
mainland	'meinlәnd	n. 大陆, 本土
mainlander	ˈmeɪnlændə	n. 本土人, 大陆人
mainlands	网络	[原型] mainlands 是 mainland 的复数
mainly	'meinli	adv. 主要地, 大抵
mains		n. 电源, 网路, 干线
mainstream	'meinstri:m	n. 主流
mainstreamed		使……成为主流（mainstreamed是mainstream的过去形式）
mainstreamer	'meɪnstriːm	n. (河流的)主流, (事物的)主流；主要倾向, 主要趋势, 主要潮流
mainstreaming	'mein.stri:miŋ	n. 回归主流；主流化
mainstreams		(mainstream 的复数) n. 主流
maintain	mein'tein	vt. 维持, 维修, 保持, 坚持, 供养, 主张
maintained		a. 被保持的
maintainer	men'teinә	[医] 保持器
maintainest	meɪn'teɪn; mən'teɪn	vt.
maintaining	化	[原型] maintaining 是 maintain 的现在分词
maintains	meinˈteinz	v. 保持( maintain的第三人称单数 ); 保养; 坚持; 保卫
maintenance	'meintәnәns	n. 维护, 保持, 维修, 生活费用, 坚持, 扶养
maintenances	ˈmeintinənsiz	n. 维持( maintenance的名词复数 ); 维护; 保养; 维修
majesties	ˈmædʒistiz	n. 雄伟( majesty的名词复数 ); 庄严; 陛下; 王权
majesty	'mædʒәsti	n. 最高权威, 威严, 王权, 雄伟, 庄严
major	'meidʒә	n. 主修课, 成年人, 陆军少校
majored	'meɪdʒə	a. 主要的；重要的；主修的；较多的
majores		富有财产者；六代以上的男系尊亲
majories		（女人名）
majoring		major（以…为专业）的现在分词形式
majorities	məˈdʒɔritiz	n. 多数( majority的名词复数 ); （获胜的）票数; 票数差距; 法定年龄
majority	mә'dʒɒriti	n. 多数, 大半
majors		n. 专业；主修（major的复数）
make	meik	vt. 制造, 安排, 创造, 构成, 使得, 产生, 造成, 整理, 布置, 引起, 到达, 进行
maked	meɪk	vt. 制作, 制造；做；做出(某物), 建造, 创造(某物)：；注定；适合：
maker	'meikә	n. 制造者, 上帝
makers		n. 迈克（美国一家公司）
makes		v. 做, 制作（make的第三人称单数）
makeup	'meikʌp	n. 组成, 性格, 化妆品, 化装(术), 虚构, 补考
makeups	ˈmeɪkˌʌps	n. 天性( makeup的名词复数 ); 性格; 气质; 组成成分
malawi	mә'lɑ:wi	n. 马拉维
malawis	mɑ:'lɑ:wi	n. 马拉维（非洲国家）
malaysia	mә'leiziә	n. 马来西亚
malaysias	məˈleɪʒə	n. 马来西亚；马来群岛
male	meil	n. 男人, 雄性动物
males		n. 壮丁；雄性（male的复数）
malest	meɪl	male
malice	'mælis	n. 恶意, 蓄意害人, 怨恨
malices		(malice 的复数) n. 恶意, 蓄意害人, 怨恨
mall	mɔ:l	n. 林荫路
malled	mæl; mɔːl; mɒl	n. 购物商场；林荫路；铁圈球场
malles	网络	[原型] malles 是 malle 的复数
malling	'mɔ:liŋ	n. 在一地区内兴建“购物中心”之行动过多；时常花时间在“购物中心”买东西或作社交活动
malls		n. 购物中心（mall的复数形式）
mammal	mæmәl	n. 哺乳动物
mammals		n. 哺乳类；哺乳纲；哺乳类动物（mammal的复数）
man	mæn	n. 男人, 人类, 人
manage	'mænidʒ	vi. 处理
managed		a. 与中央化计划及管制有关的；托管的
management	'mænidʒmәnt	n. 经营, 支配, 管理
managements		n. 管理（management的复数形式）
manager	'mænidʒә	n. 经理, 管理员, 管理器
managers		n. 管理者, 经理（manager复数）
manages		v. 管理；负责；控制；设法对付（manage的三单形式）
managest	'mænɪdʒ	vt.
manchu	mæn'tʃu:	a. 满族的
manchus		n. 满族人（Manchu的复数）
mand	mænd	n. 祈使语（指以产生某种特定效果为目的的话语）
maned	meind	a. 有鬃毛的
maner		n. 马纳（姓氏）
manes	'meini:z	n. 灵魂；阴间的诸神
manhattan	mæn'hætәn	n. 曼哈顿
manhattans	mæn'hæt(ə)n	n. 曼哈顿；曼哈顿商业区；曼哈顿鸡尾酒
manies	'menɪ	pron. 许多；许多人
manifest	'mænifest	n. 载货单, 运货单, 旅客名单
manifested	ˈmænifestid	a. [医]已显示的, 证明的
manifester		n. manifest的变形
manifestes	网络	(manifeste 的复数)
manifestest	'mænɪfest	adj.
manifesting	'mænɪfestɪŋ	v. 清楚表示( manifest的现在分词 ); 显露; 显现; 使人注意到
manifests	ˈmænifests	v. 清楚表示( manifest的第三人称单数 ); 显露; 显现; 使人注意到
manipulate	mә'nipjuleit	vt. 操纵, 利用, 操作, 巧妙地处理, 假造
manipulated	məˈnipjuleitid	v. 熟练控制[操作]( manipulate的过去式和过去分词 ); （暗中）控制, 操纵, 影响; 正骨; 治疗脱臼
manipulater	mə'nɪpjʊleɪtə	[医]控制器
manipulates	məˈnipjuleits	v. 熟练控制[操作]( manipulate的第三人称单数 ); （暗中）控制, 操纵, 影响; 正骨; 治疗脱臼
mankind	mæn'kaind	n. 人类, 男性
mankinds	,mæn'kaɪnd	n. 人类；男性
manly	'mænli	a. 象男人的, 强壮的, 适于男人的
manned	mænd	a. 有人驾驶的, 有人操纵的
manner	'mænә	n. 样子, 礼貌, 风格
mannered	'mænәd	a. 守规矩的, 矫饰的
manners	'mænәs	n. 礼貌
manning	'mæniŋ	n. 人员配备
mans		abbr. 自然科学学会会员（Member of the Academy of Sciences）
mansion	'mænʃәn	n. 大厦, 宅邸
mansions	ˈmænʃənz	n. 宅第, 公馆, 大厦( mansion的复数形式 )
manual	'mænjuәl	n. 手册, 指南
manuals		n. 手册, 指南；说明书（manual的复数）
manufacture	.mænju'fæktʃә	n. 产品, 制造
manufactured	,mænju'fæktʃәd	a. 制造的, 已制成的
manufactureer		n. 制造商；制造厂
manufacturer	.mænju'fæktʃәrә	n. 制造业者, 厂商
manufacturers		n. 制造商；厂商
manufactures		n. 制成品（manufacture的复数）
manuscript	'mænjuskript	n. 手稿, 原稿, 底稿
manuscripts	'mænjʊskrɪpts	n. 手稿( manuscript的复数形式 ); 原稿; 底稿; 手写本
many	'meni	n. 多数, 多数人
maori	'mauri	n. 毛利人, 毛利语
maoris		n. 毛里人（Maori的复数形式）
map	mæp	n. 地图, 天体图, 映像
mapes	人名	[原型] mapes 是 mape 的复数
maple	'meipl	n. 枫, 枫木, 淡棕色
maples		n. 篮球场地板（maple的复数形式）
mapped		v. 计划；绘制...之地图；映射（map的过去式和过去分词形式）
mapper	'mæpә	n. 制图人
mapping	'mæpiŋ	[计] 映射; 变换; 映象
mapr		Manufacturing Aids Program Requirements 制造业援助计划需求
maps		abbr. 管理分析与规划系统（Management Analysis and Planning System）
marathon	'mærәθәn	n. 马拉松, 耐力的考验
marathoned	'mærəθ(ə)n	n. 马拉松赛跑；耐力的考验
marathoner		n. 马拉松运动员
marathoning	'mærəθ(ə)n	n. 马拉松赛跑；耐力的考验
marathons	'mærəθ(ə)n	n. 马拉松赛跑；耐力的考验
marble	'mɑ:bl	n. 大理石, 石弹, 雕刻品
marbled	'mɑ:bld	大理石的, 用大理石装饰或建造的
marbler		n. 大理石；大理石制品；弹珠 (marble的变形)
marbles	ˈmɑ:blz	n. （在地上玩的）弹子游戏; 大理石( marble的名词复数 ); （用玻璃、泥等制成的）弹子; 理智; 弹子游戏
march	mɑ:tʃ	n. 三月, 进行, 行军, 步伐, 长途跋涉, 进行曲, 边界
marched	'mɑ:tʃt	v. （坚定地向某地）前进( march的过去式和过去分词 ); 进军; 进展; 游行示威（或抗议）
marcher		n. 边界地区居民, 行进者, 游行者, 行军者
marches	'mɑ:tʃɪz	v. （坚定地向某地）前进( march的第三人称单数 ); 进军; 进展; 游行示威（或抗议）
marchest	mɑrʃ	马尔什(法国中部地区，旧省)
marching	计	[原型] marching 是 march 的现在分词
margin	'mɑ:dʒin	n. 页边的空白, 边缘, 界限, 余裕, 差数, 差额, 保证金
marginal	'mɑ:dʒinәl	a. 边缘的, 最低限度的, 有旁注的
marginals	'mɑːdʒɪn(ə)l	a. 边缘的；临界的；末端的
margining		(margine 的现在分词) n. (Margine)人名；(罗)马尔吉内
margins		n. 边缘；（期权）保证金；利润；边际（margin的复数）
margot	'mɑ:^әu	n. 玛戈特(Margaret 的昵称)(f.)
maria	mә:'raiә, mә'riә	n. 玛丽亚（女名）
marias		n. (Marias)人名；(西)马里亚斯；(法)马里亚
marie	'mɑ:ri(:), mә'ri:	n. 玛丽（女子名）
maries	网络	[原型] maries 是 mary 的复数
marine	mә'ri:n	n. 舰队, 水兵, 海景画
marined	mə'riːn	a. 海的, 海洋的；海里发现的, 海产的, 海生的
mariner	'mærinә	n. 水手
marines	人名	[原型] marines 是 marine 的复数
marinest	mə'riːn	marine
marion	'meәriәn, 'mæriәn	n. 马里恩（男子名）
mark	mɑ:k	n. 标志, 分数, 马克, 痕迹, 斑点, 靶子, 刻度, 记号, 符号, 戳记, 标准, 起跑线
marked	mɑ:kt	a. 有记号的, 显著的, 醒目的
marker	'mɑ:kә	n. 作记号的人, 记分员, 书签, 纪念碑, 里程碑, 标识物, 标记
markes		(marke 的复数) n. 标记（mark的旧拼）；马克（货币单位）；马可王（电影里的人物名）
market	'mɑ:kit	n. 市场, 交易, 集市, 推销地区, 行情, 市面, 销路
marketed		交易；销售；市场推广（market的过去分词）
marketer	'mɑ:kitә	n. 赶集者, 市场商人
marketing	'mɑ:kitiŋ	n. 行销, 买卖
markets		n. 市场, 市场组合（market 复数）
markies	网络	[原型] markies 是 markie 的复数
marking	'mɑ:kiŋ	n. 印记, 印, 分
marks		n. 标记, 记号；唛头, 分数；台面标志
marriage	'mæridʒ	n. 婚姻, 结婚, 婚礼, 合并
marriages	ˈmæridʒz	n. 结婚( marriage的复数形式 ); 婚姻状况; 婚礼
married	'mærid	a. 已婚的, 婚姻的
marrieds		n. <非正>已婚的年轻人( married的名词复数 )
marries	ˈmæriz	v. （使）结婚( marry的第三人称单数 ); 娶; 嫁; 结合
marry	'mæri	vt. 与...结婚, 娶, 嫁
marryed	'mæri	vt.
marryer	'mæriə	n. ＝marrier
marrying		v. 证婚；结婚；合成（marry的现在分词形式）
mars	mɑ:z	n. 火星, 战神
marser		起毛机
marsh	mɑ:ʃ	n. 沼泽, 湿地
marshal	'mɑ:ʃәl	n. 元帅, 陆空军高级将官, 典礼官, 执法官
marshaled		vt. 整理, 排列, 集结（marshal的过去式与过去分词形式）
marshaler		n. 封送处理器
marshaling		a. 把货车等编级的
marshalled		vt. 整理, 排列, 集结（marshal的过去式与过去分词形式）
marshalling	'mɑ:ʃәliŋ	a. 把货车等编级的
marshals	ˈmɑ:ʃəlz	n. 元帅( marshal的名词复数 ); 典礼官; 执法官; 消防局长
marshes	mɑ:ʃiz	n. 沼泽, 湿地( marsh的复数形式 )
marss		abbr. manned astronautical research station 【航空和航天工程】空间实验室,载
marties	'mɑ:ti	马蒂(男子名)[Martin 的异体]
marty	'mɑ:ti	n. 马蒂（男子名, Martin的异体）
martyr	'mɑ:tә	n. 烈士, 受苦者, 受难者
martyred	ˈmɑ:təd	a. （为博取同情或赞赏而）假装可怜的, 满脸苦相的
martyries	ˈmɑ:təriz	n. 忠烈祠，烈士纪念堂( martyry的名词复数 )
martyring	'mɑːtə	vt. 牺牲；折磨；杀害
martyrs	ˈmɑ:təz	n. martyr的复数形式; 烈士( martyr的名词复数 ); 殉道者; 殉教者; 乞怜者（向人诉苦以博取同情）
marvel	'mɑ:vl	n. 奇异事物, 罕见例子
marveled	'mɑːv(ə)l	n. 奇迹
marvelest	'mɑːv(ə)l	n.
marveling	'mɑːv(ə)l	n. 奇迹
marvelled	ˈmɑ:vəld	v. 惊奇, 对…感到惊奇( marvel的过去式和过去分词 )
marvellest	'mɑːv(ə)l	n.
marvelling	ˈmɑ:vəlɪŋ	v. 惊奇, 对…感到惊奇( marvel的现在分词 )
marvellous	'mɑ:vilәs	a. 奇异的, 神奇的, 奇迹般的, 惊人的, 不可思议的, 绝妙的, 妙极的
marvels	ˈmɑ:vəlz	n. 奇迹( marvel的名词复数 ); 令人惊奇的事物（或事例）; 不平凡的成果; 成就
marxism	'mɑ:ksizm	n. 马克思主义
marxisms		(Marxism 的复数) n. 马克思主义
marxist	'mɑ:ksist	a. 马克思主义的
marxistes	网络	(marxiste 的复数)
marxists		马克思
masaccio	mɑ:'sɑ:ttʃɔ:	n. 马萨乔（意大利画家）
masaccios	mɑ:'sɑ:ttʃɔ:	马萨乔(1401～1428?，意大利佛罗伦萨画家)
mascot	'mæskәt	n. 福神, 吉祥的东西
mascots	ˈmæsˌkɔts	n. 吉祥物( mascot的复数形式 )
masculine	'mæskjulin	n. 阳性, 男性
masculines		(masculine 的复数) n. 阳性, 男性
mask	mæsk	n. 面具, 假面具, 掩饰, 石膏面模
masked	mæskt	a. 戴假面具的, 隐现的, 伪装的
masker	'mɑ:skә(r);'mæ-	n. 戴假面具的人, 参加假面舞会的人
masking	'mɑ:skiŋ	[计] 屏蔽, 掩蔽, 掩模
masks		n. 遮罩, 面罩；口罩（mask的复数形式）
mass	mæs	n. 块, 大多数, 质量, 大量, 群众, 弥撒
massacre	'mæsәkә	n. 大屠杀
massacred	'mæsəkə	vt. 残杀；彻底击败
massacres	ˈmæsəkəz	n. 大屠杀( massacre的名词复数 ); <口>惨败
massacrest	'mæsəkə	n.
massed	mæst	a. （人们出于某种特殊目的）成群的, 聚集的, 联合的
masses		n. 民众, 劳动阶层
massest		abbr. multiple access sequential selection 多重存取时序选择法
massies	'mæsɪ	adj. 巨大的；厚重的
massing		块化；总体
massive	'mæsiv	a. 大而重的, 宽大的, 宏伟的
massiver	'mæsɪv	massive
massives	'mæsɪv	adj. 大的；魁伟的；结实的；实心的
massivest	'mæsɪv	adj. 笨重的；大块的；；较大的；较大量的；大于正常情况的
mast	mɑ:st	n. 桅, 桅杆, 杆
masted	'mɑ:stid	a. 有桅的；…桅的
master	'mɑ:stә. 'mæstә	n. 主人, 硕士, 大师, 母机
mastered		a. 精通的
masterest	'mɑːstə	n.
masteries		n. 精通, 熟练（mastery的复数形式）
mastering		n. 母带后期处理；控制
masterpiece	'mɑ:stәpi:s	n. 杰作, 名著
masterpieces	'mɑ:stəpi:sɪz	n. 杰作, 名作( masterpiece的复数形式 ); 佳作
masters		n. 主人；硕士；大师赛（master的复数形式）
masting	'mɑ:stiŋ	(帆船)船桅定位技术
masts	mɑ:sts	n. 船桅( mast的复数形式 ); 桅杆; 旗杆; 天线塔
mat	mæt	n. 垫, 丛, 衬边
match	mætʃ	n. 比赛, 火柴, 对手
matched		-1
matcher	'mætʃә	[计] 匹配程序, 配对程序
matches		n. 火柴；比赛（match的复数）
matchest	mætʃ	n.
matching	'mætʃiŋ	a. 相同的, 协调的
mate	meit	n. 配偶, 对手, 助手, (象棋)将死
mated		成双的；成对的
mater	'meitә	n. 母亲
material	mә'tiәriәl	n. 材料, 物资, 素材, 布料, 资料
materialism	mә'tiәriәlizm	n. 唯物主义
materialisms	mə'tɪərɪəlɪz(ə)m	n. 唯物主义；唯物论；物质主义
materials		n. 材料；材料费；材料科学；材质（material的复数）
mates		n. 好朋友；伴侣牌, 伙伴
math	mæθ	n. 数学
mathematical	.mæθә'mætikl	a. 数学的, 精确的
mathematician	.mæθәmә'tiʃәn	n. 数学家
mathematicians	mæθə'mətɪʃnz	n. 数学家( mathematician的复数形式 )
mathematics	.mæθә'mætiks	n. 数学
mather		n. 马瑟（人名）
mathes	人名	[原型] mathes 是 mathe 的复数
mathies	人名	[原型] mathies 是 mathie 的复数
maths	mæθs	n. 数学
mathss	mæθs	n. [英国口语] = mathematics
maties	'meiti	adj. 平易近人的；友好的
mating	'meitiŋ	n. 交配
matisse	mə'ti:s	n. 马蒂斯（法国画家、雕刻家和版画家）
matisses		使消光；使粗糙；锤打；铆击
mats		abbr. 军事空运局（Military Air Transport Service）
matted	'mætid	a. 铺席子的, 织结的, 纠缠的, 暗淡的
matter	'mætә	n. 事件, 物质, 原因, 素材, 实体, 重要
mattered	ˈmætəd	v. 要紧( matter的过去式和过去分词 ); 化脓; 有重大影响; 有重要性
mattering	ˈmætərɪŋ	v. 要紧( matter的现在分词 ); 化脓; 有重大影响; 有重要性
matters		n. 事项；事态；事件；情事（matter的复数）
mattest	mæt	n. 【冶金学】 锍，冰铜
matting	'mætiŋ	n. 席子, 麻袋, 无光表面
mature	mә'tjuә	a. 成熟的, 到期的, 充分考虑的
matured		a. 成熟的；到期的
maturer	mә'tjuәrә	成熟的人
matures	məˈtjuəz	v. 成熟, 长成( mature的第三人称单数 ); （票据等）到期; （情感和认识）成熟; 使（技能或素质）成熟
maturest		mature（成熟的）的最高级形式
mauritius	mɒ:'riʃiәs	n. 毛里求斯
mauritiuss	mə'rɪʃəs	毛里求斯(非洲岛国，首都路易港) [全称the Republic of Mauritius 毛里求斯共和国]
maximum	'mæksimәn	n. 极点, 最大量, 极大
maximums		最大量, 最大限度, 最大数, 顶点, 极大值, 极限
may	mei	n. 五月
maybe	'meibi:	adv. 也许, 大概
maybes		n. 可能性
mayellas	网络	(mayella 的复数)
mayer	'meiә	[医] 迈尔(热容单位)
mayes		梅斯（人名）
mayest	'meiist, meist	<古>may的第二人称单数现在时(仅与thou连用)
maying	'meiiŋ	n. 五朔节的庆祝活动
mayor	'mєә	n. 市长
mayors	mɛəz	n. （民选的）市长( mayor的复数形式 ); 镇长; （英格兰、威尔士和北爱尔兰由议员选举产生的）镇长
mayr		n. (Mayr)人名；(德、意、西、瑞典、英)迈尔
mays	医	[原型] may
mayst	meist	<古>may的第二人称单数现在时(仅与thou连用)
me	mi:	pron. 我
meadow	'medәu	n. 草地, 牧场
meadows	medəuz	n. 梅多斯（姓氏）
meal	mi:l	n. 一餐, 膳食, 粗粉
mealer	'mi:lә	[美俚]住在一处而在另一处吃饭的人, 搭伙客
meales	'miːlz	麻疹
mealies	'mi:lɪz	[医]玉米, 玉蜀黍
meals		n. 膳食；谷类（meal的复数）
mean	mi:n	a. 低劣的, 卑贱的, 简陋的, 吝啬的, 惭愧的, 平均的, 中间的, 普通的
meand	'mi:nd	老露天矿
meander	mi'ændә	n. (河流的)蜿蜒, 漫步, 迂回旅行
meandered	mi:ˈændəd	v. （指溪流、河流等）蜿蜒而流( meander的过去式和过去分词 )
meanderer		n. 漫游者, 闲逛者
meanderest	mɪ'ændə	n.
meandering	mi'ændәriŋ	a. 曲折的, 漫步的, 聊天的
meanders	mi:ˈændəz	n. 曲径( meander的名词复数 ); 迂回曲折的旅程
meaner	miːn	vt. 表示…的意思；意思是；作…解释：；意味着；即是：
meanes	网络	[原型] meanes 是 meane 的复数
meanest	miːn	vt. 表示…的意思；意思是；作…解释：；意味着；即是：
meanies	'mi:ni	n. 小气鬼；刻薄鬼；卑鄙家伙
meaning	'mi:niŋ	n. 意义, 含义, 目的, 意图
meaningless	'mi:niŋlis	a. 无意义的
meanings		n. 含义；价值（meaning的复数）
means	mi:nz	n. 方法, 手段, 工具, 财产, 收入
meanss	miːnz	n. [复数]；[用作单数或复数]方法；手段；工具
meantime	'mi:ntaim	n. 间隔时间, 其时
meantimes	网络	[原型] meantimes 是 meantime 的复数
meanwhile	'mi:nhwail	n. 其时, 其间
meanwhiles	'miːnwaɪl	adv. 同时，其间
measurable	'meʒәrәbl	a. 可测量的, 不久的, 重要的
measure	'meʒә	n. 尺寸, 量度器, 量度标准, 测量, 量具, 程度, 范围, 限度, 分寸, 措施, 方法
measured	'meʒәd	a. 整齐的, 慎重的, 基于标准的
measurement	'meʒәdmәnt	n. 尺寸, 度量, 度量单位
measurements		n. 测量值, 尺寸（measurement的复数）
measurer	'meʒәrә	[计] 测量仪表, 测量器
measures		n. 措施；层组（measure的复数）
measurest	'meʒə	n.
meat	mi:t	n. 肉, 餐, 食物
meated	miːt	n. 肉；食用肉类；(蛋、坚果、贝等的)可食部分；肉；仁
meates		(meate 的复数) [网络] 做得好
meats		n. 肉类（meat的复数）
mechanic	mi'kænik	n. 机械工, 技工
mechanical	mi'kænikәl	a. 机械的, 机械性的, 力学的
mechanically	mi'kænikәli	adv. 机械, 用机械, 机械学, 物理, 力学, 呆板, 无意识, 手工操作, 技工
mechanicals	mi'kænikәls	工业制品
mechanics	mi'kæniks	n. 机械学, 结构, 力学
mechanicss	mɪ'kænɪks	n. [复数]；[动词用单数]力学；机械学
mechanism	'mekәnizm	n. 机械, 机构, 结构, 机理, 技巧
mechanisms	'mekənɪzəmz	n. 机械( mechanism的复数形式 ); 机械装置; [生物学] 机制; 机械作用
med	med	教育学硕士
medal	'medl	n. 奖牌, 勋章
medaled		a. 佩带勋章的
medaling		vi. 获奖：赢得一枚奖章（medal的现在分词形式）
medalled		a. 佩带勋章的
medalling	'med(ə)l	n. 奖章；勋章；奖牌；纪念章；圣牌；作为宗教象征的圆牌
medals		n. 奖章；勋章（medal的复数）
medical	'medikl	n. 医生, 体格检查
medicals	ˈmedikəlz	n. 医学的( medical的复数形式 ); 医疗的; 医术的; 内科的
medicine	'medisin	n. 药, 医学, 内科
medicined		vt. 用药物治疗（medicine的过去式与过去分词形式）
medicines	'medsnz	n. 药( medicine的复数形式 ); 内服药; 医术; 医学
meditate	'mediteit	vt. 想, 考虑, 计划
meditated	ˈmedɪˌteɪtid	v. 深思, 沉思, 冥想( meditate的过去式和过去分词 ); 内心策划, 考虑
meditates	ˈmedɪˌteɪts	v. 深思, 沉思, 冥想( meditate的第三人称单数 ); 内心策划, 考虑
meditation	.medi'teiʃәn	n. 沉思, 冥想
meditations	ˌmedɪˈteɪʃənz	n. 默想( meditation的复数形式 ); 默念; 沉思; 冥想
mediterranean	.meditә'reiniәn	n. 地中海, 地中海民族
mediterraneans		n. 地中海( Mediterranean的名词复数 ); 地中海沿岸的居民; 地中海沿岸的高加索人
medium	'mi:diәm	n. 媒体, 方法, 媒介
mediums		媒体, 方法, 媒介
meed	mi:d	n. 报酬, 奖赏
meer		n. 米尔（人名）
mees		(mee 的复数) abbr. 甲基乙基醚（Methyl Ethyl Ether）；轮机英语（Marine Engine
meet	mi:t	n. 会, 集会
meeted	mi:t	vt.
meeter	mi:tə	n. 迎面来的船
meetest	miːt	n. 会；赛会；【数】(直线或平面的)交点；交(集)
meeting	'mi:tiŋ	n. 会议, 会面
meetings		n. 会议, 集会, 会见（meeting的复数形式）
meets	mi:ts	v. 相遇( meet的第三人称单数 ); 相识; 开会; 接触（某物）
mekong	'mei'kɒŋ	n. 湄公河
mekongs	'meɪ'kɔŋ	n. 湄公河（位于东南亚）
melancholies	'melənkəlɪ	adj. 忧郁的；使人悲伤的
melancholy	'melәnkɒli	n. 忧郁, 悲哀, 愁思
melbourne	'melbәn	n. 墨尔本
melbournes	'melbən	n. 墨尔本（澳大利亚一座城市）
melodies	ˈmelədiz	n. 曲调( melody的名词复数 ); 旋律; 乐曲的音符编排; 美妙的音乐
melody	'melәdi	n. 曲子, 美妙音乐, 曲调
melon	'melәn	n. 瓜, 甜瓜, 红利, 赃物
melons		n. 瓜类植物（如西瓜, 甜瓜等）；额外股利（melon的复数）
melt	melt	n. 熔化, 熔化物, 溶解
melted		melt的过去式和过去分词
melter	'meltә	熔炉, 熔化器, 熔炼工, 炉工, 炼钢工
meltest	melt	vt.
melting	'meltiŋ	a. 熔化的, 温柔的, 令人感动的, 甜美的
melts	melts	v. （使）融[溶, 熔]化( melt的第三人称单数 ); 溶解; （使）消散, 消失; （使）软化, 变得温柔
member	'membә	n. 成员, 会员
membered	'membəd	a. 分成几部分的；由几个部分组成的；有手脚的
members		n. 成员；会员（member的复数）
membership	'membәʃip	n. 会员的资格, 全体会员, 会员数目
memberships	'membəʃɪps	n. 全体会员( membership的复数形式 ); 会员身份, 会员资格
memorial	mi'mɒ:riәl	n. 纪念物, 请愿书
memorials		n. 纪录（memorial的复数形式）
memories		n. 回忆；记忆（memory的复数）
memory	'memәri	n. 记忆, 记忆力, 回忆, 纪念, 存储
menace	'menis	n. 威胁, 胁迫
menaced	ˈmenəst	v. 威胁( menace的过去式和过去分词 ); 非常讨厌的人[事]; 恐吓; 令人恐怖的氛围
menacer		n. 威胁者, 恐吓者
menaces	ˈmenəsiz	n. 威胁( menace的名词复数 ); 非常讨厌的人[事]; 恐吓; 令人恐怖的氛围
menacest	'menəs	n.
mend	mend	n. 改进, 修补, 好转
mended		v. 修改（mend的过去式）
mender	'mendә	n. 修缮者, 修理者, 修改者
mendes		n. 门德人（Mende的复数形式）；门德语（Mende的复数形式）；曼德斯（姓氏）
mendest	'mendi	n.
mendies		n. 曼迪（人名）
mending	'mendiŋ	n. 修补工作
mends	mendz	v. 修理, 修补( mend的第三人称单数 ); 改[纠]正; 改善[进]; 恢复
mental	'mentl	a. 心智的, 精神病的, 心理的, 颏的
mentales	网络	[原型] mentales 是 mentale 的复数
mentally	'mentli	adv. 心理上, 精神上, 智力上
mentals	'ment(ə)l	adj. 精神的；脑力的；疯的
mention	'menʃәn	n. 提到, 言及, 陈述
mentioned	'menʃnd	v. 提到( mention的过去式和过去分词 ); 说起; 提名表扬; 传令嘉奖
mentioner		n. mention的变形
mentioning	ˈmenʃənɪŋ	v. 提到( mention的现在分词 ); 说起; 提名表扬; 传令嘉奖
mentions	ˈmenʃənz	n. 提及( mention的名词复数 ); 通报表扬
menu	'menju:	n. 菜单, (功能)选择单
menued	'menjuː	n. 菜单
menus		n. 菜单（menu的复数形式）
mer	化	(-/41890)
merchandise	'mә:tʃәndaiz	n. 商品, 货物
merchandised	'mɜːtʃ(ə)ndaɪs; -z	n. 商品；货物
merchandiser	'mә:tʃәndaizә	n. 商人
merchandises	'mɜː(r)tʃ(ə)ndaɪz	n. 〈集合词〉商品；〈古〉商业
merchant	'mә:tʃәnt	n. 商人, 店主
merchanted	'mɜː(r)tʃ(ə)nt	n. 商人；〈英〉批发商；(尤指)贸易商；〈蔑〉家伙
merchanter	'mɜːtʃ(ə)nt	n. 商人；(尤指进出口)批发商；[美国、苏格兰英语]零售商；零售商店店主
merchanting		(merchant 的现在分词) n. 商人, 店主
merchants	'mɜ:tʃənts	n. 商人( merchant的复数形式 ); （某活动的）爱好者, 热中于…的人
mercies	ˈmə:siz	n. 宽容( mercy的名词复数 ); 怜悯; 幸运之事; 侥幸
merciful	'mә:siful	a. 仁慈的, 慈悲的
mercifuls	'mɜːsɪfʊl; -f(ə)l	adj. 慈善的；仁慈的；宽大的；不幸之中的幸运的；(因结束痛苦而)受欢迎的
mercuries	网络	[原型] Mercuries 是 mercury 的复数
mercury	'mә:kjuri	n. 水银, 汞, 使者
mercurys	'mɜːkjərɪ	n. 【罗马神话】墨丘利(众神的信使、商业神)；[亦作 mercury][古语]信使；报告消息的人；导游；向导
mercy	'mә:si	n. 仁慈, 宽恕, 慈悲, 怜悯, 幸运
mercys	'mɜːsɪ	mercy
mere	miә	n. 小湖, 池塘
mereing	miə	adj.
merely	'miәli	adv. 只
merer	人名	[原型] merer 是 mere 的比较级
meres		(mere 的复数) n. 小湖, 池塘
merest		a. 仅仅( mere的最高级 ); 只不过; 纯粹的; 只凭…就足以 （只用于名词前）
merit	'merit	n. 优点, 功绩, 价值, 功过, 真相
merited	'meritid	a. 应得的；理所当然的
meritest	'merɪt	n.
meriting	ˈmeritɪŋ	v. 值得, 应获得( merit的现在分词 ); [宗教]（因行善而）应得（善报）; 应受赏（或罚）, 应受报答; [
merits		n. 功绩；是非曲直；优点（merit的复数）
merrily	'merili	adv. 愉快地, 高兴地
merry	'meri	a. 快乐的, 愉快的, 嬉戏作乐的
merrys	'merɪ	adj. 欢乐的，愉快的，高兴的，快乐的，兴高采烈的；轻松愉快的
mes		abbr. 互能支援（mutual energy support）
mesh	meʃ	n. 网孔, 网丝, 网眼, 网状物, 圈套, 陷阱, 啮合
meshed	'meʃed; mә'ʃed	麦什德(伊朗城市, 即Mashhad 马什哈德)
mesher		n. 网格化
meshes	meʃiz	n. 网孔( mesh的复数形式 ); 网状物; 陷阱; 困境
meshing	'meʃɪŋ	结网, 啮合
meshs		n. 网孔, 网丝, 网眼, 网状物, 圈套, 陷阱, 啮合
mess	mes	n. 食堂, 伙食, 用膳, 一份食品, 混乱, 乱七八糟, 困境
message	'mesidʒ	n. 消息, 通讯, 讯息, 教训, 预言, 广告词
messaged		vt. 通知（message的过去式与过去分词形式）
messager		n. 使者；送信者；消息发送器
messages		n. 信息, 留言板（message的复数形式）
messed	mest	v. 弄脏, 弄乱( mess的过去式和过去分词 )
messenger	'mesindʒә	n. 报信者, 使者
messengered	'mes(ə)ndʒə(r)	n. 使者；【军】通信兵；【生】信使；前驱
messengering	'mesɪn(d)ʒə	n. 报信者，送信者；先驱
messengers	ˈmesindʒəz	n. 信使, 信差, 送信人( messenger的复数形式 )
messer	'mesə	n. 梅塞尔集团
messes	mesiz	n. 杂乱, 脏乱( mess的名词复数 ); 脏东西; 不整洁[乱七八糟]的人[事]; 粪便
messing		n. 杂乱, 弄乱（mess的动名词形式）
messr		abbr. multi-spectral electronic self-scanning radiometer 多频谱
messy	'mesi	a. 散乱的, 污秽的, 麻烦的
messys	'mesɪ	a. 不整洁的；混乱的；杂乱的；紊乱的；肮脏的；邋遢的
mest	'mest	abbr. mestizo 混血人
metal	'metәl	n. 金属, 金属制品, 合金, 本质, 质料
metaled	'met(ə)l	n. 金属；金属制品；金属合金；【化】金属元素
metaling	'metlɪŋ	碎石料
metalled	'metəld	a. <英>(道路)碎石铺面的
metaller	'met'ɔ:lɜ:	钣金工
metallic	mi'tælik	a. 金属的, 含金属的, 产生金属的
metallics		(metallic 的复数) a. 金属的, 含金属的, 产生金属的
metalling	me'təlɪŋ	铺路碎石, 喷镀金属
metallurgies	ˈmetlˌɜ:dʒi:z	n. 冶金学( metallurgy的名词复数 )
metallurgy	'metәlә:dʒi	n. 冶金学, 冶金术
metals		五金
metaphor	'metәfә	n. 隐喻
metaphors		n. 隐喻（metaphor的复数形式）
meter	'mi:tә	n. 米, 公尺, 仪表, 计量器
metered	'mi:təd	[医]测定的, 测量的, 按计量的
metering	'mi:tәriŋ	n. 测光模式；计量, 测量
meters		n. 米；公尺（meter的复数形式）
methane	'meθein	n. 甲烷, 沼气
methanes		(methane 的复数) n. 甲烷, 沼气
method	'meθәd	n. 方法, 办法, 条理, 秩序
methoded	'meθəd	n.
methodes	医	(methode 的复数)
methodies	网络	[原型] Methodies 是 methody 的复数
methoding	'meθəd	n.
methods		n. 方法, 方式；研究方法（method的复数）
metre	'mi:tә	n. 公尺, 格律, 韵律
metrer	'mi:tə	n.
metres	ˈmi:təz	n. 米( metre的复数形式 ); （诗的）格律; 用于竞赛名称 metres
metric	'metrik	a. 公尺的, 公制的, 计量的
metrices	'metrɪk	adj. (公制长度单位)米的，公尺的；公制的，米制的
metrics	'metriks	n. 韵律学, (诗等的)韵律特色
metropolitan	.metrә'pɒlitn	n. 大都市居民, 都主教, 宗主国的公民
metropolitans	metrə'pɒlɪtənz	n. 大都会的( metropolitan的复数形式 ); 大城市的; 中心地区的; 正宗的
mexico	'meksikәu	n. 墨西哥
mexicoes	'meksɪkəʊ	n. 墨西哥
mice	mais	pl. 老鼠
michelangelo	.mi:kel'ɑ:ndʒelɒ:	n. 米开朗琪罗
michelangeloes	ˌmaɪkəlˈændʒɪˌləʊ	n. 米开朗基罗（意大利文艺复兴时期成就卓著的科学家，艺术家）
michelangelos	ˌmaɪkəlˈændʒɪˌləʊ	米开朗琪罗(1475～1564)，意大利文艺复兴时期画家、雕刻家、建筑师和诗人
microcomputer	.maikrәu'kɒmpjutә	n. 微电脑, 微机
microcomputers	maɪkrəʊkəmp'ju:təz	n. 微型计算机( microcomputer的复数形式 )
microphone	'maikrәfәun	n. 扩音器, 麦克风
microphones	'maɪkrəfəʊnz	n. 扩音器, 麦克风( microphone的复数形式 )
microprocessor	.maikrәu'prәusesә	n. 微处理器
microprocessors	maɪkrəprəʊ'sesəz	n. <计>微（信息）处理机( microprocessor的复数形式 )
microscope	'maikrәuskәup	n. 显微镜
microscopes	'maɪkrəskəʊps	n. 显微镜( microscope的复数形式 )
microscopic	maikrә'skɔpik	a. 显微镜的, 用显微镜可见的, 微观的, (非正式)极微小的, 细微的
microscopics	maɪkrə'skɒpɪk	adj.
microwave	'maikrәuweiv	n. 微波
microwaved	'maɪkrə(ʊ)weɪv	n. 微波
microwaves		n. 微波；微波炉（microwave的复数）
midday	'middei	n. 正午, 中午
middays	网络	[原型] middays 是 midday 的复数
middle	'midl	n. 中央, 中间, 腰部
middled		n. 中央, 中间, 腰部
middles	ˈmidlz	n. 中部, 中间( middle的名词复数 ); 腰部
middlest	'mɪd(ə)l	n. 中央，中部，中间，当中；中间物，中等物
midlands		-2
midnight	'midnait	n. 午夜, 子夜, 半夜
midnights		(midnight 的复数) n. 午夜, 子夜, 半夜
midst	midst	n. 中间
midsts	mɪdst	n. 当中，中间
midsummer	'midsʌmә	n. 仲夏, 夏至期
midsummers		(midsummer 的复数) n. 仲夏, 夏至期
midwestern	'mid'westәn	a. 美国中西部的
midwesterner		n. 美国的中西部 (Midwest的变形)
might	mait	n. 力量, 权力
mighter	mait	n.
mightes	网络	(mighte 的复数)
mightest	mait	n.
mighties	'maɪtɪ	a. 有力的；强有力的；有势力的
mights		auxv. 可能；可以；也许；该
mighty	'maiti	n. 有势力的人
migrant	'maigrәnt	n. 候鸟, 移居者
migrants	'maɪɡrənts	n. 移居者( migrant的复数形式 ); 移民; 候鸟; 迁移动物
migrate	'maigreit	vi. 移动, 移往, 随季节而移居
migrated	maiˈɡreitid	v. 迁移, 移往( migrate的过去式和过去分词 )
migrater	maɪ'greɪt; 'maɪgreɪt	vt. 迁移；移居(尤指移居外国)：；(候鸟等)迁徙，移栖；(鱼类)回游：
migrates	maiˈɡreits	v. 迁移, 移往( migrate的第三人称单数 )
migration	mai'greiʃәn	n. 移民, 移往, 移动
migrations	maɪˈgreɪʃənz	n. 迁移, 移居( migration的复数形式 )
mild	maild	a. 温和的, 温柔的, 淡味的, 适度的, 轻微的, (肥皂等)软性的
milder		a. 更暖；回暖；更温和（mild的比较级）
mildest		a. 温柔的( mild的最高级 ); 温暖的; 轻微的; （味道） 不浓的
mildly	'maildli	adv. 柔和地, 和善地, 适度地
milds		(mild 的复数) a. 温和的, 温柔的, 淡味的, 适度的, 轻微的, (肥皂等)软性的
mile	mail	n. 英里, 很大距离
miler	'mailә	n. 一英里跑运动员
miles		n. 英里（1英里约合1609米, mile的复数形式）
militaries	ˈmilitəriz	n. 军人，军队，武装力量( military的名词复数 )
military	'militәri	n. 军队
milk	milk	n. 奶, 乳状物
milked	milkt	v. 产奶, 挤奶( milk的过去式和过去分词 ); 榨取, 勒索
milker	'milkә	n. 挤奶人, 挤奶器, 乳牛
milkest	mɪlk	n.
milkies	网络	[原型] milkies 是 milkie 的复数
milking	'milkiŋ	n. 挤奶, 一次的挤奶量
milks	milks	v. 产奶, 挤奶( milk的第三人称单数 ); 榨取, 勒索
milky	'milki	a. 乳状的, 乳白色的, 柔和的
mill	mil	n. 压榨机, 磨坊, 制造厂
milled	mild	碾碎的, 碾磨过的, 粉碎的, 铣过的
miller	'milә	n. 厂主, 蛾
milles		(mille 的复数) n. 千（主要用于per mille 中）
millies	网络	[原型] millies 是 millie 的复数
millimetre	'milimi:tә	n. 毫米
millimetres	ˈmili-ˌmi:təz	n. 毫米( millimetre的复数形式 )
milling	'miliŋ	n. 磨, 制粉, 轧齿边
million	'miljәn	n. 百万, 无数
millionaire	.miljә'nєә	n. 百万富翁, 大富豪
millionaired		数以百万计的,拥资百万的
millionaires	ˌmiljəˈnɛəz	n. 百万富翁( millionaire的复数形式 ); 大富翁; 大财主; 有钱人
millioned	'mɪljən	n. 百万；(人或物的)百万个；百万元(或镑、法郎等)
millions		n. 数百万
millipede	'milәpid	n. 千足虫
millipedes	mɪ'lɪpi:dz	n. 马陆, 千足虫( millipede的复数形式 )
mills		n. 米尔斯（人名）
mime	maim	n. 哑剧, 小丑, 滑稽戏
mimed	'maɪmd	v. 指手画脚地表演, 用哑剧的形式表演( mime的过去式和过去分词 )
mimer		n. 米默泉
mimes	maɪmz	n. 指手画脚( mime的名词复数 ); 做手势; 哑剧; 哑剧演员
mind	maind	n. 思想, 愿望, 智力, 记忆, 心理, 情绪, 理智, 主意, 心意
minded	'maindid	a. 有意的, 有心的, 具有意志的
minder	'maindә	n. 看守者, 照顾者
mindes	网络	[原型] mindes 是 minde 的复数
mindest	maɪnd	n.
minding		vi. 介意（mind的现在分词形式）
minds		n. 思想；主意（mind的复数）
mine	main	n. 矿, 矿藏, 地雷
mined		n. 开采
minefield		-1
minefields	ˈmaɪnˌfi:ldz	n. 布雷区, 充满隐伏危险的事物( minefield的复数形式 )
miner	'mainә	n. 矿工, 开矿机, 坑道工兵
mineral	'minәrәl	n. 矿物, 无机物, 苏打水
minerals		n. 矿物质；矿物；矿产, 矿产品（mineral的复数）
miners	ˈmaɪnəz	n. 矿工( miner的复数形式 )
mines		n. 地雷；矿山（mine的复数）
mingle	'miŋgl	v. (使)混合
mingled	ˈmiŋɡld	v. 混合, 混入( mingle的过去式和过去分词 ); 混进, 与…交往[联系]
mingler	'miŋ^lә	糖膏加热混和机
mingles	ˈmiŋɡlz	v. 混合, 混入( mingle的第三人称单数 ); 混进, 与…交往[联系]
minglest	'mɪŋg(ə)l	vt.
miniature	'miniәtʃә	n. 缩图, 小画像
miniatured	'mɪnɪtʃə	adj. 微型的，小规模的
miniatures	ˈminiətʃəz	n. 微型复制品( miniature的复数形式 ); 微小模型; 微型画; 微型人像画
minibus	'minibʌs	n. 中客车, 小型公共汽车
minibuses	ˈminibʌsiz	n. 小型公共汽车( minibus的复数形式 )
minibuss	'mɪnɪbʌs	n. 中客车，小型(或微型)公共汽车，面包车[亦作 microbus]
minimize	'minimaiz	vt. 将...减到最少
minimized	ˈminimaizd	v. 把…减至最低数量[程度]( minimize的过去式和过去分词 ); 对（某事物）作最低估计, 极力贬低（某事物）
minimizer	'minimaizә	n. 低估事物的人；轻视哲学难题等的人
minimizes	ˈminimaiziz	v. 把…减至最低数量[程度]( minimize的第三人称单数 ); 对（某事物）作最低估计, 极力贬低（某事物）的价
minimum	'minimәm	a. 最小的, 最低的
minimums		n. 最低程度; 最低限度
minister	'ministә	n. 部长, 牧师, 公使
ministered		vi. 辅助, 服侍（minister的过去式与过去分词形式）
ministeres		(ministere 的复数) 部；部长职务；部长任期；内阁；内阁执政期；职责, 职守；协助
ministerest	'mɪnɪstə	n.
ministeries	网络	[原型] ministeries 是 ministerie 的复数
ministering	ˈmɪnɪstərɪŋ	vi. 辅助, 服侍（minister的现在分词形式）
ministers	ˈministəz	n. 大臣( minister的名词复数 ); 部长; 公使; 牧师
ministries	ˈministriz	n. （政府的）部( ministry的复数形式 ); 神职; 牧师职位; 神职任期
ministry	'ministri	n. 部, 内阁, 服务
minor	'mainә	n. 未成年人, 副修科目
minored	ˈmainəd	v. [主美国英语]副修，选修，兼修( minor的过去式和过去分词 )
minores	maɪ'nərz	适婚的未成年人
minoring	ˈmainərɪŋ	v. [主美国英语]副修，选修，兼修( minor的现在分词 )
minorities	maiˈnɔritiz	n. 少数( minority的名词复数 ); 小部分; 少数民族; 未成年
minority	mai'nɒriti	n. 少数, 未成年, 少数民族
minors		n. 未成年人（minor的复数）
mint	mint	n. 薄荷, 造币厂, 巨额
minted	ˈmɪntɪd	a. 崭新的；新制作的；刚完成的
minter		n. 铸币工
mintest	mɪnt	n. 铸币厂；[M-]铸币局
minting		vt. 铸造, 铸币（mint的现在分词形式）
mints	mints	n. 薄荷( mint的名词复数 ); 铸币厂; 薄荷糖; 巨额（的钱）
minus	'mainәs	n. 负号, 不足
minuses	ˈmainəsiz	n. 减号( minus的复数形式 ); 负号; 不利; 不足
minuss	'maɪnəs	prep. 减去，除去；[口语]缺少，没有，去掉
minute	'minit. mai'nju:t	n. 分, 分钟, 片刻, 备忘录, 笔记
minuted		vt. 把…记录在案（minute的过去式与过去分词形式）
minuter	'mɪnɪt	n. 一会儿工夫；一瞬间；备忘录；(会议)记录
minutes		n. 会议记录
minutest		琐碎的, 微小的, 细小的（minute的最高级）
miracle	'mirәkl	n. 奇迹, 奇事
miracled	'mɪrək(ə)l	n. (神创造的)奇迹；人间奇迹；奇事，不可思议的事
miracler	'mɪrək(ə)l	n.
miracles	'mɪrəklz	n. 奇迹( miracle的复数形式 ); 奇事; 令人惊奇的事; 非凡的事
mirror	'mirә	n. 镜子, 写真, 典范
mirrored	ˈmɪrəd	v. 反映( mirror的过去式和过去分词 ); 反射; 映照; 将（玻璃）喷镀成镜子
mirroring	计	[原型] mirroring 是 mirrore 的现在分词
mirrors		n. 反光镜；写实；[罕]模范；镜子（mirror的复数）
mischief	'mistʃif	n. 损害, 伤害, 灾祸, 恶作剧, 淘气
mischiefing		(mischief 的现在分词) n. 损害, 伤害, 灾祸, 恶作剧, 淘气
mischiefs		(mischief 的复数) n. 损害, 伤害, 灾祸, 恶作剧, 淘气
miser	'maizә	n. 守财奴, 吝啬鬼, (石油工程上用的)锥钻头
miserable	'mizәrәbl	a. 悲惨的；痛苦的；卑鄙的
miserabler	'mɪz(ə)rəb(ə)l	adj.
miserables	'mɪz(ə)rəb(ə)l	a. 不幸的, 悲惨的, 可悲的, 可叹的；(人)痛苦的, 苦恼的, 流露痛苦的
miserablest	'mɪz(ə)rəb(ə)l	adj.
miseries	ˈmizəriz	n. 痛苦( misery的名词复数 ); 痛苦的事; 穷困; 常发牢骚的人
misering		钻探
misers	ˈmaɪzəz	n. 守财奴, 吝啬鬼( miser的复数形式 )
misery	'mizәri	n. 痛苦, 悲惨, 不幸, 穷困
misfortune	mis'fɒ:tʃәn	n. 不幸, 灾祸, 坏运气
misfortuned	mɪs'fɔ:tʃu:nd	a. 遭受厄运的, 不幸的
misfortunes	misˈfɔ:tʃənz	n. 不幸( misfortune的复数形式 ); 厄运; 不幸的事; 灾难
mislead	mis'li:d	vt. 误导
misleaded	mɪs'liːd	vt. 误导；带错
misleader		n. 错误引导者, 错误领导人
misleadest	mɪs'liːd	vt.
misleading	mis'li:diŋ	a. 引入歧途的, 使人误解的, 骗人的
misleadings	mɪs'liːdɪŋ	adj. 令人误解的；引入歧途的
misleads	ˌmisˈli:dz	v. 给…错误印象( mislead的第三人称单数 ); 使误解; 把…带错路; 把…带坏
misread	mis'ri:d	vt. 读错, 看错
misreading	化	[原型] misreading 是 misread 的现在分词
misreads	mɪsˈri:dz	v. 读错, 念错, 对…判断错误( misread的第三人称单数 )
miss	mis	n. 失误, 避免, 失败, 小姐
missed		v. 投偏；未抓住；错过（miss的过去分词）
misses	'mɪsɪz	n. （用于姓名或姓之前, 对未婚女子的称呼）小姐（miss的复数形式）
missest	mis	vt.
missies	ˈmɪsi:z	n. 小姑娘；小姐；【女名】女子名
missile	'misail	n. 发射物, 导弹, 飞弹, 火箭
missileer	,misi'liә	导弹手, 导弹设计[制造, 发射]者
missiles	'mɪsaɪlz	n. 导弹( missile的复数形式 ); 投射物
missing	'misiŋ	a. 不见的, 缺少的
missings	'mɪsɪŋ	adj.
mission	'miʃәn	n. 任务, 代表团, 使命, 传教团
missionaries	ˈmiʃənəriz	n. 传教士( missionary的名词复数 )
missionary	'miʃәnәri	n. 传教士, 负有任务者, 工作人员
missionarying	'mɪʃ(ə)n(ə)rɪ	adj. 传教的，教会的；传教士的，布道者的
missioned	'mɪʃ(ə)n	n. 使命；天职；【军】战斗任务；飞行任务
missioner	'miʃәnә	n. 教区传教士
missioning	'mɪʃ(ə)n	n. 任务；天职；【军】战斗任务；飞行任务
missions		n. 任务；传教工作；代表团（mission的复数）
mississippi	.misi'sipi	n. 密西西比河, 密西西比州
mississippis	ˌmisiˈsipi	n. 密西西比河（美国河流，世界上最大的河流之一）；密西西比州（美国州名）
missouri	mi'zuәri	n. 密苏里州
missouris	mɪ'zʊri	n. 密苏里（美国州名）
mist	mist	n. 雾, 迷蒙, 朦胧不清
mistake	mis'teik	n. 错误, 误会
mistaken	mis'teikәn	a. 犯错的, 错误的
mistaker		n. 错误；误会；过失 (mistake的变形)
mistakes	misˈteiks	n. 错误( mistake的名词复数 ); 过失; 误解; （用词或数字上的）错误
mistakest	mɪ'steɪk	vt.
misted	mistid	v. （使）蒙上薄雾, （使）模糊( mist的过去式和过去分词 ); （眼）含泪水, 被泪水模糊; 朝（植物）喷雾; 
mister	'mistә	n. 先生
misteries		(mistery 的复数) n. 神秘, 千古之谜, 侦探片
mistering	'mɪstə	n. 先生；平民
misters	ˈmistəz	n. 先生( mister的名词复数 )
misting	mistɪŋ	v. （使）蒙上薄雾, （使）模糊( mist的现在分词 ); （眼）含泪水, 被泪水模糊; 朝（植物）喷雾
mistress	'mistris	n. 主妇, 女主人, 情妇
mistressed	'mistris	mistressed
mistresses	ˈmistrisiz	n. 情妇( mistress的复数形式 ); （尤指旧时雇用仆人的）女主人; 主妇; （尤指私立学校的）女教师
mists		n. 迷雾（mist的复数形式）；史前时代
misty	'misti	a. 有雾的, 模糊的, 笼罩着雾的
mistying		不正确捆扎
misunderstand	.misʌndә'stænd	vt. 误解, 误会
misunderstander		n. misunderstand的变形
misunderstandest	,mɪsʌndə'stænd	vt.,vi.
misunderstanding	.misʌndә'stændiŋ	n. 误会, 误解
misunderstands	ˌmisʌndəˈstændz	v. 误会, 误解( misunderstand的第三人称单数 )
mitten	'mitn	n. 连指手套, 拳击手套
mittened		a. mitten的变形
mittens	'mɪtnz	n. 连指手套, 露指手套( mitten的复数形式 )
mix	miks	n. 混合物, 混乱, 糊涂
mixed	mikst	a. 混合的, 形形色色的, 弄糊涂的
mixer	'miksә	n. 混合者, 混合器, 搅拌机, 搅拌器, 混频器, (非正式)交际家, 与人相处的人
mixers		n. 混合器；混音器；混炼机（mixer的复数）
mixes		n. 混淆；调拌料（mix的复数）
mixest	mɪks	vt.
mixies	'miksi	adj.
mixing	'miksiŋ	n. 混合, 混频
mixture	'mikstʃә	n. 混合, 混淆, 混合物
mixtures		n. 配合料；混合物（mixture的复数）
moan	mәun	n. 呻吟, 悲叹
moaned	məund	v. 呻吟, 悲叹( moan的过去式和过去分词 ); 抱怨; 发出萧萧声
moaner	məʊnə(r)	n. 经常抱怨的人；爱发牢骚的人
moanest	məʊn	n.
moanies		Love-sickness induced from talking to extremely beautiful tw
moaning	'məʊnɪŋ	v. 呻吟, 悲叹( moan的现在分词 ); 抱怨; 发出萧萧声
moans		n. 呻吟；抱怨声；牢骚；悲叹声（moan的复数形式）
mob	mɒb	n. 暴民, 民众, 暴徒
mobbed		v. 围攻；成群围住（mob的过去式）
mobber		n. 欺负者、大欺小或强凌弱的人
mobbest		n. 暴民, 民众, 暴徒
mobbing		聚扰
mobed	məub; 'məubi	pearl=mabe
mobies	'mobɪ	adj.
mobile	'mәubil	a. 移动的, 易变的, 机动的
mobiler	ˈməʊbaɪl	莫比亚(美国亚拉巴马州西南部港市)；莫比尔河(美国亚拉巴马州西南部河流)
mobiles	'məʊbaɪlz	abbr. motion sculptures (plastic forms in motion) 运动雕塑（运动造型）
mobilest	ˈməʊbaɪl	Mobile
mobilize	'mәubilaiz	vt. 动员, 调动, 使流通
mobilized	ˈməubilaizd	v. 动员起来, 调动, 鼓动起( mobilize的过去式和过去分词 )
mobilizer	'məʊbɪlaɪzər	[医]剥离器, 活动器
mobilizes	ˈməubilaiziz	v. 动员起来, 调动, 鼓动起( mobilize的第三人称单数 )
mobs		n. 快闪暴走族
mock	mɒk	n. 嘲笑, 戏弄, 模仿
mocked	mɔkt	v. 愚弄, 嘲弄( mock的过去式和过去分词 ); 使受挫折; 不尊重, 蔑视
mocker	'mɒkә	n. 嘲弄者, 模仿者
mockest	mɒk	vt.
mocking	'mɔkiŋ	a. 嘲弄的
mockingbird	'mɒkiŋbә:d	n. 嘲鸫
mockingbirds	ˈmɔkiŋbə:dz	n. 嘲鸟（善鸣叫，并能模仿别种鸟的叫声，故名）( mockingbird的名词复数 )
mocks	mɔks	n. （英国）模拟考试( mock的名词复数 )
mode	mәud	n. 模态, 调式, 样式, 文体, 状态, 方式, 风尚
model	'mɒdәl	n. 模型, 模范, 模特儿
modeled		v. 被效仿；模式化；模仿（model的过去分词形式）
modeler	'mɑdlɚ	[计]模型作者, 造型者, 模型工
modeles	网络	[原型] modeles 是 modele 的复数
modeling	'mɔdliŋ	n. 模特儿职业, 立体感
modelled		vt.& vi. 做模特儿（model的过去式与过去分词形式）
modeller	ˈmɒdələ(r)	n. 塑像者; 分析员
modelling		n. 模特儿职业, 立体感
models	'mɒdlz	n. 模型( model的名词复数 ); 模特儿; 模式; 典型
moder	'mәudә	n. 脉冲编码装置；中度腐殖质；酸性腐泥
moderate	'mɒdәrәt	a. 适度的, 稳健的, 中等的, 节制的
moderated	'mɔdәreitid	a. 慢化的, 适中的
moderately	'mɒdәrәtli	adv. 适当地, 适度地, 中庸地
moderates		n. 稳健派；温和派（moderate的复数）
modern	'mɒdәn	n. 现代人, 有思想的人
modernes		(moderne 的复数) n. 现代风格
modernest		最前卫的
modernize	'mɒdәnaiz	vi. 现代化
modernized	'mɒdə(:)naɪzd	v. 使现代化, 使适应现代需要( modernize的过去式和过去分词 ); 现代化, 使用现代方法
modernizer	'mɒdənaɪzə	n. 实现现代化的人
modernizes	ˈmɔdəˌnaɪziz	n. 现代化事物( modernize的名词复数 )
moderns		(modern 的复数) n. 现代人, 有思想的人
modes		n. 分辨率；方法；模式（mode的复数形式）
modest	'mɒdist	a. 谦逊的, 羞怯的, 端庄的, 适度的
modester	'mɒdɪst	adj.
modestest	'mɒdɪst	adj.
modesties		(modesty 的复数) n. 谦逊, 质朴, 羞怯
modesty	'mɒdisti	n. 谦逊, 质朴, 羞怯
modification	.mɒdifi'keiʃәn	n. 修正, 修饰, 修改
modifications	ˌmɔdəfɪˈkeɪʃənz	n. 缓和( modification的复数形式 ); 限制; 更改; 改变
modifies	ˈmɔdifaiz	v. 修改, 更改( modify的第三人称单数 ); 改变; 修饰; 缓和
modify	'mɒdifai	vt. 修正, 变更, 修饰, 缓和, 减轻
modifying	ˈmɔdifaiŋ	v. 修改, 更改( modify的现在分词 ); 改变; 修饰; 缓和
modulate	'mɒdjuleit	vt. 调整, 使转调, 控制
modulated	'mɔdjuleitid	a. 已调的；被调的
modulater		调制器
modulates	ˈmɔdʒəˌleɪts	v. 调整( modulate的第三人称单数 ); （对波幅、频率的）调制; <音>转调; 调整或改变（嗓音）的音调
module	'mɒdju:l	n. 组件, 模数
modules		n. 加载模块列表；模块（module的复数）
moist	mɒist	a. 潮湿的, 多雨的, 感伤的, 含泪的
moister	mɔistə	a. 潮湿的, 微湿的( moist的比较级 )
moistest		a. 潮湿的, 微湿的( moist的最高级 )
moisties	'mɒɪstɪ	moisty
moisture	'mɒistʃә	n. 湿气, 水分, 降雨
moistured	'mɒɪstʃə	n. 潮湿，湿气，潮气，水气，湿度；水分；降雨量
moistures		n. 水分；湿度；(空气中的)水蒸气；泪
molecular	mә'lekjulә	a. 分子的, 由分子组成的
moleculars	mə'lekjʊlə	adj.
molecule	'mɒlikju:l	n. 分子, 些微
molecules		n. 分子, 微粒；摩尔（molecule的复数）
molten	'mәultәn	a. 熔化的, 炽热的, 铸造的
mom	mʌm	n. 妈妈
moment	'mәumәnt	n. 片刻, 瞬间, 重要, 阶段, 力矩
momentary	'mәumәntәri	a. 瞬间的, 刹那间的
moments		n. 片刻（moment复数形式）
momes	网络	[原型] momes 是 mome 的复数
moms		abbr. 密西根数学系统（Michigan's Own Mathematical System）
monarch	'mɒnәk	n. 帝王, 统治者, 元首
monarches	'mɒnək	n. 君主，帝王；最高统治者
monarchies	ˈmɔnəkiz	n. 君主统治( monarchy的名词复数 ); 君主制度; 君主国; 君主及其家庭成员
monarchs	ˈmɔnəks	n. 君主, 帝王( monarch的复数形式 )
monday	'mʌndi	n. 星期一
mondays		adv. 每星期一, 在任何星期一
monet		n. 莫奈（人名, 法国画家）
monets	网络	[原型] monets 是 monet 的复数
money	'mʌni	n. 金钱, 一笔款, 财富, 货币, 金额
moneyed	'mʌnid	a. 有钱的
moneyer	经	(-/48007)
moneys	ˈmʌniz	n. 钱币, 钞票( money的名词复数 ); 款项, 钱款
monitor	'mɒnitә	n. 监督器, 级长, 监听员, 班长, 监视器, 告诫物
monitored		v. 指导, 检测；监控（monitor的过去分词）
monitories	ˈmɔnitəriz	adj. 劝告的
monitoring	'mɔnitәriŋ	[计] 监控, 监督, 监视
monitors		n. 监视器, 监控器；情况通报（monitor复数形式）
monk	mʌŋk	n. 修道士, 僧侣, 和尚
monkey	'mʌŋki	n. 猴子, 猿, 打桩锤
monkeyed		vi. 胡闹（monkey的过去式与过去分词形式）
monkeying		vi. 胡闹（monkey的现在分词形式）
monkeys		n. 猴子（monkey的复数）
monking	mʌŋk	n. 修道士；僧侣；(由于宗教信仰而超尘脱俗的)隐士
monks		n. 修道士, 僧侣（monk的复数）
monopolies	məˈnɔpəliz	n. 垄断( monopoly的名词复数 ); 专卖; 垄断权; 专利权
monopoly	mә'nɒpәli	n. 垄断, 专卖权, 独占事业
monster	'mɒnstә	n. 怪物, 恶人, 巨物
monstered		n. (想像中的)怪物；巨兽；畸形(生物)；【医】畸胎
monsterer		n. 怪物, 恶人, 巨物
monsterest		n. 怪物, 恶人, 巨物
monstering	'mɒnstə	n. 怪物；畸形动物(或植物)；丑八怪(指人)
monsters	'mɒnstəz	n. 怪物( monster的复数形式 ); 小恶魔; 恶棍; 坏人
monstrous	'mɒnstrәs	a. 巨大的, 畸形的, 怪异的
month	mʌnθ	n. 月
monthes		蒙特
monthlies	医	[原型] monthlies 是 monthly 的复数
monthly	'mʌnθli	n. 月刊
monthlys		n. 月经
months		月份（month的复数）
monument	'mɒnjumәnt	n. 纪念碑, 纪念物, 石碑
monuments	ˈmɔnjumənts	n. 纪念碑( monument的复数形式 ); 遗迹; 遗址; 丰碑
mood	mu:d	n. 心情, 气氛, 生气, 基调
mooded	mu:d	n.
mooder	muːd	n. 心情, 心境, 情绪；精神状态, 思想倾向；郁郁寡欢；生气；心情不好
moodies	'muːdɪ	moody
moods		n. 情绪（mood的复数）
moon	mu:n	n. 月亮, 月球, 月光
mooncake		n. 月饼
mooncakes		n. 【食】月饼
mooned	mu:nd	[诗]月亮般的
mooner	'mu:nə	n. 多在月圆时作案的罪犯
moones	地名	(moone 的复数)
moonies		(moony 的复数) a. 月亮似的, 恍惚的, 发呆的
mooning	'mu:niŋ	n. 发黄（熔块瓷缺陷）, 月晕；冥思
moonlight	'mu:nlait	n. 月光
moonlighted	ˈmu:nˌlaɪtid	v. 月光( moonlight的过去式和过去分词 ); （通常为躲债而）潜逃; 月光下的活动; 参与夜袭的人
moonlighter	'mu:nˌlaɪtə	n. 参与夜袭的人; 非法酿[卖]酒的人; 同时兼两个职业的人; <美>月光团员
moonlighting	'mu:n,laitiŋ	[经] 兼职工作
moonlights	ˈmu:nˌlaɪts	n. 月光( moonlight的名词复数 ); （通常为躲债而）潜逃; 月光下的活动; 参与夜袭的人
moons		n. 月亮；月状物；[诗]月份；人造地球卫星（moon的复数）
moor	muә	n.荒野；旷野
moored		a. 系泊的；停泊的
moores		n. (Moores)人名；(英)穆尔斯
moories	'mʊərɪ	adj.
mooring	'muәriŋ	n. 系泊, 系留, 停泊处, 系船处
moors	mʊəz	v. 停泊, 系泊（船只）( moor的第三人称单数 )
mop	mɒp	n. 拖把, 鬼脸
mopd		abbr. microcephalic osteodysplastic primordial dwarfism 小头骨发
moped	'mәuped	n. 助动车
moper		闲荡的人
mopes	məʊps	v. <贬>忧郁地闲荡( mope的第三人称单数 )
mopied	'məupi	adj.
mopies	'məupi	adj.
moping	məʊpɪŋ	v. <贬>忧郁地闲荡( mope的现在分词 )
mopped		vt. 用拖把拖（mop的过去式与过去分词形式）
mopper	'mɒppɜ:	擦洗者
mopping		刷漆
mops	mɔps	abbr. millions of operations per second 百万次运算/秒
moral	'mɒrәl	n. 道德, 品行, 寓意
morale	mɒ'rɑ:l	n. 士气, 道德
moralees	网络	(moralee 的复数)
morales	人名	[原型] morales 是 morale 的复数
moralities	məˈrælitiz	n. 道德( morality的名词复数 ); 道德准则; 道义; 合乎道德的程度
morality	mә'ræliti	n. 道德, 教训, 品行
morals		n. 道德, 士气, 品德, 品行, 伦理
more	mɒ:	n. 更多
moreover	mɒ:'әuvә	adv. 而且, 此外
mores	'mɔ:ri:z	n. 习惯, 道德态度, 惯例, 习俗
morning	'mɒ:niŋ	n. 早晨, 早上, 初期
mornings		n. 每天上午, 在任何上午
morse	mɒ:s	n. 摩尔斯电码
morses	网络	[原型] morses 是 morse 的复数
mortal	'mɒ:tәl	n. 生物, 人类
mortalled	'mɔːt(ə)l	mortal
mortals	ˈmɔ:təlz	n. 凡人, 人类( mortal的复数形式 ); 浊骨凡胎
mortgage	'mɒ:gidʒ	n. 抵押, 约束性义务, 抵押借款
mortgaged	ˈmɔ:ɡidʒd	v. 抵押( mortgage的过去式和过去分词 )
mortgagees	,mɔːgɪ'dʒiː	n. [会计] 承受抵押人；押入者贷款人
mortgager	'mɔ:^idʒә(r)	n. 抵押人, 出押人
mortgages		n. 抵押贷款；财产贷款；房屋贷款（mortgage的复数）
moscow	'mɒskau	n. 莫斯科
moscows	'mɔskəʊ	n. 莫斯科（俄罗斯首都）
moslem	'mɒzlәm	n. 穆斯林
moslems		n. 穆斯林教徒（Moslem的复数, 等于Muslims）
mosque	mɒsk	n. 清真寺
mosqued	mɒsk	n.
mosqueing	mɒsk	n.
mosques	'mɒsks	n. 清真寺; 伊斯兰教寺院, 清真寺; 清真寺, 伊斯兰教寺院( mosque的复数形式 )
mosquito	mә'ski:tәu	n. 蚊子
mosquitoed	mɒ'skiːtəʊ	n.
mosquitoes		蚊子
mosquitoing	mɒ'skiːtəʊ	n.
mosquitos		n. 蚊子（mosquito的复数形式）
moss	mɒs	n. 苔藓, 泥沼
mossed	mɒs	n. 苔藓；泥沼
mosses		n. 苔藓, 藓类；苔藓植物（moss的复数）
mossies		(mossy 的复数) a. 生苔的, 似苔的, 陈腐的
mossing	mɒs	n. 苔藓；泥沼
most	mәust	n. 最多, 最大
mostly	'mәustli	adv. 大概, 大部分, 主要
mosts	məʊst	adv. 最；非常，极其；最多；几乎
motel	mәu'tel	n. 汽车旅馆
motels	məʊ'telz	n. 汽车旅馆( motel的复数形式 )
moth	mɒθ	n. 蛾害, 蛾, 乌头叶菜豆
mother	'mʌðә	n. 母亲, 修女院长
mothered	'mʌðə	n. 母亲；大娘；女修道院院长
mothering	'mʌðәriŋ	n. 省亲, 育儿
motherland	'mʌðәlænd	n. 祖国
motherlands		n. 祖国（motherland的复数形式）
mothers		n. 母亲；根源（mother的复数）
mothes		莫特
mothies	'mɒθɪ	mothy
mothing	mɒθ	n.
moths	mɔθs	n. 蛾( moth的名词复数 )
motion	'mәuʃәn	n. 移动, 手势, 动作, 意向, 请求, 提议
motioned		vt. 打手势（motion的过去式与过去分词形式）
motioner		n. 动作；移动；手势；请求；意向 (motion的变形)
motioning		vt. 打手势（motion的现在分词形式）
motions	ˈməuʃənz	n. （物体的）运动( motion的名词复数 ); 提议; 通便
motivate	'mәutiveit	vt. 给与动机, 刺激, 提高...的学习欲望, 促动
motivated	'mәutiveitid	a. 有动机的, 目的明确的
motivates	ˈməutiveits	v. 作为…的动机, 激发, 诱发( motivate的第三人称单数 )
motivation	.mәuti'veiʃәn	n. 动机, 刺激, 推动
motivations	məʊtɪ'veɪʃnz	n. 动力( motivation的复数形式 ); 刺激; 行动方式; 积极性
motive	'mәutiv	n. 动机, 目的, 主题, 基调
motived	'məʊtɪv	n. 动机；主旨；目的；(艺术作品的)主题
motiver	'məʊtɪv	motive
motives	ˈməutivz	n. 动机, 目的( motive的复数形式 )
motivest	'məʊtɪv	n. 动机，(行动的)缘由；目的；(文艺作品的)主题，中心思想
motor	'mәutә	n. 马达, 发动机, 原动力, 汽车
motored	'mәutәd	有发动机的
motores	网络	[原型] motores 是 motore 的复数
motoring	'mәutәriŋ	n. 驾车, 乘汽车
motors		n. 汽车公司证券；汽车；发动机（motor的复数）
motorway	'mәutәwei	n. 高速公路
motorways	ˈməʊtəˌweɪz	n. 高速公路( motorway的复数形式 )
motto	'mɒtәu	n. 箴言, 座右铭, 警句
mottoed		a. motto的变形
mottoes		箴言, 警句, 题词, 格言, 座右铭
mottos		箴言, 警句, 题词, 格言, 座右铭
mould	mәuld	n. 模子, 模制品, 松软沃土, 霉
moulded	'məʊldɪd	a. 模具的, 模制的
moulder	'mәuldә	n. 制模工
mouldest	məuld	n.
mouldies		n. parents（家长），乃“发霉耆英”(mouldy oldies)的简写。（英国儿童俚语）
moulding	'mәuldiŋ	n. 模制, 浇铸
moulds	'məʊldz	n. 铸模( mould的名词复数 ); 模型; 性格; 霉
mount	maunt	n. 乘骑用马, 框, 衬纸, 山
mountain	'mauntin	n. 山, 山脉, 大堆
mountained	'mauntind	山一样的, 多山的
mountainer	ˈmaʊntən	n. 山, 山岳；[复数]山脉；山区
mountainous	'mauntinәs	a. 多山的, 如山的, 巨大的
mountains		n. 山脉；山区；山岳（mountain的复数）
mounted	'mauntid	a. 安在马上的, 裱好的
mounter		n. 镶嵌工, 安装工, 装配工
mountest	maunt	vt.
mounties	ˈmauntiz	abbr. mounted policemen (especially Royal Canadian Mounted P
mounting	'mauntiŋ	n. 装备, 衬托纸, 舞台效果, 上马
mounts		n. 加载的文件系统；山峰（mount的复数）
mourn	mɒ:n	v. 哀悼, 忧伤, 服丧
mourned	mɔ:nd	v. 哀悼( mourn的过去式和过去分词 ); 为…哀痛, 向…志哀
mourner	'mɒ:nә	n. 悲伤者, 哀悼者, 送葬者
mournes		(Mourne 的复数) n. 莫恩（爱尔兰山脉）
mournest	mɔːn	vi.
mourning	'mɔ:niŋ	n. 哀痛, 居丧, 举哀, 哀悼, 丧服, 戴孝
mourns	mɔ:nz	v. 哀悼( mourn的第三人称单数 ); 为…哀痛, 向…志哀
mouse	maus	n. 老鼠, 胆小羞怯的人, 鼠标
moused	maʊs	n. 鼠标；老鼠；胆小羞怯的人
mouser	'mauzә	n. 捕鼠动物, 爱探听的人
mouses		(mouse 的复数) n. 老鼠, 胆小羞怯的人, 鼠标
moustache	'mʌstæʃ	n. 髭, 小胡子, 触须
moustached		长胡子的；有胡子的
moustaches	'məstɑ:ʃɪz	n. 胡子( moustache的复数形式 ); 上嘴唇的胡子; 髭; 长髭
mouth	mauθ	n. 嘴, 口, 口腔, 口状物
mouthed		vt. 装腔作势地说（mouth的过去式与过去分词形式）
mouther	'mauðә	n. 吹牛的人, 说话装腔作势的人
mouthes		mouthes
mouthful	'mauθful	n. 一口, 满口
mouthfuls	ˈmaʊθˌfʊlz	n. （食物、饮料）一口之量( mouthful的名词复数 ); 很长的词; 很长的短语; 很重要的话
mouthies	'maʊðɪ	mouthy
mouthing	'mauðiŋ	n. 怪脸, 苦相
mouths	maʊðz	n. 口（ mouth的名词复数 ）; 出入口
move	mu:v	n. 移动, 迁居, 步骤
moveable	'mu:vәbl	n. 活动的东西, 动产
moveabler	'mu:vəbl	adj., n. =movable
moveables		(moveable 的复数) n. 活动的东西, 动产
moveablest	'mu:vəbl	adj., n. =movable
moved		v. 移动, 移动到；感动（move的过去式, 过去分词）
movement	'mu:vmәnt	n. 运动, 动作, 运转, 移动, 倾向, 变化, 活动, 乐章
movements		n. 运动, 运转；运动健身；动作（movement的复数形式）
mover	'mu:vә	n. 移动的人, 原动力, 鼓动者
moves	mu:vz	v. 移动；搬家；感动（move的第三人称单数）
movest	muːv	vt.
movie	'mu:vi	n. 电影
movies	'mu:vis	n. 电影
mrs	'misiz	太太
mrss		abbr. millimeter radiometric seeker subsystem 毫米波辐射寻的器子系统
ms	miz	美国微软公司
msd	计	[化] 质量选择检测器; 质量选择性检测器
mses	m'zɪz	abbr. marchandises (French=goods) （法语）货物，商品; millisecond 毫秒
msr		abbr. missile site radar 导弹发射场雷达; mineral surface roof 矿表顶板;
mss	em'esiz	[计] 海量存储系统; 大容量存储系统
much	mʌtʃ	n. 大量, 许多, 重要的事
muches	mʌtʃ	adv. 非常，很
mud	mʌd	n. 泥, 诽谤
mudd		n. (Mudd)人名；(英)马德
mudded		vt. 抹泥（mud的过去式与过去分词形式）
mudder	'mʌdә	n. 善于在泥地上跑的马
muddies	ˈmʌdiz	v. 使沾上泥( muddy的第三人称单数 )
mudding	'mʌdiŋ	粘土灌注(法), 粘土灌浆
muddy	'mʌdi	a. 泥泞的, 浑浊的, 模糊的
muddying	ˈmʌdiŋ	v. 使沾上泥( muddy的现在分词 )
mudies	网络	(mudie 的复数)
muds		n. 泥, 泥淖（mud的复数形式）
mug	mʌg	n. 有柄大杯, 脸, 苦读者
muges	地名	(muge 的复数)
mugged	mʌgd	vt. 对…行凶抢劫（mug的过去式与过去分词形式）
mugger	'mʌgә	n. 泽鳄
muggest	mʌg	n.
mugging	'mʌ^iŋ	n. 行凶抢劫；（美）哑剧
mugs		n. 马克杯；杯子（mug的复数）
mule	mju:l	n. 骡, 倔强之人
mules	mju:lz	n. 骡( mule的复数形式 ); 拖鞋; <口>顽固的人; 越境运毒者
multicultural	.mʌlti'kʌltʃәrәl	a. 融合或具有多种文化的；多种文化的
multiculturals	mʌltɪ'kʌltʃ(ə)r(ə)l	multicultural
multiple	'mʌltipl	n. 倍数, 并联
multipled		并联的
multipler	'mʌltɪpl	adj. 多个的；由多个组成的；多重的，重合的；多数的；多层次的；多次的；多种多样的；复杂的
multiples		n. 跨国公司；多倍制图仪；连票；倍数
multiplest	'mʌltɪpl	adj. 多个的；由多个组成的；多重的，重合的；多数的；多层次的；多次的；多种多样的；复杂的
multiplication	.mʌltipli'keiʃәn	n. 乘法, 增加, 乘法运算
multiplications		(multiplication 的复数) n. 乘法, 增加, 乘法运算
multiplies	'mʌltɪplaɪz	v. 乘( multiply的第三人称单数 ); （使）相乘; （使）增加; （使）繁殖
multiply	'mʌltiplai	v. 繁殖, 乘, 增加
multiplying	计	[原型] multiplying 是 multiply 的现在分词
multitude	'mʌltitju:d	n. 多数, 群众
multitudes	ˈmʌltitju:dz	n. 大量( multitude的复数形式 ); 许多; 大众; 人群
mum	mʌm	n. 菊花, 沉默
mumes	网络	(mume 的复数)
mummed	mʌm	a. 沉默的
mummer	'mʌmә	n. 哑剧演员, 演员
mummest	mʌm	vi. =mum
mumming	'mʌmɪŋ	n. （圣诞节时）戴面具化装表演
mums	mʌmz	n. <口>妈妈( mum的复数形式 )
munich	'mju:nik	n. 慕尼黑
muniches	'mju:nik	n. 慕尼黑（联邦德国城市）
municipal	mju:'nisipl	a. 市政的, 自治区的, 内政的
municipals		(municipal 的复数) a. 市政的, 自治区的, 内政的
murder	'mә:dә	n. 谋杀
murdered	ˈmə:dəd	v. 糟蹋( murder的过去式和过去分词 ); （尤指在团队运动中）彻底打败; 打垮
murderer	'mә:dәrә	n. 凶手, 杀人者, 谋害者
murderers	ˈmɜ:dəəz	n. 谋杀犯, 凶手( murderer的复数形式 )
murderest	'mɜːdə	n.
murdering	ˈmə:dərɪŋ	v. 糟蹋( murder的现在分词 ); （尤指在团队运动中）彻底打败; 打垮
murders	ˈmə:dəz	n. 谋杀( murder的名词复数 ); 杀戮; 对某事物造成极大的伤害[不便]的事物; 极艰难[令人沮丧]的经历
murmur	'mә:mә	n. 低语, 低声的怨言
murmured		v. 呐呐地说；喁喁细语（murmur的过去分词）
murmurer		低语
murmurest	'mɜːmə	n.
murmuring		n. 抱怨的声音；喃喃的声音
murmurs	ˈmə:məz	n. 低沉、连续而不清的声音( murmur的名词复数 ); 低语声; 怨言; 嘀咕
muscle	'mʌsl	n. 肌肉, 臂力
muscled		vt. 硬挤（muscle的过去式与过去分词形式）
muscles		n. 肌肉（muscle的复数）
muscular	'mʌskjulә	a. 强壮的, 肌肉发达的, 有力的
muse	mju:z	n. 沉思, 冥想
mused	m'ju:zd	v. 沉思, 冥想( muse的过去式和过去分词 ); 沉思自语说（某事）
musees	网络	[原型] musees 是 musee 的复数
muser	m'ju:zə	n. 沉思者
muses		n. 缪斯（诸女神）
musest	mjuːz	n.
museum	mju:'ziәm	n. 博物馆
museums		n. 博物馆（museum的复数形式）
mushroom	'mʌʃrum	n. 蘑菇形物, 蘑菇, 暴发户
mushroomed	'mʌʃrʊmd	vi. 迅速增长（mushroom的过去式与过去分词形式）
mushrooming	'mʌʃrumiŋ	vi. 迅速延烧；激烈增殖；迅速增长；呈蘑菇状升腾（mushroom的现在分词形式）
mushrooms		n. 蘑菇；蕈类（mushroom的复数形式）
music	'mju:zik	n. 音乐, 乐曲
musical	'mju:zikl	n. 音乐片, 音乐舞台剧
musicales		(musicale 的复数) n. 社交音乐会
musicals		音乐剧
musician	mju:'ziʃәn	n. 音乐家, 乐师, 作曲家
musicians	mju:'zɪʃənz	n. 音乐家( musician的复数形式 )
musics		(music 的复数) n. 音乐, 乐曲
muslim	'mjzlim; (?@) 'mʌzlem	n. 伊斯兰教, 伊斯兰教教徒
muslimest	ˈmʊzlɪm;ˈmʌzlɪm;ˈmʊzləm;ˈmʌzləm	n.
muslims		n. 穆斯林（muslim复数）
must	mʌst	n. 必须, 未发酵葡萄汁, 绝对必要的事物
mustard	'mʌstәd	n. 芥末, 芥菜, 强烈的兴趣
mustarded		(mustard 的过去分词) n. 芥末, 芥菜, 强烈的兴趣
mustardies	'mʌstədi	mustardy
mustarding	'mʌstəd	n. 芥末，芥子粉，芥子糊；芥子酱；【植物】芥;芥菜 (Brassica属)
mustards		(mustard 的复数) n. 芥末, 芥菜, 强烈的兴趣
muster	'mʌstә	n. 召集, 集合, 检阅, 清单, 花名册, 样品
mustest	mʌst; 弱məst; məs; mst; ms	v.aux.
mustied	'mʌstɪ	adj. 霉的；发霉的；有霉臭的；老朽的；陈腐的；过时的
musts	mʌsts	v. （表示必要或很重要）必须( must的第三人称单数 ); （提出建议）应该; 得; （表示很可能或符合逻辑）一定
musty	'mʌsti	a. 发霉的, 霉臭的, 落伍的
mute	mju:t	n. 哑子, 哑音字母, 弱音器
muted		a. 变弱了的, 变柔和了的
muter	'meɪtə	adj. 哑的；缄默无言的；(一时)说不出话的；(猎狗)不叫的
mutes	mju:ts	n. 哑巴( mute的名词复数 ); （乐器上的）弱音器
mutest		adj. 哑的；缄默无言的；(一时)说不出话的；(猎狗)不叫的
mutter	'mʌtә	n. 喃喃低语
muttered	ˈmʌtəd	v. 轻声低语, 咕哝地抱怨( mutter的过去式和过去分词 )
mutterer		n. 喃喃低语者
mutterest	'mʌtə	murmur的变形
muttering	医	[原型] muttering 是 mutter 的现在分词
mutters	ˈmʌtəz	v. 轻声低语, 咕哝地抱怨( mutter的第三人称单数 )
mutton	'mʌtn	n. 羊肉
muttons		(mutton 的复数) n. 羊肉
mutual	'mju:tʃuәl	a. 相互的, 共有的
mutuals		(mutual 的复数) a. 相互的, 共有的
my	mai	pron. 我的
myd	4	(=myotonic(muscular)dystrophy) 肌强直性肌营养不良
myer		n. 玛雅（澳大利亚一百货公司名）；迈尔（姓氏）
myr		n. (Myr)人名；(瑞典)米尔
myself	mai'self	pron. 我自己, 我亲自, 我独自
myselfes	网络	(myselfe 的复数)
myst		n. 神秘岛, 迷雾之岛（游戏名称）
mysteries		n. 神秘的事物；难以理解的事；古代的秘密宗教仪式（mystery的复数）
mysterious	mis'tiәriәs	a. 神秘的, 难解的, 不可思议的
mystery	'mistәri	n. 秘密, 神秘, 奥秘
myth	miθ	n. 神话, 虚构的事, 虚构的人
myths	'mɪθs	n. 神话( myth的复数形式 ); 杜撰出来的人[事物]
nagoya	nɑ:'^әujɑ:	n. 名古屋（日本本州岛中南岸港市）
nagoyas	'nɑ:ɡɔ:'jɑ:	n. 名古屋（日本本州岛中南岸港市）
nail	neil	n. 钉子, 指甲
nailed	neild	a. 用钉钉牢的
nailer	'neilә	n. 制钉者, 敲钉者, 自动敲钉机
nailest	neɪl	n.
nailing	'neiliŋ	a. 敲钉用的, 极好的, 出色的
nails		n. 钉子（nail的复数）
naked	'neikid	a. 裸体的, 无装饰的, 无保护的, 赤贫的
nakeder	'neɪkɪd	adj.
name	neim	n. 名字, 名称, 姓名, 名义, 名誉, 文件名
named	neimd	a. 被指名的, 指定的
namely	'neimli	adv. 即, 就是, 换句话说
namer	'neimә	n. 命名者, 指名者
names		n. 名字；名望（name的复数形式）
nap	næp	n. 小睡, 稍睡, 细毛, 孤注一掷
naped	neɪp	n.
napes	'næps	(鱼去鳃开腹后)腹壁
napier	'neipiә	纳皮尔[新西兰北岛东岸港市] , grass [植]紫狼尾草,象草
napiers	'neipiə	n. 龙比亚大学
napkin	'næpkin	n. 餐巾, 餐巾纸, 尿布
napkinned	'næpkɪn	n.
napkins	'næpkɪnz	n. 餐巾( napkin的复数形式 ); <英·正> 尿布
napped	'næpt	a. 有绒毛的
napper	'næpә	n. 打盹的人, 拉毛工人
napping	'næpiŋ	起绒, 拉绒, 拉毛
naps		abbr. 国家自动支付系统（National Automated Payment System）
narration	nә'reiʃәn	n. 叙述, 故事, 叙述文
narrations	nə'reɪʃnz	n. 叙述事情的经过, 故事( narration的复数形式 )
narrator		n. 讲述者, 叙述者
narrators	næˈreɪtəz	n. （故事的）讲述者, （戏剧、电影等的）解说员( narrator的复数形式 )
narrow	'nærәu	n. 狭窄部分, 隘路
narrowed	ˈnærəud	a. [医]狭窄的
narrower		a. 比较狭窄的（narrow的比较级）
narrowest		狭隘的（ narrow的最高级 ）
narrowing	'nærәuiŋ	[计] 缩小性
narrows	'nærәjz	n. 纽约湾海峡（位于美国）
nasties		(nasty 的复数) a. 污秽的, 下流的, 险恶的
nasty	'nɑ:sti	a. 污秽的, 下流的, 险恶的
nation	'neiʃәn	n. 国家, 民族
national	'næʃәnәl	a. 国家的, 国立的, 全国性的, 民族的
nationales	网络	[原型] nationales 是 nationale 的复数
nationalism	'næʃәnәlizm	n. 民族主义, 民族特性
nationalisms		(nationalism 的复数) n. 民族主义, 民族特性
nationalities		n. 国籍, 民族（nationality的复数）
nationality	.næʃә'nælәti	n. 国籍, 国家, 民族性
nationalled	'næʃ(ə)n(ə)l	national
nationals	'næʃnəlz	n. [常用复数]全国性比赛( national的复数形式 ); 某国国民; 全国性报刊; （机构等的）全国总部
nations		n. 国家（nation的复数）
nationwide	'neiʃәnwaid	a. 全国性的
native	'neitiv	n. 本地人, 土产, 当地人
nativer	'neɪtɪv	native
natives	'neɪtɪvz	n. 当地人( native的复数形式 ); （旧时欧洲人用以称呼先于白人居住在某地的人）土著; 出生于某国（或某地）的
nativest	'neɪtɪv	native
natural	'nætʃәrәl	n. 白痴
naturales	网络	[原型] naturales 是 naturale 的复数
naturally	'nætʃәrәli	adv. 自然地, 以自然力, 天生地
naturals	ˈnætʃərəlz	n. 非常适合或肯定成功的人或事物( natural的复数形式 )
nature	'neitʃә	n. 自然, 大自然, 本性, 性格, 性质
natured		abbr. 表示“本性...的、性...情的”之义
natures		n. 性质（nature的复数）
naughties		(naughty 的复数) a. 顽皮的, 没规矩的, 不适当的, 下流的
naughty	'nɒ:ti	a. 顽皮的, 没规矩的, 不适当的, 下流的
nautical	'nɒ:tikәl	a. 海上的, 航海的, 船员的
nauticals	'nɔːtɪk(ə)l	nautical
naval	'neivl	a. 海军的, 军舰的, 有舰队的
navals	ˈneivəlz	n. 海军的( naval的名词复数 )
navies	ˈneiviz	n. 海军( navy的名词复数 )
navigation	.nævi'geiʃәn	n. 航行, 航海, 导航
navigations		(navigation 的复数) n. 航行, 航海, 导航
navy	'neivi	n. 海军, 海军人员, 海军军力, 烟蒂
nazi	'nɑ:tsi	n. 纳粹党人
nazies	网络	(nazie 的复数)
nazir	'nɑ:ziә	[法] 法院本籍官员
nazis		n. 纳粹；纳粹党人（nazi的复数）
nba		abbr. 全美篮球协会（National Basketball Association）
nbad	2	National Bank of Abu Dhabi 阿布扎比国家银行
nbaer	,ɛn bi 'e	NBA
nbar		abbr. 毫微巴
nbas		abbr. Neonatal Behavioral Assessment Scale 新生儿行为评估量表
near	niә	a. 近的, 近亲的, 近似的
nearby	'niәbai	a. 附近的, 近旁的
nearbys		(指距交收月份最近的期货合约)近期货
neared	nɪə	a. 近的；亲近的；近似的
nearer		a. 较近
neares	网络	(neare 的复数)
nearest		a. 最近的（near的最高级）
nearies		n. (Neary)人名；(德、英)内亚里
nearing		垂
nearly	'niәli	adv. 几乎, 密切地
nears	人名	[原型] nears 是 near 的第三人称单数
neat	ni:t	a. 整洁的, 巧妙的, 匀称的, 简洁的
neater		更加整洁（neat的比较级）
neatest		最整洁的（neat的最高级）
neats	niːt	adj. 干净的；匀整的；适当的；精巧的
necessaries	ˈnesəsəriz	n. 必需品; 必需品( necessary的名词复数 ); 必要物; 必要, 必须; [用复数][法律]生活必需品
necessarily	'nesisәrili	adv. 必然地, 必须地, 必要地
necessary	'nesisәri	a. 必要的；必然的；必需的
necessities	nɪ'sesɪtɪz	n. 必要（性）( necessity的名词复数 ); （迫切）需要; 必需品; 自然规律
necessity	ni'sesәti	n. 需要, 必需品, 必然
neck	nek	n. 脖子, 衣领, 颈
necked	nekt	a. (衣服)有...式样的领圈的
necker		n. 内克尔（姓氏）；内克尔岛（英属维京群岛）
necking	'nekiŋ	n. 柱颈, 柱颈线脚, 搂脖子接吻
necklace	'neklis	n. 项链
necklaced	'neklɪs	n. 项链
necklaces	ˈneklisiz	n. 项链( necklace的复数形式 )
necks		n. 脖子（neck的复数形式）
nectar	'nektә	n. 神酒, 甜美饮料, 甘露
nectared	'nektәd	a. 有花蜜的, 甘美的
nectaried		a. nectary的变形
nectaries	ˈnektəriz	n. 蜜槽, 蜜腺, 蜜管( nectary的名词复数 )
nectaring	'nektə	n.
nectars		(nectar 的复数) n. 神酒, 甜美饮料, 甘露
need	ni:d	n. 需要, 必须, 缺乏
needed		a. 需要的
needer		n. 需要, 要求；缺乏；必要之物 (need的变形)
needest	niːd	n.
needies	'niːdɪ	needy
needing	ni:dɪŋ	v. 需要, 必须( need的现在分词 ); （表示应该或不得不做）有必要
needle	'ni:dl	n. 针, 尖
needled		a. 针刺的
needler		n. 刺激别人者；揶揄他人者
needles		n. 针数, 千针本；折页顶针（needle复数形式）
needless	'ni:dlis	a. 不需要的, 不必要的
needs	ni:dz	adv. （只与must连用）必须地
negative	'negәtiv	n. 否定, 否定语, 负数, 底片
negatived	ˈneɡətivd	v. 消极的( negative的过去式和过去分词 ); <数>负的; 拒绝的; 无预期结果的
negatives		n. 底片；负数；负面事物（negative的复数形式）
neglect	ni'glekt	n. 疏忽, 忽略, 漏做
neglected	ni'^lektid	a. 被忽视的, 未被好好照管的
neglecter		n. neglect的变形
neglectest	nɪ'glekt	vt.
neglecting	niˈɡlektɪŋ	v. 疏忽( neglect的现在分词 ); 忽略; 遗漏; 疏于照顾
neglects	niˈɡlekts	v. 疏忽( neglect的第三人称单数 ); 忽略; 遗漏; 疏于照顾
negligible	'neglidʒәbl	a. 可以忽略的, 不足取的, 无用的
negotiate	ni'gәuʃieit	vi. 商议, 谈判, 交涉
negotiated	niˈɡəuʃieitid	v. 谈判, 协商, 议定( negotiate的过去式和过去分词 ); 兑现（支票等）; 通过, 越过（险要路段）
negotiates	niˈɡəuʃieits	v. 谈判, 协商, 议定( negotiate的第三人称单数 ); 兑现（支票等）; 通过, 越过（险要路段）
negro	'ni:grәu	n. 黑人
negroes	ˈni:ɡrəuz	n. 黑种人, 黑人( Negro的名词复数 )
negros		(negro 的复数) n. 黑人
neighbor	'neibә	n. 邻居
neighbored	ˈneibəd	v. <美>邻居, 邻国( neighbor的过去式和过去分词 ); 邻近的, 邻接的
neighborhood	'neibәhud	n. 附近, 邻近
neighborhoods	'neɪbɔ:hʊdz	n. 地区( neighborhood的复数形式 ); 某地区的人; 与某处邻近的地区; 临近街坊
neighboring	'neibәriŋ	a. 附近的, 邻近的, 邻接的
neighborred	'neɪbə	n.
neighbors		n. 街坊邻里, 邻居；邻国；邻元素（neighbor的复数）
neighbour	'neibә	n. 邻居, 邻接的东西, 邻国, 邻座, 邻人, 世人
neighboured		vt. 接壤（neighbour的过去式与过去分词形式）
neighbourhood	'neibәhud	n. 邻接, 周围, 附近一带, 邻近, 邻居关系, 地区, 街道, 街坊, 四邻
neighbourhoods	ˈneibəhudz	n. 地区, 某地区的人, 与某处邻近的地区( neighbourhood的复数形式 )
neighbouring	'neibәriŋ	a. 邻近的, 接壤的, 附近的
neighbours	ˈneibəz	n. 邻居( neighbour的名词复数 ); 邻近的人[物]; 邻国; 世人
neither	'naiðә	adv. 皆不, 两个都不
nepal	ni'pɒ:l	n. 尼泊尔
nepals	nɪˈpɔːl	n. 尼泊尔（亚洲国家）
nephew	'nefju:	n. 侄子, 外甥
nephews	ˈnefju:z	n. 侄子, 外甥( nephew的复数形式 )
nerve	nә:v	n. 精神, 勇气, 叶脉, 神经
nerved	n\\:vd	a. 有勇气的,有精力的, [植]有叶脉的,[昆]有翅膀的
nerves		n. 神经质, 神经紧张
nervous	'nә:vәs	a. 神经紧张的, 不安的, 神经的
nest	nest	n. 巢, 窝, 休息所, 隐匿处
nested	'nestid	a. 嵌套的
nester	'nestә	n. 穴居的兽；筑巢的鸟；放牧地自耕农；试验筛组的单位筛
nestes	网络	(neste 的复数)
nesting	'nestiŋ	[计] 嵌套
nests	nests	n. （鸟）窝( nest的名词复数 ); 温床; （套叠在一起的）一套物件; 藏匿处
net	net	n. 网, 网状物, 罗网, 净利, 净价
netd		噪声等效温差（Noise Equivalent Temperature Difference）
netherlands	'neðәlәndz	n. 荷兰
netherlandss	'neðələndz	Netherlands, the
netr		abbr. Nuclear Engineering Test Reactor 核子工程试验反应堆
nets		n. 网（net的复数）
netted	'netid	a. 用网捕获的, 张网的, 网状的
netter	'netә	n. 网客；网友；网虫
nettest	net	adj., n., vt. [英国英语]=net
netting	'netiŋ	n. 网, 结网, 网鱼
network	'netwә:k	n. 网络, 广播网, 网状物
networked		a. 网路的；广播电视联播的
networker	ˈnetwə:kə	n. 致力于建立关系网的人
networking		-1
networks		n. 网络；广播电视网（network的复数形式）
neutral	'nju:trәl	n. 中立者, 中立国, 非彩色, 空档
neutrals	n'ju:trəlz	n. （汽车或其他机器的）空挡位置( neutral的复数形式 ); 中立人士; 中立国; 素净色
neutron	'nju:trɒn	n. 中子
neutrons	'nju:trɒnz	n. <物>中子( neutron的复数形式 )
never	'nevә	adv. 从不, 决不, 不曾
nevers		n. 纳韦尔（法国地名）
nevertheless	.nevәðә'les	adv. 然而, 虽然如此
new	nju:	a. 新的, 陌生的, 最近的, 不熟悉的
newer		a. 更新的, 更新
newes	网络	[原型] newes 是 newe 的复数
newest		最新
newies	网络	[原型] newies 是 newie 的复数
newing	'nju:iŋ	酒花酵母
newly	'nju:li	adv. 重新, 最近
news	nju:z	n. 新闻, 消息, 报导
newsies		n. 多新闻的，成话题的，爱闲话的( newsy的名词复数 )
newspaper	'nju:z.peipә	n. 报纸
newspapering	'nju:s,peipәriŋ,'nju:z-	n. 报业, 新闻业
newspapers		n. 报纸, 报章（newspaper的复数）
next	'nekst	n. 下一个
nextest	nekst	next
niagara	nai'æ^әrә	n. 尼亚加拉, 尼亚加拉河, 急流, 泛滥的洪水
niagaras	naɪ'æɡrə	尼亚加拉河(美国纽约州西部与加拿大交界河)；=Niagara Falls
nice	nais	a. 美好的, 和蔼的, 正派的, 做得好的, 精密的, 细微的, 挑剔的, 谨慎的
nicer		a. 良好的
nices	网络	[原型] nices 是 nice 的复数
nicest	'naɪsɪst	最美好的, 最令人愉快的（nice的最高级）
nickel	'nikl	n. 镍, 镍币, 五分镍币
nickeling		镀镍
nickelled	'nɪk(ə)l	n. 五分镍币；(一般)镍币；【化】镍
nickelling	'nɪk(ə)l	n. 五分镍币；(一般)镍币；【化】镍
nickels	ˈnikəlz	n. <化>镍( nickel的名词复数 ); （美国和加拿大的）五分镍币, 五分钱
nickname	'nikneim	n. 绰号, 昵称
nicknamed		vt. 给…起绰号（nickname的过去式与过去分词形式）
nicknamer		n. 绰号；昵称 (nickname的变形)
nicknames	ˈnikneimz	n. 绰号, 诨名, 昵称( nickname的名词复数 )
nicotine	'nikәti:n	n. 烟碱, 尼古丁
nicotined		(nicotine 的过去时) n. 烟碱, 尼古丁
nicotines	网络	[原型] nicotines 是 nicotine 的复数
niece	ni:s	n. 侄女, 甥女
nieces	ni:siz	n. 侄女, 外甥女( niece的复数形式 )
night	nait	n. 夜, 夜晚, 晚上, 黑暗, 夜晚的工作
nighted	'naitid	a. 入夜的, 黑暗像夜的
nighter	naɪt	n. 夜, 夜间, 夜晚；日暮, 晚上, 黄昏
nightfall	'naitfɒ:l	n. 傍晚, 黄昏, 日暮
nightfalls	网络	[原型] nightfalls 是 nightfall 的复数
nighties	ˈnaitiz	n. <口>睡袍( nightie的复数形式 ); 睡衣( nighty的复数形式 )
nightmare	'naitmєә	n. 梦魇, 恶梦, 可怕的事物(或情景、人物)
nightmares	'naɪtmeəz	n. 噩梦( nightmare的复数形式 ); <口>可怕的事情, 无法摆脱的恐惧
nights	naits	n. 每夜, 在任何夜晚
nine	nain	num. 九, 九个
niner	'nainə	n. [俚语]=nine
nines	naɪnz	n. 九( nine的复数形式 ); 一切; 十有八九; 有九条命
ninest	naɪn	n. 九；表示九的符号(如 IX， 9等)
nineteen	.nain'ti:n	num. 十九, 十九个
nineteener	naɪn'tiːn; 'naɪntiːn	nineteen
nineteens		十九( nineteen的名词复数 )；（通常指在非正式谈话中）喋喋不休
nineties	ˈnaɪnti:z	n. 九十几, 九十年代( ninety的名词复数 )
ninety	'nainti	num. 九十, 九十个
ninth	nainθ	num. 第九, 九分之一
ninther	'naɪnθ	adj. 第9的，第9人的，第9个的；九分之一的
ninthest	'naɪnθ	adj. 第9的，第9人的，第9个的；九分之一的
ninths	naɪnθs	n. 第九, 九分之一( ninth的复数形式 )
nitrogen	'naitrәdʒәn	n. 氮
nitrogens		(nitrogen 的复数) n. 氮
no	nәu	n. 不, 拒绝, 否决票
noble	'nәubl	n. 贵族
nobler		a. 高贵的；华丽的
nobles	ˈnəublz	n. 尊贵的人( noble的复数形式 ); （中世纪后期的）英国金币（约合英国旧币六先令八便士或半马克）; （英国）爵
noblest	'nəublist	a. 高贵的（noble的最高级）；华丽的
nobodies	ˈnəubədiz	n. 小人物, 无足轻重的人( nobody的名词复数 )
nobody	'nәubɒdi	n. 小人物, 无名小卒
nod	nɒd	n. 点头, 打盹, 晃动
nodd		v. 点头;打盹;疏忽;失误;倾斜;摇摆
nodded		v. 点头；打瞌睡；摇动（nod的过去式）
nodder		n. 点头；打盹；摆动 (nod的变形)
nodding	'nɔdiŋ	a. 点头的, 低垂的；昏昏欲睡的
noded		(node 的过去分词) n. 节, 结节, 瘤
nodes		n. 节点（node的复数形式）
nods	nɔdz	v. 点头( nod的第三人称单数 ); 打盹; 打瞌睡; 点头致意
noed		无毒性效应剂量
noes	nəʊz	n. 不, 拒绝, 否决票(no的复数); 不( no的名词复数 ); 拒绝; 反对票; 投反对票者
noest	no	NO
noise	nɒiz	n. 噪音, 杂音, 响声, 喧闹
noised		vt. 谣传（noise的过去式与过去分词形式）
noises	'nɒizis	n. 噪音
noisest	nɒɪz	n. 喧闹声，嘈杂声；声音，响声
noisies	'nɔiziz	[美俚]有声电影
noisy	'nɒizi	a. 嘈杂的, 喧闹的
nominate	'nɒmineit	vt. 提名, 任命, 命名
nominated		a. 被任命的；被提名的
nominates	ˈnɔmineits	v. 提名…为候选人( nominate的第三人称单数 ); 任命; 挑选; 指定（时间、日期、名称等）
none	nʌn	adv. 一点也不, 毫不
noner	nʌn	pron.；没有人，没有一人，谁也没有：
nones	nәunz	n. (古罗马历中)3、5、7、11月之第7日或他月之第5日之祈祷
nonsense	'nɒnsәns	n. 无意义的事, 荒谬言行, 荒唐
nonsensed	'nɒns(ə)ns	n.
nonsenser	'nɒns(ə)ns	n. 胡说，废话；胡闹，愚蠢的举动(或见解等)
nonsenses		(nonsense 的复数) n. 无意义的事, 荒谬言行, 荒唐
nonsensest	'nɒns(ə)ns	n. 胡说，废话；胡闹，愚蠢的举动(或见解等)
nonverbal	nɔn'vә:bәl	a. 不用语言的；不用动词的
nonverbals	nɒn'vɜːbəl	adj.
noodle	'nu:dl	n. 面条, 笨蛋
noodled		(noodle 的过去时) n. 面条, 笨蛋
noodler	'nuːd(ə)l	n. [常用复数]面条；鸡蛋面
noodles		n. 面条, 挂面（noodle的复数形式）
noon	nu:n	n. 正午, 中午, 全盛期
nooned	nuːn	n. 中午；正午；全盛期
noones		(noone 的复数)  [人名] 努恩
noonies		a female genitalia,thats right,you heard me
nooning	'nu:niŋ	n. 中午, 午餐, 中午休息
noons		(noon 的复数) n. 正午, 中午, 全盛期
nor	nɒ:	conj. 也不, 也没有
nord	nɔ:d	n. 北方, 北部
nored	nɔː; nə	NOR
nores	网络	[原型] nores 是 nore 的复数
norm	nɒ:m	n. 基准, 模范, 标准, 准则, 平均数
normal	'nɒ:ml	n. 常态, 标准, 正常, 普通
normales		(normale 的复数) [网络] 巴黎高师；巴黎高等师范大学；全方位型态
normalization	.nɒ:mәlai'zeiʃәn	n. 常态化, 正常化, 正规化
normalizations		n. 正常化( normalization的名词复数 )
normally	'nɒ:mәli	adv. 正规地, 合规则, 正常地
normals		n. 法线, 法向；平均量, 常量（normal复数形式）
norman	'nɔ:mәn	a. 诺曼第语的；诺曼第人的
normand		诺曼德
normans		n. 诺曼人
normed	'nɔ:md	[数]赋范的
norming	'nɔ:mɪŋ	规范化
norms		n. 标准, 规范；基准（norm复数形式）
north	nɒ:θ	n. 北方, 北
northeast	.nɒ:θ'i:st	n. 东北
northeaster	.nɒ:θ'i:stә	n. 东北大风
northeasts	'nɔrθ'ist	adj. 东北的；向东北的；来自东北的
northed	nɔːθ	n.
norther	'nɔ:ðә	n. 酷寒北风；强烈北风
northern	'nɒ:ðәn	n. 北方人
northerner	'nɔ:ðәnә	n. 北方人
northernest	'nɔːð(ə)n	adj.
northerns	网络	[原型] northerns 是 northern 的复数
northing	'nɒ:θiŋ	n. 北向纬度差, (天体的)北偏, 北航
norths	网络	[原型] norths 是 north 的复数
northwest	.nɒ:θ'west	n. 西北, 西北方
northwester	.nɒ:θ'westә	n. 西北大风
northwestern	.nɒ:θ'westәn	a. 在西北部的, 西北方的, 来自西北的
northwesterner		n. 西北人
northwests	'nɔrθ'wɛst	adj. 西北的；向西北的；来自西北的
norway	'nɒ:wei	n. 挪威
norways		(Norway 的复数) n. 挪威
nos	计	[原型] no
nose	nәuz	n. 鼻子, 突出部分, 嗅觉
nosebleed	'nәuzbli:d	n. 鼻出血
nosebleeder	'nəʊzbliːd	n. 鼻衄，鼻出血；=red trillium
nosebleeding		n. 流鼻血
nosebleeds		n. 流鼻血（nosebleed的复数）；[耳鼻喉] 鼻出血
nosed	'nәuzd	a. 有...鼻子的
noser	'nәuzә	n. 强烈逆风
noses		n. 鼻子（nose复数）
nost		abbr. National Institute of Science and Technology <菲律宾>全国科学
not	nɒt	adv. 不, 非, 未
notable	'nәutәbl	n. 著名人士, 值得注意之事物
notabler	'nəʊtəb(ə)l	adj. 值得注意的，显著的；著名的，显要的
notables	'nəʊtəbəlz	n. 名人, 要人( notable的复数形式 )
notablest	'nəʊtəb(ə)l	adj.
note	nәut	n. 笔记, 记录, 注解, 票据, 符号, 显要, 注重, 便笺, 照会
notebook	'nәutbuk	n. 笔记本, 手册, 期票簿
notebooks	ˈnəutbuks	n. 笔记簿( notebook的复数形式 ); 笔记本计算机, 笔记本电脑
noted	'nәutid	a. 著名的, 显著的, 扬名的
noter		n. 摘记者, 做笔记者
notes		n. 票据；注释, 说明（note复数）
notest		un. 来电无密押
nothing	'nʌθiŋ	n. 无, 不关紧要之事, 零
nothings	ˈnʌθiŋz	n. 无关紧要的人[事]( nothing的复数形式 )
notice	'nәutis	n. 注意, 布告, 通知, 预告, 短评
noticeable	'nәutisәbl	a. 显而易见的, 显著的, 值得注意的
noticed	'nəʊtɪst	v. 注意（ notice的过去式和过去分词 ）; 觉察
noticer	'nəʊtɪs	n. 通知(书), 布告；预告；招牌；警告；警告书
notices		n. 条款；启事；通知函（notice的复数）
noticest	'nəʊtɪs	n.
notifies	ˈnəutifaiz	v. 通知, 告知, 报告( notify的第三人称单数 )
notify	'nәutifai	vt. 通知, 通告, 报告
notifying	ˈnəutifaiŋ	v. 通知, 告知, 报告( notify的现在分词 )
noting	'nәutiŋ	n. 注释, 注释法；公证文件；提示
notion	'nәuʃәn	n. 概念, 观念, 想法, 打算, 别致的小东西
notions	'nəʊʃnz	n. <美>缝纫用的杂货（如针、线等）; 概念( notion的复数形式 ); 观念; 突然的念头; 意图
notorious	nәu'tɒ:riәs	a. 声名狼藉的, 臭名昭著的, 众人皆知的
notr	'nɒtr	abbr. no traffic rights 无买卖权
nots		Naval Ordnance Test Station <美国>海军军械实验站；Naval Overseas Trans
notting		n. (Notting)人名；(英)诺廷
notwithstanding	.nɒtwiθ'stændiŋ	adv. 虽然, 尽管
nought	nɒ:t	n. 没有, 零, 无
noughted	nɔːt	n., adj., adv.
noughties	'nɔtiz	n. 21 世纪头十年（即从 2000 年到 2009 年的十年）
noughts	nɔ:ts	n. 零, 无, 没有( nought的复数形式 )
noun	naun	n. 名词
nouned	naʊn	【语法学】
nouning	naʊn	【语法学】
nouns	'naʊnz	n. 名词; 名词( noun的复数形式 )
nourish	'nә:riʃ	vt. 滋养, 使健壮, 怀有
nourished	'nʌrɪʃt	a. 滋养的
nourisher		滋养, 抚养, 教养
nourishes	ˈnʌriʃiz	v. 养育( nourish的第三人称单数 ); 喂养; 保持; 增长（情绪等）
nourishest	'nʌrɪʃ	vt.
nourishing	'nә:riʃiŋ	a. 有营养的, 滋养多的
nourishment	'nә:riʃmәnt	n. 滋养品, 养料, 营养
nourishments		食物, 滋养品( nourishment的名词复数 )
novel	'nɒvl	n. 小说, 长篇故事
noveling	'nɒv(ə)l	n. (长篇)小说；[常用复数][旧用法]=novella
novelist	'nɒvәlist	n. 小说家
novelists	'nɒvəlɪsts	n. （长篇）小说家( novelist的复数形式 )
novels	'nɔvәlz	n. 小说（novel的复数）
novelties	ˈnɔvəltiz	n. 新颖( novelty的名词复数 ); 新奇性; 新奇的人[事物]; 新颖小巧而价廉的物品
novelty	'nɒvәlti	n. 新奇, 新鲜, 新奇的事物
november	nәu'vembә	n. 十一月
novembers	nəuˈvembəz	n. 十一月( November的名词复数 )
now	nau	adv. 现在, 刚才, 目前
nowadays	'nauәdeiz	n. 现在, 现时, 当今
nowadayss	'naʊədeɪz	nowadays
nowed	nau	abbr. National Organization for Women (美国)全国妇女组织
nower	nau	abbr. National Organization for Women (美国)全国妇女组织
nowhere	'nәuhwєә	adv. 无处, 到处都无
nowheres	'nəʊhweə	adv. 无处；任何地方都不；毫无结果
nows	网络	[原型] nows 是 now 的复数
nuclear	'nju:kliә	a. 核子的, 原子能的, 核的, 中心的
nucleus	'nju:kliәs	n. 核心, 核子, 原子核, 起点
nucleuses		核, 中心, 核心, 细胞核, 原子核
nucleuss	'njuːklɪəs	nucleus
nuisance	'nju:sns	n. 讨厌的东西, 讨厌的人, 损害
nuisancer		n. 讨厌的人；损害；麻烦事；讨厌的东西 (nuisance的变形)
nuisances	ˈnju:sənsiz	n. 讨厌的东西[人, 行为] 麻烦事( nuisance的复数形式 ); 非法妨害, 滋扰行为
nullarbor	'nʌlәbɔ:(r)	Plain 纳勒博平原[澳大利亚西南部](火箭制造基地和试验场)
numb	nʌm	a. 麻木的, 失去知觉的
numbed	nʌmd	v. 使麻木, 使麻痹( numb的过去式和过去分词 )
number	'nʌmbә	n. 数, 数字, 数目, 号码
numbered	'nʌmbәd	a. 计数的, 编号的
numberer		n. 号码器示号器；输入器
numberest	'nʌmbə	n.
numbering	'nʌmbәriŋ	n. 编号方式
numbers	'nʌmbәz	n. 数字（number的复数）；算术
numbest	nʌm	adj. 麻木的；没有[失去]感觉的
numbing	'nʌmiŋ	a. 使失去感觉的；使麻木的
numbs	nʌmz	v. 使麻木, 使麻痹( numb的第三人称单数 )
numerical	nju:'merikl	a. 数字的, 数值的, 以数字表示的, 擅长于计数的
numerous	'nju:mәrәs	a. 很多的, 数目众多的, 多数的
nun	nʌn	n. 修女, 尼姑
nunes		(nune 的复数)  [地名] [莫桑比克] 努内
nuns	nʌnz	n. （通常指基督教的）修女, （佛教的）尼姑( nun的复数形式 )
nurse	nә:s	n. 护士, 保姆, 奶妈
nursed	nə:st	v. 护理( nurse的过去式和过去分词 ); 照料; 喂; 吃奶
nurser	'nә:sә	n. 奶瓶
nurseries	ˈnə:səriz	n. 婴儿室( nursery的名词复数 ); 苗圃; （供游戏的）儿童室
nursery	'nә:sәri	n. 托儿所, 苗圃, 温床
nurses		n. 护士；褓姆, 看护（nurse的复数）
nursest	nə:s	n.
nut	nʌt	n. 坚果, 核心, 螺帽
nutes		n. 纽特（男子名）
nutr		abbr. nutrition 营养（物）
nutrition	nju:'triʃәn	n. 营养, 营养学
nutritions		滋补
nuts	nʌts	a. 狂热的, 发狂的, 疯的
nutted	'nʌtid	a. 用螺帽固定的
nutter	'nʌtә	n. 疯子；拾坚果的人
nutting	'nʌtiŋ	采拾坚果
nylon	'nailɒn	n. 尼龙
nylons		n. 尼龙长袜
oak	әuk	n. 橡树, 橡木
oaked		（因存放于橡木容器而）带烟熏味的
oakes		n. (Oakes)人名；(英)奥克斯
oaks	әuks	n. 橡树（oak的复数）
oar	ɒ:	n. 桨, 桨手, 搅棒
oared	'ɔ:d	有桨的
oarer	ɔː	n. 桨，橹；桨手;划桨手(=oarsman)
oares		(oare 的复数)  [地名] [英国] 奥尔
oaring	ɔ:ɪŋ	v. 划（行）( oar的现在分词 )
oars	ɔ:z. әuz	n. 桨；桨手（oar的复数）
oasis	әu'eisis	n. 绿洲, 舒适的地方
oath	әuθ	n. 誓约, 誓言, 咒骂
oathed	əʊθ	n.
oathing	əʊθ	n.
oaths		誓言, 宣誓, 誓约, 诅咒, 咒骂语
obedience	ә'bi:djәns	n. 服从, 顺从, 忠实
obediences		(obedience 的复数) n. 服从, 顺从, 忠实
obedient	ә'bi:djәnt	a. 服从的, 顺从的, 孝顺的
obesities	ə(ʊ)'biːsɪtɪ	n. 肥大，肥胖
obesity	әu'bi:siti	n. 肥胖
obey	ә'bei	vt. 服从, 遵从, 顺从
obeyed	əuˈbeid	vt. obey的过去式
obeyer		n. obey的变形
obeyest	ə(ʊ)'beɪ	vt.
obeying	əuˈbeiŋ	v. 服从, 听从( obey的现在分词 ); 遵守, 遵循
obeys	əuˈbeiz	v. 服从, 听从( obey的第三人称单数 ); 遵守, 遵循
object	'ɒbdʒekt	n. 物体, 目标, 目的, 对象, 宾语, 客体
objected	ˈɔbdʒiktid	v. 不赞成( object的过去式和过去分词 ); 抗议; 拒绝接受; 抱反感
objectest	'ɒbdʒɪkt; -dʒekt	n.
objecting	ˈɔbdʒiktɪŋ	v. 不赞成( object的现在分词 ); 抗议; 拒绝接受; 抱反感
objection	әb'dʒekʃәn	n. 异议, 反对, 不喜欢, 缺点, 缺陷, 妨碍, 拒绝之理由
objections		n. 反对意见；反对, 异议（objection的复数形式）
objective	әb'dʒektiv	n. 目的, 目标, 宗旨, 宾格, 实物
objectives	əbd'ʒektɪvz	n. 目标( objective的名词复数 ); [光学]（望远镜、显微镜、照相机及其他光学仪器上的）物镜; [语法学]
objects		n. 目标；物体（object的复数）
obligation	.ɒbli'geiʃәn	n. 义务, 责任, 约束, 契约, 恩惠, 债务
obligations		n. 义务；债务；承付款项（obligation的复数）
oblige	ә'blaidʒ	vt. 强制, 施恩惠于, 使感激
obliged		a. 感激的；有责任的；必须的
obligees		n. 【法】权利人；受惠者
obliger		n. 施惠于人者
obliges	əˈblaidʒz	v. 迫使做( oblige的第三人称单数 ); 使负义务; 满足请求; 施惠
obligest	ə'blaɪdʒ	vt.
obscure	әb'skjuә	a. 模糊的, 昏暗的, 难解的, 晦涩的, 偏僻的, 微贱的, 无名的
obscured		a. 遮蔽的；湮没的
obscurer	əbˈskjuəə	a. 不出名的( obscure的比较级 ); 不重要的; 费解的; 模糊不清的
obscures	əbˈskjuəz	v. 使…模糊不清, 掩盖( obscure的第三人称单数 )
obscurest		a. 不出名的( obscure的最高级 ); 不重要的; 费解的; 模糊不清的
observation	.ɒbzә:'veiʃәn	n. 观察, 注意, 观测, 观察力
observations		n. 观察, 观察值；观察结果；（观察后发表的）言论（observation的复数形式）
observatories	əbˈzɜ:vəˌtɔ:ri:z	n. 天文台, 气象台( observatory的名词复数 )
observatory	әb'zә:vәtәri	n. 天文台, 气象台, 了望台
observe	әb'zә:v	vt. 觉察到, 遵守, 注意到, 庆祝
observed		a. 观测的；观察的
observer	әb'zә:vә	n. 观察者, 遵守者, 观察员
observers	əb'zɜ:vəz	n. 观察者( observer的复数形式 ); 遵守者; 观测者; 目击者
observes	əbˈzə:vz	v. 观察, 研究( observe的第三人称单数 ); 遵守; （尤指为科学目的的）观察; 看到
observest	əb'zɜːv	vt.
obstacle	'ɒbstәkl	n. 障碍, 妨害物, 阻碍
obstacles	'ɒbstəklz	n. 障碍（物）( obstacle的复数形式 ); 障碍物; 绊脚石; 障碍栅栏
obstinate	'ɒbstinit	a. 倔强的, 顽固的, 不让步的
obtain	әb'tein	vt. 获得, 达到
obtained		v. 获得（obtain的过去分词）
obtainer		获得者
obtainest	əb'teɪn	vt.
obtaining	法	[原型] obtaining 是 obtain 的现在分词
obtains	əbˈteinz	v. 获得( obtain的第三人称单数 ); 买到; （规则、制度、习俗等）存在; 流行
obvious	'ɒbviәs	a. 明显的, 明白的, 显然的, 平淡无奇的
obviously	'ɔbviәsli	adv. 显而易见地, 明显地
occasion	ә'keiʒәn	n. 场合, 时机, 机会, 诱因, 理由
occasional	ә'keiʒәnl	a. 偶然的, 临时的
occasionally	ә'keiʒәnli	adv. 有时候, 偶而
occasionals	ə'keɪʒ(ə)n(ə)l	adj. 偶然的，非经常的；备用的；临时的
occasioned		v. 引起（使...发生）
occasioner		诱使者
occasioning		vt. 惹起, 引起（occasion的现在分词形式）
occasions	əˈkeiʒənz	n. 机会( occasion的名词复数 ); 时刻; 原因; 需要
occupation	.ɒkju'peiʃәn	n. 职业, 占有, 占有期, 占领, 占领军
occupationer		〈美俚〉占领军士兵
occupations	ˌɒkjʊ'peɪʃnz	n. 占领( occupation的复数形式 ); 消遣; （土地、房屋、建筑等的）使用; 工作
occupies	ˈɔkjupaiz	v. 占领( occupy的第三人称单数 ); 使用; 使从事; 任职
occupy	'ɒkjupai	vt. 占领, 占(时间、空间等), 住进, 担任, 使从事, 使全神贯注
occupying	ˈɔkjupaiŋ	v. 占领( occupy的现在分词 ); 使用; 使从事; 任职
occur	ә'kә:	vi. 发生, 被想到, 存在
occured	əˈkɜ:(r)d	v. 发生（ occur的过去式和过去分词 ）; 被想起; 被发现; （尤指基督教节日与别的节日）适逢同日
occures		(occure 的第三人称 -s形式) [网络] 被想到
occuring		v. 发生( occur的现在分词 ); 被想起; 被发现; （尤指基督教节日与别的节日）适逢同日
occurred		v. 发生（occur的过去分词）
occurrence	ә'kʌrәns	n. 发生, 事件, 出现
occurrences	ə'kʌrənsɪz	n. 发生( occurrence的复数形式 ); 出现; 事件; 发生的事
occurring	ә'kә:riŋ	n. 事件；事故；事变
occurs		v. 重现（occur的第三人称单数）
ocean	'әuʃәn	n. 海洋, 广阔, 许多, 一大片
oceania	.әuʃi'æniә	n. 大洋洲
oceanias	,əʊsɪ'ɑːnɪə; -ʃɪ-	n. 大洋洲
oceans		n. 海洋（ocean的复数形式）
o'clock	ә'klɔk	n. ...点钟, 钟头
october	ɒk'tәubә	n. 十月
octobers	ɔkˈtəubəz	n. 十月( October的名词复数 )
odd	ɒd	a. 奇数的, 古怪的, 剩余的, 零散的, 各种各样的, 少量的
odder	ɔdə	a. 奇怪的( odd的比较级 ); 临时的; 奇数的; 不固定的
oddest		奇怪的
oddies	'ɔdiz	n. 懒散而无用的老年人
odds	ɒdz	n. 可能性, 几率, 机会, 胜算, 不平等
odour	'әudә	n. 气味, 臭气, 香气, 味道, 迹象, 名誉, 声誉
odourless	'әjdәlis	[化] 无气味的
odours	ˈəudəz	n. 气味, 臭气( odour的复数形式 )
odysseus	ә'disju:s	n. 奥德修斯（荷马史诗《奥德赛》中的主人公； 曾指挥特洛伊战争, 献木马计, 使希腊获胜）
odysseuss	əu'disju:s	Odysseus
of	ɒv	prep. 的, 属于
ofer		n. 奥弗（男子名）
off	ɒf	a. 关着的, 不再生效的, 处于...境况的, 休假的, 空闲的
offed		vi. [用于祈使句]走开, 滚开, 站开（off的过去式与过去分词形式）
offence	ә'fens	n. 犯罪, 冒犯, 违反, 罪过, 过错, 攻击
offences	ə'fensɪz	n. 犯规( offence的复数形式 ); 违法行为; 罪行; 冒犯
offend	ә'fend	v. 犯罪, 冒犯, 违反, 进攻
offended		a. 不舒服, 生气
offender	ә'fendә	n. 罪犯, 无礼的人, 得罪人的人
offendest	ə'fend	vt. 触怒，冒犯，伤害…的感情，使生气：；使不悦，使不舒服，使厌恶：
offending	ә'fendiŋ	a. 不愉快的；厌恶的
offendings	网络	[原型] offendings 是 offending 的复数
offends	əˈfendz	v. 触怒( offend的第三人称单数 ); 得罪; 冒犯; 使反感令人不适
offensive	ә'fensiv	a. 令人不快的, 侮辱的, 攻击性的
offensives	ə'fensɪvz	n. 进攻, 攻势( offensive的复数形式 )
offer	'ɒfә	n. 给予(物), 出价, 提议, 意图, 报价
offered		v. 提供, 提议；奉献（offer过去时态）
offerest	'ɒfə	vt. 提供，给予；拿出，出示：；提出；提议，申述：
offering	'ɒfәriŋ	n. 提供, 奉献物, 牲礼, 上市的股票(或证券等)
offers		n. 提议；出价；求婚；试图（offer的复数）
offes	网络	(offe 的复数)
offest	ɒf	adv. 脱离；离开，离去
office	'ɒfis	n. 办公室, 部, 公职, 职责
officed	'ɒfɪs	n. 办公室；政府机关；官职；营业处
officer	'ɒfisә	n. 军官, 主管, 官员, 公务员
officered		v. 指挥（officer的过去式与过去分词形式）
officering		v. 指挥（officer的现在分词形式）
officers		n. 军官, 人员（officer复数形式）
offices		n. 办公室；办事处（office的复数）
official	ә'fiʃәl	n. 官员, 公务员, 职员
officials	ə'fɪʃls	n. 行政官员( official的复数形式 )
offies	'ɒfi	[原型] offies 是 offie 的复数
offing	'ɒ:fiŋ	n. 海面, 离岸距离
offr		abbr. offer （卖方）发盘; 报盘; officer 官员; 办事员
offs		n. 偏移；关闭状态；低价股票（off的复数）
offset	'ɒ:fset	n. 抵消, 把...并列, 旁系, 支管, 用胶印法印
offsets	ˈɔfsets	n. 开端( offset的名词复数 ); 出发
offsetted	'ɒfset	vt. 抵消；补偿：；(为了比较的目的而)把…并列(或并置)，衬托出：
offsetter	'ɒfset	vt. 抵消；补偿：；(为了比较的目的而)把…并列(或并置)，衬托出：
offsetting	'ɔ:f,setiŋ	n. 位移；位移指线路；斜率, 不均匀性
offshore	ɒ:f'ʃɒ:	a. 海面的, 吹向海面的, 近海的
offshorer	'ɒfʃɔː; ɒf'ʃɔː	adv. 向海，离岸；在离岸一定距离的海面上
offshorest	'ɒfʃɔː; ɒf'ʃɔː	adv. 向海，离岸；在离岸一定距离的海面上
offspring	'ɒ:fspriŋ	n. 子孙, 后代, 产物
offspringing	'ɒfsprɪŋ	n. 子女；子孙，后代；(动物的)仔，崽
offsprings		(offspring 的复数) n. 子孙, 后代, 产物
ofr		abbr. off frequency rejection 偏离频率滤去
ofs	'ɒfs	abbr. offices 办公室，办事处; one-function sketch 单功能草图
often	'ɒ:fn	adv. 时常, 常常
oftener	'ɒf(tə)n	adv. 经常, 常常；往往, 在许多场合
oftenest	'ɒf(ə)n	adv. 常常
oh	әu	interj. (表示惊讶、恐怖、赞叹)哦
oher		abbr. Ohio (美国俄亥俄州及其邮政编码)
ohing	əʊ	int. 哦；哎呀（表示惊讶或恐惧等）
ohm	әum	n. 欧姆
ohmer	'әumә	欧姆表, 欧姆计
ohms	əʊmz	n. <电>欧姆（电阻单位）( ohm的复数形式 ); 欧姆定律
ohr		abbr. over-horizon radar 超视距雷达; onset heart rate 起始心率; oil f
ohs	=obesity hypoventilation syndrome	[原型] ohs 是 oh 的复数
oil	ɒil	n. 油, 石油, 油画颜料
oiled	ɒild	a. 涂油的, 用油防水的, 浸油的
oiler	'ɒilә	n. 油商, 加油工, 涂油者, 注油壶
oilfield	ˈɔɪlfi:ld	n. 油田
oilfields	ˈɔilfi:ldz	n. 油田( oilfield的复数形式 )
oilies		(oily 的复数) a. 油的, 油滑的, 油嘴的
oiling	'ɔiliŋ	[化] 加脂
oils		n. 油画颜料
ointment	'ɒintmәnt	n. 软膏, 油膏
ointments	ˈɔɪntmənts	n. 软膏( ointment的复数形式 ); 扫兴的人; 煞风景的事物; 药膏
ok	'әu'kei	a. 好, 不错, 可以
okay	әj'kei	a. 好, 可以, 行, 对, 好吗, 很好
okayed	ˌəuˈkeid	v. 同意, 认可( okay的过去式和过去分词 )
okayest	'əʊ'keɪ	adj., adv., interj., vt., n. =OK
okaying	ˌəuˈkeiŋ	v. 同意, 认可( okay的现在分词 )
okays	ˌəuˈkeiz	v. 同意, 认可( okay的第三人称单数 )
okd		abbr. Osnabrucker Kupfer-und Drah-twerk AG <德国>奥斯纳布吕克炼铜和铜丝公司
oker		铸造改良黄铜; [地名] [德国] 奥克; [地名] [德国] 奥克河
okes		n. 小伙子；男孩
okest	əʊk	n. =oka
okies	'əʊki	n. 〈美口〉(俄克拉荷马州的)流动雇农
oks		abbr. 组织知识服务（Organization Knowledge Service）；雷迪威（公司名称）
old	әuld	n. 以前, 往昔
older	'әuldә	a. 年长的；较旧的
olderer	'əʊldə	adj. old的变形；old 的比较级
olderest	'əʊldə	adj. old的变形；old 的比较级
olders		银丝族
oldest	'әuldist	a. 最旧的；最老的（old的最高级）
oldies	'əʊldi:z	n. 老人, 陈旧之物( oldie的复数形式 )
olds		n. 老者（old的复数形式）
olive	'ɒliv	n. 橄榄, 橄榄树, 橄榄色, 橄榄枝
olived	'ɒlɪv	奥莉夫(女子名)
oliver	'ɒlivә	n. 脚踏铁锤
olivers	网络	[原型] olivers 是 oliver 的复数
olives		n. 橄榄（olive的复数）
olivest	'ɒlɪv	奥莉夫(女子名)
omit	әu'mit	vt. 省略, 删除, 疏忽, 遗漏
omits	əuˈmits	v. 省略( omit的第三人称单数 ); 遗漏; 删掉; 忘记做
omitted		a. 省略了的；省去的
omitter		n. omit的变形
omitting	əuˈmitɪŋ	v. 省略( omit的现在分词 ); 遗漏; 删掉; 忘记做
on	ɒn	prep. 在...之上
once	wʌns	adv. 一次, 曾经, 一旦
oncer	'wʌnsә	n. 只做一次的人, 每周上一次教堂的人
oncest	wʌns	adv.
ond		abbr. <英>国家正式毕业证书
one	wʌn	n. 一(个)
oned		abbr. oxynitridation-enhanced diffusion 氧氮化增强扩散
oner	'wʌnә	n. 无比的人, 极佳的事情
ones		n. 刻录软件
oneself	wʌn'self	pron. 自己, 亲自
onies	网络	[原型] onies 是 ony 的复数
onion	'ʌnjәn	n. 洋葱
onioned	'ʌnjən	n. 洋葱；洋葱头
onions	'ʌnjәnz	n. 奥尼恩斯（姓氏）；奥尼恩斯（英国语言学家、词典编纂家）
online	计	(雅 2257/9396)
onliner	ˌɒnˈlaɪnə	n. 网络用户
onlinest	计	(online 的最高级)
only	'әunli	a. 唯一的, 仅有的, 最佳的
onr		abbr. Office of Naval Research<美>海军研究局
ons		abbr. 奥运信息服务（Olympic News Service）；物件名称服务（Object Name Servic
onto	'ɒntu:	prep. 在...之上
ontos		(onto 的复数) prep. 在...之上
onwards	'ɔnwә:dz	adv. 向前, 在前面
opaque	әu'peik	n. 不透明物
opaqued		(opaque 的过去时) n. 不透明物
opaques		(opaque 的复数) n. 不透明物
opaquest	ə(ʊ)'peɪk	opaque
open	'әupәn	n. 公开, 户外, 空旷
opened		v. 打开, 开启（open过去分词形式）
opener	'әupәnә	n. 开...的人, 开局人, 开创人, 开具, 开启工具, 首项
openest		(opene 的最高级)  [医]开箱器, 开启工具
opening	'әupәniŋ	n. 开始, 口子, 穴, 揭幕
openings		n. 开口；开幕；走向世界；空缺（opening的复数）
openning		缺林地
opens		n. 打开；公开赛事；旷野（open的复数形式）
opera	'ɒpәrә	n. 歌剧
operas	'ɒprəz	n. 歌剧( opera的复数形式 ); 歌剧艺术, 歌剧业
operate	'ɒpәreit	v. 操作, 运转, 动手术, 活动
operated		a. 操作的
operates	ˈɔpəreits	v. 运转( operate的第三人称单数 ); 操作; 经营; 管理
operation	.ɒpә'reiʃәn	n. 操作, 动作, 手术, 运算, 作用, 业务
operational	.ɒpә'reiʃәnl	a. 操作的, 运作的
operations		n. 运作；运营；业务操作（operation的复数）
operator	'ɒpәreitә	n. 操作员, 行家, 经纪人, 算子, 运算符
operatories		n. operatory的变形
operators	'ɒpəreɪtəz	n. （某企业的）经营者( operator的复数形式 ); （机器、设备等的）操作员; 电话接线员; 投机取巧者
opinion	ә'pinjәn	n. 意见, 评价, 主张
opinioned	ə'pɪnɪənd	有意见的
opinioning	ə'pɪnjən	n. 意见；主张
opinions		n. 意见；舆论；评价（opinion的复数）
opium	'әupjәm	n. 鸦片
opiums		鸦片( opium的名词复数 )
opponent	ә'pәunәnt	n. 对手, 敌手, 反对者
opponents		n. 对手（opponent的复数形式）
opportunities	ˌɒpə'tju:nɪtɪs	n. 机会( opportunity的名词复数 ); 适当的时机; 条件; 就业（或晋升、进步等）的良机
opportunity	.ɒpә'tju:niti	n. 机会, 时机
oppose	ә'pәuz	vt. 反对, 以...对抗, 抗争
opposed	ә'pәuzd	a. 反对的, 敌对的, 对抗的, 相对的
opposer		n. 反对者
opposes	əˈpəuziz	v. 反对( oppose的第三人称单数 ); 使相对; 反对（计划、政策等）; 抵制
opposest	ə'pəʊz	vt. 反对；反抗；抵抗，抗争：；阻碍，妨碍；阻挡：
opposite	'ɒpәzit	a. 相对的, 相反的, 对面的
opposites	'ɑpəzɪt	n. 对立面, 对立物, 相反的人[事物]( opposite的复数形式 ); 反义词; [数学]对边
oppress	ә'pres	vt. 压迫, 压抑, 使烦恼
oppressed		a. 受压制的, 受压迫的
oppresses	əˈpresiz	v. 使烦恼( oppress的第三人称单数 ); 压迫, 压制
oppressest	ə'pres	vt. (受权威、权力)压迫，压制：；使(心情等)沉重，使烦恼，折磨：
oppressing	əˈpresɪŋ	v. 使烦恼( oppress的现在分词 ); 压迫, 压制
optical	'ɒptikl	a. 眼睛的, 视觉的, 光学的
opticals		(optical 的复数) a. 眼睛的, 视觉的, 光学的
optimism	'ɒptimizm	n. 乐观主义, 乐观, 乐天
optimisms	网络	[原型] optimisms 是 optimism 的复数
optimistic	.ɒpti'mistik	a. 乐观的, 乐观主义的, 乐天的
optimum	'ɒptimәm	n. 最适条件, 最佳效果
optimums		最佳, 最适当的食物量, 最适条件, 最适度
option	'ɒpʃәn	n. 选择权, 挑选, 选项
optional	'ɒpʃәnl	a. 可选择的, 随意的
optioned	'ɔpʃənd	得到或获准进行选择(option的过去式，过去分词); 调动球员
optioning		得到或获准进行选择(option的现在分词形式)；调动球员
options		n. 选择；期权；选择项（option的复数）
or	ɒ:	conj. 或, 或者
oral	'ɒ:rәl	n. 口试
orals	ɔ:'rəlz	n. （尤指外语考试中的）口试 ( oral的复数形式 ); （大学里的）口试
orange	'ɒ:rindʒ	n. 柑橘, 桔子, 橘色
oranges		n. 柑桔, 橙子（orange复数形式）
orbit	'ɒ:bit	n. 轨道, 常轨, 眼眶
orbited	ˈɔ:bitid	v. 在…轨道上运行, 环绕轨道运行( orbit的过去式和过去分词 )
orbiter	'ɒ:bitә	n. 轨道飞行器, 人造卫星
orbiting		v. 轨道运行；轨道运动；转圈（orbit的ing形式）
orbits	ˈɔ:bits	n. 轨道( orbit的名词复数 ); 势力范围
orchard	'ɒ:tʃәd	n. 果园, 果树林
orcharder	'ɔːtʃəd	n. 果园；果树林
orcharding	ɔ:t'ʃədɪŋ	果树栽培
orchards	ˈɔ:tʃədz	n. （通常指围起来的）果园( orchard的复数形式 )
orchestra	'ɒ:kistrә	n. 管弦乐队, 乐队演奏处
orchestras	ˈɔ:kistrəz	n. 管弦乐队( orchestra的复数形式 )
ord		abbr. 研究与开发处（Office for Research and Development）；运筹学部（Opera
order	'ɒ:dә	n. 次序, 规则, 命令
ordered		a. 安排好的, 有规律的, 有条理的, 整齐的
orderest	'ɔːdə	n. 次序，顺序；有次序的状况，有条理，整齐
ordering	'ɔ:dәriŋ	n. 有序化
orderlies		n. 看护人（orderly复数）
orderly	'ɒ:dәli	a. 有秩序的, 整齐的, 值班的
orders		n. 牧师职, 神职
ordinaries	ˈɔ:dinəriz	n. 普通的( ordinary的名词复数 ); 平常的; 平庸的; 平淡的
ordinarily	'ɒ:dinәrili	adv. 通常, 普通, 一般地
ordinary	'ɒ:dinәri	a. 平常的, 普通的, 平凡的
ore	ɒ:	n. 矿石
oreing		高碳钢矿石脱碳法
ores		n. 矿石；非金属矿物（ore的复数）
organ	'ɒ:gәn	n. 风琴, 器官, 元件, 机构, 机关
organic	ɒ:'gænik	a. 器官的, 有机的, 组织的, 根本的
organics	化	[原型] organics 是 organic 的复数
organing	'ɔːg(ə)n	n. 风琴，管风琴；簧风琴；手摇风琴
organism	'ɒ:gәnizm	n. 生物, 有机体, 社会组织
organisms	'ɔrgən,ɪzəm	n. 有机物( organism的复数形式 ); 有机体; 生物; 有机体系
organization	.ɒ:gәnai'zeiʃәn	n. 组织, 结构, 团体, 体制
organizations		n. 组织机构；组织, 构造, 有机体（organization的复数）
organize	'ɒ:gәnaiz	vt. 组织, 有机化, 给予生机
organized	'ɔ:^әnaizd	a. 有组织的, 组织起来的
organizer	'ɒ:gәnaizә	n. 组织者, 编制者, 创立者, 组织导体
organizes	ˈɔrɡəˌnaɪziz	v. 组织( organize的第三人称单数 ); 成立; 安排; 规划
organs		n. 器官；机构；风琴（organ的复数）
orient	'ɒ:riәnt	n. 东方, 东方诸国
oriental	.ɒ:ri'entl	n. 东方人, 亚洲人
orientales		abbr. Orientales-la patria o la tumba (Spanish=Eastern lands
orientals	ˌɔ:riˈentəlz	n. 东方的, 东方人的, 东方文化的( oriental的复数形式 )
orientation	.ɒ:rien'teiʃәn	n. 定方位, 适应, 向东方
orientations	ɔ:rɪen'teɪʃnz	n. 方向( orientation的复数形式 ); 定位; （任职等前的）培训; 环境判定
oriented	'ɒ:rientid	a. 导向的
orientes	地名	(oriente 的复数)
orienting	计	[原型] orienting 是 orient 的现在分词
orients	ɔ:rɪənst	n. 东方, 亚洲( orient的名词复数 ); [the Orient] 东半球
ories	网络	[原型] ories 是 ory 的复数
origin	'ɒridʒin	n. 起源, 起因, 出身, 开端
original	ә'ridʒәnl	a. 最初的, 原始的, 有创意的
originales	网络	[原型] originales 是 originale 的复数
originals	ә'ridʒәnәlz	n. 原稿；原件（original的复数）
originate	ә'ridʒineit	vt. 创始, 发明, 发起
originated	əˈridʒineitid	v. 起源于, 来自, 产生( originate的过去式和过去分词 ); 创造; 创始; 开创
originates	əˈridʒineits	v. 起源于, 来自, 产生( originate的第三人称单数 ); 创造; 创始; 开创
originatest	ə'rɪdʒɪneɪt; ɒ-	vi. 发源，起源；发生，发起，开始；出身：；(火车、公交车等)始发，发车；起航：
origines	网络	[原型] origines 是 origine 的第三人称单数
origins		n. 起源（origin的复数）
ornament	'ɒ:nәmәnt	n. 装饰, 点缀品, 教堂用品
ornamental	.ɒ:nә'mentl	n. 装饰物, 观赏植物
ornamentals		(ornamental 的复数) n. 装饰物, 观赏植物
ornamented	'ɔ:nəməntɪd	a. 花式字体的
ornamenter	'ɔ:nəmentər	装饰者
ornamenting	ˈɔ:nəməntɪŋ	v. 装饰, 点缀, 美化( ornament的现在分词 )
ornaments		n. 装饰品（ornament的复数）
orphan	'ɒ:fәn	n. 孤儿
orphaned	ˈɔ:fənd	[计][修]孤立
orphaning		vt. 使成为孤儿（orphan的现在分词形式）
orphans	'ɔrfən	n. 孤儿( orphan的名词复数 )
orr		abbr. 整体反应率（The Overall Response Rate）；氧还原反应（Oxygen Reductio
ors	=oral rehydration salt	[原型] ors 是 or 的复数
orson	'ɔ:sәn	n. 奥森(m.)
orsons	'ɔ:sən	n. 奥森（男子名）
oscar	'ɔskә	n. 奥斯卡金像奖, 钱, 现金
oscared	'ɒskə	奥斯卡(男子名)
oscars	ˈɒskəs	abbr. one-way synchronous collision avoidance and ranging sy
oswald	'ɔzwәld	n. 奥斯瓦德（男子名）
oswalds	'ɔzwəld	n. 奥斯瓦德（男子名）
other	'ʌðә	a. 其他的, 另外的, 从前的
otherer	'ʌðə	adj. 另外的，其他的；[the other](二者中)另一个的；其余的
otherest	'ʌðə	adj. 另外的，其他的；[the other](二者中)另一个的；其余的
others		pron. 其他人
otherwise	'ʌðәwaiz	adv. 否则, 不同地, 别的方式
ottawa	'ɔtәwә	n. 渥太华
ottawas	'ɒtəwə	n. 渥太华（加拿大首都）
ought	ɒ:t	aux. 应该, 大概
oughter	ɔːt	aux.v. [表示责任、义务等]应该，应当：；[表示正义、愿望]理应，该：
oughtest	ɔːt	aux.v. [表示责任、义务等]应该，应当：；[表示正义、愿望]理应，该：
oughts		（表示愿望）应当（显示所采取行动正确或明智）( ought的第三人称单数 )
ounce	auns	n. 盎司, 少量, 雪豹
ouncer	'aunsə	n. [常用于复合词]重…盎司
ounces	aunsiz	n. 盎司( ounce的复数形式 ); <口>少量, 一点儿
our	'auә	pron. 我们的
oures	网络	[原型] oures 是 oure 的复数
ours	'auәz	pron. 我们的
ourselves	.auә'selvz	pron. 我们自己
out	aut	a. 外面的, 熄灭的, 结束的
outbreak	'autbreik	n. 爆发, 暴动
outbreaking		vi. 爆发（outbreak的现在分词形式）
outbreaks	ˈautbreiks	n. 爆发, 突然发生( outbreak的复数形式 )
outcome	'autkʌm	n. 结果, 出口
outcomer	'aut,kʌmә	n. 外来者, 外国人
outcomes	ˈautkʌmz	n. 结果( outcome的复数形式 )
outdoor	'autdɒ:	a. 户外的, 屋外的, 露天的
outdooring	'aʊtdɔː	adj. (在)户外的，(在)露天的，(在)野外的；供户外使用的
outdoors	'aut'dɒ:z	n. 户外, 野外活动
outdoorss	aʊt'dɔːz	outdoors
outed	autid	v. 伸出( out的过去式和过去分词 ); 揭露; 驱逐; 使熄灭
outer	'autә	a. 外部的, 外面的, 在外的, 远离中心的
outerer	'aʊtə	outer
outermost	'autәmәust	a. 最外面的, 最远离中心的
outers		(outer 的复数) a. 外部的, 外面的, 在外的, 远离中心的
outest	aʊt	adv. 出；向外；向室外；在外；在户外，不在家；不在办公室(或工作单位)
outgoing	'autgәuiŋ	n. 外出, 开支, 流出
outgoings		n. 支出, 开销
outing	'autiŋ	n. 郊游, 远足
outings	ˈaʊtɪŋz	n. 远足, 郊游, 短途旅行( outing的复数形式 )
outlaw	'autlɒ:	n. 被剥夺法律保护的人, 罪犯
outlawed		vt. 宣布…为不合法（outlaw的过去式与过去分词形式）
outlawing		vt. 宣布…为不合法（outlaw的现在分词形式）
outlaws	'aʊtlɔ:z	n. 歹徒, 亡命之徒( outlaw的名词复数 ); 逃犯
outlet	'autlet	n. 出口, 发泄方法, 市场
outlets		n. 出路；排水口；销售点；批发商点（outlet的复数形式）
outline	'autlain	n. 大纲, 轮廓, 概要
outlined	ˈautlaind	v. 画[标]出…的轮廓( outline的过去式和过去分词 ); 概述, 列提纲
outliner		大纲编辑器, 拟稿程序（用以生成文档结构）
outlines		n. 轮廓；大概描述；概要（outline的复数）
outlook	'autluk	n. 观点, 景色, 前途, 了望
outlooked	'aʊtlʊk	n. 展望；观点；景色
outlooks	ˈautluks	n. 观点( outlook的复数形式 ); 展望; 眺望; 眺望处
output	'autput	n. 输出, 产品, 产量
outputs		n. 输出；产出；产量（output复数）
outputted	'aʊt.pʊt	n. 产量；产品；【电】发电力；供给量
outputting		output的现在分词形式；出产；生产；输出
outs		n. 未现赢张；付出的钱；输出
outset	'autset	n. 着手, 开头, 最初
outsets	'aʊt.set	n. 开头
outside	'aut'said	n. 外面, 外表, 外界
outsider	' aut'saidә	n. 外人, 局外人, 非会员, 外行, 门外汉, 比赛中获胜可能性不大的选手
outsides	ˌautˈsaidz	n. （弯曲路面或轨道的）外道( outside的复数形式 ); （靠近路中央的）外侧; （建筑物等的）周围
outsidest	aʊt'saɪd; 'aʊtsaɪd	n. 外面(尤指表面)；外部；外表，外观
outskirt	'autskә:t	n. 边缘, 郊外, 外围
outskirter	'aʊtskɜːt	n. [常用复数]；市郊, 郊区
outskirts	'autskә:ts	n. 近郊, 市郊
outspoken	.aut'spәukәn	a. 直言无讳的, 坦率的, 坦白无隐的
outstanding	.aut'stændiŋ	a. 杰出的, 突出的, 未偿付的, 未决定的
outstandings		未偿贷款; 未清算帐目
outward	'autwәd	a. 向外的, 表面的, 外服的
outwarded	'aʊtwəd	adj. 外面的，外表的；表面上的；(身体等)外部的，体形的
outwarding	'aʊtwəd	adj. 外面的，外表的；表面上的；(身体等)外部的，体形的
outwards	'autwәdz	adv. 向外地
outweigh	.aut'wei	vt. 比...重, 比...重要, 比...有价值
outweighed	aʊtˈweɪd	v. 在重量上超过( outweigh的过去式和过去分词 ); 在重要性或价值方面超过
outweighing	aʊtˈweɪŋ	v. 在重量上超过( outweigh的现在分词 ); 在重要性或价值方面超过
outweighs	aʊtˈweɪz	v. 在重量上超过( outweigh的第三人称单数 ); 在重要性或价值方面超过
oval	'әuvәl	n. 椭圆形
ovaling	'əʊv(ə)l	adj. 卵形的；椭圆形的， 长圆形的
ovalling	'əʊv(ə)l	adj. 卵形的；椭圆形的， 长圆形的
ovals	əʊvzl	n. 椭圆形( oval的复数形式 )
oven	'ʌvәn	n. 烤箱, 灶, 子宫
ovens	'ʌvnz	n. 烤箱, 炉( oven的复数形式 )
over	'әuvә	adv. 结束, 越过, 从头到尾
overall	'әuvәrɒ:l	a. 全部的, 全体的, 从头至尾的, 一切在内的
overalled	'әuvә,rɔ:ld	穿着工作服的
overalls		n. 工装裤
overboard	'әuvәbɒ:d	adv. 自船上落下, 在船外
overcoat	'әuvәkәut	n. 外套大衣
overcoated		(overcoat 的过去分词) n. 外套大衣
overcoating	'әuvәkәutiŋ	为保护而涂的一层外敷层, 保护涂层, 大衣料子
overcoats	ˈəuvəkəuts	n. 大衣( overcoat的复数形式 )
overcome	.әuvә'kʌm	vt. 战胜, 克服, 胜过
overcomer		n. 得胜者
overcomes	ˌəuvəˈkʌmz	v. 战胜, 克服( overcome的第三人称单数 ); 被（烟、感情等）熏[压]倒, 使受不了; 受到…的极大影响
overcomest	əʊvə'kʌm	vt. 战胜，征服，击败；制伏：；克服：
overed	'əʊvə	adv. 结束；越过；从头到尾
overest	'əʊvə	prep. 在…的上面；在…的上方；在…的上空：；(在职位、权势等)高于, 在…之上；对…起支配作用：
overestimate	.әuvәr'estimeit	vt. 评价过高, 过高估价
overestimated	ˌəʊvəˈestəˌmeɪtid	v. 对（数量）估计过高, 对…作过高的评价( overestimate的过去式和过去分词 )
overestimates	ˌəʊvəˈestəˌmeɪts	v. 对（数量）估计过高, 对…作过高的评价( overestimate的第三人称单数 )
overflow	.әuvә'flәu	n. 溢值, 超值, 泛滥
overflowed		vt.& vi. 溢出, 淹没（overflow的过去式形式）
overflowing	,әuvә'flәuiŋ	a. 溢出的, 充沛的, 过剩的
overflows	ˌəuvəˈfləuz	v. 溢出, 淹没( overflow的第三人称单数 ); 充满; 挤满了人; 扩展出界, 过度延伸
overhang	.әuvә'hæŋ	n. 突出部份, 悬垂部份
overhanged	əʊvə'hæŋ	vi. 悬垂；逼近
overhanging	əʊvə'hæŋɪŋ	v. 伸出, 悬挂于…之上( overhang的现在分词 )
overhangs	ˌəʊvəˈhæŋz	v. 伸出, 悬挂于…之上( overhang的第三人称单数 )
overhead	'әuvәhed	n. 经常开支, 普通用费, 天花板
overheads		-1
overhear	.әuvә'hiә	vt. 无意中听到, 偷听
overheard		overhear的过去式和过去分词
overhearer	'əʊvəh'ɪərɜ:	偷听者, 无意中听到的人
overhearing	电	[原型] overhearing 是 overhear 的现在分词
overhears	ˌəuvəˈhiəz	v. 偶然听到( overhear的第三人称单数 )
overies	人名	(overy 的复数)
overing	'əʊvə	adv. 结束；越过；从头到尾
overlap	.әuvә'læp	n. 重叠, 重复, 部分的同时发生
overlaping	əʊvə'læp	overlap
overlapped	əʊvə'læpt	a. 重叠的
overlapping	'әuvә'læpiŋ	[计] 重叠, 覆盖
overlaps	ˌəuvəˈlæps	v. 部分重叠( overlap的第三人称单数 ); （物体）部份重叠; 交叠; （时间上）部份重叠
overload	.әuvә'lәud	vt. 超载, 过载, 超过负荷
overloaded		a. 超负荷的；超载的；超重的
overloader		高吊回转式装载机
overloading	'әuvә'lәudiŋ	v. 超负荷, 过载（overload的现在分词形式）
overloads	ˌəʊvəˈləʊdz	v. 使负担太重( overload的第三人称单数 ); 使超载; 使过载; 给…增加负担
overlook	.әuvә'luk	vt. 俯瞰, 远眺, 没注意到
overlooked	ˌəuvəˈlukt	v. 忽视( overlook的过去式和过去分词 ); 监督; 俯视; （对不良现象等）不予理会
overlooker		n. 监工, 工头
overlooking	ˌəuvəˈlukɪŋ	v. 忽视( overlook的现在分词 ); 监督; 俯视; （对不良现象等）不予理会
overlooks	ˌəuvəˈluks	v. 忽视( overlook的第三人称单数 ); 监督; 俯视; （对不良现象等）不予理会
overnight	'әuvәnait	n. 前一天晚上, 一夜的逗留
overnighted	ˌəuvəˈnaitid	v. 在晚上( overnight的过去式和过去分词 ); 在夜里; 突然; 很快
overnighter	.әuvә'naitә	短途旅行用的小件行李
overnighting	ˌəuvəˈnaitɪŋ	v. 在晚上( overnight的现在分词 ); 在夜里; 突然; 很快
overnights		(overnight 的复数) n. 前一天晚上, 一夜的逗留
overred	'əʊvə	prep. 在…的上面；在…的上方；在…的上空：；(在职位、权势等)高于, 在…之上；对…起支配作用：
overs	'әuvәz	n. 筛渣；筛除物；补加纸张；伸放纸
overseas	'әuvә'si:z	a. 海外的, 国外的
oversleep	.әuvә'sli:p	v. (使)睡过头
oversleeping	ˌəʊvəˈsli:pɪŋ	v. 睡得太久, 睡过头( oversleep的现在分词 )
oversleeps	ˌəʊvəˈsli:ps	v. 睡得太久, 睡过头( oversleep的第三人称单数 )
overtake	.әuvә'teik	vt. 赶上, 突然降临于, 压倒, 代替
overtakes	ˌəuvəˈteiks	v. 追上, 赶上, 超过( overtake的第三人称单数 ); （不愉快的事情）突然发生; 突然降临; （在数量或重
overthrow	.әuvә'θrәu	n. 推翻, 瓦解, 倾覆
overthrowest	əʊvə'θrəʊ	vt. 推翻，打倒；使屈服，征服：；颠覆；使瓦解，废除：
overthrowing	ˌəuvəˈθrəuɪŋ	v. 打倒, 推翻( overthrow的现在分词 ); 使终止
overthrows	ˌəuvəˈθrəuz	n. 推翻, 终止, 结束( overthrow的名词复数 )
overtime	'әuvәtaim	n. 超时, 加班, 延长时间
overtimer	'əʊvətaɪm	n. 额外的时间，超时；加班(时间)；加班费[参较 straight time]
overtimes	体	[原型] overtimes 是 overtime 的复数
overweight	'әuvә'weit	n. 超过重量, 过重, 优势
overweighted	.әuvә'weitid	a. 重量超过的, 超载的
overweighting	.əʊvə(r)'weɪt	n. 超重；偏重；优势
overweights		(overweight 的第三人称 -s形式) n. 超过重量, 过重, 优势
overwhelm	.әuvә'hwelm	vt. 淹没, 受打击, 制服, 压倒, 使不知所措
overwhelmed	,əʊvə'welmd	v. 淹没( overwhelm的过去式和过去分词 ); 压倒; 覆盖; 压垮
overwhelming	.әuvә'hwelmiŋ	a. 压倒性的, 无法抵抗的
overwhelms	ˌəuvəˈhwelmz	v. 淹没( overwhelm的第三人称单数 ); 压倒; 覆盖; 压垮
owe	әu	vt. 亏欠, 负...债, 归功于, 怀有, 应给予, 感恩
owed		vbl. 感恩；亏欠；负债]
ower		(ow 的比较级) interj. 啊唷
owes		v. 感恩；亏欠；负债（owe的单三形式）
owest	əʊ	vt. 欠：；欠…的情[后常接双宾语]：
owl	aul	n. 猫头鹰
owled	aʊl	n. 猫头鹰；枭；惯于晚上活动的人
owler	'ajlә(r)	n. 走私者, 走私船
owls	aulz	n. 猫头鹰( owl的复数形式 )
own	әun	n. 自己的
owned		v. 拥有；承认（own的过去分词）
owner	'әunә	n. 拥有者, 物主, 所有人
owners		n. 所有者；业主（owner的复数）
ownership	'әunәʃip	n. 所有权, 物主身份
ownerships		(ownership 的复数) n. 所有权, 物主身份
ownes		奥尼（人名）
owning	əunɪŋ	v. 承认( own的现在分词 ); 拥有; 服从于; 认领
owns		n. 属于自己的东西（own的复数）
ox	ɒks	n. 牛
oxer	'ɔksә	[英]牛栏
oxes		(ox 的复数) n. 牛
oxide	'ɒksaid	n. 氧化物
oxides	'ɒksaɪdz	n. 氧化物( oxide的复数形式 )
oxidize	'ɒksidaiz	vt. 使氧化, 使生锈
oxidized	'ɑksə,daɪz	v. （使某物）氧化, （使某物）生锈( oxidize的过去式和过去分词 )
oxidizer	'ɒksidaizә	n. 氧化剂
oxidizes	ˈɔksɪˌdaɪziz	v. （使某物）氧化, （使某物）生锈( oxidize的第三人称单数 )
oxies	'ɔksi	adj. (像)牛的
oxygen	'ɒksәdʒәn	n. 氧
oxygens		(oxygen 的复数) n. 氧
oyster	'ɒistә	n. 牡蛎, 蚝, 沉默者
oystered		n. 蚝；鸡背肉；可以从中取得个人好处的东西；〈俚〉极少开口的人
oysterer	'ɒɪstə	oyster
oystering	'ɔistəriŋ	n. 采牡蛎, 牡蛎采集业; (家具的)拼花贴面
oysters		n. 牡蛎, 蚝（oyster的复数形式）
pace	peis	n. 速度, 步调, 步法
paced	peist	a. 节奏均匀的
pacer	'peisә	[电] 步测器
paces		n. 步调（pace的复数）
pacific	pә'sifik	n. 太平洋
pacifics	网络	[原型] pacifics 是 pacific 的复数
pack	pæk	n. 包裹, 一伙, 一副, 背包, 包装
package	'pækidʒ	n. 包裹, 套装软件, 包, 包装用物, 程序包
packaged		a. 包装过的
packager	化	(32936/-)
packages		n. 程序包；包装；包裹（package的复数）
packed		-2
packer	'pækә	n. 包装工人, 罐头食品工人, 打包机, 搬家工人, 批发商, 罐头食品厂经理
packest	pæk	n.
packet	'pækit	n. 小包, 一批信件, 大量, 信息包
packeted	'pækɪt	n. 数据包, 信息包；小包, 小捆
packeting	'pækɪt	n. 数据包, 信息包；小包, 小捆
packets		n. 数据包；小捆；小包（packet的复数）
packies	'pækɪ	n. (Packy)人名；(英)帕基
packing	'pækiŋ	n. 包装, 填垫材料, 封函, 行李
packs		n. 生存集群；包裹；资料袋（pack的复数）
pad	pæd	n. 填补, 衬垫, 印色盒, 路
padded		a. 有装填垫料的；脚底有厚肉的
padder	'pædә	[电] 整垫电容
padding	'pædiŋ	n. 垫充, 垫塞, 填料, 废话, 虚报的费用
paddle	'pædl	n. 桨, 划桨, 明轮翼
paddled	ˈpædld	v. 涉水( paddle的过去式和过去分词 ); 趟水; 用桨划船; 用戒尺打（孩子）
paddler	'pædlɚ	涉水者, 涉泥浆者; 明轮船; 划桨者
paddles	ˈpædlz	n. 划船( paddle的名词复数 ); 桨状物; （机具的）桨状部份
pads		n. 波纹细丝带, 眼镜丝带；衬垫（pad的复数）
page	peidʒ	n. 页, 记录, 事件, 专栏, 男侍
paged		分页的
pager	'peidʒә(r)	[计] 页调度程序
pages		n. 页数；青年侍从（page的复数）
pain	pein	n. 痛苦, 疼痛, 辛苦
pained	peind	a. 痛的, 苦恼的, 伤感情的, 表示怨恨的
paines	人名	[原型] paines 是 paine 的复数
painest	peɪn	n.
painful	'peinful	a. 痛苦的, 困难的, 令人烦恼的
painfulest	'peɪnfʊl; -f(ə)l	adj.
painfuller	'peɪnfʊl; -f(ə)l	adj.
painfullest	'peɪnfʊl; -f(ə)l	adj.
paining		vt.& vi. （使）疼痛, （使）痛苦, 伤害（pain的现在分词形式）
pains		n. 麻烦, 辛苦
paint	peint	n. 油漆, 颜料, 绘画作品, 涂漆
painted	'peintid	a. 描画的, 着色的, 刷上油漆的, 涂脂抹粉的, 矫揉造作的
painter	'peintә	n. 画家, 油漆匠
painters	'peɪntəz	n. 画家( painter的复数形式 ); 油漆匠; （系船的）缆绳
paintest	peɪnt	n.
painting	'peintiŋ	n. 画, 绘画, 油漆
paintings		n. 图画；涂漆；印刷品（painting的复数）
paints		n. 绘画颜料
pair	pєә	n. 一双, 一对, 一副
paired		a. 成对的；配对的
pairer	peə	n. 一对；一双；一副；(成对物的、由两个对等部分组成的)一把(如剪刀)；一条(如裤子)
pairing	'peәriŋ	[计] 配对, 成对
pairs	pεәz	n. 夫妇；一副（pair的复数）
pakistan	.pɑ:ki'stɑ:n	n. 巴基斯坦
pakistani	.pɑ:ki'stɑ:ni	a. 巴基斯坦的
pakistanis		n. 巴基斯坦人（Pakistani的复数）
pakistans	网络	[原型] pakistans 是 pakistan 的复数
pal	pæl	n. 朋友, 伙伴, 同志, 同谋
palace	'pælis	n. 宫, 宫殿, 华丽大厦
palaces	'pælɪsɪz	n. 宫, 宫殿( palace的复数形式 )
pale	peil	n. 栅栏, 界线, 范围
paled	peild	围栅的
paler		n. (Paler)人名；(罗)帕勒尔
pales	peilz	v. 变得苍白, 失色, 变得暗淡( pale的第三人称单数 )
palest		a. 灰白的( pale的最高级 ); 苍白的; 白皙的; 浅色的
paling	'peiliŋ	n. 木栅, 围篱
palled	'pæld	v. （因过多或过久而）生厌, 感到乏味, 厌烦( pall的过去式和过去分词 )
palling	'pælɪŋ	v. （因过多或过久而）生厌, 感到乏味, 厌烦( pall的现在分词 )
palm	pɑ:m	n. 手掌, 棕榈, 胜利
palmed		vt. 将…藏于掌中（palm的过去式与过去分词形式）
palmer	'pɑ:mә	n. 朝圣者；变戏法的人；毛虫（尤指北美的小舌麦蛾幼虫）
palming	pɑ:mɪŋ	n. [体]翻球
palms		n. 手掌, 手心；棕榈植物（palm的复数）
pals		abbr. 高级生命支持（Pediatric Advanced Life Support）；位置测定系统（Positio
palying		(paly 的现在分词) a. 略显苍白的
pam	pæm	[计] 脉冲幅度调制
pammed	pæm	PAM
pamming	pæm	PAM
pamphlet	'pæmflit	n. 小册子, 活页文选
pamphleted	ˈpæmflɪt	pamphlet
pamphleter	ˈpæmflɪt	n. 小册子；短论；用小册子形式出版的某些作品
pamphleting	ˈpæmflɪt	pamphlet
pamphlets	'pæmflɪts	n. 小册子( pamphlet的复数形式 )
pams		abbr. Plan Analysis and Modelling System 计划分析与模化系统
pan	pæn	n. 平锅, 浅盘, 盆地, 硬土层, 拍摄全景
pancake	'pænkeik	n. 薄烤饼, 薄煎饼, 烙饼
pancaked		(pancake 的过去分词) n. 薄烤饼, 薄煎饼, 烙饼
pancakes	'pænkeɪks	n. 烙饼( pancake的复数形式 ); （尤指舞台化装用的）粉饼; 完全平的; 非常平的
pand		abbr. panderazo (Spanish=blow struck with a tambourine) （西班牙
panda	'pændә	n. 大熊猫, 小熊猫
pandas	'pændəz	n. 熊猫( panda的复数形式 )
paned	peind	a. 用杂色小布片拼做的, 有...窗格的
panel	'pænl	n. 嵌板, 仪表板, 专题讨论小组, 全体陪审员
paneled		vt. 选定（panel的过去式与过去分词形式）
paneling	'pænәliŋ	n. 镶板, 嵌板
panelled	'pænəld	a. （房间）有护墙板的; （墙、门或窗）镶有嵌板的
panelling	'pænәliŋ	n. 镶板, [总称]格子
panels	'pænl	n. 镶板( panel的名词复数 ); 面; （门、墙等上面的）嵌板; 控制板
paner		n. 削皮刀,削皮器
panes		n. 窗格；窗格玻璃；长方格（pane的复数）
panic	'pænik	n. 恐慌, 惊慌
panics	ˈpæniks	n. （金融方面的）大恐慌( panic的名词复数 ); 人心惶惶的局面; [口语]极度的匆忙
paning	peɪn	n. 窗格；边；面；窗格玻璃；嵌板
panned		vt. 淘金（pan的过去式与过去分词形式）
panner	'pænә	淘洗沙金的人
panning	'pæniŋ	[计] 移动镜头图形学中
pans		n. 平底锅（pan的复数）
pant	pænt	n. 喘息, 悸动
panted	pæntid	v. 喘气, 喘息( pant的过去式和过去分词 ); 喘着气说
pantest	pænt	vi.
panther	'pænθә	n. 豹, 黑豹, 美洲豹
panthers	ˈpænθəz	n. 豹, 黑豹( panther的复数形式 ); 美洲豹
pantied	pæn'tiː	n.
panties	'pænti	n. 女式短裤
panting	'pæntiŋ	[医] 气促, 呼吸困难
pantries	ˈpæntri:z	n. （食品、餐具的）储藏室( pantry的名词复数 )
pantry	'pæntri	n. 餐具室, 食品室
pants	pænts	n. 裤子, 长裤, 短衬裤, 女式运动短裤
pantsed	pæn(t)s	n.
pantses	pæn(t)s	n. 裤子；短裤
pantsing	pæn(t)s	n. [复数]；[主美国英语]裤子；长裤；女装裤子；(宽松的)便裤
pantss	pæn(t)s	pants
paper	'peipә	n. 纸, 文件, 文章, 报纸, 证券, 证件
papered	ˈpeipəd	v. 贴纸( paper的过去式和过去分词 ); 用纸覆盖; 隐瞒, 掩饰
paperer	'peɪpə	n. 纸；(一张)纸
paperies	'peɪp(ə)rɪ	papery
papering		n. 糊纸；夹板；墙纸
papers		n. 文件, 官方文件
paperwork	'peipәwә:k	n. 文书工作
paperworker	'peipə,wə:kə	n. = papermaker
paperworks		(paperwork 的复数) n. 文书工作
papua	'pæpjuә	n. 巴布亚岛
papuas	'pæpjuə	n. 巴布亚岛（新几内亚岛New Guinea的旧名）
parachute	'pærәʃu:t	n. 降落伞
parachuted	ˈpærəʃu:tid	v. 跳伞(parachute的过去式); 用降落伞投送
parachuter		n. 跳伞者, 伞兵
parachutes	'pærə,ʃʊt	n. 降落伞( parachute的名词复数 )
parade	pә'reid	n. 游行, 炫耀, 阅兵
paraded	pəˈreidid	v. （使）集合接受检阅( parade的过去式和过去分词 ); 游行, 列队行进; 展示, 炫耀
parader	pә'reidә	n. 游行者
parades	pə'reidz	n. （部队的）检阅( parade的名词复数 )
paradest	pə'reɪd	n.
paragliding		(paraglide 的现在分词) v. 进行滑翔伞运动
paraglidings	'pærəɡlaɪdɪŋ	n. 高崖跳伞运动
paragraph	'pærәgrɑ:f	n. 段落, 短评
paragraphed		vt. 将…分段（paragraph的过去式形式）
paragrapher	'pærәgræfә	n. 短讯记者
paragraphing	计	[原型] paragraphing 是 paragraph 的现在分词
paragraphs		n. 段落（paragraph的复数形式）
parallel	'pærәlel	n. 平行, 对比, 相匹敌之物
paralleled	'pærəˌleld	平行的
paralleling	lelɪŋ	并联, 并列
parallelled	ˈpærəleld	v. 与…平行( parallel的过去式和过去分词 ); 与…媲美; （为找出相似处）将…作比拟
parallelling	ˈpærəlelɪŋ	v. 与…平行( parallel的现在分词 ); 与…媲美; （为找出相似处）将…作比拟
parallels	'pærәlels	n. 平行线；平行状态；匹敌者（parallel的复数形式）
paralyse	'pærәlais	vt. 使麻痹, 使瘫痪, 使无力, 使气馁, 终止
paralysed		a. 麻痹的, 惊呆的, 瘫痪的, (美)(非正式)喝得烂醉的
paralyser		麻痺药
paralyses	医	[原型] paralyses 是 paralyse 的第三人称单数
paralyze	'pærәlaiz	vt. 使瘫痪, 使麻痹
paralyzed		a. 瘫痪的；麻痹的
paralyzer	计	[医] 麻痹剂, 阻化剂, 阻滞剂
paralyzes	ˈpærəˌlaɪziz	v. 使瘫痪, 使麻痹( paralyze的第三人称单数 ); 使不能正常活动
parameter	pә'ræmitә	n. 参变数, 参变量, 参数, 参量
parameters		n. 参数；参量（parameter的复数）
parcel	'pɑ:sl	n. 包裹, 部分, 片
parceled		vt. 分, 区分（parcel的过去式与过去分词形式）
parceling		n. 划分并分配, 打包
parcelled		vt. 分, 区分（parcel的过去式与过去分词形式）
parceller		n. 多货种船
parcelling		n. 划分并分配, 打包
parcels	ˈpɑ:səlz	n. 包裹( parcel的名词复数 ); 一块地
pardon	'pɑ:dn	n. 原谅, 赦免
pardoned	ˈpɑ:dənd	v. 宽恕( pardon的过去式和过去分词 ); 原谅; 赦免; 特赦
pardoner	'pɑ:dәnә(r)	n. 宽恕的人, 卖赦罪符者
pardonest	ˈpɑːdn	n.
pardoning	ˈpɑ:dənɪŋ	v. 宽恕( pardon的现在分词 ); 原谅; 赦免; 特赦
pardons	ˈpɑ:dənz	v. 宽恕( pardon的第三人称单数 ); 原谅; 赦免; 特赦
parent	'perәnt	n. 父母, 父母亲, 根源
parented	'peər(ə)nt	n. 父亲（或母亲）；父母亲；根源
parenter	'peər(ə)nt	n.
parentes	网络	[原型] parentes 是 parente 的复数
parenting	'pεәrәntiŋ	n. 父母对子女的养育
parents		n. 父母；双亲（parent的复数）
park	pɑ:k	n. 公园, 停车处
parked		-1
parker	'pɑ:kә	n. 停放车辆的人
parkes		n. (Parkes)人名；(英)帕克斯
parkies	'pɑːkɪ	adj. （天气、空气）寒冷的
parking	'pɑ:kiŋ	n. 停车
parkings	'pɑːkɪŋ	n. 停车
parks		n. 帕克斯（人名）
parliament	'pɑ:lәmәnt	n. 国会, 议会
parliamenting	'pɑːləm(ə)nt	parliament
parliaments	ˈpɑ:ləmənts	n. 议会, 国会( parliament的复数形式 ); 一届议会的会期
parrot	'pærәt	n. 鹦鹉, 应声虫
parroted	ˈpærətid	v. 机械地重复( parrot的过去式和过去分词 ); 鹦鹉学舌
parroter	'pærət	n. 【鸟类】鹦鹉；应声虫；学舌者；人云亦云者
parroting	ˈpærətɪŋ	v. 机械地重复( parrot的现在分词 ); 鹦鹉学舌
parrots	ˈpærəts	n. 鹦鹉( parrot的名词复数 ); 应声虫, 学舌者
parrotted	'pærət	n.
part	pɑ:t	n. 部分, 局部, 零件, 要素, 等分, 职责, 角色, 部位
parted	'pɑ:tid	a. 分开的
parter		n. 合伙人, 合作者；参与者
partes	医	[原型] Partes 是 parte 的复数
partial	'pɑ:ʃәl	a. 部分的, 偏袒的, 偏爱的
partials	'pɑ:ʃәlz	[pl.][音]分音
participant	pɑ:'tisipәnt	n. 参加者, 参与者
participants	pɑ:'tɪsɪpənts	n. 参加者, 参与者; 参加者, 参与者( participant的名词复数 )
participate	pɑ:'tisipeit	vi. 参加, 分享, 参与, 带有
participated	pɑ:ˈtisipeitid	v. 参加, 参与( participate的过去式和过去分词 )
participates	pɑ:ˈtisipeits	v. 参加, 参与( participate的第三人称单数 )
particle	'pɑ:tikl	n. 颗粒, 粒子, 质点, 极小量
particles		n. 粒子系统；微粒, 粒子；碎木料（particle的复数形式）
particular	pә'tikjulә	n. 一项(或条、点), 个别项目, 详细说明
particularies	网络	(particulary 的复数)
particularly	pә'tikjjlәli	adv. 特别, 格外, 尤其, 详细地, 细致地
particulars		n. 细节, 详细情况, 详情
partied	'pɑ:rtaɪd	v. 为…举行社交聚会（party的过去式与过去分词形式）
parties		n. 当事人；聚会；党派；政党机关；同行者（party的复数）
parting	'pɑ:tiŋ	n. 告别, 分歧处, 分界点
partition	pɑ:'tiʃәn	n. 分割, 隔离物, 隔墙, 财产分割
partitioned		a. 分区的；分割的；分段的
partitioner	pɑ:'tɪʃnər	分割者, 瓜分者
partitioning	计	[化] 分隔
partitions		v. 分开（partition的三单形式）
partly	'pɑ:tli	adv. 部分地, 在一定程度上
partner	'pɑ:tnә	n. 合伙人, 股东, 伙伴, 伴侣
partnered		vt. 使合作（partner的过去式与过去分词形式）
partnering	ˈpɑ:tnərɪŋ	n. 伙伴关系
partners		n. 合作伙伴；合伙人；伙伴（partner的复数形式）
parts	pɑ:ts	n. 零件, 部件
part-time		-2
party	'pɑ:ti	n. 宴会, 党, 政党, 团体, 当事人, 聚会
partyer	'pɑːtɪ	n. 党；党派(尤指政党)；党性；派性；党派活动；结党
partying	'pɑ:ti:ɪŋ	v. 为…举行社交聚会（party的现在分词形式）
pass	pæs	n. 经过, 要隘, 途径, 通行, 护照, 及格
passage	'pæsidʒ	n. 通道, 通过, 移居, 航行, 一段, 走廊
passaged	'pæsɪdʒ	n. 通行；经过；推移；迁移
passager		n. 旅客；通道；一段文章
passages		n. 通路；过客；短文（passage的复数形式）
passbook	'pæsbuk	n. 存款簿, 银行存折
passbooks		(passbook 的复数) n. 存款簿, 银行存折
passed	pɑ:st	a. 已被传递的；已经通过的；已经过去的
passenger	'pæsindʒә	n. 乘客, 旅客
passengering	'pæsɪndʒə	n.
passengers	'pæsndʒɚ	n. 乘客( passenger的名词复数 ); 旅客; 白吃饭的人; 闲散人员
passer	'pæsә	n. 过路人, 旅客, 考试合格者, 检查合格证
passer-by	'pɑ:sə baɪ	n. 过路人; 经过者
passes		v. 及格；经过；超过；传递（pass的三单形式）
passest	pɑ:s; pæs	n.
passies		n. (Passy)人名；(法、保)帕西
passing	'pæsiŋ	n. 通过, 逝去, 死, 流逝
passion	'pæʃәn	n. 激情, 酷爱, 热爱, 强烈感情, 耶稣受难(故事)
passioned	'pæʃ(ə)n	n. 激情；热情；酷爱；盛怒
passiones	网络	(passione 的复数)
passioning	'pæʃ(ə)n	n. 激情；热情；酷爱；盛怒
passions	'pæʃnz	n. 激情( passion的复数形式 ); 爱情; [复数]感情（与理智相对而言）; 爱好
passive	'pæsiv	a. 消极的, 被动的, 冷漠的, 顺从的, 无源的
passiver	'pæsɪv	passive
passives		(passive 的复数) a. 消极的, 被动的, 冷漠的, 顺从的, 无源的
passivest	'pæsɪv	adj. 被动的；受动的；守势的；不反对的；不抵抗的；驯服的；忍让的，屈从的
passport	'pæspɒ:t	n. 护照, 手段, 通行证
passported	'pɑːspɔːt	n. 护照，通行证；手段
passports	'pa:spɔ:ts	n. 护照( passport的复数形式 ); 手段, 保障
past	pɑ:st	n. 过去, 昔时, 往事, 早年经历, 过去时
pasta	'pæstә	n. 意大利面食
pastas	ˈpɑ:stəz	n. 面团（用以制意大利通心粉, 细面条等）, 意大利面食( pasta的复数形式 )
paste	peist	n. 面团, 面食, 浆糊, 糊状物, 粘贴, 用拳重击
pasted		a. 膏的（胶的；浆糊的）
paster	'peistә	n. 贴纸, 胶纸, 粘贴的人
pastes	peists	n. 面团( paste的名词复数 ); 糨糊; 肉（或鱼等）酱（作涂抹料或烹饪用）; （ 制作人造宝石的 ）铅质玻璃
pastest	peɪst	paste
pasties	ˈpæsti:z	n. （脱衣舞女等粘戴在乳头上的）乳头罩; 肉馅饼( pasty的名词复数 ); 乳饰
pasting	'peistiŋ	n. 裱糊, 涂；粘合
pasts	'pɑ:sts	n. 过去, 昔时( past的复数形式 ); 往事; 过去的生活[经历]
pasture	'pæstʃә	n. 牧场, 草地, 牧草
pastured		vt.& vi. 放牧（pasture的过去式与过去分词形式）
pasturer		n. 草地；牧场；牧草 (pasture的变形)
pastures	ˈpɑ:stʃəz	n. 牧草地( pasture的名词复数 ); 生活状况; 工作条件
pasturest	'pɑːstʃə	n.
pat	pæt	n. 轻拍
patch	pætʃ	n. 片, 补缀, 碎片, 斑, 傻瓜
patched		a. 打补丁的
patcher		补节机; 跟车人
patches		n. 修补程序；补丁；斑块（patch的复数）
patching	'pætʃiŋ	[计] 修补法
patd	'peɪtɪd	abbr. patented 取得专利权的
pated	peɪt	n. 头, 脑袋；头顶；[戏谑语]头脑；智力
patent	'pætnt. 'peitnt	n. 专利权, 许可证, 执照, 专利品, 素质
patented	'peitәntid	a. 专利的
patentest	'pæt(ə)nt; 'peɪt(ə)nt	adj.
patenting	'peitәntiŋ	[机] 韧化
patents		n. 专利权；专利（patent的复数形式）
pater	'peitә	n. 父亲
pates	peɪts	n. <旧, 幽>头顶, （尤指）秃顶, 光顶( pate的复数形式 )
path	pɑ:θ	n. 路径, 小路, 道路, 途径, 路线, 轨道
pathed	pɑːθ	n. (人、畜走出来的)路；小道, 小径；道路；(公园中的)路径
pathes		(pathe 的复数) [网络] 百代；百代电影公司；法国百代
pathetic	pә'θetik	a. 悲哀的, 可怜的, 感伤的, 差劲的
pathetics		(pathetic 的复数) a. 悲哀的, 可怜的, 感伤的, 差劲的
pathies		suff. 表“病变”；表“疗法”；表“感觉”
pathing		v. 路径控制（path的现在分词）
paths		n. 路径（path的复数）
patience	'peiʃәns	n. 耐性, 忍耐
patiences	网络	[原型] patiences 是 patience 的复数
patient	'peiʃәnt	n. 病人, 承受者
patientest	'peɪʃ(ə)nt	adj.
patients		n. 病人（patient的复数形式）
paties	'pæti	adj. 【纹章学】 = patté(e)
patr		abbr. patriotic 爱国的; patron 货主; 顾客; 主顾
patriot	'peitriәt	n. 爱国者, 爱国主义者
patriotic	.peitri'ɒtik	a. 爱国的, 有爱国心的
patriotics	,pætri'ɔtiks	[pl. ]爱国精神的表现[言论、行为], [用作单]爱国的作品[演说、活动]
patriots	ˈpeitriəts	n. 爱国者, 爱国主义者( patriot的复数形式 )
patrol	pә'trәul	n. 巡逻, 巡逻员, 侦察队
patroled	pə'trəʊl	n. 巡视；巡逻兵；警察；侦察队
patroling		vt.& vi. 巡逻，巡查（patrol的现在分词形式）
patrolled		vt.& vi. 巡逻, 巡查（patrol的过去式与过去分词形式）
patroller		巡警
patrolling		vt.& vi. 巡逻, 巡查（patrol的现在分词形式）
patrols		n. 巡逻队
patron	'peitrәn	n. 赞助人, 顾客, 保护人
patrons	ˈpeitrənz	n. 赞助人( patron的复数形式 ); 资助人; 老主顾; 名义赞助人（支持慈善组织等的名人, 名字常用于有关的广
pats		abbr. 通讯系统状态分析（Performance Analysis of Telecommunication Sys
patted	pætid	v. 轻拍( pat的过去式和过去分词 ); 拍成, 拍至; 表扬, 称赞（某人/自己）
patter	'pætә	n. 急速拍打声, 轻快脚步声, 行话, 快板, 饶舌
pattern	'pætәn	n. 模范, 典型, 式样, 样品, 图案, 格调, 模式
patterned		-1
patterner		模型工
patterning	'pætәniŋ	n. 图案结构, 特有型式, 图形
patterns		n. 模式（pattern的复数形式）
pattest		un. 试块试验；水泥块试验
patting	pætɪŋ	v. 轻拍( pat的现在分词 ); 拍成, 拍至; 表扬, 称赞（某人/自己）
paula	'pɔ:lә	n. 保拉（女子名）
paular		保拉
pausanias	pɔ:'seiniæs	鲍桑尼亚（ 	公元二世纪的希腊旅行家, 著有《希腊志》）
pause	pɒ:z	n. 暂停, 中止, 停顿, 间歇, 踌躇, 休止符
paused	pɔ:zd	v. 停顿( pause的过去式和过去分词 ); 暂停; （按暂停键）暂停放音; 暂停放像
pauser		中止者
pauses	pɔ:ziz	n. 停顿( pause的名词复数 ); 暂停; 延长记号; 暂停键
pavement	'peivmәnt	n. 路面, 人行道, 铺面路, 铺路材料
pavemented	'peɪvm(ə)nt	n. 铺筑过的地面；铺筑过的路面(或道路)；[主英国英语]人行道 (= [美国英语]sidewalk)
pavements	'peɪvmənts	n. 人行道( pavement的复数形式 ); 硬路面; 铺过的路面
paw	pɒ:	n. 爪
pawed		vt. 用爪抓（paw的过去式与过去分词形式）
pawest	pɔ:	n.
pawing		vt. 用爪抓（paw的现在分词形式）
paws		（等于Polar Automatic Weather Station） 极地自动天气站
pay	pei	n. 薪资, 付款, 补偿
payed		pay as you earn； pay as you enter 所得税预扣法；上车时买票制度；上船后即付
payer	'peiә	n. 支付者, 付款人
payes	网络	[原型] payes 是 paye 的复数
payest		PAYE
paying	'peiiŋ	a. 支付的, 付款的, 有利的, 赢利的, 合算的
payment	'peimәnt	n. 付款, 支付的款项(或实物), 偿还, 报应, 惩罚
payments		n. 惩罚；薪资；支付；付款（payment的复数形式）
pays		n. 报酬（pay的复数）；（法）国家
pc		-2
pcd		abbr. 节圆直径（Pitch Circle Diameter）；巴拿马运河局（Panama Canal Depart
pcer		PCE
pces		abbr. 苏州飞利浦消费电子有限公司
pcing		PC1
pcr		abbr. 光电导继电器（Photo-conductive Relay）；程序控制暂存器（program control
pcs	计	[化] 青霉素类抗生素
pcst		Permanent Commission on Science and Technology (ASEAN) 科学技术常
pda	计	(16692/-)
pdad		Probate, Divorce, and Admiralty Division 遗嘱、离婚与海事法庭
pdar		abbr. Producibility Design Analysis Report 生产能力设计分析报告
pdas		(PDA 的复数) [计] 个人数字助手
pea	pi:	n. 豌豆, 似豌豆的东西
peace	pi:s	n. 和平, 和约, 治安, 和睦, 安宁, 静寂
peaced	piːs	n. 和平；平静；和睦；秩序
peaceful	'pi:sful	a. 平静的, 和平的, 和平时期的, 爱好和平的, 喜爱安静的
peacefuler	'piːsfʊl; -f(ə)l	adj.
peacefulest	'piːsfʊl; -f(ə)l	adj.
peacefuller	'piːsfʊl; -f(ə)l	adj.
peacefullest	'piːsfʊl; -f(ə)l	adj.
peaces		和平( peace的名词复数 )；和睦；治安；安心
peach	pi:tʃ	n. 桃子, 桃树, 桃色, 美人儿, 极好的事物
peached		v. 揭发, 告发（peach的过去式与过去分词形式）
peacher		n. 桃子；桃树；桃红色；受人喜欢的人（或物） (peach的变形)
peaches	pi:tʃiz	n. 桃( peach的名词复数 ); 桃树; 桃红色; <口>美人
peachies	'piːtʃɪ	adj. 桃色的；桃色般的；[美国旧俚语]极好的；非常吸引人的；漂亮的
peaching		v. 揭发, 告发（peach的现在分词形式）
peacock	'pi:kɒk	n. 孔雀, 好炫耀的人
peacocked	'piːkɒk	n. 孔雀；雄孔雀；爱虚荣的人
peacocking		(peacock 的现在分词) n. 孔雀, 好炫耀的人
peacocks	ˈpi:ˌkɔks	n. （雄）孔雀( peacock的复数形式 )
peak	pi:k	n. 山峰, 巅, 山顶, 顶点, 尖峰, 帽舌
peaked	pi:kt	a. 有帽舌的, 有尖端的, 消瘦的, 有病容的
peaker	'pi:kә	[电] 尖波器
peakest	piːk	vi. 憔悴；消瘦；衰弱；减小；缩小
peaking	'pi:kiŋ	[电] 削尖
peaks		n. 山顶；峰巅（peak的复数）
peanut	'pi:nʌt	n. 花生, 小人物, 极小的数额
peanuts		n. 花生；小人物；小零碎；微不足道的钱（peanut的复数形式）
peanutted	'piːnʌt	n.
peanutting	'piːnʌt	n.
pear	pєә	n. 梨子, 梨树, 梨木
pearce		皮尔斯（人名）
pearces		皮尔斯（人名）
pearies		n. (Peary)人名；(英)皮尔里
pearl	pә:l	n. 珍珠, 珠灰色, 杰出者, 珍贵之物
pearled	pәld	[诗]用珍珠装饰的, 镶着珍珠的
pearler		n. 采珠人, 采珠船
pearles		(pearle 的复数) n. 【女名】女子名
pearlies	'pә:liz	大贝壳扣
pearling	'pә:liŋ	[主苏](用)圈纹窄花边(做成的装饰)
pearls	pɜːlz	n. 珍珠( pearl的名词复数 ); 珍品; 人造珍珠; 珠状物
pears		n. 皮尔斯（人名）
peas		n. 豌豆（pea的复数）
peasant	'peznt	n. 农夫, 乡下人
peasants	'pesnts	n. 农民( peasant的名词复数 ); 农夫; 佃农; 粗俗的人
peck	pek	n. 配克(英美干量单位), 啄痕, 啄食, 许多
pecked	pekt	v. 啄, 啄食, 小口地吃( peck的过去式和过去分词 ); 匆匆地吻
pecker	'pekә	n. 会啄的鸟, 啄木鸟, 凿具, 鹤嘴锄, 勇气
peckest	pek	vt.
pecking	pekɪŋ	v. 啄, 啄食, 小口地吃( peck的现在分词 ); 匆匆地吻
pecks	peks	n. 啄( peck的名词复数 ); 匆匆的一吻
peculiar	pi'kju:ljә	a. 奇特的, 罕见的, 特殊的, 特别的
peculiarities	pɪˌkju:li:ˈærɪti:z	n. 古怪( peculiarity的名词复数 ); 怪癖; 特色; 奇形怪状
peculiarity	pi.kju:li'æriti	n. 特质, 特性, 怪癖
peculiars		(peculiar 的复数) a. 奇特的, 罕见的, 特殊的, 特别的
pedal	'pedl	n. 踏板, 脚蹬子
pedaled		vt.& vi. 踩自行车的踏板（pedal的过去式与过去分词形式）
pedaling		vt.& vi. 踩自行车的踏板（pedal的现在分词形式）
pedalled		骑自行车（pedal的过去式）
pedalling		踏板使用法；踏板法
pedals	'pedlz	n. （自行车或其他机器的）踏板( pedal的名词复数 ); 脚蹬子; （钢琴、风琴等的）踏板; 踏瓣
pedestrian	pә'destriәn	n. 行人, 步行者
pedestrians	pɪ'destrɪəns	n. 步行者( pedestrian的复数形式 )
pedicab	'pedikæb	n. (人力)三轮车
pedicabs		n. (人力)三轮车
pedlar	'pedlә	n. 沿街叫卖的小贩, (流言)传播者
pedlars	ˈpedləz	n. 流动小贩, 货郎( pedlar的复数形式 )
peel	pi:l	n. 皮, 外壳
peeled		a. 剥去皮的
peeler	'pi:lә	n. 警察, 巡警, 胶合板材, 爱尔兰的警官, 剥皮的人, 去皮机, 精力充沛的人
peeles	网络	[原型] peeles 是 peele 的复数
peelest	pi:l	vt.
peeling	'pi:liŋ	n. 剥皮, 剥下的皮
peels	pi:lz	n. 果皮, 蔬菜皮( peel的名词复数 )
peer	piә	n. 同等的人, 匹敌, 贵族
peered	piəd	v. 凝视( peer的过去式和过去分词 ); 盯着看; 同等; 比得上
peerest	piə	n.
peeries		怀疑的
peering	piərɪŋ	v. 凝视( peer的现在分词 ); 盯着看; 同等; 比得上
peers		n. 平辈, 同事（peer的复数）
pen	pen	n. 钢笔, 笔, 笔调, 笔杆子, 作家, 围栏, 栅栏, 禽畜
penalties	ˈpenəltiz	n. 惩罚( penalty的名词复数 ); 刑罚; 害处; 足球点球
penalty	'penәlti	n. 处罚, 刑罚, 罚款, 罚球, 报应, 不利结果, 妨碍
pencil	'pensl	n. 铅笔, 色笔, 眉笔, 画笔, 光线束
penciled		a. 用铅笔写的, 用画笔画的, 有彩色细纹的, 成束的
penciler		n. 用铅笔写[画]的人；〈英俚〉(赛马等的)登记赌注者
penciling		n. 铅笔画, 毛笔画, 彩色细纹
pencilled		a. 用铅笔写的, 用画笔画的, 有彩色细纹的, 成束的
penciller		n. 用铅笔写[画]的人；〈英俚〉(赛马等的)登记赌注者
pencilling		n. 铅笔画, 毛笔画, 彩色细纹
pencils	ˈpensəlz	n. 铅笔, 彩色铅笔( pencil的名词复数 ); 光线锥
pend	pend	vi. 悬而未决, 待定
pendulum	'pendʒәlәm	n. 钟摆, 摇锤, 摇摆不定的事态(或局面)
pendulums	ˈpendjuləmz	n. 摆, 钟摆( pendulum的名词复数 ); 摇摆不定的事态（或局面）
penelope	pi'nelәpi, pә-	n. 佩内洛普（女子名）；[希神]Odysseus的忠实妻子
penelopes	pi'neləpi	n. 佩内洛普（女子名）；Odysseus的忠实妻子
penes	'pi:ni:z	pl. 阴茎
penetrate	'penitreit	vt. 穿透, 刺穿, 渗透, 看穿, 洞察, 了解, 使充溢
penetrated		鞭辟入里
penetrates	ˈpenitreits	v. 穿过( penetrate的第三人称单数 ); 刺入; 了解; 渗透
penetratest	'penɪtreɪt	vt.
penetration	.peni'treiʃәn	n. 穿透, 渗透, 侵入, 识穿, 洞察(力)
penetrations	ˌpenɪˈtreɪʃənz	n. 渗透( penetration的复数形式 ); 穿透; <军>突破; （男人阴茎的）插入
penguin	'pengwin	n. 企鹅, 空军地勤人员
penguins	ˈpeŋɡwinz	n. 企鹅( penguin的复数形式 )
penned	pend	a. （被）围以栅栏的
penner		n. 执笔人, 写作人
pennest	'peneɪ; 'penɪ	n.
pennies		pl. (非正式)copper便士, (美)分, 分币
penniless	'penilis	a. 赤贫的, 贫穷的
penning	'peniŋ	[化] (用锤尖)锤击
penny	'peni	n. 便士, 一分, 小钱, 点滴
pennying	'pɛni	彭尼(女子名)[亦作Pennie]
pennys	'peni:	彭尼(女子名)[亦作Pennie]
pens		n. 钢笔（pen的复数）
pension	'penʃәn	n. 养老金, 退休金, 津贴, 年金, 抚恤金, 膳宿学校, 膳宿费
pensioned	'penʃ(ə)n	n. 退休金, 抚恤金；津贴；膳宿费
pensioner	'penʃәnә(r)	n. 领取抚恤金者, (英国剑桥大学的)自费生, 为金钱所收买的人, 帮佣
pensioners	ˈpenʃənəz	n. 领取退休、养老金或抚恤金的人( pensioner的复数形式 )
pensiones		(pensione 的第三人称 -s形式) <意>n.(意大利等欧洲大陆国家的)膳宿公寓,小旅馆
pensioning	'penʃ(ə)n	n. 退休金, 抚恤金；津贴；膳宿费
pensions	ˈpenʃənz	n. 退休金, 养老金( pension的名词复数 )
people	'pi:pl	n. 人, 人民, 民族, 平民
peopled		vt. 居住于, 布满（people的过去式与过去分词形式）
peopler	'piːplə	n. 移居者；居民；殖民者
peoples		n. 民族学；民族（people的复数形式）
pepper	'pepә	n. 胡椒粉, 胡椒, 辣椒
peppered		a. 用胡椒调味的；加胡椒的, 撒胡椒粉的
pepperer	'pepərə	n. 胡椒；辣椒；胡椒粉 (pepper的变形)
peppering		vt. 在…上撒胡椒粉（pepper的现在分词形式）
peppers	ˈpepəz	n. 胡椒粉( pepper的名词复数 ); 辣椒
per	pә:	prep. 每一, 通过, 经, 按照
perceive	pә'si:v	v. 感觉; 认识, 理解; 察觉到, 意识到, 注意到
perceived	pə'siːvd	v. 感觉( perceive的过去式和过去分词 ); 视为; 认为; 理解为
perceiver		n. perceive的变形
perceives	pəˈsi:vz	v. 感觉( perceive的第三人称单数 ); 视为; 认为; 理解为
perceivest	pə'siːv	vt.
percent	pә'sent	n. 百分比, 百分数, 部分
percentage	pә'sentidʒ	n. 百分比, 比率, 部分, 可能性
percentages	pə'sentɪdʒɪz	n. 百分比( percentage的复数形式 ); 比例; 利润的分成; 提成
percenter	pə'sentə	n. (与基数词连用)百分之…的事物；百分之…的可能性；有百分之…可能的局面
percents		百分比, 百分数( percent的名词复数 )；百分之一
perception	pә'sepʃәn	n. 知觉, 感觉, 领悟力, 获取
perceptions	pɚ'sɛpʃən	n. 感知（能力）( perception的复数形式 ); 觉察（力）; 认识; 观念
perch	pә:tʃ	n. 栖木, 高位, 杆, 河鲈
perched	pɜ:tʃt	栖息; 使坐; 置于（perch的变形词）
percher	'pә:tʃә	n. 栖于树上的鸟, 处于高处的人(或物), (织物)检查工
perches		n. 鸟类的栖木；休息处；河鲈（perch的复数）
perchest	pεrʃ	佩舍(一译为“佩尔什”；法国西北部地区，在曼恩和诺曼底)
perching	机	[原型] perching 是 perch 的现在分词
perd		abbr. perdendosi (Italian=gradually dying away) （意大利语）逐渐消失的
peres		佩雷斯（人名）
perfect	'pә:fikt	n. 完成时
perfected		v. 使…完美, 使…熟练（perfect的过去形式）
perfecter		完美的（perfect的比较级）
perfectest		完美的（perfect的最高级）
perfecting		n. 完成, 精制, 完善, 改善
perfection	pә'fekʃәn	n. 完美, 完成, 极端
perfectioned	pə'fekʃ(ə)n	n.
perfections		(perfection 的复数) n. 完美, 完成, 极端
perfects	ˈpə:fikts	v. 使熟练( perfect的第三人称单数 ); 使完全; 使…完美; 充分地指导（告诉）
perform	pә'fɒ:m	vt. 进行, 履行, 完成, 执行, 表演
performance	pә'fɒ:mәns	n. 施行, 工作情况, 成绩, 行为, 表现, 演出
performances	pə'fɔ:mənsɪz	n. 履行( performance的复数形式 ); 性能; 表现; 演出
performed		v. 执行, 表演（perform的过去分词形式）
performer	pә'fɒ:mә	n. 表演者, 执行者, 完成者
performers	pɚ'fɔrmɚz	n. 演出者( performer的复数形式 ); 演奏者; 表演者; 履行者
performest	pə'fɔːm	vt.
performing	pә'fɒ:miŋ	a. 表演的, 履行的
performs		v. 执行；表演（perform的第三人称单数形式）
perfume	'pә:fju:m	n. 香水, 香气, (悦人的)气氛, 美名
perfumed	pә'fju:md	a. 芳香的；香味的
perfumer	pә'fju:mә	n. 香料制造人, 香水调配者, 香料商, 香水喷雾器
perfumes	ˈpə:fju:mz	n. 香气( perfume的名词复数 ); 芳香; 香味; 馨
perhaps	pә'hæps	adv. 也许, 大概
perhapses		或许( perhaps的名词复数 )；（表示不确定）也许；（用于粗略的估计）或许；（表示勉强同意或其实不赞成）也许
peril	'peril	n. 危险, 冒...之险, 险境, 险因
periled		vt. 置…于危险中（peril的过去式与过去分词形式）
periling		vt. 置…于危险中（peril的现在分词形式）
perilled		vt. 置…于危险中（peril的过去式与过去分词形式）
perilling		vt. 置…于危险中（peril的现在分词形式）
perils	ˈperilz	n. 极大危险( peril的名词复数 ); 危险的事（或环境）
perimeter	pә'rimitә	n. 周长, 周界, 边缘
perimeters	pəˈrɪmɪtəz	n. 周边( perimeter的复数形式 ); 周围; 边缘; 周长
period	'piәriәd	n. 时期, 节段, 节, 句点, 学时, 周期
perioded	'pɪərɪəd	n.
periodic	.piәri'ɒdik	a. 周期的, 定期的, 间歇(性)的, 循环的, 用完整句的, 高碘的
periodical	.piәri'ɒdikl	n. 期刊
periodicals		n. 期刊（periodical的名词复数形式）
perioding	'pɪərɪəd	n.
periods		n. 周期（period的复数）
peripheral	pә'rifәrәl	a. 周边的, 周围的, 圆周的, 无关紧要的, 肤浅的
peripherals	pə'rɪfərəls	n. （计算机的）外围设备, 周边设备( peripheral的复数形式 )
perish	'periʃ	vi. 毁灭, 丧生, 凋谢, 颓丧, 死亡, 腐烂
perished	ˈperɪʃt	v. 丧生( perish的过去式和过去分词 ); 消亡; 死亡; 损坏
perisher	'periʃә	n. 做事卤莽的人, 讨厌的人, (行动、方法等的)极端
perishes	ˈperiʃiz	v. 丧生( perish的第三人称单数 ); 消亡; 死亡; 损坏
perishest	'perɪʃ	vi.
perishing	'periʃiŋ	a. 使人痛苦的, 致命的, 讨厌的, 糟糕的
permanent	'pә:mәnәnt	a. 永久的, 不变的, 固定的, 持久的
permanented	'pɜːm(ə)nənt	adj.
permanentes	网络	(permanente 的复数)
permanenting	'pɜːm(ə)nənt	adj.
permanents		永久（性）的( permanent的名词复数 )；稳定的；永恒的；常务的
permission	pә'miʃәn	n. 许可, 允许
permissioned	pə(r)'mɪʃ(ə)n	n. 许可
permissions	pɜ:'mɪʃənz	n. 允许, 许可, 准许( permission的复数形式 )
permit	pә'mit	n. 许可证, 许可, 执照, 通行证
permits	pəˈmits	n. 许可( permit的名词复数 ); 许可证; 执照
permitted	pəˈmitid	v. 允许( permit的过去式和过去分词 ); 许可; 许用
permitter		n. permit的变形
permitting	pəˈmitɪŋ	v. 允许( permit的现在分词 ); 许可
perpendicular	.pә:pәn'dikjulә	n. 垂直线, 垂直的位置, 直立(姿势), 刚正, 垂规
perpendiculars		垂直的, 成直角的( perpendicular的名词复数 )；直立的
perpetual	pә'petʃuәl	a. 永久的, 不断的, 无期限的, 没完没了的, 四季开花的
perpetuals		(perpetual 的复数) a. 永久的, 不断的, 无期限的, 没完没了的, 四季开花的
perplex	pә'pleks	vt. 使困惑, 使复杂化, 使为难
perplexed	pә'plekst	a. 困惑的, 不知所措的, 复杂的, 难办的
perplexes	pəˈpleksiz	v. 使迷惑, 使混乱( perplex的第三人称单数 )
perplexest	pə'pleks	vt.
perplexing	pә'pleksiŋ	a. 令人费解的, 令人困惑的
perrer		prep. 每一, 通过, 经, 按照
perrest		prep. 每一, 通过, 经, 按照
pers		abbr. 人员（等于person）；个人的（等于personal）
persecute	'pә:sikju:t	vt. 迫害, 虐待, 困扰, 同...捣乱
persecuted	ˈpə:sikju:tid	v. （尤指宗教或政治信仰的）迫害(~sb. for sth.)( persecute的过去式和过去分词 ); 烦扰, 
persecutes	ˈpə:sikju:ts	v. （尤指宗教或政治信仰的）迫害(~sb. for sth.)( persecute的第三人称单数 ); 烦扰, 困扰
persecutest	'pɜːsɪkjuːt	vt.
perseus	'pә:sju:s	n. 珀尔修斯(希腊神话人物), 英仙(星)座
perseuss	'pə:sju:s; -siəs	【希腊神话】珀耳修斯(宙斯与达那厄所生之子，杀死蛇发女怪墨杜萨，后又从海怪掌下救出安德洛墨达的英雄)
perseverance	pә:si'viәrәns	n. 毅力, 忍耐, 锲而不舍, 不屈不挠
perseverances	pɜːsɪ'vɪər(ə)ns	n. 坚持不懈；不屈不挠
persevere	.pә:si'viә	vi. 坚持, 孜孜不倦, 不屈不挠, (辩论中)固执己见
persevered	ˌpə:siˈviəd	v. 坚忍, 坚持( persevere的过去式和过去分词 )
perseveres	ˌpə:siˈviəz	v. 坚忍, 坚持( persevere的第三人称单数 )
persist	pә'sist	vi. 坚持, 固执, 持续, 坚称
persisted	pəˈsistid	v. 坚持( persist的过去式和过去分词 ); 维持; 保持; 持续存在
persistence	pә'sistәns	n. 固执, 坚持不懈, 持续(性), 存留(状态)
persistences	pə(r)'sɪstəns	n. 坚持；【无线】持久性；(萤光屏上余辉的)保留时间；持续性
persisting	pəˈsistɪŋ	v. 坚持( persist的现在分词 ); 维持; 保持; 持续存在
persists	pəˈsists	v. 坚持( persist的第三人称单数 ); 维持; 保持; 持续存在
person	'pә:sn	n. 人, 人身, 人称
personal	'pә:snl	a. 私人的, 涉及隐私的, 有人性的, 人称的, 亲自的, 身体的
personaling	'pə:sənæliŋ	n. (戏剧或影视剧中的人物)出场
personalities		n. 人身攻击, 诽谤
personality	.pә:sә'næliti	n. 个性, 人格, (团体、地方、国家)特有特性, 名人
personally	'pә:sәnli	adv. 亲自地, 个别地, 当面, 就本人而言, 针对个人地
personals		n. 人事广告栏；人事栏
personned	'pɜːs(ə)n	person
personnel	.pә:sә'nel	n. 人员, 人事部门, 人事科(处)
personnels	ˌpə:səˈnelz	n. （总称）人员，员工( personnel的名词复数 ); 人事部门
persons		n. 人员；人们（person的复数）
perspective	pә'spektiv	n. 远景, 透视感, (观察问题的)视角, 透视法, 看法, 透视图
perspectives	pəs'pektɪvz	n. 透视( perspective的复数形式 ); 透视图; 观点; 全景
persuade	pә'sweid	vt. 劝, 使相信, 恳求, 敦促, 说服
persuaded	pəˈsweidid	v. 说服( persuade的过去式和过去分词 ); 劝告; 使信服; 使相信
persuader	pә'sweidә	n. 说服者, 强制工具, 制服手段
persuades	pəˈsweidz	v. 说服( persuade的第三人称单数 ); 劝告; 使信服; 使相信
persuadest	pə'sweɪd	vt.
persuasion	pә'sweiʒәn	n. 说服, 信念, 派别, 说服力
persuasions	pəˈsweiʒənz	n. 劝说, 说服（力）( persuasion的复数形式 ); 信仰
perth	pә:θ	n. 珀斯, 佩斯（澳大利亚城市）
perths		abbr. Perthshire 佩斯郡
pertinent	'pә:tinәnt	a. 相关的, 中肯的, 切题的
peru	pә'ru:	n. 秘鲁
perus	网络	[原型] perus 是 peru 的复数
pessimistic	.pesi'mistik	a. 悲观的, 厌世的, 悲观主义的
pest	pest	n. 令人讨厌之物, 有害之物, 害虫, 瘟疫
pester	'pestә	vt. 不断打扰, 纠缠
pesting		研磨
pests	'pests	n. 有害的人或物( pest的复数形式 ); 害虫; 害兽; 害鸟
pet	pet	n. 宠物, 受宠爱的人, 宠坏的孩子, 不悦, 生气
petal	'petәl	n. 花瓣
petaled	'petld	a. 有花瓣的
petaling		花瓣形
petalled	'petәld	a. 有...花瓣的
petalling		(petal 的现在分词) n. 花瓣
petals		n. 花瓣；翼瓣（petal的复数形式）
peter	'pi:tә	vi. 逐渐消失, 逐渐减少
peties	网络	(petie 的复数)
petition	pi'tiʃәn	n. 请愿, 诉状, 陈情书, 申请, 祈求, 祷文
petitioned	piˈtiʃənd	v. 祈求, 请求, 请愿( petition的过去式和过去分词 ); （向法庭）请求, 申请
petitioner	pi'tiʃәnә	n. 请愿人, 诉愿人, (离婚案)原告
petitioning	piˈtiʃənɪŋ	v. 祈求, 请求, 请愿( petition的现在分词 ); （向法庭）请求, 申请
petitions		n. 请愿书；请愿（petition的复数）
petr		n. 岩石学
petrol	'petrәl	n. 汽油
petroleum	pә'trәuliәm	n. 石油
petroleums	pə'trəʊlɪəm	n. 石油
petrols		(petrol 的复数) n. 汽油
pets	pets	abbr. 公共英语等级考试（Public English Tset System）
petted		vt. 宠爱（pet的过去式与过去分词形式）
petter		培特
pettest		abbr. position-emission tomography正电子发射X射线层析照相术；Performance 
petties	'petiz	杂费, 什费
petting	'petiŋ	n. [美口]爱抚
petty	'peti	a. 琐碎的, 小规模的, 小气的, 委琐的
pettys		(petty 的复数) a. 琐碎的, 小规模的, 小气的, 委琐的
phase	feiz	n. 时期, 局面, 方面, 位相, 相, 阶段
phased	feizd	a. 定相的
phaser	'feizә	[电] 相位器
phases	'feisi:z	n. 阶段, 时期（phase的复数形式）
phenomenon	fi'nɒminәn	n. 现象, 迹象, 表现, 奇迹, 奇才
phenomenons		特殊的人[事物]( phenomenon的名词复数 )；[口语]非凡的人；特别的事情 （或事实）
philadelphia	.filә'delfjә	n. 费城
philadelphias	,filə'delfjə; -fiə	n. 费城（美国宾夕法尼亚州东南部港市）
philosopher	fi'lɒsәfә	n. 哲学家, 哲人, 思想开创人, 达观的人
philosophers	fɪ'lɒsəfəz	n. 哲学家( philosopher的复数形式 ); 豁达的人
philosophical	.filә'sɒfikl	a. 哲学的, 冷静的, 达观的, 哲学上的, 哲学家似的
philosophies	fiˈlɔsəfiz	n. 哲学( philosophy的名词复数 ); 人生哲学; 人生观; 达观
philosophy	fi'lɒsәfi	n. 哲学, 人生观, 哲学思想, 哲理, 基本原理, 见解, 达观, 沉着
philosophying	fɪ'lɒsəfɪ	n.
phone	fәun	n. 电话, 受话器, 耳机
phoned		vt.& vi. 打电话给某人（phone的过去式与过去分词形式）
phones		n. 听筒；电话（phone的复数）
phonetics	fәu'netiks	n. 语音学, 语音体系, 表音拼法
phoneticss	fə'netɪks	n. [复数，动词用单数]；语音学；发音学
photo	'fәutәu	n. 相片, 照片, 逼真的描绘
photod	'fәutәud	光电二极管
photoed	'fəʊtəʊ	n. 照片
photoelectric	.fәutәui'lektrik	a. 光电的, 灯光摄影装置的
photograph	'fәutәgrɑ:f	n. 相片, 照片, 逼真的描绘
photographed		vt.& vi. 为…拍照（photograph的过去式与过去分词形式）
photographer	fә'tɔ^rәfә	n. 摄影师, 摄影者
photographers	fə'tɑgrəfɚs	n. 摄影者（尤指）摄影师( photographer的复数形式 )
photographies	网络	[原型] photographies 是 photography 的复数
photographing		v. 照相；摄影；摄影自拍（photograph的现在分词）
photographs		n. 照片；逼真的描绘（photograph的复数）
photography	fә'tɒgrәfi	n. 摄影, 摄影术
photoing	'fəʊtəʊ	n. 照片
photos		n. 照片, 图片；相册（photo的复数形式）
phrase	freiz	n. 惯用语, 词组, 成语, 措词, 乐句
phrased		vt. 叙述, 措词（phrase的过去式与过去分词形式）
phrases		n. 短语；词组；乐句；措词（phrase的复数）
physical	'fizikl	a. 身体的, 物质的, 自然的, 物理学的, 好色的
physically	'fizikli	adv. 按自然规律, 完全地, 实际上, 真正地, 身体上地
physicals	经	[原型] physicals 是 physical 的复数
physician	fi'ziʃәn	n. 医师, 内科医师, 解除痛苦者
physicianed	fɪ'zɪʃ(ə)n	n. (有行医执照的)医生；内科医生；治疗者
physicianer	fi'ziʃənə	n. [古语]医生；内科医生
physicians	fɪ'zɪʃnz	n. 医生, 内科医生( physician的复数形式 )
physicist	'fizisist	n. 物理学家, 机械唯物论者, 自然科学家
physicists	'fɪzɪsɪsts	n. 物理学家( physicist的复数形式 )
physics	'fiziks	n. 物理学, 物理过程, 物理现象
physicss	'fɪzɪks	n. [复数，1，2和3时动词用单数]；物理；物理学
pianist	'piәnist	n. 钢琴家, 钢琴演奏者
pianists	pi:ˈænɪsts	n. 钢琴家( pianist的复数形式 )
piano	pi'ɑ:nәu	n. 钢琴
pianoes	pɪ'ænəʊ	n. 钢琴
pianoing	pɪ'ænəʊ	n. 钢琴[参较 baby grand,concert grand,grand piano,spinet,square 
pianos	piˈænəuz	n. 钢琴( piano的复数形式 )
picasso	pi:'kɑ:ssɒ:	n. 毕加索(法国画家)
picassoes		n. 毕加索(法国画家)
pick	pik	n. 精选, 选择, 掘, 精华, 牙签, 鹤嘴锄
picked	pikt	a. 精选的, 采摘的, 已收获的, 截出的, 已清除的, 有尖头的, 多刺的
picker	'pikә	n. 啄者, 啄物, 采摘者, 采摘机, 挖掘者, 古董收集者
pickering	'pikәriŋ	皮克林（姓氏）
pickest	pik	vt.
pickies	网络	[原型] pickies 是 pickie 的复数
picking	'pikiŋ	n. 掘, 选择, 挑选, 采摘, 撬开, [U]采得物, 捡得物, 赃物, 扒窃物
pickle	'pikl	n. 盐卤, 腌汁, 泡菜, 困境, 讨厌鬼
pickled	'pikld	a. 烂醉如泥的, 盐渍的
pickler	'piklә	酸洗装置[设备]
pickles		n. 腌渍物；各式腌菜；咸菜（pickle的复数形式）
picks		n. 凿；选择；精华；收获量（pick的复数）
picnic	'piknik	n. 野餐, 远足, 愉快的经历
picnics	ˈpikniks	n. 郊游, 野餐( picnic的复数形式 )
picture	'piktʃә	n. 图画, 照片, 景色, 美丽如画的人(或物), 化身, 生动的描述, 想像, 形象思维
pictured	ˈpiktʃəd	v. 绘画( picture的过去式和过去分词 ); 描绘; 想像; 设想
picturer		n. 照片, 图画；影片；景色；化身 (picture的变形)
pictures		n. 电影院
pie	pai	n. 馅饼, 财富, 总额, 贪污受贿, 杂乱, 喜鹊
piece	pi:s	n. 块, 片, 篇, 碎片, 部分, 部件, 标准量
pieced	pi:st	v. 凑合( piece的过去式和过去分词 ); 凑成; 修补; 组合资料（以便了解情况）
piecer		n. 拼补者, 接经器, 接头工
pieces		n. 匹头, 毛束；件片块个工件零件
pied	paid	a. 斑驳的, 杂色的, 穿花衣服的
pieing	paɪ	n. 馅饼；饼图；爱说话的人
pier	piә	n. 码头, 桥墩, 支框, 防波堤
pierce	piәs	vt. 刺穿, 穿透, 打眼于, 洞悉, (声音)响彻, (亮光)照进, 深深地打动
pierced	piәst	v. 穿通, 刺过（pierce的过去分词形式）
piercer	'piәsә	n. 锥子, 冲床, 钻孔工, 钻孔器, 产卵器
pierces	'pɪəsɪz	v. 刺入, 刺穿, 穿透( pierce的第三人称单数 ); 冲破, 突破
piercest	pɪəs	vt.
pierer		n. (Pierer)人名；(德)皮勒
piering	pɪə	n. 桥墩,墩(区别于 abutment)；(凸式)码头；直码头；防波堤，突堤
piers		n. 支墩, 支柱；防洪堤（pier的复数形式）
pies		abbr. 图片兴趣探测调查（Picture Interest Exploration Survey）
pig	pig	n. 猪, 猪肉, 贪婪的人, 猪一样的人
pigeon	'pidʒin	n. 鸽子, 易上当受骗的人, 年轻女子
pigeoned	'pɪdʒɪn; 'pɪdʒ(ə)n	n. 鸽子
pigeoning	'pɪdʒɪn; 'pɪdʒ(ə)n	n. 鸽子
pigeons		n. 杂波；鸽子（pigeon的复数）
piger	piɡ	pig1
pigged		vi. 生小猪（pig的过去式与过去分词形式）
pigger	piɡ	n. = pig
pigging	'pi^iŋ	生铁
pigs		n. 猪（pig的复数）
pile	pail	n. 堆, 大堆, 大厦, 建筑群, 电池, 大量, 桥桩, 软毛, 痔疮
piled		a. 有细毛的
piler	'pailә	n. 堆集机；垛板机
piles	pailz	n. [医]痔疮；[医]痔
pilgrim	'pilgrim	n. 旅行者, 朝圣者, 香客
pilgrimed	'pɪlgrɪm	n. 朝圣者；漫游者；（美）最初的移民
pilgriming	'pɪlgrɪm	n. 朝圣者；漫游者；（美）最初的移民
pilgrims	'pɪlɡrɪmz	n. 香客, 朝圣者( pilgrim的复数形式 )
pill	pil	n. 药丸, 弹丸, 屈辱, 胡说
pillar	'pilә	n. 柱子, 栋梁, 台柱, 重要的支持者
pillared	'pilәd	a. 有柱的, 成柱状的
pillaring	'pilәriŋ	(高炉)冷料柱
pillars		n. 柱子；柱状物；台柱（pillar的复数）
pilled		vt. 使服用药丸（pill的过去式与过去分词形式）
piller	'pilә	[美]药剂师, 药商, 小球, 小丸, 小药丸
pilling	'piliŋ	(印刷故障)堆墨, 堆橡皮, (织物表面)起球
pillow	'pilәu	n. 枕头, 靠垫, 枕状岩
pillowed		vt. 搁于枕上（pillow的过去式与过去分词形式）
pillowest	'pɪləʊ	n.
pillowing		vt. 搁于枕上（pillow的现在分词形式）
pillows	ˈpiləuz	n. 枕头( pillow的名词复数 ); 用作枕头的东西
pills		n. 丸剂；药丸（pill的复数）
pilot	'pailәt	n. 飞行员, 领航员, 航船者, 导向器, 驾驶仪, 向导, 领导人
piloted	'pailәtid	先导控制的, 带先导阀的, 有人驾驶的
pilotes	网络	(pilote 的复数)
piloting	'pailәtiŋ	n. 领港
pilots		n. 飞行员；向导；试播节目；自动驾驶仪（pilot的复数）
pin	pin	n. 大头针, 针, 别针, 栓, 销子, 图钉, 插头, 管脚, 品(液量单位)
pinch	pintʃ	n. 捏, 拧, 撮, 少量, 收缩, 挤压, 夹痛, 苦恼, 逮捕, 指控, 匮乏, 紧急关头
pinched	'pintʃt	a. 消瘦的, 疲倦的
pincher	'pintʃә	(条钢因耳子造成的)折叠(缺陷), (薄板的)折印(缺陷), 夹锭钳
pinches	pintʃiz	v. 夹痛( pinch的第三人称单数 ); 逮捕; 盗窃; 使入不敷出
pinching	'pintʃiŋ	a. 吝啬的；引起痛苦的
pind		abbr. particle impact noise detection 粒子碰撞噪声检测; positive-int
pine	pain	n. 松树, 松木
pineapple	'pain.æpl	n. 凤梨, 菠萝, 失业救济金
pineapples	'paɪnæplz	n. 菠萝, 凤梨( pineapple的复数形式 )
pined		vi. 憔悴（pine的过去式与过去分词形式）
piner	'painә	[英]苦干风
pines		n. 松树（pine的复数）
ping-pong	'piŋpɔŋ	n. 乒乓, 乒乓球运动, 桌球, "踢皮球", 推来推去
pinies	'paɪnɪ	adj. =piney
pining	'painiŋ	[医] 牛羊贫血病
pink	piŋk	n. 粉红色, 石竹花, 化身, 典范, 头面人物, 极度
pinked	pɪŋkd	穿孔的, 击穿的
pinker		拼客
pinkest		pink（粉红色的）的最高级形式
pinkies	ˈpiŋkiz	n. 小（手）指( pinkie的复数形式 ); 带淡红色的( pinky的复数形式 )
pinking	'pɪŋkɪŋ	震性; 刺戳
pinks	piŋks	n. 粉红色( pink的名词复数 ); 典范; 香石竹
pinned	['pind	v. 用针别住(pin的过去分词); 刺穿; 牵制
pinner	'pinә	n. 用针操作的工人(或机器), 垂片头饰
pinning	'piniŋ	[电] 阻塞
pins	pinz	n. 插脚, 针；精确的综合导航系统
pint	paint	n. 品脱(干量或液量的单位)
pinter		n. 品特（姓氏）
pints	paints	n. 品脱( pint的复数形式 ); 一品脱啤酒
pioneer	.paiә'niә	n. 先锋, 拓荒者, 创始人
pioneered		vt. 开拓, 开发（pioneer的过去式与过去分词形式）
pioneering		-1
pioneers	ˌpaiəˈniəz	n. 拓荒者( pioneer的名词复数 ); 开发者; 先驱者; 创始者
pious	'paiәs	a. 虔诚的, 敬神的, 尽责的, 可嘉的, 不可能实现的
piouser	'paɪəs	pious
piousest	'paɪəs	pious
pipe	paip	n. 管, 导管, 输送管, 管状器官, 声带, 尖细的声音, 烟斗, 笛, 管乐器
piped	paipt	a. 酒醉的
piper	'paipә	n. 吹笛者, 风笛手, 管乐器吹奏者, 管道安装工, 幼鸽
pipes	paips	n. 管线, 管道；管子（pipe复数形式）
pirate	'paiәrәt	n. 海盗, 盗印者, 侵犯专利权者
pirated		a. 盗版的
pirates	ˈpaiərits	n. 海盗( pirate的名词复数 ); 剽窃者; 侵犯版权者; 非法播音的人（或组织）
piston	'pistәn	n. 活塞, 活塞阀键
pistoned		(piston 的过去时) n. 活塞, 活塞阀键
pistoning		(piston 的现在分词) n. 活塞, 活塞阀键
pistons	ˈpistənz	n. <机>活塞( piston的复数形式 )
pit	pit	n. 深坑, 矿井, 果核, 地窖, 深渊, 绝境, 陷阱
pitch	pitʃ	n. 程度, 坡度, 顶点, 前倾, 倾斜, 投掷, 音高, 螺距, 节距, 摊位, 树脂, 沥青
pitched		a. 斜的；人字形的
pitcher	'pitʃә	n. 有把的大罐, 瓶状体, 投手, 摊贩
pitches	pitʃiz	n. 程度( pitch的名词复数 ); 斜度; 颠簸; 沥青
pitchest	pitʃ	n.
pitchies	'pɪtʃɪ	pitchy
pitching	'pitʃiŋ	n. 护坡(石), 铺地石, 俯仰, (船的)上下颠簸
piter	pɪt	n. [美国英语](桃、杏、梅子等的)果核, 核
pites	网络	(pite 的复数)
pitied	ˈpitid	v. 同情, 怜悯( pity的过去式和过去分词 ); 觉得…可鄙
pities	ˈpitiz	n. 怜悯( pity的名词复数 ); 同情; 可惜的事; 憾事
pits		n. 凹点；凸面；维修区（pit的复数）
pitted	'pitid	a. 有凹痕的, 有麻点的, 去核的
pitter	'pitə	n. 去核机
pitting	'pitiŋ	n. 锈斑, 凹痕
pity	'piti	n. 遗憾, 同情, 怜悯, 憾事, 可惜
pitying	'pitiiŋ	a. 怜悯的, 同情的
pizza	'pi:tsә	n. 比萨饼
pizzas	ˈpitsəz	n. 意大利薄饼, 比萨饼( pizza的复数形式 )
place	pleis	n. 地方, 地点, 位置, 住所, 座位, 地位, 处境, 特权, 空间, 余地, 职务, 位
placed	'pleist	v. 放置（place的过去分词形式）
placer	'pleisә	n. 砂矿, 砂矿开采地, 放置者, 得名次者
places		n. 地点；位置；[数]位数（place的复数）
plague	pleig	n. 瘟疫, 天罚, 麻烦, 灾祸
plagued		v. 困扰（plague的过去分词）
plaguer		染瘟疫的人（plague的变体）
plagues	pleiɡz	n. 瘟疫( plague的名词复数 ); 灾害, 折磨
plain	plein	n. 平原, 草原, 朴实无华的东西, 无格式
plained		a. 澄清的
plainer	'pleinә	[方]等于complainer
plaines		(plaine 的第三人称 -s形式)  [地名] 平原（法语）
plainest		plain（平的）的最高级形式
plaining	pleɪn	a. 平的；简单的；朴素的；清晰的
plains	pleinz	n. 平地, 平原（plain的复数）
plan	plæn	n. 计划, 方案, 策略, 方法, 进度表, 程序表, 平面图, 设计图, 轮廓, 示意图
pland		abbr. 地形百分比（percentage of landscape）
plane	plein	n. 平面, 扁平物, 机翼, 飞机, 水准, 地位
planed	pleind	v. 刨平；乘飞机旅行(plane的过去分词)
planer	'pleinә	n. 平路机, 刨床, 刨工, 刨机
planes		n. 位面
planest	plein	n.
planet	'plænit	n. 行星, 命运星辰, 杰出的人, 重大影响的事
planeted	'plænɪt	n. 行星(区别于恒星)；大行星(指围绕太阳旋转的九大行星之一) [亦称作 major planet]；[the P-]
planets	p'lænɪts	n. 行星( planet的复数形式 ); 地球（尤指环境）
planing	机	[原型] planing 是 plane 的现在分词
planned	plænd	a. 计划了的, 预定的, 根据计划的, 有组织的
planner	'plænә	n. 计划者, 设计者, 安排者
planning		-K1
plans		n. 计划；规划（plan的复数）
plant	plænt. plɑ:nt	n. 植物, 作物, 工厂, 树枝, 生长, 设施, 成套设备
plantation	plæn'teiʃәn	n. 种植园, 大农场, 植树造林, 新开垦地
plantations	plæn'teɪʃnz	n. 种植园, 大农场( plantation的复数形式 )
planted		vbl. 种植
planter	'plæntә	n. 种植者, 耕作者, 种植机, 花盆
plantes		(plante 的复数) n. 普兰特（法国发明家）
plantest	plɑːnt	n.
planting	'plæntiŋ	n. 种植, 栽培, 播种, 人工林, 花圃, 苗圃
plants		n. 植物；工厂（plant的复数形式）
plastic	'plæstik	n. 塑料, 可塑体, 可塑性物质
plastices	'plæstɪk	plastic
plasticies	网络	(plasticy 的复数)
plasticing	'plæstɪk	plastic
plastics		n. 塑料制造学, 塑料学, 整形外科, 成形外科, 塑料, 塑料制品
plate	pleit	n. 碟, 盘子, 盆中物, 金属板, 图版, 金银餐具, 印版, 金属牌(照)
plateau	plæ'tәu	n. 高地, 高原, (上升后的)稳定水平
plateaued	ˈplætoʊ	n. 高原；台地；平台期；高原期
plateauing	ˈplætoʊ	n. 高原；台地；平台期；高原期
plateaus		n. 高原；台地；停滞时期
plated	'pleitid	a. 镀金的, 装甲的, 被覆镀的
plater	'pleitә	n. 电镀工, 镀匠, 金属板工, 铁甲工
plates		n. 板材；平板；盘子（plate的复数）
platform	'plætfɒ:m	n. 站台, 月台, 讲台, 论坛, 平台
platformer	'plæt,fɔ:mә	铂重整装置
platforming	'plæt,fɔ:miŋ	(水翼船)凌波平航
platforms	p'lætfɔ:mz	n. 台( platform的复数形式 ); 站台; （公开表达意见或在某方面发展的）机会; 纲领
play	plei	n. 游戏, 游玩, 玩笑, 运动, 比赛, 赌博, 跳动, 表演, 剧本
played		v. 玩耍；演奏；播放；参加竞赛（play的过去分词）
player	'pleiә	n. 竞赛者, 上场队员, 游戏者, 演员
players		n. 队员, 参与者；迷你音碟机, 雷射唱盘（player的复数形式）；玩家（player的复数形式）
playes		(playe 的复数)  [医]翻放机, 唱机
playest	pleɪ	vi.
playground	'pleigraund	n. 运动场, 操场, 度假胜地, 活动场所
playgrounds	p'leɪɡraʊndz	n. 操场( playground的复数形式 ); 游乐场; 娱乐场; （某些集体聚会游乐的）园地
playing		n. 游戏, 玩耍, 竞技, 比赛, 扮演, 演奏, 赌博
playinger		n. 游戏, 玩耍, 竞技, 比赛, 扮演, 演奏, 赌博
playingest		n. 游戏, 玩耍, 竞技, 比赛, 扮演, 演奏, 赌博
playings		(playing 的复数) n. 游戏, 玩耍, 竞技, 比赛, 扮演, 演奏, 赌博
plays		n. 戏剧集；戏剧（play的复数）
plea	pli:	n. 恳求, 辩解, 抗辩, 诉讼, 请愿, 托词
plead	pli:d	vi. 辩护, 恳求
pleaded		为...辩护, 以...作为答辩, 以...为借口, 以...为理由, 辩护, 申明, 抗辩, 恳求
pleader	'pli:dә	n. 辩论者, 辩解者, 申诉人, 答辩人
pleadest	pliːd	vi.
pleading	'pli:diŋ	n. 辩论, 恳请, 答辩, 诉讼手续, 诉状
pleads	pli:dz	v. 恳求, 请求( plead的第三人称单数 ); 提出…为借口[理由]; （向法庭）陈述案情; （在法庭）申辩, 认
pleas	pli:z	n. 借口( plea的复数形式 ); （被告或被告律师的）抗辩; （法庭中的）理由; 请愿
pleasant	'pleznt	a. 愉快的, 可爱的, 活泼的, 亲切的
pleasanter	ˈplezəntə	a. 可爱的( pleasant的比较级 ); 令人愉快的; 有趣的; 晴朗的
pleasantest		a. 可爱的( pleasant的最高级 ); 令人愉快的; 有趣的; 晴朗的
please	pli:z	adv. 请
pleased	pli:zd	a. 高兴的, 喜欢的, 满足的
pleaseing		a. 使人愉快的,合意的;可爱的
pleaser		n. please的变形
pleases	pli:ziz	v. （使…）高兴( please的第三人称单数 ); （使…）满意; 想要; 喜欢
pleasest	pliːz	vt.
pleasure	'pleʒә	n. 快乐, 愉快, 令人高兴的事, 娱乐, 希望
pleasureable		a. 愉快的
pleasured		vt. 使高兴（pleasure的过去式与过去分词形式）
pleasurer	'pleʒə	n. 愉快, 快乐, 高兴；满足；愿望；意向
pleasures		n. 愉快；乐事（pleasure的复数）
pleasurest	'pleʒə	n.
pledge	pledʒ	n. 诺言, 保证, 誓言, 抵押, 信物, 保人, 祝愿
pledged	pledʒd	v. 保证, 许诺, 发誓( pledge的过去式和过去分词 ); 典当; 保证给予（或做）; 以誓言约束
pledgees		(pledgee 的复数) n. 接受抵押人, 抵押权人, 接受保证者, 立誓者
pledger		n. 发誓人, 举杯祝酒的人
pledges	pledʒz	n. 保证( pledge的名词复数 ); 抵押; 信物; 保人
plenties		n. 丰富, 大量（plenty的复数形式）
plentiful	'plentiful	a. 许多的, 丰富的, 丰饶的
plentifuler	'plentɪfʊl; -f(ə)l	adj.
plentifulest	'plentɪfʊl; -f(ə)l	adj.
plentifuller	'plentɪfʊl; -f(ə)l	adj.
plentifullest	'plentɪfʊl; -f(ə)l	adj.
plenty	'plenti	n. 充分, 很多, 丰富
plot	plɒt	n. 小块土地, 地区图, 图, 阴谋, 情节
plots		n. 情节；阴谋；平面图；小块土地（plot的复数）
plotted		a. 标绘的
plotter	'plɒtә	n. 密谋者, 策划者, 绘图员, 绘图仪
plotting	'plɒtiŋ	n. 标绘, 绘图
plough	plau	n. 犁, 犁过的地
ploughed		vt.& vi. 用犁耕田（plough的过去式与过去分词形式）
plougher		plow的中世纪英语形式
ploughest	plaʊ	[主英国英语]
ploughing	'plauiŋ	v. 耕作(美作：plowing)
ploughs	plauz	n. 犁( plough的名词复数 ); 耕地
pluck	plʌk	n. 勇气, 猛拉, 动物内脏
plucked	plʌkt	v. 采( pluck的过去式和过去分词 ); 拔掉; 解救; 弹
plucker	'plʌkә	拔毛机
pluckest	plʌk	vt.
plucking	'plʌkiŋ	n. 拔蚀, 剥痕；挖蚀
plucks	plʌks	n. 勇气, 精神( pluck的名词复数 )
plug	plʌg	n. 塞子, 栓, 插头
pluged		n. 塞子, 栓, 插头
plugged	'plʌɡd	a. 塞紧的；堵塞的
plugger	'plʌgә	n. 填塞物, 苦干的人, 宣传员
plugging	'plʌ^iŋ	[化] 堵塞
pluging		n. 塞子, 栓, 插头
plugs		n. 插头；栓塞, 插塞（plug的复数）
plump	plʌmp	a. 圆胖的, 丰满的, 直接下落的, 直率的
plumped	plʌmpt	v. （使）圆胖( plump的过去式和过去分词 ); （使）鼓起; （使）突然沉重地落下; 有信心地选择
plumper	'plʌmpә	n. 鼓腮物, 猛跌, 沉重的坠落
plumpest		plump（丰满的）的最高级形式
plumpies		(plumpy 的复数) a. 丰满的
plumping	机	[原型] plumping 是 plump 的现在分词
plumps	plʌmps	v. （使）圆胖( plump的第三人称单数 ); （使）鼓起; （使）突然沉重地落下; 有信心地选择
plunder	'plʌndә	n. 抢夺, 掠夺品, 战利品
plundered	ˈplʌndəd	v. 掠夺, 抢劫( plunder的过去式和过去分词 )
plunderer		n. 掠夺者, 盗窃者
plundering	ˈplʌndərɪŋ	v. 掠夺, 抢劫( plunder的现在分词 )
plunders	ˈplʌndəz	v. 掠夺, 抢劫( plunder的第三人称单数 )
plunge	plʌndʒ	n. 钻进, 跳进, 跳水, 跳水池, 猛跌, 落下, 投入, 开始从事, 盲目投资
plunged	plʌndʒd	v. 颠簸( plunge的过去式和过去分词 ); 暴跌; 骤降; 突降
plunger	'plʌndʒә	n. 跳水者, 潜水者, 活塞
plunges	plʌndʒz	n. 跳进, 投入
plungest	plʌn(d)ʒ	vt.
plural	'pluәrәl	n. 复数
plurals	ˈpluərəlz	n. 复数, 复数形式( plural的复数形式 )
plus	plʌs	prep. 加上, 加, 外加
plused	plʌs	prep.
pluses	plʌsiz	n. 加号( plus的复数形式 ); [数学]正量; 好处; 附加物
plusing	plʌs	prep.
pluss		n. (Pluss)人名；(意)普卢斯
plussed	plʌs	n. 正号，加号；好处；附加额
plusser	plʌs	prep. 加，加上；外加；另有，且有
plussest	plʌs	prep. 加，加上；外加；另有，且有
plussing		(pluss 的现在分词) n. (Pluss)人名；(意)普卢斯
pneumatic	nju:'mætik	a. 充气的, 空气的, 有气胎的, 气动的, 灵魂的
pneumatics	nju:'mætiks	n. 气体力学
pocket	'pɒkit	n. 口袋, 钱袋, 钱, 容器
pocketed	ˈpɔkitid	[体]运动员被挤在人群里
pocketing	医	[原型] pocketing 是 pockete 的现在分词
pockets		n. 口袋（pocket的复数）
poem	'pәuim	n. 诗, 诗般美的事物
poems		n. 诗歌, 诗集（poem复数形式）
poet	'pәuit	n. 诗人
poetries	网络	[原型] poetries 是 poetry 的复数
poetry	'pәuitri	n. 诗, 韵文, 诗歌艺术
poets		n. 诗人（poet的复数形式）
point	pɒint	n. 点, 小数点, 标点, 地点, 要点, 特点, 尖端, 分数, 得分, 穴位
pointed	'pɒintid	a. 尖的, 有尖顶的, 锐利的, 率直的, 显然的
pointer	'pɒintә	n. 指示物, 教鞭, 暗示, 指针
pointes		(pointe 的复数) [法](芭蕾舞)足尖站立的姿式
pointest	pwɛt	n.
pointies	'pɒɪntɪ	adj.
pointing	'pɔintiŋ	[计] 指向, 指点
points		n. 转轨器, 道岔
poison	'pɒizn	n. 毒药, 毒, 毒物, 有毒害的事物
poisoned		a. 中毒的；遭毒害的
poisoner	'pɒizәnә	n. 放毒人, 毒死他人者
poisonest	'pɒɪz(ə)n	n.
poisoning	'pɒizәniŋ	n. 中毒
poisonous	'pɒizәnәs	a. 有毒的, 恶毒的, 讨厌的
poisons	ˈpɔizənz	n. 毒药( poison的名词复数 ); 酒; 极糟的食物; 极有害的思想（或心情等）
poke	pәuk	n. 刺, 戳, 袋子
poked	pəukt	v. 伸出( poke的过去式和过去分词 ); 戳出; 拨弄; 与（某人）性交
poker	'pәukә	n. 戳的人, 拨火棍, 纸牌戏
pokes	pəuks	v. 伸出( poke的第三人称单数 ); 戳出; 拨弄; 与（某人）性交
polar	'pәulә	a. 两极的, 极地的, 正好相反的, 极性的
polarities	pəʊˈlærɪti:z	n. 反向性( polarity的复数形式 ); 分歧; 对立; <物>极性
polarity	pәu'læriti	n. 极性, 截然相反
polars		(polar 的复数) a. 两极的, 极地的, 正好相反的, 极性的
pole	pәul	n. 波兰人, 极点, 磁极, 电极, 杆, 竿, 相反的极端
poled	'pəʊld	vt.& vi. 用篙撑船, 摆船（pole的过去式与过去分词形式）
poler	'pәulә	(=pole horse)辕马
poles	pəulz	n. （南、北）极( pole的名词复数 ); 地极; 柱; 截然相反的两极之一
police	pә'li:s	n. 警察, 警察当局, 治安
policed	pəˈli:st	v. （警察、军队等）巡查( police的过去式和过去分词 ); 维护治安; （委员会等）监督; 管制
policeman	pә'li:smәn	n. 警察
polices	pəˈli:siz	v. （警察、军队等）巡查( police的第三人称单数 ); 维护治安; （委员会等）监督; 管制
policies		n. 政策；保险单（policy的复数）
policy	'pɒlisi	n. 政策, 方针, 策略, 保险单
policying	'pɒləsɪ	n. 政策；方针；方向；计谋；办法
polish	'pɒliʃ	a. 波兰的
polished	'pɒliʃt	a. 擦亮的, 优雅的, 精良的
polisher	'pɒliʃә	n. 磨亮的人, 磨光器
polishes	ˈpɔliʃiz	v. （使）光滑, 擦亮( polish的第三人称单数 ); 修正; 文饰; （涂蜡等）打光滑
polishest	'pɒlɪʃ	adj.
polishing	'pɔliʃiŋ	[计] 磨光, 擦光
polite	pә'lait	a. 有礼貌的, 文雅的, 客气的, 有教养的
politely	pә'laitli	adv. 有礼貌地, 文雅地, 客气地
politer		a. 有礼貌的；优雅的（polite的比较级）
politest	pə'laɪtɪst	a. 有礼貌的, 优雅的; 有礼貌的( polite的最高级 ); 有教养的; 应酬的; 上流社会的
political	pә'litikl	a. 政治的, 政治上的, 政党的, 从事政治的
politician	.pɒli'tiʃәn	n. 政客, 政治家, 从事党派政治的人
politicians	pɒlɪ'tɪʃnz	n. 政治家( politician的复数形式 ); 政客, 玩弄权术者
politics	'pɒlitiks	n. 政治, 政治学, 政见, 政治活动
politicss	'pɒlɪtɪks	politics
poll	pәul	n. 投票, 民意测验, 选举投票, 投票数, 一组人中的一个, 头颈和后脑部, 鹦鹉
polled	pәuld	a. 剪去毛的；无角的；截去树梢的
pollinate	'pɒlineit	vt. 对...授粉
pollinated	ˈpɔləˌneɪtid	v. 给…传授花粉( pollinate的过去式和过去分词 )
pollinates	ˈpɔləˌneɪts	v. 给…传授花粉( pollinate的第三人称单数 )
pollinator	'pɒlɪneɪtə	n. 传粉者, 传粉媒介, 传粉昆虫; 授花粉器
pollinators		(pollinator 的复数) n. 传粉者, 传粉媒介, 传粉昆虫; 授花粉器
polling		-1
polls		n. 投票；民意调查；投票模块（poll的复数形式）
pollute	pә'lu:t	vt. 污染, 弄脏, 玷污
polluted	pә'lu:tid	a. 被污染的, 被玷污的, (美)(非正式)喝得烂醉的
polluter		n. 污染者, 污染物质
pollutes	pəˈlu:ts	v. 污染( pollute的第三人称单数 ); 腐蚀
pollution	pә'lu:ʃәn	n. 污染, 玷污
pollutions		(pollution 的复数) n. 污染, 玷污
polymer	'pɒlimә	n. 聚合物, 聚合体
polymers		n. 聚合物；高分子（polymer的复数）
pompeii	pɒm'peii:	庞培(意大利古城)
pompeiis	pɔm'peii:; -'pei	n. 庞培（意大利那不勒斯附近一古城）
pond	pɒnd	n. 池塘
ponded	pɒnd	v. 把…挖成池塘；堵(溪流)水成池 (back； up)
ponder	'pɒndә	v. 沉思, 考虑
pondered	'pɒndəd	v. 考虑( ponder的过去式和过去分词 ); 深思熟虑; 沉思; 琢磨
ponderer		n. ponder的变形
ponderest	'pɒndə	vt.
pondering		v. 沉思, 默想, 考虑（ponder的ing形式）
ponders	ˈpɔndəz	v. 考虑( ponder的第三人称单数 ); 深思熟虑; 沉思; 琢磨
pondies		(pondy 的复数) adj. pond的变形
ponding	'pɔndiŋ	积水(库), 蓄水, 筑塘, 拦坝, 坑洼, 人工池塘
ponds		n. 池塘（pond的复数）
pool	pu:l	n. 池, 水塘, 石油层, 联营
pooled		a. 合并的
pooles	pu:l	普尔(英国港市)
poolies	pu:l	pooly
pooling	计	[原型] pooling 是 pool 的现在分词
pools		n. 猜足球赛胜负的赌博
poor	puә. pɒ:	a. 贫穷的, 贫乏的, 不幸的, 可怜的, 拙劣的, 卑鄙的
poorer		可怜的
poores	人名	(poore 的复数)
poorest		a. 可怜的
poors	网络	[原型] poors 是 poor 的复数
pop	pɒp	n. 砰然声, 枪击, 含气饮料, 流行音乐, 通俗艺术
popcorn	'pɒpkɒ:n	n. 爆米花
popcorned	'pɒpkɔːn	n.
popcorns		n. 爆米花
popd		Power-Operated 动力操纵的,电动的
pope	pәup	n. 罗马教皇, 主教
poped	pəʊp	n.
popes		n. 教皇（pope复数）
poping		n. 街舞, 机械舞
popped	pɔpt	a. [美俚]被警察局拘押的；被逮捕的
popper	'pɒpә	n. 发出砰的响声的人
poppest		abbr. Post Office Preferred(信封大小等)邮局推荐的；printing-out paper【摄
popping	'pɔpiŋ	a. 间歇的；凸出的
pops	pɔps	abbr. 流行曲调（popular tunes）；大众音乐会（popular concerts）
popular	'pɒpjulә	a. 通俗的, 流行的, 受欢迎的, 大众的, 人民的, 普及的
populares	,pɔpju'leәri:z	[pl. ][拉](古罗马的)民众
popularities	pɒpjʊ'lærətɪ	n. 普及，流行；名气；受大众欢迎
popularity	.pɒpju'læriti	n. 名声, 受大众欢迎, 流行
populars		(popular 的复数) a. 通俗的, 流行的, 受欢迎的, 大众的, 人民的, 普及的
population	.pɒpju'leiʃәn	n. 人口, 人口数
populations	pɒpjʊ'leɪʃnz	n. 人口( population的复数形式 ); 全体居民; 特定人[动物]群
porcelain	'pɒ:slin	n. 瓷器, 瓷
porcelained	'pɔːs(ə)lɪn	n. 瓷(料)；[总称]瓷器；一件瓷器
porcelains		(porcelain 的复数) n. 瓷器, 瓷
pore	pɒ:	n. 毛孔, 小孔, 气孔
pored		a. 有孔的
porer	pɔː	vi. 注视；凝视：；熟读；钻研：
pores		n. 气孔；毛穴（pore的复数）
porest	pɔ:	pore1
pork	pɒ:k	n. 猪肉
porked	pɔː(r)k	n. 猪肉；政治分肥
porker	'pɒ:kә	n. 食用猪, 肥小猪
porkies		(porky 的复数) a. 猪肉的, 肥胖的
porking		(pork 的现在分词) n. 猪肉
porks	pɔː(r)k	n. 猪肉；政治分肥
porridge	'pɒ:ridʒ	n. 粥, 糊
porridges		(porridge 的复数) n. 粥, 糊
port	pɒ:t	n. 港口, 埠, 舱门, 避风港, 左舷, 炮眼, 姿势, 意义
portable	'pɒ:tәbl	a. 可携带的, 可搬运的, 可移动的
portabler	'pɔːtəb(ə)l	adj. 轻便的；可携带的；野外的；易携带的；便携式的；(尤指用手)可移动的
portables	'pɔ:təblz	n. 便携机( portable的复数形式 ); （尤指）手提电脑
portablest	'pɔːtəb(ə)l	adj. 轻便的；可携带的；野外的；易携带的；便携式的；(尤指用手)可移动的
ported		a. 装有汽门的
porter	'pɒ:tә	n. 大楼管理员, 门房, 搬运工人, 侍者, 服务员
portering	'pɔːtə	n. 门房；服务员；行李搬运工；守门人
porters	ˈpɔ:təz	n. 门童( porter的复数形式 ); 搬运工人; （医院里护送病人的）护工; （尤指卧铺车厢的）列车服务员
portes		(Porte 的复数) n. 高门(奥斯曼帝国政府)
portest	'port,mʌni	Porte
porting	'pɔ:tɪŋ	[计]进入端口
portion	'pɒ:ʃәn	n. 部分, 一份, 命运, 嫁妆
portioned		vt. 把…分成份额（portion的过去式与过去分词形式）
portioning	'pɔ:ʃnɪŋ	分份, 分成几份
portions	ˈpɔ:ʃənz	n. 一部分( portion的名词复数 ); 一份遗产（或赠与的财产）; 分享的部份; 嫁妆
portrait	'pɒ:treit	n. 肖像, 人像, 半身像, 描写, 竖排格式
portraits	'pɔ:trɪts	n. 肖像, 画像( portrait的复数形式 ); 生动的描写
ports		n. 港口, 端口（port的复数）
pose	pәuz	n. 姿势, 姿态, 装模作样, 伪装
posed		v. 主张；摆姿势；装模作样；形成（pose的过去分词）
poser	'pәuzә	n. 装腔作势者, 难题
poses	pəuziz	v. 使摆姿势( pose的第三人称单数 ); 以…身份出现; 招摇; 炫耀
posest	pəuz	pose1
position	pә'ziʃәn	n. 位置, 地位, 身分, 形势, 姿势, 立场, 职位, 状态, 阵地
positioned		a. 放置的
positioner	pә'ziʃәnә	[化] 定位器
positioning	pә'ziʃәniŋ	n. 定位；配置, 布置
positions		n. 定位；位置（position的复数）
positive	'pɒzitiv	a. 肯定的, 积极的, 有把握的
positively		-1
positives	ˈpɔzitivz	n. 确实( positive的复数形式 ); 正片; <语>原级形容词; 明确性
possess	pә'zes	vt. 持有, 占有, 拥有, 克制, 支配, 迷住
possessed	pә'zest	a. 中邪魔的, 被妖魔缠住的
possesses	pəˈzesiz	v. 有( possess的第三人称单数 ); 具有; 占据; 感觉
possessing	pəˈzesɪŋ	v. 有( possess的现在分词 ); 具有; 占据; 感觉
possession	pә'zeʃәn	n. 拥有, 占有, 所有, 财产, 领土, 领地, 自制, 着迷
possessioner	pə'zeʃ(ə)n	n. 有；所有；拥有；【法律】占有；[复数] 占有物, 所有物
possessions		n. 所有物（possession的复数形式）；财产
possibilities	ˌpɔsəˈbilitiz	n. 可能性( possibility的名词复数 ); 可能的事; 可选择的方法; 可以利用和改善的余地
possibility	.pɒsә'biliti	n. 可能性, 可能的事
possible	'pɒsәbl	a. 可能的, 潜在的, 合适的
possibles	ˈpɔsəblz	n. 合适的人（或物）, 恰当人选, 恰当事项( possible的复数形式 )
possibly	'pɒsәbli	adv. 可能, 也许
post	pәust	n. 柱, 杆, 准星, 邮件, 邮政, 标竿, 职位, 岗位, 哨所, 兵营
postage	'pәustidʒ	n. 邮资
postages		(postage 的复数) n. 邮资
postal	'pәustl	a. 邮政的, 邮局的
postals		(postal 的复数) a. 邮政的, 邮局的
postcard	'pәustkɑ:d	n. 明信片
postcards	ˈpəustkɑ:dz	n. 明信片( postcard的复数形式 )
postcode	'pәustkәud	n. 邮政编码
postcoded		(postcode 的过去分词) n. 邮政编码
postcodes	ˈpəustkəudz	n. 邮政编码( postcode的复数形式 )
posted		v. 贴出；布置；通告（post的过去分词）
poster	'pәustә	n. 海报, 招贴, 驿马
posters	'pəʊstəz	n. 招贴, 海报( poster的复数形式 ); 印成的大幅画
postes	网络	[原型] postes 是 poste 的复数
post-graduate	'pəʊstɡr'ædʒʊeɪt	[医]研究生, 大学毕业后的
posties		(posty 的复数) abbr. possibility 可能性
posting	'pәustiŋ	[计] 记入, 记录, 稿件, 邮件
postman	'pәustmәn	n. 邮递员
postpone	pәust'pәun	vt. 延迟, 使延期, 缓办, 搁延
postponed	ˌpəʊst'pəʊnd	vt.& vi. 延期, 缓办, （使）延迟
postponer	pəs'pəʊnər	延迟者, 使延缓者
postpones	ˌpəustˈpəunz	v. 延期, 推迟( postpone的第三人称单数 )
posts		n. 标杆；岗位；帖子；邮件（post的复数）
postulate	'pɒstjuleit	n. 假定, 基本条件
postulated	ˈpɔstʃəˌleɪtid	v. 假定, 假设( postulate的过去式和过去分词 )
postulates	ˈpɔstʃəˌleɪts	v. 假定, 假设( postulate的第三人称单数 )
posture	'pɒstʃә	n. 姿势, 态度, 情形, 形势
postured	ˈpɔstʃəd	v. 做出某种姿势( posture的过去式和过去分词 )
posturer	'pɔstʃәrә	n. 装腔作势的人, 擅长作出怪样的卖艺人
postures	ˈpɔstʃəz	n. 姿势( posture的名词复数 ); 看法; 态度; 立场
pot	pɒt	n. 盆, 罐, 壶, 坩埚, 奖杯
potato	pә'teitәu	n. 马铃薯
potatoes		n. 马铃薯；土豆（potato的复数形式）
potatos		(potato 的复数) n. 马铃薯
potential	pә'tenʃәl	n. 潜在性, 可能性, 潜力, 潜能, 势, 位
potentials	pə'tenʃlz	n. 潜力( potential的复数形式 ); 电位; [电子学]电势
potes		(pote 的复数) n. (Pote)人名；(葡)波特；(泰)朴
pots	计	[原型] POTS 是 pot 的第三人称单数
potted	'pɒtid	a. 盆栽的, 罐装的
potter	'pɒtә	n. 陶工, 制陶工人
potting	'pɔtiŋ	[化] 嵌铸
poultries		(poultry 的复数) n. 家禽
poultry	'pәultri	n. 家禽
pound	paund	n. 磅, 英镑, 重击, 鱼塘, 拘留所, 兽栏
pounded		a. 捣碎的
pounder	'paundә	n. 一磅重的东西, 捣碎者, 杵, 捣具, 重...磅的东西
pounding	'pәundiŋ	n. 重击；重击声
pounds	paundz	n. 磅, 英镑；重击（pound复数形式）
pour	pɒ:	n. 流出, 倾泻, 骤雨
poured	pɔ:d	v. 涌出( pour的过去式和过去分词 ); 倾, 倒; 涌流; 倾泻
pourer	'pɔ:rә	n. 倒茶水的人, 浇注工
poures	网络	(poure 的复数)
pourest	pɔː	pour
pouring	'pɔ:riŋ	[机] 浇铸, 浇注
pours	pɔ:z	v. 涌出( pour的第三人称单数 ); 倾, 倒; 涌流; 倾泻
poverties		贫穷( poverty的名词复数 )；缺少；贫乏；低劣
poverty	'pɒvәti	n. 贫穷, 贫困, 缺乏
powder	'paudә	n. 粉, 粉末, 火药
powdered	'paudәd	a. 弄成粉末的, 粉状的
powderer		n. 粉；粉末；火药；尘土 (powder的变形)
powdering	'paudәriŋ	n. 分型粉；满幅点子花纹
powders	ˈpaudəz	n. 粉, 粉末( powder的名词复数 ); 粉状物质
power	'pauә	n. 力, 体力, 力量, 势力, 动力, 权力, 强国, 乘方, 强度, 幂, 功率
powered	'pauәd	a. 有动力装置的, 用动力推动的, 产生动力的, 产生...动力的
powerful	'pauәful	a. 有力的, 有权力的, 强大的
powering	'pauәriŋ	[机] 动力估计
powers		n. 权势；力量（power的复数形式）
practicable	'præktikәbl	a. 可实行的, 可做的, 可用的
practical	'præktikl	a. 实际的, 现实的, 实用性的
practically	'præktikli	adv. 几乎, 差不多, 事实上
practicals	ˈpræktikəlz	n. 实习课, 实践课, 实验考核( practical的复数形式 )
practice	'præktis	n. 实践, 练习, 实行, 惯例, 习惯, 开业
practiced	'præktist	a. 有经验的, 熟练的, 精通的
practicer	p'ræktɪsər	n. 练习者, 实践者
practices	ˈpræktisiz	n. 练习( practice的名词复数 ); 实践; （医生或律师的）业务; 惯例
practise	'præktis	v. 实践, 实行, 练习, 实习, 从事(职业)
practised	'præktist	a. 有经验的, 熟练的, 精通的
practises	ˈpræktisiz	v. 练习( practise的第三人称单数 ); 实习; 积极从事; 执业
prairie	'prєәri	n. 大草原, 草甸
prairied	'prεəri:d	adj. 大草原的；毗邻大草原的
prairies	ˈprɛəriz	n. （尤指北美的）大草原( prairie的复数形式 )
praise	preiz	n. 赞美, 称赞, 崇拜
praised		v. 称赞( praise的过去式和过去分词 ); 赞美; 颂扬; 崇拜
praiseer	preɪz	vt. 赞扬, 表扬, 称赞：；歌颂, 赞颂；赞美(上帝)：
praiser		n. 赞扬；称赞；荣耀；崇拜 (praise的变形)
praises		n. 称赞( praise的名词复数 ); 赞扬; 崇拜; 赞美的话
pray	prei	v. 祈祷, 恳求, 请
prayed	preid	v. 祈祷, 祷告( pray的过去式和过去分词 ); <文或旧>请求, 恳求
prayer	prєә. 'preiә	n. 祈祷, 恳求, 祷辞, 祈祷者
prayers		n. 祈祷；祝福；祷告者；恳求者（prayer的复数）
praying	preiŋ	v. 祈祷, 祷告( pray的现在分词 ); <文或旧>请求, 恳求
prays		n. 祈求（pray的复数）
preach	pri:tʃ	v. 传道, 讲道, 说教, 宣讲, 鼓吹
preached	pri:tʃt	v. 布道( preach的过去式和过去分词 ); 劝诫; 说教; 宣传
preacher	'pri:tʃә	n. 传道士, 讲道者, 牧师
preaches	pri:tʃiz	v. 布道( preach的第三人称单数 ); 劝诫; 说教; 宣传
preachies	'priːtʃɪ	preachy
preaching	'pri:tʃiŋ	n. 讲道, 说教, (喋喋不休的)劝诫
precaution	pri'kɒ:ʃәn	n. 预防, 留心, 警戒
precautions	priˈkɔ:ʃənz	n. 预防措施( precaution的名词复数 ); 防备; 避孕措施
precede	.pri:'si:d	vt. 在...之前, 优于, 较...优先
preceded	ˌpriˈsi:did	v. 在…之前发生（或出现）, 先于( precede的过去式和过去分词 ); 走在…前面
precedes	ˌpriˈsi:dz	v. 在…之前发生（或出现）, 先于( precede的第三人称单数 ); 走在…前面
preceding	.pri:'si:diŋ	a. 在前的, 前面的
precedings	prɪ'siːdɪŋ	adj. 在前的；前述的
precious	'preʃәs	a. 宝贵的, 珍贵的, 过于精致的, 珍爱的
precise	pri'sais	a. 精确的, 严谨的, 明确的
precised	'preɪsi	n. 摘要；大纲
precises	'preɪsi	n. 摘要；大纲
precision	pri'siʒәn	n. 精密, 精确, 精确度, 精度
precisions		(precision 的复数) n. 精密, 精确, 精确度, 精度
predecessor	.predi'sesә	n. 前任, 先辈, 前身
predecessors	ˈpri:disesəz	n. 前任( predecessor的复数形式 ); 前辈; （被取代的）原有事物; 前身
predict	pri'dikt	v. 预知, 预言, 预报
predicted	priˈdiktid	v. 预言, 预测, 预示( predict的过去式和过去分词 )
predicting	计	[原型] predicting 是 predict 的现在分词
prediction	pri'dikʃәn	n. 预言, 预报
predictions	prɪ'dɪkʃnz	n. 预言, 预言的事物( prediction的复数形式 )
predicts	priˈdikts	v. 预言, 预测, 预示( predict的第三人称单数 )
predominant	pri'dɒminәnt	a. 占主导地位的, 卓越的
preface	'prefis	n. 序, 绪言, 前言
prefaced	ˈpref.ɪs	n. 前言；引语
prefacer		n. 前言；引语 (preface的变形)
prefaces	ˈprefisiz	n. 序言( preface的名词复数 ); 前言; 开端; 前奏
prefer	pri'fә:	vt. 宁可, 较喜欢, 提出
preferable	'prefәrәbl	a. 更可取的, 更好的, 更合意的
preference	'prefәrәns	n. 偏爱, 优先, 喜爱物
preferenced	'pref(ə)rəns	n. 优先选择；偏爱；【法】优先权；特惠
preferences	计	[原型] preferences 是 preference 的复数
preferred	pri'fә:d	a. 首选的
preferrer		n. prefer的变形
preferring		v. 偏爱；宁可；提升（prefer的ing形式）
prefers	priˈfə:z	v. 提出（请求、控诉等）( prefer的第三人称单数 ); 提升; 建议; 选择某事物（而不选择他事物）
pregnant	'pregnәnt	a. 怀孕的, 充满的, 思想丰富的, 成果丰硕的
prehistoric	'pri:his'tɔrik	a. 历史以前的, 史前的
prejudice	'predʒudis	n. 偏见, 成见, 侵害
prejudiced	'predʒәdist	a. 怀偏见的
prejudices	ˈpredʒudisiz	n. 成见, 偏见, 歧视( prejudice的名词复数 )
preliminaries	prɪ'lɪmɪnərɪz	n. 准备工作( preliminary的名词复数 ); 预赛; （对学生等的）预考; 预选赛
preliminary	pri'liminәri	n. 初步做法, 初步措施, 预试, 预选赛
premier	'pri:mjә	n. 总理, 首相
premiered	prɪˈmɪəd	v. （戏剧、电影等）首次公演( premiere的过去式和过去分词 )
premierer	'premɪeə	n. (戏剧、电影等)首次公演；(戏剧等的)主角女演员
premieres	prɪˈmɪəz	n. （戏剧、电影等）首次公演( premiere的名词复数 )
premierest	'premɪeə	n. (戏剧、电影等)首次公演；(戏剧等的)主角女演员
premiering	prɪˈmɪərɪŋ	v. （戏剧、电影等）首次公演( premiere的现在分词 )
premiers	ˈpremiəz	n. 总理, 首相( premier的名词复数 ); 首席官员,
preparation	.prepә'reiʃәn	n. 准备, 预备, 预习
preparations	prepə'reɪʃnz	n. 准备工作; 准备( preparation的复数形式 ); 配制剂; 安排; 准备工作
prepare	pri'pєә	vt. 准备, 筹备, 使在思想上有准备, 制造, 调制
prepared	pri'pєәd	a. 准备好的, 特制的
preparer	pri'peәrә	调制机
prepares	priˈpɛəz	v. 准备( prepare的第三人称单数 ); 预备（饭菜）; 配备; 使（自己）有准备
preparest	prɪ'peə	vt. 准备；预备：；筹备；布置, 安排：
preposition	.prepә'ziʃәn	n. 前置词, 介词
prepositioned		预定砲位
prepositioning		n. 预先部署; 预先到位; 前置
prepositions	prepə'zɪʃnz	n. 介词( preposition的复数形式 )
prescribe	pris'kraib	v. 规定, 指定, 嘱咐, 开处方
prescribed		a. 规定的
prescriber	prɪsk'raɪbə	处方者, 开药者, 建议者
prescribes	priˈskraibz	v. 开药方( prescribe的第三人称单数 ); 指示; 规定; 指定遵守
prescription	pri'skripʃәn	n. 处方, 命令, 指定
prescriptions		n. 医药处方, 药方（prescription复数形式）
presence	'prezns	n. 出席, 面前, 存在, 仪态, 风度
presences	ˈprezənsiz	n. 出席( presence的复数形式 ); 仪表; 风度; （在商业活动中）某公司在某地方有"presence"
present	'preznt	n. 现在, 礼品, 瞄准
presentation	.prezәn'teiʃәn	n. 赠与, 描述, 介绍
presentational	,prezən'teiʃənәl,,pri:-	a. 表象的, 上演的, 演出的, 本身有意义的, 描述性的
presentations	ˌprezənˈteiʃənz	n. 介绍( presentation的复数形式 ); 报告; 提供; 展示会
presented	ˈprezəntid	vt.& vi. （动词present的过去式及过去分词形式）; 表示"展示; 展现; 出示"
presenter	pri'zentә	n. 节目主持人, 奉献者, 提出者
presenting	ˈprezəntɪŋ	v. 举向( present的现在分词 ); 面向; 举枪瞄准; （分娩时婴儿）露出
presently	'prezntli	adv. 目前, 不久
presents		n. 出品；礼物（present的复数）
preservation	.prezә'veiʃәn	n. 保存, 保藏, 保护
preservations		(preservation 的复数) n. 保存, 保藏, 保护
preserve	pri'zә:v	vt. 保护, 保持, 保存, 维持, 腌, 禁猎
preserved		a. 喝醉的
preserver	pri'z\\:vә(r)	n. 保护者, 保存者, 防腐物, 防护物
preserves		饯
preset	pri:'set	vt. 事先调整
presets	pri:ˈsets	v. 预先布置( preset的第三人称单数 ); 事先调整; 预先决定; 事先安排
presetter		机外对刀装置; 预校正器
presetting	计	[原型] presetting 是 preset 的现在分词
preside	pri'zaid	vi. 统辖, 当主人, 主持
presided	priˈzaidid	v. 主持, 主管( preside的过去式和过去分词 )
president	'prezidәnt	n. 总统, 总裁, 董事长, (学院)院长, (大学)校长, 主管人, 主持人
presidented	'prezɪd(ə)nt	n. [P-]总统；国家主席；总裁；议长；会长；主席；大学校长；董事长；总经理
presidentes	网络	[原型] presidentes 是 presidente 的复数
presidenting	'prezɪd(ə)nt	n. [P-]总统；国家主席；总裁；议长；会长；主席；大学校长；董事长；总经理
presidents	p'rezɪdənts	n. 总统; （大学）校长( president的复数形式 ); 会长; [P-]总统; 银行行长
presider	pri'zaidә	n. 主席, 主持者
presides	priˈzaidz	v. 主持, 主管( preside的第三人称单数 )
press	pres	n. 压, 揿, 按, 人群, 印刷机, 压力, 出版社, 记者, 报刊, 新闻舆论, 紧迫
pressed	prest	a. 紧迫的, 繁忙的
presser	'presә	n. 压制工, 压制机
presses		n. 精榨机；压力机（press的复数）
pressies		(pressy 的复数) n. 礼物；礼品
pressing	'presiŋ	a. 紧迫的, 迫切的, 热切的
pressure	'preʃә	n. 压, 榨, 按, 强制, 压力, 压迫, 压强
pressured	'preʃəd	v. 迫使（pressure的过去分词）
pressures	ˈpreʃəz	n. 压（力）( pressure的名词复数 ); 压力; 气压（或血压）（的缩略形式）; 压（迫）感
prestige	pre'sti:ʒ	n. 声望, 威望, 威信
prestiges	pre'stiː(d)ʒ	n. 威望，声望；声誉
presumably	pri'zu:mәbli	adv. 推测上, 大概
presume	pri'zu:m	vt. 假定, 推测, 擅自, 意味着
presumed		a. 假定的, 推测的
presumer		n. 冒味的人, 放肆的人, 假定者, 设想的人
presumes	priˈzju:mz	v. 以为, 假定( presume的第三人称单数 ); 推定; 妄行; 冒昧地做某事
pretend	pri'tend	v. 假装, 伪称, 自命, 自称
pretended	pri'tendid. pri:-	a. 假装的；虚假的
pretender	pri'tendә	n. 冒牌者, 妄想者, 觊觎王位者
pretending		v. 假装；伪装（pretend的现在分词）
pretends	priˈtendz	v. 假装( pretend的第三人称单数 ); 伪装; （尤指儿童）（在游戏中）装扮; 自诩
pretties		n. 漂亮的人（pretty的复数形式）
pretty	'priti	a. 漂亮的, 优美的, 机灵的, 狡猾的, 恰当的
prettying		adj. 俊俏的；潇洒的；精致的；(花园,山谷等)可爱的
prevail	pri'veil	vi. 获胜, 流行, 盛行
prevailed	priˈveild	v. 获胜( prevail的过去式和过去分词 ); 盛行; 说服; （ 思想、观点等）被接受
prevailing	pri'veiliŋ	a. 盛行很广的, 优势的, 主要的, 普遍的
prevails	priˈveilz	v. 获胜( prevail的第三人称单数 ); 盛行; 说服; （ 思想、观点等）被接受
prevalent	'prevәlәnt	a. 普遍的, 流行的
prevent	pri'vent	v. 预防, 防止, 阻止, 妨碍
prevented	priˈventid	v. 预防( prevent的过去式和过去分词 ); 阻碍; 阻止; [宗教]引领
preventer	pri'ventә	n. 妨碍者, 妨碍物, 预防者
preventing	priˈventɪŋ	v. 预防( prevent的现在分词 ); 阻碍; 阻止; [宗教]引领
prevention	pri'venʃәn	n. 阻止, 妨碍, 预防
preventions		(prevention 的复数) n. 阻止, 妨碍, 预防
prevents		v. 预防；阻止（prevent的第三人称单数）
preview	'pri:vju:	n. 事先查看, 预览
previewed	ˌpri:ˈvju:d	v. 预映( preview的过去式和过去分词 ); 为（影视节目）写预评; 概述; 扼要介绍
previewer	pri:vju':ər	预检器
previewing	pri:'vju:iŋ	n. 预视；预观察
previews	ˌpri:ˈvju:z	n. 预展, 试映, 预演( preview的名词复数 )
previous	'pri:viәs	a. 早先的, 前面的, 过急的
previouses	'priːvɪəs	adj. 先的；前的；以前的；[口语]过早的；过急的；太早的
prey	prei	n. 被掠食者, 牺牲者
preyed	preid	v. 掠食( prey的过去式和过去分词 ); 掠食; 折磨; （人）靠欺诈为生
preyer	'preɪə	猛兽, 猛禽
preying	'preiiŋ	a. 捕食性的；掠夺的
preys	preiz	v. 掠食( prey的第三人称单数 ); 掠食; 折磨; （人）靠欺诈为生
price	prais	n. 价格, 代价, 价值
priced	praist	a. 有定价的, 定价的
pricer	'praisә	n. 核价员, 报价员
prices		n. 价格（price的复数）
prick	prik	vt. 刺, 戳, 刺痛, 使竖起
pricked	prikt	v. 刺, 扎, 戳( prick的过去式和过去分词 ); 刺伤; 刺痛; 使剧痛
pricker	'prikә	n. 刺的人, 针, 刺针
pricking	'prikiŋ	n. 刺, 刺痛感
pricks	priks	n. 刺痛( prick的名词复数 ); 刺孔; 刺痕; 植物的刺
pride	praid	n. 骄傲, 自尊心, 自豪, 精华, 勇气
prided	praidid	v. 以…而自豪, 得意于…( pride的过去式和过去分词 ); 自豪, 骄傲, 得意
prides	praidz	n. 自尊( pride的名词复数 ); 骄傲; 自满; （马的）精力
primaries		n. 基元；主翼羽, 比较原色（primary复数）
primarily	'praimәrili	adv. 主要地, 首先地
primary	'praimәri	n. 最主要者, 原色
prime	praim	n. 最佳部分, 初期, 全盛期
primed	praimd	a. 待发的
primer	'praimә	n. 入门书, 初级读本, 雷管, 导火线, 底漆
primes		n. 初期；青春, 壮年；精华（prime的复数）
primitive	'primitiv	n. 原始人, 早期艺术家
primitives	p'rɪmɪtɪvz	n. 原始人（primitive的复数形式）
prince	prins	n. 王子, 亲王, 国君, 贵族, 诸侯, 有权势的大人物
princes		n. 诸侯；王子（prince的复数）
princess	'prinsis	n. 公主, 王妃, 女巨头
princesses	prinˈsesiz	n. （除女王或王后外的）王室女成员( princess的复数形式 ); （尤指）公主; 王妃; 王公贵族夫人
principal	'prinsipәl	n. 校长, 首长, 本金, 主犯, 资本, 委托人
principally	'prinsәpәli	adv. 主要地, 大部分
principals	p'rɪnsəplz	n. 负责人( principal的复数形式 ); [法律]本人; 主要的人（或物）
principle	'prinsipl	n. 原则, 原理, 主义
principled	'prinsәpld	a. 原则的, 有原则的, 原则性的
principles		n. 原则, 原理, 道义, 节操
print	print	n. 打印, 版, 印刷物, 痕迹, 印刷业, 印刷字体, 图片, 印花布, 印章
printed	'printid	a. 印刷的, 印好的, 印花样的
printer	'printә	n. 印刷工, 打印机
printeries		n. 印染厂；印刷所
printers		n. 打印机；印刷厂；印花平纹坯布（printer的复数）
printing	'printiŋ	n. 印刷, 印刷术, 印花
prints		n. 打印；图片, 相片；报刊, 印刷品；印花布（print的复数）
prior	'praiә	a. 更重要的, 较早的, 在先的
priorer	'praɪə	prior
priores	网络	(priore 的复数)
priorest	'praɪə	prior
priories	ˈpraiəriz	n. 小修道院( priory的名词复数 )
priorities	praiˈɔritiz	n. 先( priority的名词复数 ); 优先; 优先权; 优先考虑的事
priority	prai'ɒriti	n. 优先权, 优先
priors	ˈpraiəz	n. （大修道院）副院长( prior的复数形式 ); （隐修院）会长; （小隐修院）上司; （中世纪佛罗伦萨及其他意大
prism	'prizm	n. 棱镜, 棱柱
prisms	'prɪzəmz	n. <数>棱柱体( prism的复数形式 ); 棱镜
prison	'prizn	n. 监狱, 监禁, 拘留所
prisoned		vt. 监禁, 关押（prison的过去式与过去分词形式）
prisoner	'priznә	n. 囚犯, 犯人, 战俘
prisoners	ˈprizənəz	n. 囚徒( prisoner的复数形式 ); 俘虏; 被夺去自由的人[动物]等
prisoning		vt. 监禁, 关押（prison的现在分词形式）
prisons	ˈprizənz	n. 监狱( prison的复数形式 ); 牢笼; 监禁; 入狱
private	'praivit	a. 私人的, 秘密的, 私立的, 隐蔽的
privateer	.praiә'tiә	n. 武装民船, 私掠船
privately		-K1
privates	'praivitz	n. 阴部；第三导线（从插塞外壳引出的）；士兵（private的复数）
privilege	'privilidʒ	n. 特权, 特别恩典, 基本权利, 特免
privileged	'privilidʒd	a. 有特权的, 有特别恩典的
privileger		享受特权者
privileges	ˈprivilidʒz	n. 特权( privilege的名词复数 ); （因财富和社会地位而仅有部分人享有的）权益; 免责特权; 特殊荣幸
prize	praiz	n. 奖赏, 奖金, 奖品, 战利品, 捕获
prized		a. 被看作最有价值的
prizer	'praizә	n. 运用杠杆作用的人；撬东西的人或物；把烟草装进大桶内的工人；争夺奖品的人
prizes	praiziz	n. 奖赏( prize的名词复数 ); 值得竞争的东西; 难能可贵的事物; 难以争取的重要事物
prizest	praiz	prize1
probabilities	ˌprɔbəˈbilitiz	n. 可能性, 可能发生的事( probability的名词复数 ); <数>概率
probability	.prɒbә'biliti	n. 可能性, 或然率, 几率, 概率
probable	'prɒbәbl	a. 很可能的, 大概的, 可信的
probabler	'prɒbəb(ə)l	adj. 可能发生的，很可能的，或有的，或然的；像真实的；被预料的，想象会这样的
probables		(probable 的复数) a. 很可能的, 大概的, 可信的
probablest	'prɒbəb(ə)l	adj. 可能发生的，很可能的，或有的，或然的；像真实的；被预料的，想象会这样的
probably	'prɒbәbli	adv. 大概, 或许
probe	prәub	n. 探索, 调查, 探针, 探测器
probed	prəubd	v. 探索, 用探针（或探测器等）探查, 探测( probe的过去式和过去分词 ); 盘问; （用试探性袭击等）侦察（敌
prober	'prәubә	[计] 探测器
probes	prəubz	n. 探针( probe的名词复数 ); 探索; 探头; 探测仪
problem	'prɒblәm	n. 问题, 难题
problemed	'prɒbləm	n. 问题，疑问；疑难问题，令人困惑的事(或人、情况等)
problems		n. 问题；难题（problem的复数）
procedure	prә'si:dʒә	n. 程序, 过程, 手续
procedures		n. 程序；规程（procedure的复数）
proceed	prәu'si:d	vi. 继续进行, 进行, 开始, 发出, 起诉
proceeded	prəˈsi:did	v. 进行( proceed的过去式和过去分词 ); 前进; （沿特定路线）行进; （尤指打断后）继续说
proceeder		n. proceed的变形
proceeding	prәu'si:diŋ	n. 进行, 程序, 行动, 诉讼程序, 事项
proceedings		n. 诉讼, 事项, 行径, 事件, 活动, 项目, 会议录, 记录汇编, 活动记录
proceeds	'prәusi:dz	pl. 收益
process	'prɒses	n. 程序, 进行, 过程
processed		a. 处理的, 加工过的
processer		n. 制造者；加工业者
processes		n. 过程；进程（process的复数）
processing	prәu'sesiŋ	[计] 处理
procession	prә'seʃәn	n. 队伍, 连续, 列队行进, 涌出
processioner	prə'seʃ(ə)n	n. (人、车、船等的)行列；队伍；一长列；一长排；进行；行进；(尤指)列队行进
processioning	prə'seʃ(ə)n	n. 队伍, 行列；一列, 一排；列队行进
processions	prəˈseʃənz	n. 队伍, 行列( procession的复数形式 ); 列队行进
procrustes	prә'krʌsti:z	n. 普罗克汝斯忒斯(希腊神话人物)
procrustess	prəu'krʌsti:z	Procrustes
produce	prә'dju:s	n. 生产品, 物产, 后代
produced	prәu'dju:st	v. 创作；产生；制造（produce的过去式和过去分词）
producer	prә'dju:sә	n. 生产者, 制作者, 制作人
producers	prəˈdu:səz	n. 生产者, 制造者( producer的复数形式 ); 制片人
produces		n. 过程管理, 产品（produce复数形式）
product	'prɒdʌkt	n. 产品, 结果, 乘积
production	prә'dʌkʃәn	n. 制造, 生产, 产物
productions	prəˈdʌkʃənz	n. 生产( production的复数形式 ); 产量; 产品; 出示
productive	prә'dʌktiv	a. 能生产的, 有生产价值的, 多产的
productivities		(productivity 的复数) n. 生产力
productivity	.prәudʌk'tiviti	n. 生产力
products		n. 产品；商品（product的复数）
profession	prә'feʃәn	n. 职业, 表白, 声明
professional	prә'feʃәnl	n. 专业人才
professionals		n. 专业人员（professional的复数）
professions		n. 专业；职业；行业（profession的复数形式）
professor	prә'fesә	n. 教授
professores	网络	(professore 的复数)
professors	prə'fesəz	n. 教授( professor的复数形式 ); （大学的）讲师, 教员
proficiencies		(proficiency 的复数) n. 精通, 熟练, 精练
proficiency	prә'fiʃәns	n. 精通, 熟练, 精练
proficient	prә'fiʃәnt	n. 高手, 专家
proficients	prəˈfiʃ(ə)nt	n. 能手；老手；专家
profile	'prәufail	n. 侧面, 轮廓, 传略
profiled		v. 描绘…轮廓, 评论人物（profile的过去式）
profiler	'prәufailә	靠模工具机, 仿形铣床, 靠模工, 仿形工, 模制者
profiles		n. 配置文件；个人档案；剖面图（profile的复数）
profit	'prɒfit	n. 利润, 赢利, 利益
profitable	'prɒfitәbl	a. 有利润的, 有利益的, 赚钱的
profited	ˈprɑfɪtid	v. 获益, 得利于( profit的过去式和过去分词 )
profiting	ˈprɑfɪtɪŋ	v. 获益, 得利于( profit的现在分词 )
profits		n. 收益, 红利；盈利（profit的复数）
profound	prә'faund	a. 极深的, 深厚的, 深刻的, 渊博的
profounder		(profound 的比较级) a. 极深的, 深厚的, 深刻的, 渊博的
profoundest		(profound 的最高级) a. 极深的, 深厚的, 深刻的, 渊博的
program	'prәugræm	n. 节目, 节目单, 程序, 纲要, 大纲, 计划
programed		v. （像计算机程序那样）预先确定( program的过去式和过去分词 ); 为（计算机）编制程序; 为…提供生物程序;
programer	'prәuɡræmә	n. 节目编排人；程式设计师
programes	网络	[原型] programes 是 programe 的复数
programing	'prәu^ræmiŋ	n. 程式设计, 程序编排；节目制作
programmed	'prәuɡræmd. -ɡrәmd	a. 程序化的, 程控的
programmer	'prәugræmә	n. 程序员
programmers	ˈprəʊˌgræməz	n. （计算机的）程序员( programmer的复数形式 )
programming	'prәugræmiŋ	n. 节目的计划, 编制程序
programs		n. 程序, 程序集；所有程式（program的复数）
progress	'prәugres	n. 进步, 发展, 前进
progressed	ˈprəuɡrest	v. （使）进步, （使）进行( progress的过去式和过去分词 ); 改进; 进展; （时间上）推移
progresses	prəɡ'resɪz	n. 进步( progress的名词复数 ); 前进; [生物学]进化; （向更高方向）增长
progressing	prəɡ'resɪŋ	v. （使）进步, （使）进行( progress的现在分词 ); 改进; 进展; （时间上）推移
progressive	prә'gresiv	n. 改革论者, 进步论者
progressives	prəɡ'resɪvz	n. 先进分子; 不断前进的( progressive的复数形式 ); 进步的; 开明的; 进行的
prohibit	prә'hibit	vt. 禁止, 阻止
prohibited		v. 禁止, 被禁止的（prohibite的过去分词形式）
prohibiter	prәj'hibitә(r)	n. 禁止者, 阻止者
prohibiting	prəˈhibitɪŋ	v. 禁止, 阻止( prohibit的现在分词 )
prohibition	.prәuhi'biʃәn	n. 禁令, 禁止
prohibitions	ˌprəʊəˈbɪʃənz	n. 禁令, 禁律( prohibition的复数形式 ); 禁酒; 禁例
prohibits	prəˈhibits	v. 禁止, 阻止( prohibit的第三人称单数 )
project	'prɒdʒekt	n. 计划, 设计, 事业
projected		a. 投影的, 投射
projecting	prә'dʒektiŋ	a. 突出的, 伸出的
projector	prә'dʒektә	n. 计划人, 发起人, 规划人, 放映机, 映画器, 幻灯机, 幻灯, 探照灯, 发射器
projectors	prəd'ʒektəz	n. 电影放映机, 幻灯机( projector的复数形式 )
projects		n. 项目；企划；工程（project的复数）
prolong	prәu'lɒŋ	vt. 延长, 拖延, 拖长
prolonged	prә'lɔŋd	a. 延续的, 长时间的
prolonger		延长者
prolonges		n. 【军】(拉炮用带钩的)缆绳
prolonging	prəˈlɔŋɪŋ	v. 延长, 拉长, 拖延( prolong的现在分词 )
prolongs	prəˈlɔŋz	v. 延长, 拉长, 拖延( prolong的第三人称单数 )
prominent	'prɒminәnt	a. 卓越的, 显著的, 突出的, 凸出的
prominents		(prominent 的复数) a. 卓越的, 显著的, 突出的, 凸出的
promise	'prɒmis	n. 诺言, 约定的事情, 有指望
promised	ˈprɔmist	vt.& vi. (promise的过去式或过去分词形式); 承诺; 允诺; 答应
promisees		(promisee 的复数) n. 受约人
promiser	'prɒmisә	n. 立约人
promises		v. 允诺
promote	prәu'mәut	vt. 促进, 晋升, 创办, 推销
promoted		a. 晋升的
promoter	prә'mәutә	n. 促进者, 助长者
promotes	prəˈməuts	v. <正>促进( promote的第三人称单数 ); 提升; 推销; 使 （学生）升级
promotion	prәu'mәuʃәn	n. 晋级, 创建, 增进
promotions		n. 促销；升职（promotion复数）
prompt	prɒmpt	n. 激励, 提示, 提醒物, 提词, 付款期限
prompted		v. 引起；提示（prompt的过去时, 过去分词）
prompter	'prɒmptә	n. 提词员, 激励者, 唤起者
promptest	prɒmpt	adj. 敏捷的；即刻的；【商】即期付款的
prompting	'prɒmptiŋ	n. 刺激, 激励, 提示
promptly	'prɒmptli	adv. 敏捷地, 迅速地
prompts		n. 提示；提示性语言（prompt的复数形式）
pronoun	'prәunaun	n. 代词
pronounce	prә'nauns	v. 发音, 宣告, 断言
pronounced	prә'naunst	a. 发出音的, 读出来的, 显著的, 断然的, 明显的
pronouncer		n. 发音器
pronounces	prəˈnaunsiz	v. 发音, 读( pronounce的第三人称单数 ); 宣布, 宣称; 宣判
pronouns		n. 代名词；代词
pronunciation	prәu.nʌnsi'eiʃәn	n. 发音, 读法
pronunciations	prənʌns'ɪeɪʃnz	n. （一种语言的）发音（法）( pronunciation的复数形式 ); （某个单词的）读法; （一个人的）发音; 
proof	pru:f	n. 证据, 证明, 试验, 检验, 考验
proofed		vt. 给（织物）做防护处理, 使防水（proof的过去式与过去分词形式）
proofer	'pru:fә	n. 印校样的人, 发面工人, 发面机
proofest	pruːf	n. 证明；证实；证据；证明文件；物证；证词，证言
proofing	'pru:fiŋ	[化] 涂胶; 刮胶; 上胶; 证明
proofs		n. 校稿；证明；证据（proof的复数）
prop	prɒp	n. 支柱, 支持者, 倚靠人, 道具, 螺旋桨
propaganda	.prɒpә'gændә	n. 宣传, 宣传活动
propagandas	网络	[原型] propagandas 是 propaganda 的复数
propagate	'prɒpәgeit	vt. 繁殖, 传播, 传送
propagated	ˈprɔpəɡeitid	v. 繁衍, 增殖( propagate的过去式和过去分词 ); 传播, 宣传, 普及
propagates	ˈprɔpəɡeits	v. 繁衍, 增殖( propagate的第三人称单数 ); 传播, 宣传, 普及
propagation	.prɒpә'geiʃәn	n. 增殖, 繁殖, 宣传
propagations		(propagation 的复数) n. 增殖, 繁殖, 宣传
proped	prɔp	n.
propel	prәu'pel	vt. 推进, 驱使
propelled		a. 推进的
propeller	prә'pelә	n. 螺旋桨, 推进器
propellers	prə'peləz	n. 螺旋桨, 推进器( propeller的复数形式 )
propelling		a. 推进的
propels	prəˈpelz	v. 推进( propel的第三人称单数 ); 推动; 驱动; 驱使
proper	'prɒpә	a. 适当的, 固有的, 高尚的, 专属的
properer	网络	[原型] properer 是 propere 的比较级
properest	网络	[原型] properest 是 propere 的最高级
properly	'prɒpәli	adv. 适当地, 相当地
propers		n. 弥撒书的章节，特赞（proper的复数形式）
properties		n. 性能；道具, 内容（property的复数形式）
property	'prɒpәti	n. 财产, 所有权, 性质, 属性
propes		腹足,前足
prophecies	ˈprɔfisiz	n. 预言, 预言能力( prophecy的名词复数 )
prophecy	'prɒfәsi	n. 预言, 预言能力
prophet	'prɒfit	n. 预言者, 先知, 提倡者
prophets	ˈprɔfits	n. 预言家, 先知( prophet的复数形式 ); 倡导者; 穆罕默德（伊斯兰教的创始人）; (<圣经>旧约>和<希
proportion	prә'pɒ:ʃәn	n. 比例, 比率, 均衡, 部分, 面积
proportional	prә'pɒ:ʃәnl	a. 比例的, 相称的
proportionals	prəˈpɔ:ʃənəlz	n. 比例的，成比例的( proportional的名词复数 )
proportioned		a. 相称的, 成比例的
proportioner	prә'pɔ:ʃәnә	配合加料器[漏斗], 比例调节器, 定量器
proportioning	,prә'pɔ:ʃәniŋ	使成比例, (按比例定量)配合
proportions		n. 比例；大小（proportion的复数形式）
proposal	prә'pәuzl	n. 提议, 计划, 求婚
proposals	prə'pəʊzlz	n. 提议( proposal的复数形式 ); 推荐; 求婚; 赞成提案
propose	prә'pәuz	vt. 计划, 打算, 建议, 提议, 求(婚)
proposed		a. 被提议的；所推荐的
proposer	prә'pәuzә	n. 申请人, 提案人
proposes	prəˈpəuziz	v. 提议, 建议( propose的第三人称单数 ); 打算; 提供（解释）; 提出（行动, 计划或供表决的方案等）
proposition	.prɒpә'ziʃәn	n. 建议, 命题, 主张
propositioned		v. 提议（proposition的过去式与过去分词形式）
propositioning		v. 提议（proposition的现在分词形式）
propositions	ˌprɔpəˈziʃənz	n. 命题( proposition的名词复数 ); 建议; 论点; （美国）法律修正议案
propped	prɔpt	v. 支撑, 支持, 维持( prop的过去式和过去分词 )
propping	'prɔpiŋ	支撑
propr	p'rɒpr	abbr. proprietary 业主的; 所有（人）; 专卖药; proprietor 所有人
props	prɔps	n. 小道具；支柱；后盾（prop的复数）
propulsion	prә'pʌlʃәn	n. 推进, 推进力
propulsions	prə'pʌlʃ(ə)n	n. 推进(力)
prose	prәuz	n. 散文
prosed	prəʊz	n. 散文；单调
proser	'prәuzә	n. 散文家, 平淡无味的人
proses	prəuziz	n. 散文( prose的复数形式 )
prospect	'prɒspekt	n. 景色, 展望
prospected		vi. 勘探（prospect的过去式与过去分词形式）
prospecting	prәs'pektiŋ	n. 探矿, 勘探
prospects		n. 预期；前景；潜在顾客；远景展望
prosperities		(prosperity 的复数) n. 繁荣, 茂盛, 成功
prosperity	prɒs'periti	n. 繁荣, 茂盛, 成功
prosperous	'prɒspәrәs	a. 成功的, 繁盛的, 幸运的
protect	prә'tekt	vt. 防卫, 保护, 警戒
protected		a. 受保护的
protecting	prəˈtektɪŋ	v. 保护( protect的现在分词 ); 防护; 投保; 关税保护
protection	prә'tekʃәn	n. 保护, 防卫, 贸易保护制度
protections	prə'tekʃnz	n. 保护( protection的复数形式 ); 贸易保护措施; 保险; （向歹徒缴纳的）保护费
protective	prә'tektiv	a. 给予保护的, 保护的
protectives	prə'tektɪv	adj. 保护的；保护贸易的
protects	prəˈtekts	v. 保护( protect的第三人称单数 ); 防护; 投保; 关税保护
protein	'prәuti:in	n. 蛋白质
proteins	p'rəʊti:nz	n. 蛋白质( protein的复数形式 )
protest	prә'test	n. 抗议, 反对, 抗议书, 断言
protestant	'prɒtistәnt	n. 新教徒
protestants	ˈprɔtistənts	n. 新教徒（指16世纪脱离罗马天主教之基督教团体或后来由其形成的教派成员）( Protestant的复数形式 )
protested		抗拒
protester		n. 抗议者, 持异议者, 拒付者
protesting	ˈprəutestɪŋ	v. 声明( protest的现在分词 ); 坚决地表示; 申辩
protests	ˈprəutests	n. [体]抗议; 抗议, 反对( protest的名词复数 )
proton	'prәutɒn	n. 质子
protons	ˈprəʊˌtɔnz	n. 质子( proton的复数形式 )
prototype	'prәutәtaip	n. 原型
prototyped	'prəʊtətaɪp	n. 原型；典型；样板；模范
prototypes		n. 技术原型；雏型；原型
proud	praud	a. 骄傲的, 自大的, 自豪的, 辉煌的, 壮丽的
prouder		骄傲的（proud的比较级）
proudest	praʊd	a. 自豪的, 骄傲的；(因受表扬等而)感到光荣的, 引以为荣的
prove	pru:v	vt. 证明, 查验, 检验, 勘探, 显示
proved		prove的过去式和过去分词
proverb	'prɒvә:b	n. 谚语, 格言, 箴言
proverbs		n. 箴言篇（旧约圣经中的）
proves	pru:vz	v. 证明( prove的第三人称单数 ); 检验, 试验
provide	prә'vaid	vt. 提供, 供应, 规定, 预备
provided	prә'vaidid	conj. 倘若, 以...为条件
provider	prә'vaidә	n. 供应者, 供养人, 伙食承办人
provides	prəˈvaidz	v. 提供, 供给, 供应( provide的第三人称单数 ); 规定; 提供[(+for)]; 装备
province	'prɒvins	n. 省, 地方, 职权, 领域
provinces		n. 外省, 边远地区, 乡间
provision	prә'viʒәn	n. (政府提供的)钱和设备, 准备, 供应品, 规定, 条款
provisioned		a. 预分配的
provisioner	prә'viʒәnә	n. 粮食供应者
provisioning	经	(29290/35108)
provisions		n. 存粮, 给养, 口粮, 食物, 粮食
provoke	prә'vәuk	vt. 激怒, 惹起, 诱导
provoked	prəˈvəukt	v. 激起( provoke的过去式和过去分词 ); 惹怒; 引起; 引发
provoker		挑衅者
provokes	prəˈvəuks	v. 激起( provoke的第三人称单数 ); 惹怒; 引起; 引发
provokest	prə'vəʊk	provoke
prudent	'pru:dnt	a. 审慎的, 三思而后行的, 精明的, 节俭的
prudenter		(prudent 的比较级) a. 审慎的, 三思而后行的, 精明的, 节俭的
prussia	'prʌʃә	n. 普鲁士
prussias	'prʌʃə	n. 普鲁士
psychological	.saikә'lɒdʒikәl	a. 心理学的, 精神上的, 心灵的
psychologically	,psaikә'lɔdʒikәli	adv. 心理上, 从心理学角度
psychologies	saiˈkɔlədʒiz	n. 心理学( psychology的名词复数 ); 心理特点; 心理影响
psychology	sai'kɒlәdʒi	n. 心理学, 心理状态
pub	pʌb	n. 酒馆, 客栈
pubber	pʌb	n. [英国英语]小酒店；小旅馆；[澳大利亚英语]旅馆, 客栈 [缩自public house]
pubbing	pʌb	n. 酒馆；客栈
pubes	'pju:bi:z	n. 阴毛, 阴部, 软毛
public	'pʌblik	n. 公众, 民众
publication	.pʌbli'keiʃәn	n. 出版物, 出版, 公布
publications		n. 出版物（publication的复数）
publices	'pʌblɪk	public
publics		大众( public的名词复数 )；…界；某一阶层的人们
publish	'pʌbliʃ	vt. 出版, 发行, 公开, 发表, 宣传, 公布
published		a. 已发布的
publisher	'pʌbliʃә	n. 出版者, 发行人
publishes	ˈpʌbliʃiz	v. 出版( publish的第三人称单数 ); （在互联网上）发表; 公布; 在报刊)发表
publishing	'pʌbliʃiŋ	n. 出版, 刊印, 发行
pubs		n. 小酒馆；酒吧（pub的复数）
puff	pʌf	n. 一阵喷烟, 肿块, 喘息
puffed		a. 疏松的
puffer	'pʌfә	n. 喷烟的人, 吹嘘的人, 小绞车工
puffing	法	[原型] puffing 是 puff 的现在分词
puffs		n. 一阵；喘息（puff的复数）
pull	pul	vt. 拉, 拖, 拔, 牵, 撕开, 吸引
pulled		a. 牵引的；扯下来的
puller	'pulә	n. 拉的人, 拔具, 拉出器
pulley	'puli	n. 滑车, 滑轮
pulleying		过卷
pulleys	ˈpʊliz	n. 滑轮（组）, 滑车( pulley的名词复数 ); 皮带轮
pulling	'puliŋ	[计] 拉单晶的
pulls	pulz	v. 拉( pull的第三人称单数 ); 扯; 拉过来; 划（船）
pulse	pʌls	n. 脉冲, 脉搏, 情绪, 意向, 拍子, 豆类
pulsed	pʌlst	a. 脉冲的；跳动的；脉冲调制的
pulser	'pʌlsә	n. 脉冲发生器, 脉冲装置
pulses	pʌlsiz	n. 脉搏( pulse的名词复数 ); [无线电]（电磁波等）脉动; 活力; 有节奏的跳动（或拍打）
pump	pʌmp	n. 抽水机, 打气筒, 泵, 抽吸
pumped	pʌmpt	a. （肌肉由于过度运动）肿胀的；喘得上气不接下气的；腐心的
pumper	'pʌmpә	n. 消防车, 使用唧筒者, 唧筒式抽水机
pumping	'pʌmpiŋ	n. 抽水, 泵送
pumpkin	'pʌmpkin	n. 南瓜
pumpkins		n. 南瓜（pumpkin的复数）
pumps		n. 泵；抽运器；无带轻便舞鞋；脉动（pump的复数）
punch	pʌntʃ	n. 打洞器, 钻孔机, 冲压机, 冲床, 潘趣酒
punched		a. 穿孔, 无孔的
puncher	'pʌntʃә	n. 电报凿孔机, 冲床工, 钻床工, (非正式)报务员, 牧人
punches	pʌntʃiz	n. 猛击( punch的名词复数 ); 拳打; 冲床; 力量vi.
punching	计	[化] 冲孔
punchline		n. 结尾警语；妙语如珠
punchlines		(punchline 的复数) n. 结尾警语；妙语如珠
punctual	'pәŋktʃuәl	a. 准时的, 守时的, 点状的, 中肯的
punctuation	.pʌŋktʃu'eiʃәn	n. 标点, 标点符号
punctuations		(punctuation 的复数) n. 标点, 标点符号
punish	'pʌniʃ	vt. 处罚, 惩罚, 严厉对待
punished		未受处罚的
punisher	'pʌniʃә	n. 处罚者, 惩罚者
punishes	ˈpʌniʃiz	v. 罚( punish的第三人称单数 ); 处罚; 粗暴地对待; 痛打
punishing		-1
punishment	'pʌniʃmәnt	n. 处罚, 刑罚, 惩罚
punishments	'pʌnɪʃmənts	n. 惩罚( punishment的复数形式 ); 处罚; 刑罚; 粗暴对待
punoes	地名	(puno 的复数)
pupil	'pju:pl	n. 学生, 门生, 未成年人, 瞳孔
pupils	'pju:plz	n. 学生( pupil的复数形式 ); 瞳孔; 弟子; 门生
puppies		n. 小狗（puppy的复数）
puppy	'pʌpi	n. 小狗, 小动物, 自负的年轻人
puppying	'pʌpɪ	n. 小狗, 幼犬；(狐、海豹等)幼小动物
puppys		(puppy 的复数) n. 小狗, 小动物, 自负的年轻人
purchase	'pә:tʃәs	n. 购买, 购买品, 紧握, 绞辘
purchased		a. 已经购买的
purchaser	'pә:tʃәsә	n. 买方, 购买者
purchases		v. 购买；进货（purchase的第三人称单数形式）
pure	pjuә	a. 纯的, 纯净的, 纯洁的, 清白的, 完美的, 无瑕的, 抽象的
pured	pjʊə	a. 纯粹的, 不掺杂的；纯净的, 洁净的；无垢的；清洁的
pureed	ˈpjuəreid	v. （将菜、水果等）煮成浓汤, 面包的一种( puree的过去式和过去分词 )
purees	ˈpjuəreiz	n. 菜泥, 浓汤( puree的名词复数 )
purer		n. 提纯器
purest	ˈpjʊərɪst	a. 纯的( pure的最高级 ); 单纯的; 纯真的; 干净的
purifies	ˈpjuərifaiz	v. 使纯净, 使洁净( purify的第三人称单数 )
purify	'pjuәrifai	vi. 变纯净
purifying	'pjuәrifaiiŋ	n. 净化；精制
purple	'pә:pl	n. 紫色, 帝位
purpled		vt. 使成紫色（purple的过去式与过去分词形式）
purpler		purple（紫色的）的比较级形式
purples	'pә:plz	散黑穗病
purpose	'pә:pәs	n. 目的, 意向, 决心, 用途, 效果, 论题
purposed		a. 打算的；计划的
purposer	'pɜːpəs	vt. 企图, 打算(做)；决意(做)：
purposes		n. 目的；意志（purpose的复数形式）
purse	pә:s	n. 钱包, 小钱袋, 金钱, 募捐款, 囊状物
pursed		vt. 使皱起, 噘起（purse的过去式与过去分词形式）
purser	'pә:sә	n. 事务长
purses	pə:siz	n. 资金( purse的名词复数 ); 款项; 钱包; 女用小提包
pursue	pә'sju:	vt. 追赶, 追踪, 追随, 追求, 实行, 继续, 从事
pursued	pəˈsju:d	v. 继续( pursue的过去式和过去分词 ); 追求; 进行; 追捕
pursuer	pә'sju:ә	n. 追赶者, 追求者, 研究者
pursues	pəˈsju:z	v. 继续( pursue的第三人称单数 ); 追求; 进行; 追捕
pursuit	pә'sju:t	n. 追踪, 追求, 追赶, 娱乐, 职业
pursuits	pəˈsju:ts	n. 追赶( pursuit的复数形式 ); 工作; 消遣; 嗜好
push	puʃ	n. 推, 推动, 奋斗, 攻击, 进取心
pushed		a. 拮据的, 紧张的, 没空的, 忙
pusher	'puʃә	n. 推者, 推销员
pushes	puʃiz	v. 推, 推动( push的第三人称单数 ); 对…施加压力; 逼迫; 按
pushies	'pʊʃɪ	pushy
pushing	'puʃiŋ	a. 有精力的, 富有进取心的, 莽撞的
put	put	vt. 放, 摆, 安置, 移动, 发射, 投掷, 写上, 表达, 使从事, 使受到, 驱使, 赋予
putes		adj. 〈古〉单纯的
puting		adj. 〈古〉单纯的
puts		n. 卖出选择权；[计]字符串输出（put的复数）
putted	pʌtid	v. （高尔夫球）轻击（球）( putt的过去式和过去分词 )
putter	'putә. 'pʌtә	n. 置放者, 推车工, 轻击棒
putting	'putiŋ	n. 投掷；（高尔夫球）打球入洞
puzzle	'pʌzl	n. 难题, 迷惑
puzzled		a. 困惑的, 迷惑的
puzzler	'pʌzlә	n. 令人困惑的人, 难题
puzzles		n. 智力游戏；游戏拼图；谜题（puzzle的复数）
pygmalion	pig'meiljәn	n. 皮格马利翁(希腊神话人物)
pygmalions	网络	[原型] pygmalions 是 pygmalion 的复数
pyjamas	pә'dʒɑ:mәs	n. 睡衣裤, 宽松裤
pyramid	'pirәmid	n. 角锥, 金字塔
pyramided		(pyramide 的过去分词)  [医]吡嗪酰胺
pyramider	'pirəmidə	n. 【证券】金字塔式控股人
pyramides	'pɪrəmɪdz	[医]（单pyramis）锥体
pyramiding	'pirәmidiŋ	n. 证券市场进行投机时使用的金字塔式交易法；为了积累利润而连续投机；通过控股公司, 掌握少数股本而控制许多公司
pyramids	ˈpirəmidz	n. 金字塔( pyramid的名词复数 ); 金字塔形的物体（或一堆东西）; 金字塔式的组织（或系统）; 棱锥（体）
quadrant	'kwɒdrәnt	n. 四分之一圆, 象限, 象限仪
quadrants		n. 象限（quadrant的复数）
quagga	'kwægә	n. 白氏斑马
quaggas		n. 【动】南非斑驴
quake	kweik	vi. 颤抖, 地震
quaked	kweɪkt	v. 颤抖, （因害怕或寒冷而）发抖( quake的过去式和过去分词 ); （地面）震动
quaker	'kweikә	n. 贵格会教徒
quakerer		n. 贵格会教徒
quakerest		n. 贵格会教徒
quakers	'kweikəz	n. 贵格会；贵格会信徒（Quaker的复数）
quakes	kweɪks	v. 颤抖, （因害怕或寒冷而）发抖( quake的第三人称单数 ); （地面）震动
qualification	.kwɒlifi'keiʃәn	n. 资格, 条件, 限制
qualifications		n. 职位要求；任职资格；资格证书；限定性条件（qualification的复数形式）
qualifies	ˈkwɔlifaiz	v. （使）具有资格( qualify的第三人称单数 ); 有权; 达标; 使所说的话语气减弱（或更具体等）
qualify	'kwɒlifai	vi. 取得资格, 有资格
qualifying	计	[原型] qualifying 是 qualify 的现在分词
qualitative	'kwɒlitәtiv	a. 性质的, 质的, 定性的
qualities	ˈkwɔlitiz	n. 质( quality的名词复数 ); 特点; 品质; 优点
quality	'kwɒlәti	n. 品质, 特性, 才能, 质量
quantifies	ˈkwɔntifaiz	v. 确定…的数量( quantify的第三人称单数 )
quantify	'kwɒntifai	vt. 定量, 用数量表示, 测量
quantifying	'kwɔntifaiiŋ	n. 定量法
quantitative	'kwɒntitәtiv	a. 数量的, 定量的
quantities		n. 数量, 工程量；[音]音符长度（quantity的复数）
quantity	'kwɒntәti	n. 量, 数量, 总量
quarrel	'kwɒrәl	n. 吵架, 反目, 怨言, 方头凿
quarreled		vi. 争辩, 争吵（quarrel的过去式与过去分词形式）
quarreler		n. 争吵者, 吵架者
quarreling		vi. 争辩, 争吵（quarrel的现在分词形式）
quarrelled		vi. 争辩, 争吵（quarrel的过去式与过去分词形式）
quarreller		n. 争吵者, 吵架者
quarrelling		吵架(quarrel的现在进行式); 争论
quarrels	ˈkwɔrəlz	n. 争吵, 不和, 口角( quarrel的名词复数 ); 抱怨…的原因[理由]
quarter	'kwɒ:tә	n. 四分之一, 一刻钟, 季度, 地区
quartered	'kwɔ:tәd	a. 四等分的；（木料）纵锯成四开的
quartering	'kwɔ:tәriŋ	n. 四等分, 供给住宿
quarterlies	ˈkwɔ:təliz	n. 季刊( quarterly的名词复数 )
quarterly	'kwɔ:tәli	a. 季度的, 按季度的, 每季的
quarters		n. 寓所, 营房, 住处
quartz	kwɒ:ts	n. 石英
quartzes	kwɔː(r)ts	n. 【矿】石英
quartzing	kwɔːts	quartz
quartzs	kwɔ:tsiz	n. <矿>石英( quartz的名词复数 )
queen	'kwi:n	n. 王后, 女王
queened		vt. 立…为王后（queen的过去式与过去分词形式）
queenes		vt. 立…为王后（queen的第三人称单数形式）
queenies	网络	[原型] queenies 是 queenie 的复数
queening	'kwi:niŋ	n. 苹果之一种
queens		n. 皇后区；女王（queen的复数形式）
quench	kwentʃ	vt. 熄灭, 结束, 使冷却, 将...淬火
quenched	kwentʃt	v. 解（渴）( quench的过去式和过去分词 ); 终止（某事物）; （用水）扑灭（火焰等）; 将（热物体）放入水中
quencher	'kwentʃә	n. 弄熄的人, 冷却器
quenches	kwentʃiz	v. 解（渴）( quench的第三人称单数 ); 终止（某事物）; （用水）扑灭（火焰等）; 将（热物体）放入水中急速
quenching	'kwentʃiŋ	n. 淬火, 猝灭, 猝熄
quest	kwest	n. 探索, 寻求, 调查
quested		v. 寻找, 探索( quest的过去式和过去分词 )
quester		n. 探求者；追求者
questing		a. 探求的
question	'kwestʃәn	n. 问题, 询问
questionable	'kwestʃәnәbl	a. 可疑的
questioned	ˈkwestʃənd	v. 问（某人）问题( question的过去式和过去分词 ); 对（某事物）表示[感到]怀疑
questioner	'kwestʃәnә	n. 质问者, 发问者
questioning	'kwestʃәniŋ	[法] 审问, 讯问, 质问
questionnaire	kwestʃә'nєә	n. 调查表, 问卷
questionnaires	ˌkwestiəˈnɛəz	n. 调查表, 问卷( questionnaire的复数形式 )
questions		n. 问题（question的复数）
quests		n. 过关模式（游戏用语）；任务道具（游戏用语）；远征；中世纪参加远征的骑士（quest的复数）
queue	kju:	n. 辫子, 一队人, 队列
queued	kju:d	v. （人、车等）排队等候( queue的过去式和过去分词 ); （使）排队, 列队等待
queueed		n. 辫子, 一队人, 队列
queueing	计	[原型] queueing 是 queue 的现在分词
queuer	'kju:ә(r)	n. 排队者
queues	kju:z	n. （人或车辆）行列, 长队( queue的名词复数 ); （贮存的数据）队列
quick	kwik	a. 快的, 迅速的, 敏捷的, 灵敏的, 急速的
quicker		a. 快些（quick的形容词比较级）
quickest		a. 最快的
quickies	ˈkwɪki:z	n. <口>迅速做成的事( quickie的复数形式 ); 匆匆做成的事; （酒的）一饮而尽; 草草完事的性交
quicking		快镀
quickly	'kwikli	adv. 很快地
quicks	网络	[原型] quicks 是 quick 的复数
quiet	'kwaiәt	n. 安静, 闲适, 平静
quieted	ˈkwaiətid	v. 安静下来, 使…安静, 平静( quiet的过去式和过去分词 ); 减轻（病痛、疑虑、恐惧等）; [法律]确定（产
quieter	'kwaiәtә	n. 消音装置；消声器
quietest		清静的（quiet的最高级） 温和的 闲适的
quieting	'kwaiәtiŋ	[计] 静态
quietly	'kwaiәtli	adv. 安静地, 沉着地, 秘密地
quiets	ˈkwaiəts	v. 安静下来, 使…安静, 平静( quiet的第三人称单数 ); 减轻（病痛、疑虑、恐惧等）; [法律]确定（产权等
quilt	kwilt	n. 棉被
quilted		a. 缝拢了的, 绗缝过的
quilter	'kwiltә	n. 缝被子的人
quilties		n. 奎尔蒂（姓氏）
quilting	'kwiltiŋ	n. 被子绗缝, 被子料子
quilts	kwilts	n. 被子( quilt的名词复数 )
quit	kwit	vi. 离开, 辞职, 停止
quite	kwait	adv. 相当, 完全, 十分
quitest		vi. 离开, 辞职, 停止
quits	kwits	a. 抵消的, 对等的
quiver	'kwivә	n. 震动, 颤抖, 箭袋
quivered	ˈkwivəd	v. 微颤, 抖动( quiver的过去式和过去分词 ); 使震动
quivering	'kwivәriŋ	a. 颤动的, 抖动的
quivers	ˈkwivəz	v. 微颤, 抖动( quiver的第三人称单数 ); 使震动
quiz	kwiz	n. 考查, 课堂测验, 恶作剧, 智力测验
quizs	网络	[原型] quizs 是 quiz 的复数
quotation	kwәu'teiʃәn	n. 引用语, 语录, 牌价, 报价
quotations		n. 价目, 估价单；行情（quotation复数形式）
quote	kwәut	n. 引用
quoted		v. 引证（quote的过去式）
quoter		n. 引用者, 报价者
quotes		n. 引用, 引号；报价（quote的复数）
rabbit	'ræbit	n. 兔子
rabbited		vi. 猎兔（rabbit的过去式与过去分词形式）
rabbiter	'ræbɪtər	n. 猎兔者, 捕兔者
rabbiting		vi. 猎兔（rabbit的现在分词形式）
rabbits		n. 兔子；穴兔（rabbit的复数）
rabbitting	'ræbɪt	n. 【动物】家兔;穴兔(Oryctolagus cuniculus)；= cottontail
race	reis	n. 种族, 人种, 赛跑, 比赛, 急流, 人类, 同道, 姜根
raced		vt.& vi. 和…比速度, （使）参加比赛（race的过去式与过去分词形式）
racer	'reisә	n. 比赛者, 游蛇属黑蛇
races		n. 赛马会
racial	'reiʃәl	a. 人种的, 种族的
rack	ræk	n. 架, 行李架, 饲草架, 搁物架, 痛苦, 折磨, 齿条, 行云团
racked	'rækt	v. 使痛苦, 使焦虑, 绞尽脑汁( rack的过去式和过去分词 )
racker	'rækә	n. 行拷刑者, 使人痛苦者
racking	'rækiŋ	n. 推压动作
racks		n. 货架；行李架；拷问台（rack的复数形式）
radar	'reidә	n. 雷达, 无线电探测器
radars	ˈreidəz	n. 雷达( radar的复数形式 ); 雷达装置
radial	'reidiәl	a. 光线的, 光线状的, 放射状的, 半径的, 径向的
radials	'reidiәlz	辐板
radiant	'reidiәnt	a. 发光的, 明亮的, 辐射的, 容光焕发的
radiants		n. 光点（radiant的复数形式）
radiation	.reidi'eiʃәn	n. 辐射
radiationes		辐射线
radiations		(radiation 的复数) n. 辐射
radiator	'reidieitә	n. 暖气装置, 散热器, 辐射体
radiators	'reɪdɪeɪtəz	n. （暖气设备的）散热器( radiator的复数形式 ); 汽车引擎的冷却器, 散热器
radical	'rædikl	n. 激进分子, 词根, 基础, 根式, 根
radicals	'rædɪklz	n. 激进分子( radical的复数形式 ); 根基; 基本原理; [数学]根数
radio	'reidiәu	n. 无线电, 收音机, 无线电报, 无线电广播, 无线电台
radioactive	.reidiәu'æktiv	a. 放射性的, 有放射能的
radioactivities		(radioactivity 的复数) n. 放射性
radioactivity	.reidiәuæk'tiviti	n. 放射性
radioed	'reidiәud	无线电传送的
radioing	'reɪdɪəʊ	n. 收音机；无线电广播设备
radios		n. 收音机；无线电话；无线电广播设备（radio的复数）
radium	'reidiәm	n. 镭
radiums	'reɪdɪəm	n. [化学] 镭（88号元素符号Ra）
radius	'reidiәs	n. 半径, 范围, 辐射光线
radiused	'reidiju:st	辐射式的
radiuses		辐射光线, 径向射线, 半径, 半径范围, 界限, 范围, 桡骨
radiusing	'reidiju:ziŋ	使成圆角
raft	ræft	n. 筏, 救生筏, 大量
rafted	rɑːft	n. 筏；救生艇；（美）大量
rafter	'ræftә	n. 椽, 筏夫
rafting	'rɑ:ftiŋ	筏运
rafts	rɑ:fts	n. 木筏( raft的名词复数 ); 橡皮艇; 充气船; 大量
rag	ræg	n. 碎布, 抹布, 碎片, 碎屑, 少量, 破旧衣服
raged		vi. 大发脾气, 动怒（rage的过去式与过去分词形式）
rages	reidʒz	n. 狂怒, 盛怒( rage的名词复数 )
ragest	reɪdʒ	rage
ragged	'rægid	a. 衣衫褴褛的, 参差不齐的, 不协调的, 粗糙的, 刺耳的
ragger	'ræ^ә	n. (英)(非正式)恶作剧者, 捣蛋鬼, (美)(非正式)新闻记者
ragging	'ræ^iŋ	[口]欺负, 开玩笑, 恶作剧, (学生的)胡闹
raging	'reidʒiŋ	a. 愤怒的, 狂暴的, 猛烈的, 使极痛的
rags	ræɡz	n. 破旧衣服; 破布( rag的名词复数 ); 碎布; 破旧衣服; （质量差的）报纸
rail	reil	n. 横杆, 围栏, 栏杆, 铁轨, 扶手, 秧鸡
railed		vi. 责备（rail的过去式与过去分词形式）
railer	'reilә	n. 斥责者, 骂人者
railing	'reiliŋ	n. 扶手, 栏杆, 抱怨
railroad	'reilrәud	n. 铁路, 铁路公司
railroaded		(railroad 的过去分词) n. 铁路, 铁路公司
railroader		n. 铁路职工
railroading	'reil,rәjdiŋ	n. 铁路修筑, 铁路经营
railroads	ˈreilrəudz	n. 铁路, 铁道( railroad的名词复数 ); 铁路系统
rails		铁路股票
railway	'reilwei	n. 铁路, 轨道
railwayed	'reilweid	a. <主英>有铁路的
railways	'reɪlweɪz	n. 铁路, 铁道( railway的复数形式 ); 铁路系统
rain	rein	n. 雨, 下雨, 雨天
rainbow	'reinbәu	n. 彩虹
rainbowed	'reɪnbəʊ	n. 彩虹；五彩缤纷的排列；幻想
rainbows	ˈreinbəuz	n. 彩虹( rainbow的复数形式 )
rained		下雨（rain的过去式）
rainer	'reinә	n. 人工降雨装置；喷灌装置
rainfall	'reinfɒ:l	n. 降雨, 降雨量
rainfalls		(rainfall 的复数) n. 降雨, 降雨量
raining	化	[原型] raining 是 rain 的现在分词
rains		n. 雨季
rainstorm	'reinstɒ:m	n. 雨暴
rainstorms	ˈreɪnˌstɔ:mz	n. 暴风雨, 大暴雨( rainstorm的复数形式 )
rainy	'reini	a. 下雨的, 多雨的
raise	reiz	n. 上升, 高地, 增高
raised	reizd	a. 凸起的, 浮雕的, 发酵的
raiseing	reɪz	vt. 举起；提起；使升高：；扶起；使直立：
raiser	'reizә	n. 提高者, 饲养者, 招募者
raises		v. 举起；建造；饲养（raise的三单形式）
raisin	'reizn	n. 葡萄干
raisins	'reɪzɪnz	n. 葡萄干( raisin的复数形式 )
rallies	ˈræliz	n. 集会( rally的名词复数 ); [网球、羽毛球]连续对打; 公路汽车赛; （精神等方面）振作
rally	'ræli	n. 重振旗鼓, 集合, 群众集会, 跌停回升
rallyes	网络	[原型] rallyes 是 rallye 的复数
rallying	ˈræliɪŋ	v. 恢复( rally的现在分词 ); 价格回升; 集合起来; 嘲笑
ramble	'ræmbl	n. 漫步, 随笔
rambled	ˈræmbəld	v. （无目的地）漫游( ramble的过去式和过去分词 ); （喻）漫谈; 扯淡; 长篇大论
rambler	'ræmblә	n. 漫步者, 蔓生植物
rambles	ˈræmbəlz	v. （无目的地）漫游( ramble的第三人称单数 ); （喻）漫谈; 扯淡; 长篇大论
ranch	ræntʃ. rɑ:ntʃ	n. 大牧场
ranched		vi. 经营牧场（ranch的过去式与过去分词形式）
rancher	'ræntʃә	n. 大农场经营者, 牧场工人
ranches	rɑ:ntʃiz	n. <美>大农场, （兼种果树, 养鸡等的）大牧场( ranch的名词复数 )
ranching	ˈrɑ:ntʃɪŋ	n. 经营大牧场
random	'rændәm	n. 随意, 随机
randomer	'rændəm	random
randoms	网络	[原型] randoms 是 random 的复数
range	'reindʒ	n. 排, 行, 山脉, 范围, 行列, 射程
ranged		v. 排列；把…分类；射程为…（range的过去分词）
rangeing	reɪn(d)ʒ	range
ranger	'reinʒә	n. 王室守林人, 骑警, 漫游者
ranges		n. 量程, 范围；山脉（range的复数）
rank	ræŋk	n. 等级, 排, 横列, 队伍, 阶级
ranked		vt.& vi. 排列, 使成横排（rank的过去式与过去分词形式）
ranker	'ræŋkә	n. 士兵, 出身行伍的军官
rankes	网络	[原型] rankes 是 ranke 的复数
rankest		rank（讨厌的）的最高级形式
ranking	'ræŋkiŋ	n. 等级, 地位
ranks		n. 队伍；用户等级, 级别（rank的复数）
rap	ræp	n. 轻敲, 拍击, 责骂, 无价值的东西
raped		vbl. 强暴
raper	法	(-/47939)
rapes	reips	n. 芸苔( rape的名词复数 ); 强奸罪; 强奸案; 肆意损坏
rapid	'ræpid	a. 迅速的, 飞快的, 急促的, 陡的
rapider	'ræpɪd	adj. 快；麻俐的；峻险的(坡等)；【摄】感光快的
rapides	网络	[原型] rapides 是 rapide 的复数
rapidest	'ræpɪd	adj. 快；敏捷的；峻险的(坡等)；【摄】感光快的
rapidities	网络	[原型] rapidities 是 rapidity 的复数
rapidity	rә'piditi	n. 迅速, 急速, 速度
rapids	ræpidz	n. 湍流；急流
raping	reipɪŋ	v. 以暴力夺取, 强夺( rape的现在分词 ); 强奸
rapped	ræpt	v. 突然说出( rap的过去式和过去分词 ); （公开地）严厉批评; 突然大声说出; 连续敲叩
rapper	'ræpә	n. 敲门人, (美)(非正式)控告人, 证人, 检举人
rapping	'ræpiŋ	[机] 轻敲, 起模
rapr		Rhine Army Public Relations,莱茵陆军公共关系
raps	ræps	n. （轻快的）敲击（声）( rap的名词复数 ); 说唱音乐; 说唱歌; 速度快的谈话
rapture	'ræptʃә	n. 兴高采烈, 着迷, 欢天喜地, 狂喜
raptured	'ræptʃәd	a. 欢天喜地的, 狂喜的
raptures	ˈræptʃəz	n. 极度欢喜( rapture的复数形式 )
rare	rєә	a. 稀罕的, 罕有的, 珍奇的, 稀薄的, 半熟的, 非常好的
rarely	'rєәli	adv. 很少地, 罕有地
rarer		a. 更稀罕的；更珍贵的（rare的比较级）
rarest		a. 最稀罕的；最珍贵的（rare的最高级）
rascal	'ræskl	n. 流氓, 无赖, 坏蛋, 淘气鬼
rascals	ˈræskəlz	n. 流氓( rascal的复数形式 ); 无赖; （开玩笑说法）淘气的人（尤指小孩）; 恶作剧的人
rash	ræʃ	a. 轻率的, 匆忙的, 鲁莽的
rashed		n. (Rashed)人名；(阿拉伯)拉希德
rasher	'ræʃә	n. 熏肉薄片
rashes	ræʃiz	n. 发疹( rash的复数形式 ); 疹子; 大量; （涌现的）令人不快的事物
rashest	ræʃ	adj. 轻率的；性急的；过早的
rashing	'ræʃiŋ	煤层底板的软碳质页岩
rat	ræt	n. 鼠, 卑鄙的人, 破坏者, 变节者
rate	reit	n. 比率, 率, 速度, 价格, 费用, 等级
rated	'reitid	[电] 额定的
rater	'reitә	n. 定价人
rates		n. 比率；价格；等级（rate的复数形式）
rather	'ræðә	adv. 宁可, 稍微, 相当
rating	'reitiŋ	n. 等级, 额定功率, 责骂
ratio	'reiʃәu	n. 比, 比率
rational	'ræʃәnl	a. 理性的, 合理的
rationales		(rationale 的复数) n. 基本原理
rationals	网络	[原型] rationals 是 rational 的复数
ratios	ˈreiʃiəuz	n. 比, 比率( ratio的复数形式 )
rats	ræts	int. [俚]胡说；瞎扯
ratted	ˈrætid	a. <俚>醉了的, 喝醉的
ratter	'rætә	n. 捕鼠者, 叛变者
ratting		vi. 捕鼠（rat的现在分词形式）
rattle	'rætl	vt. 使嘎嘎响, 喋喋不休地说
rattled	'rætld	a. 慌乱的, 激动得不知所措的, 愚蠢的
rattler	'rætlә	n. (美)响尾蛇, 饶舌的人, (美)(非正式)有轨电车, 磨砖机
rattles	ˈrætlz	v. （使）发出格格的响声, （使）作嘎嘎声( rattle的第三人称单数 ); 喋喋不休地说话; 迅速而嘎嘎作响地移动
raw	rɒ:	n. 擦伤处, 半成品
rawer	rɔ:ə	adj. 刺痛的( raw的比较级 ); 真实的; 未经处理的; 未经过训练的
rawest		(raw 的最高级) n. 擦伤处, 半成品
rawr		A word that means "I Love You" in dinosaur.
raws	网络	[原型] raws 是 raw 的复数
ray	rei	n. 光线, 射线, 闪烁, 光辉
rayed	'reɪd	有射线的, 有边花的
rayer		n. 喷头；喷雾器
rayes	网络	[原型] rayes 是 raye 的复数
raying	'reɪɪŋ	n. 暴露在辐射中; 照射
rays		n. 射线；[俚]日光浴；光线（ray的复数）
razor	'reizә	n. 剃刀
razored	'reɪzə	vt. 剃, 用剃刀刮
razoring	'reɪzə(r)	n. 剃刀
razors	'reɪzəz	n. 剃刀, 刮面刀( razor的复数形式 )
reach	ri:tʃ	n. 伸出, 延伸, 区域, 范围, 流域, 岬
reached	ri:tʃt	v. 到达( reach的过去式和过去分词 ); 联络; 伸出手臂, 延伸
reaches	'riːtʃiz	n. 河段；流域；（上、中或下）游; （外）围；（远）处; （组织或机构中的）层级
reaching	ri:tʃɪŋ	v. 到达( reach的现在分词 ); 联络; 伸出手臂, 延伸
reachs		伸手及到; 伸出手脚等（reach的第三人称形式）
react	ri'ækt	vi. 起反应, 起作用, 反攻
reacted	riˈæktid	v. 起反应( react的过去式和过去分词 ); 反对; （对食物等）有不良反应; 物质起化学反应
reacting		a. 反应的
reaction	ri'ækʃәn	n. 反应, 反作用, 反动
reactions		n. 反应（reaction的复数）
reactor	ri'æktә	n. 反应者, 反应器, 反应堆, 电抗器
reactors	r'ɪæktəz	n. 起反应的人( reactor的复数形式 ); 反应装置; 原子炉; 核反应堆
reacts	riˈækts	v. 起反应( react的第三人称单数 ); 反对; （对食物等）有不良反应; 物质起化学反应
read	ri:d	v. 读, 阅读, 理解
reader	'ri:dә	n. 读者, 读物, 文选, 校对人, 讲师
readers		n. 读者, 读物（reader的复数形式）
readied	ˈredid	v. 做好…的准备, （为…）做好准备( ready的过去式和过去分词 )
readies	ˈrediz	n. 现钱( ready的名词复数 )
reading	'ri:diŋ	n. 阅读, 知识, 读物
readings		n. 读物；文本；朗读（reading的复数）
reads	ri:dz	v. 读, 看懂, 理解( read的第三人称单数 ); 显示, 标明
ready	'redi	n. 预备好的状态, 现款
readying	ˈrediŋ	v. 做好…的准备, （为…）做好准备( ready的现在分词 )
real	'riәl	a. 真的, 真实的, 实际的, 实在的, 不动(产)的, 实数的
realer	rɪəl	n. 从前西班牙及其领地所通用的小钱币；从前葡萄牙；实在；现实
reales		(reale 的复数) n. (Reale)人名；(意)雷亚莱
realest	rɪəl	n. 从前西班牙及其领地所通用的小钱币；从前葡萄牙；实在；现实
realistic	riә'listik	a. 现实的, 逼真的, 现实主义的, 实在论的
realities	riˈælitiz	n. 现实, 实际( reality的名词复数 ); 真实的事物
reality	ri'æliti	n. 实在, 事实, 实体, 逼真
realization	.riәlai'zeiʃәn	n. 实现, 领悟, 实得
realizations		(realization 的复数) n. 实现, 领悟, 实得
realize	'riәlaiz	vt. 了解, 实现, 使显得逼真, 变卖
realized		a. 实现的；已实现
realizer		n. realize的变形
realizes	ˈriəlaiziz	v. 实现( realize的第三人称单数 ); 了解; （所担心的事）发生; 以…价格卖出
really	'riәli	adv. 实际上, 真实地, 实在
realm	relm	n. 王国, 领土, 领域
realmes	网络	[原型] realmes 是 realme 的复数
realms		n. 领域（realm的复数）
reals		n. 实在, 现实（real的复数形式）
rear	riә	n. 后面, 背后, 后方
reared	riəd	v. 饲养( rear的过去式和过去分词 ); 养育; 抚养; 抬起
rearer	'rɪərər	n. 养育栽培者, 用后脚站立的马; 中耕机
rearing		n. 饲养；抚养；养育
rears		n. 排档；后面；[英口]公共厕所；后轮（rear的复数）
reason	'ri:zn	n. 理由, 原因, 理智, 道理, 前提, 理性
reasonable	'ri:znәbl	a. 合理的, 明理的, 适当的
reasoned	'ri:z(ә)nd	a. 思路清晰的, 言之有据的
reasoner	人名	(37883/-)
reasoning	'ri:zniŋ	n. 推论, 推理, 论证
reasons		n. 理由；理智；原因（reason的复数）
rebel	'rebl	n. 叛徒, 反叛者
rebelled		v. 造反；反叛（rebell的过去分词）
rebeller	'reb(ə)l	n. 反叛者；造反者；叛乱分子；反抗者；反对任何权威和控制的人
rebelling	ˈrebəlɪŋ	a. 叛逆性的
rebels		n. 反叛者（rebel的复数形式）
rebuild	ri'bild	vt. 改建, 重建, 改造
rebuilder	ri:'bildә	重建者
rebuilding		n. 重建
rebuilds	ri:ˈbɪldz	v. 重建( rebuild的第三人称单数 ); 重新组装; 再形成某事物; 恢复
rebuke	ri'bju:k	n. 指责, 谴责, 非难
rebuked	riˈbju:kt	v. 责难或指责( rebuke的过去式和过去分词 )
rebuker		n. rebuke的变形
rebukes	riˈbju:ks	v. 责难或指责( rebuke的第三人称单数 )
recall	ri'kɒ:l	n. 回忆, 召回, 撤消
recalled	riˈkɔ:ld	v. 回忆起( recall的过去式和过去分词 ); 使想起; 使想到; 勾起
recaller		n. recall的变形
recalling	riˈkɔ:lɪŋ	v. 回忆起( recall的现在分词 ); 使想起; 使想到; 勾起
recalls	riˈkɔ:lz	v. 回忆起( recall的第三人称单数 ); 使想起; 使想到; 勾起
receipt	ri'si:t	n. 收据, 收入, 收到
receipted		已收账
receipting	rɪ'siːt	n. 收到；收据；收入
receipts		n. 进款, 收入
receive	ri'si:v	vt. 收到, 接到, 得到, 接待, 迎接, 承受
received	ri'si:vd	a. 被一般承认的, 公认的
receiver	ri'si:vә	n. 接收器；接受者；收信机；收款员, 接待者
receivers	rɪ'si:vəz	n. 接受者( receiver的复数形式 ); 听筒; 无限电接收机; （破产公司的）官方接管人
receives		n. 受光面
recent	'ri:snt	a. 最近的, 近代的, 最新的
recenter	'ri:'sentә	vt. 重定位；回到中心位置
recently	'ri:sntli	adv. 最近
recents	网络	[原型] recents 是 recent 的复数
reception	ri'sepʃәn	n. 接待, 接受, 招待会
receptionist	ri'sepʃәnist	n. 接待员
receptionists	rɪˈsepʃənɪsts	n. （旅馆、事务所等雇用的）接待员( receptionist的复数形式 )
receptions		n. 招待会；接待处（reception的复数）
recipe	'resipi	n. 食谱, 处方, 秘诀
recipes	'resəpɪz	n. 烹饪法( recipe的名词复数 ); 食谱; 方法; 秘诀
reciprocal	ri'siprәkl	a. 互惠的, 相互的, 相等的, 倒数的, 彼此相反的
reciprocals		(reciprocal 的复数) a. 互惠的, 相互的, 相等的, 倒数的, 彼此相反的
reckless	'reklis	a. 不介意的, 大意的, 鲁莽的, 不顾后果的
reckon	'rekәn	vt. 计算, 总计, 估计, 认为, 猜想
reckoned	ˈrekənd	v. <正>计算( reckon的过去式和过去分词 ); 猜想; 考虑; <非正>思忖
reckoner	'rekәnә	n. 计算者, 清算人, 计算手册
reckoning	'rekәniŋ	n. 计算, 算帐, 清算
reckonings	ˈrekənɪŋz	n. 计算( reckoning的复数形式 ); 船只位置的推算; 账目; （尤指体育运动）属于可能胜出者行列之内
reckons	ˈrekənz	v. <正>计算( reckon的第三人称单数 ); 猜想; 考虑; <非正>思忖
reclaim	ri'kleim	vt. 开垦, 改造, 感化, 纠正, 回收
reclaimed		a. 回收的, 再生的；翻造的
reclaimer	ri'kleimә	[计] 回收程序; 无用单元收集程序
reclaiming	rɪ'kleɪmɪŋ	v. 开拓( reclaim的现在分词 ); 要求收回; 从废料中回收（有用的材料）; 挽救
reclaims	riˈkleimz	v. 开拓( reclaim的第三人称单数 ); 要求收回; 从废料中回收（有用的材料）; 挽救
recognition	.rekәg'niʃәn	n. 赞誉, 认得, 识别, 承认, 认可, 认识
recognitions		(recognition 的复数) n. 赞誉, 认得, 识别, 承认, 认可, 认识
recognize	'rekәgnaiz	vt. 认出, 认可, 承认, 公认, 识别, 赏识
recognized		a. 经过验证的；公认的
recognizer	'rekә^,naizә	承认者
recognizes	ˈrekəɡnaiziz	v. 认出( recognize的第三人称单数 ); 承认[认清]（某事物）; 赏识; 承认…有效[属实]
recommend	.rekә'mend	vt. 推荐, 介绍, 劝告, 使受欢迎, 托付
recommendation	.rekәmen'deiʃәn	n. 推荐, 介绍, 推荐信, 劝告
recommendations	ˌrekəmenˈdeiʃənz	n. 推荐( recommendation的复数形式 ); 推荐信; 正式建议; 提议
recommended		a. 被推荐的
recommender		n. 推荐系统
recommending	ˌrekəˈmendɪŋ	v. 托( recommend的现在分词 ); 推荐; 劝告; 使显得吸引人
recommends	ˌrekəˈmendz	v. 托( recommend的第三人称单数 ); 推荐; 劝告; 使显得吸引人
reconcile	'rekәnsail	vt. 使和解, 调停, 使和谐, 使一致, 使听从
reconciled	'rekənsaɪld	v. 使和好( reconcile的过去式和过去分词 ); 和解; 使一致; 使和谐
reconciler	'rekənsaɪlə	调解人
reconciles	ˈrekənsailz	v. 使和好( reconcile的第三人称单数 ); 和解; 使一致; 使和谐
record	ri'kɒ:d	n. 记录, 履历, 档案, 审判记录, 最高纪录, 唱片
recorded		a. 记录的
recorder	ri'kɒ:dә	n. 记录员, 录音机
recorders	riˈkɔ:dəz	n. 录音机( recorder的复数形式 ); 记录员; （英国）刑事法院的临时法官; 竖笛
recordes		n. 雷科德（男子名）
recording	ri'kɒ:diŋ	a. 记录的, 记录用的
records		n. 记录, 录音；唱片, 档案（record的复数形式）
recount	ri'kaunt	vt. 详述, 叙述, 重新计算
recounted	rɪˈkaʊntid	v. 详细叙述某事, 讲述某事( recount的过去式和过去分词 ); 重新计算
recounter		n. recount的变形
recounting	rɪˈkaʊntɪŋ	v. 详细叙述某事, 讲述某事( recount的现在分词 ); 重新计算
recounts	rɪˈkaʊnts	n. 重数, 重新计算选票( recount的名词复数 )
recover	ri'kʌvә	vt. 重新获得, 恢复, 复原, 拯救
recovered		v. 重新获得；恢复（recover的过去分词）
recoveries	rɪ'kʌvərɪz	n. 改善( recovery的复数形式 ); 恢复健康; 重获; （供刚做完手术的病人使用的）监护室
recovering		n. 恢复；补偿；再生
recovers	riˈkʌvəz	v. 恢复( recover的第三人称单数 ); 重新获得; 找回; <正>恢复（适当的状态或位置）
recovery	ri'kʌvәri	n. 恢复, 复原, 痊愈, 重获
recreation	.rekri'eiʃәn	n. 娱乐, 消遣, 休息, 再创造
recreations	ˌrekriˈeiʃnz	n. 娱乐（方式）, 消遣（方式）( recreation的复数形式 )
rectangle	'rektæŋgl	n. 长方形, 矩形
rectangled	'rektæŋgld	直角的
rectangles	ˈrektæŋɡlz	n. <数>长方形, 矩形( rectangle的复数形式 )
rectangular	rek'tæŋgjulә	a. 成直角的
rectifies	ˈrektifaiz	v. 改正, 矫正( rectify的第三人称单数 ); 精馏
rectify	'rektifai	vt. 订正, 矫正, 改正, 调正, 校正, 精馏, 整流
rectifying	化	[原型] rectifying 是 rectify 的现在分词
recycle	.ri:'saikl	vt. 使再循环, 重新利用, 再制
recycled	ˌri:ˈsaikld	v. 回收利用( recycle的过去式和过去分词 ); 再利用; 再次应用; 重新使用（概念、方法、玩笑等）
recycler	计	(23036/49081)
recycles	ˌri:ˈsaiklz	v. 回收利用( recycle的第三人称单数 ); 再利用; 再次应用; 重新使用（概念、方法、玩笑等）
red	red	a. 红的, 红色的, 红肿的, 流血的
redd	red	整顿, 弄整洁
redded	redid	v. <美方>整顿，弄整洁( redd的过去式和过去分词 )
redder		a. red比较级
reddest		red最高级
redding		n. 干熏鲱鱼
reded	riːd	vt. 忠告, 劝告；解开；叙述
reder	'ri:dә	红(外)光测距仪
redes	riːd	vt. 忠告, 劝告；解开；叙述
reding	人名	[原型] reding 是 rede 的现在分词
reds		n. [俚]红胶丸（安眠药的俚称）；红色的物品（red的复数）
reduce	ri'dju:s	vt. 减少, 分解, 降低, 使衰退, 把...分解, 把...归纳
reduced	ri'dju:st	a. 减少的；简化的；缩减的
reducer	ri'dju:sә	n. 渐缩管, 缩减者, 还原剂
reduces		v. 减少；降低；将…归纳；折合（reduce的第三人称单数形式）
reduction	ri'dʌkʃәn	n. 减少, 缩影, 变化
reductions	riˈdʌkʃənz	n. 减少( reduction的复数形式 ); 降低; [数学]约简; [摄影术]减薄
reed	ri:d	n. 芦苇, 芦笛, 簧舌, 纤弱的人
reeded	'ri:did	a. 用小凸嵌线装饰的
reeding	'ri:diŋ	n. 小凸嵌线(装饰), (硬币周缘的)刻槽
reeds		n. [植]芦苇属植物（reed的复数）
reef	ri:f	n. 暗礁, 礁, 缩帆
reefed		vt. 收帆, 缩帆（reef的过去式与过去分词形式）
reefer	'ri:fә(r)	n. 女式紧身双排上衣, (非正式)大麻卷烟, 冰箱, 冷藏室, 冷藏船, 冷藏车
reefest	ri:f	reef1
reefing	医	[原型] reefing 是 reef 的现在分词
reefs	ri:fs	礁体
reel	ri:l	n. 卷轴, 一卷, 纺车, 旋转, 蹒跚
reeled	ri:ld	v. 把东西用卷轴卷起来, 从卷轴上放出来( reel的过去式和过去分词 ); 感到震惊; 发昏; 似乎在不停旋转
reeler		n. 摇纱工, 缫丝工
reeling	'ri:liŋ	n. 卷取；摇纱；矫直；轧管机均整
reels	ri:lz	n. 卷轴( reel的名词复数 ); 卷盘; 卷筒; 绕在卷轴上的线（或金属丝、胶卷等）
refer	ri'fә:	vt. 提交, 归诸于, 把...提交, 使求助于
referee	.refә'ri:	n. 仲裁人, 调解人, 裁判员
refereed		vi. 担任裁判（referee的过去式与过去分词形式）
refereeing	计	[原型] refereeing 是 referee 的现在分词
referees	ˌrefəˈri:z	n. 裁判员( referee的名词复数 ); 证明人; 公断人; （专业性强的文章的）审阅人
reference	'refәrәns	n. 参考, 索引, 参照
referenced		a. 引用的, 参考的
references		n. 参考文献；参照；推荐信（reference的复数）
referer		n. 参照页, 引用页；推荐人
referred		v. 归类, 谈及, 送交；参考, 查阅（refer的过去式）
referrer	rɪ'fɜːrə	推荐人; 介绍人; 提到某人（或某事）的人
referring		v. 谈及；提交；谘询（refer的ing形式）
refers	riˈfə:z	v. 提到( refer的第三人称单数 ); 针对; 关系到; 请教
refine	ri'fain	vt. 精炼, 净化, 使优雅, 使精炼
refined	ri'faind	a. 精炼的, 优雅的, 精细的
refiner	ri'fainә	n. 炼制业者, 精炼机
refineries	rɪˈfaɪnəri:z	n. 精炼厂( refinery的名词复数 )
refinery	ri'fainәri	n. 精炼厂
refines	riˈfainz	v. 精炼( refine的第三人称单数 ); 精制; 使纯净; 使文雅高尚
reflect	ri'flekt	vt. 反射, 反映, 招致, 深思
reflected	ri'flektid	a. 反射的；得自他人的
reflecting	ri'flektiŋ	a. 反射的, 引起反射的, 思考的, 沉思的
reflection	ri'flekʃәn	n. 反映, 沉思, 映像, 想法, 责难
reflections		n. 反光；反响, 回声；回旋曲
reflects	riˈflekts	v. 反射（光、热、声或影像）( reflect的第三人称单数 ); 考虑; 反照; 表达
reflexion	ri'flekʃәn	[医] 反射[作用], 反折
reflexions		(reflexion 的复数) [医] 反射[作用], 反折
reform	ri'fɒ:m	n. 改革, 改正, 改造
reformed	ri'fɒ:md	a. 改革过的, 改革派的
reformer	ri'fɒ:mә	n. 改革家, 改革运动者
reforming	ri'fɔ:miŋ	[计] 变换, 重整, 改进
reforms	riˈfɔ:mz	n. 改革, 改良, 改造( reform的名词复数 )
refrain	ri'frein	n. 重复的话, 叠句, 副歌
refrained	riˈfreind	v. 抑制, 克制, 戒除( refrain的过去式和过去分词 )
refrainer		n. refrain的变形
refraining	rɪ'freɪn	v. 抑制, 克制, 戒除( refrain的现在分词 )
refrains	riˈfreinz	v. 抑制, 克制, 戒除( refrain的第三人称单数 )
refresh	ri'freʃ	vt. 使清新, 使恢复, 使生气蓬勃
refreshed		v. 使清凉；使重新提起精神；得到补充给养（refresh的过去分词）
refresher	'ri'freʃә	n. 使清新的事物, 使恢复记忆的事物, 饮料, 酒, 复习, 最新动态介绍, 补习材料
refreshes	riˈfreʃiz	v. 使恢复, 使振作( refresh的第三人称单数 ); 使…记起; 重新斟满
refreshing	ri'freʃiŋ	a. 使清爽的, 有精神的, 爽快的
refreshment	ri'freʃmәnt	n. 点心, 起提神作用的事物, 精神爽快
refreshments		n. 茶点；点心；小吃
refrigerator	ri'fridʒәreitә	n. 电冰箱, 冷藏库
refrigerators	rɪf'rɪdʒəreɪtəz	n. 冰箱( refrigerator的复数形式 )
refugee	.refju'dʒi:	n. 难民, 流亡者
refugees	'refjʊdʒi:z	n. 避难者, 难民( refugee的复数形式 )
refund	'ri:fʌnd	n. 偿还
refunded	ˈri:fʌndid	v. 归还, 退还( refund的过去式和过去分词 )
refunder		n. refund的变形
refunding	ri:'fʌndiŋ	借新债还旧债, 再融资, 债务延展, 发行新债券取代旧债券
refunds	ˈri:fʌndz	n. 归还, 偿还额, 退款( refund的名词复数 )
refusal	ri'fju:zl	n. 拒绝, 推却, 优先决定权
refusals	rɪf'ju:zlz	n. 拒绝( refusal的复数形式 ); 优先取舍权
refuse	ri'fju:z	vt. 拒绝, 谢绝
refused		a. 遭拒绝的
refuser		n. 拒绝者
refuses	riˈfju:ziz	v. 拒绝, 回绝( refuse的第三人称单数 ); 推却, 回绝; 拒绝给（所需之物）
regan	'ri:^әn	n. 里根（人名）
regard	ri'gɑ:d	n. 关心, 注意, 尊敬, 关系, 问候
regarded	riˈɡɑ:did	v. 关系( regard的过去式和过去分词 ); 注意; （尤指以某种方式）注视; 尊敬
regarder		林务区长
regardes	网络	(regarde 的复数)
regarding	ri'gɑ:diŋ	prep. 关于
regardless	ri'gɑ:dlis	a. 不管, 不注意, 不顾
regards		n. 问候, 致意
regenerative	ri'dʒenәreitiv	a. 再生的, 更生的, 更新的
regime	rei'ʒi:m	n. 政权, 当权期间, 政体, 社会制度, 体制, 情态
regiment	'redʒimәnt	n. （军队）团, 大量（人或物）
regimented	ˈredʒɪmentɪd	a. 受到严格管制的
regimenting	'redʒɪm(ə)nt	vt. 把…编成团；严格地管制
regiments	ˈredʒimənts	n. （军队的）团( regiment的名词复数 ); 大量的人或物
regimes	reɪ'ʒi:mz	n. 政治制度, 政权, 政体( regime的复数形式 ); 组织方法; 管理体制; [物理]（某类现象发生时所需的,
region	'ri:dʒәn	n. 区域, 地带, 地区, 领域, 范围, 区
regiones		区,部
regions		n. 地区；地域；领域（region的复数）
register	'redʒistә	n. 寄存器, 记录, 登记簿, 注册
registered	'redʒistәd	a. 注册的, 登记过的, 记名的, 挂号的
registeries	网络	[原型] registeries 是 registery 的复数
registering	'redʒistәriŋ	a. 登记的；套版
registers		n. 登记；暂存器；登记簿；登记员（register的复数）
regret	ri'gret	n. 遗憾, 后悔, 悔恨, 抱歉, 歉意
regrets	riˈɡrets	n. （用于礼貌地表示拒绝）辞谢邀请的短柬或口信; 痛惜( regret的名词复数 ); 惆怅
regretted	rɪɡ'retɪd	a. 后悔的
regretting		vt. 后悔, 悔恨（regret的现在分词形式）
regular	'regjulә	a. 规则的, 常例的, 有秩序的, 整齐的, 等边的, 定期的, 经常的, 合格的, 常备军的
regulares		规则古杯纲
regularities	reɡjʊ'lærɪtɪz	n. 规则性( regularity的复数形式 ); 正规; 有规律的事物; 端正
regularity	.regju'læriti	n. 规则性, 匀整, 正规, 经常
regulars	ˈreɡjuləz	n. 正规军人( regular的复数形式 ); 主力（或正式）队员; 常客; 僧侣
regulate	'regjuleit	vt. 管理, 控制, 调节, 调整, 校准
regulated		v. 管制；管理；规定（regulate的过去分词）
regulates	ˈreɡjuleits	v. 控制( regulate的第三人称单数 ); 管理; 调整; 调节
regulation	.regju'leiʃәn	n. 规则, 管理, 调整
regulations		n. 章则；条例；规程（regulation的复数）
reign	rein	v. 为王，为君；当政；统治
reigned		vi. 当政, 统治（reign的过去式形式）
reignes	网络	[原型] reignes 是 reigne 的复数
reigning	'reiniŋ	a. 统治的；在位的；本届的；起支配作用的
reigns	reinz	n. 君主的统治( reign的名词复数 ); 君主统治时期; 任期; 当政期
reinforce	.ri:in'fɒ:s	vt. 加强, 增援, 补充
reinforced		a. 加强的；加固的；加筋的
reinforcer	,ri:in'fɔ:sә(r)	[化] 增强材料; 增强填料; 增强剂
reinforces	ˌri:ɪnˈfɔ:siz	v. 加固( reinforce的第三人称单数 ); 使更结实; 加强; 充实
reject	ri'dʒekt	n. 被拒之人, 被弃之物, 不合格品, 次品
rejected	riˈdʒektid	n. 被弃之物, 落选者
rejecter	ri'dʒektә	n. 拒绝者, 抛弃者, 否决者
rejecting	riˈdʒektɪŋ	v. 拒绝( reject的现在分词 ); （因质量差）不用; 排斥; 拒收
rejects		n. 不良品；选矿废渣；尾矿（reject的复数）
rejoice	ri'dʒɒis	vt. 使欢喜
rejoiced	riˈdʒɔist	v. （使）欣喜[高兴, 快乐]( rejoice的过去式和过去分词 ); 非常高兴; 深感欣喜
rejoicer		n. rejoice（使高兴）的名词形式
rejoices	riˈdʒɔisiz	v. （使）欣喜[高兴, 快乐]( rejoice的第三人称单数 ); 非常高兴; 深感欣喜
relate	ri'leit	vt. 讲, 叙述, 使互相关联
related	ri'leitid	a. 讲述的, 叙述的；有关系的, 有关联的
relater	ri'leitә(r)	n. 叙述者, 讲述者
relates		v. 使有联系；与…有关；叙述, 讲述（relate的三单形式）
relation	ri'leiʃәn	n. 关系, 联系, 叙述, 故事, 家属, 亲戚
relationing	rɪ'leɪʃ(ə)n	n. 关系；联系；亲属关系
relations		n. 交往, 关系, 事务
relationship	ri'leiʃәnʃip	n. 关系, 关联
relationships	rɪ'leɪʃnʃɪps	n. （事物之间的）关系( relationship的复数形式 ); （人、团体、国家之间的）关系; 情爱关系; 血缘关
relative	'relәtiv	n. 亲戚, 关系词
relatives		n. 亲属；[语法学]关系词（relative的复数）
relativities		(relativity 的复数) n. 有关系, 相关性, 相对性
relativity	.relә'tiviti	n. 有关系, 相关性, 相对性
relax	ri'læks	vi. 放松, 松懈, 松弛, 变从容, 休息, 休养
relaxation	.ri:læk'seiʃәn	n. 松弛, 放松, 减轻, 缓和, 休息, 休养
relaxations	ˌri:lækˈseɪʃənz	n. 消遣( relaxation的复数形式 ); 松懈; 松弛; 放松
relaxed	ri'lækst	a. 松懈的, 不严密的, 不严格的, 放松的, 得到休息的, 随意的, 不拘束的, 自在的
relaxer		n. 松弛机；放松者
relaxes	riˈlæksiz	v. （使）轻松( relax的第三人称单数 ); （使）松弛; 放宽; （使）放松
relaxing		-K
relaxings		a. 令人轻松的
relay	'ri:lei	n. 驿马, 替班, 中继, 接力
relayed	rɪ'le	a. 转播的, 重播的
relayer		n. 中继者（一专辑名）
relaying		n. 中继利用；继电保护；转播
relays	ˈri:leiz	v. 转述( relay的第三人称单数 ); 转达
release	ri'li:s	n. 释放, 发泄, 豁免, 发行, 释放证书
released		v. 已发布；释放（release的过去式）
releaser	ri'li:sә	n. 释放者, 脱扣器释放装置
releases		n. 释放；豁免；发泄（release的复数形式）
relevant	'relivәnt	a. 有关联的, 有关系的, 适当的, 相应的
reliabilities		(reliability 的复数) n. 信度, 可靠性
reliability	ri.laiә'biliti	n. 信度, 可靠性
reliable	ri'laiәbl	a. 可靠的, 可信赖的
reliabler	rɪ'laɪəb(ə)l	adj. 可靠的；确实的；可以信赖的
reliablest	rɪ'laɪəb(ə)l	adj. 可靠的；确实的；可以信赖的
relic	'relik	n. 遗物, 遗迹, 纪念物, 遗风, 残留物
relics		n. 遗迹；遗骸；纪念物（relic的复数）
relief	ri'li:f	n. 减轻, 解除, 救济, 安慰, 调剂, 浮雕, 换班, (地势的)起伏
reliefer	ri'li:fә	(棒球)上场替换的投手
reliefs	riˈli:fs	n. 轻松( relief的复数形式 ); （给灾区或交战地区人民提供的）救济; 浮雕; （痛苦等）缓解
relies	riˈlaiz	v. 信任( rely的第三人称单数 ); 信赖; 依赖; 依靠
relieve	ri'li:v	vt. 减轻, 救济, 解除, 使免除, 换...的班, 使得到调剂, 使不单调, 衬托, 使显著
relieved	ri'li:vd	a. 宽慰的, 解除的, 减轻的
reliever	ri'li:vә	n. 解除痛苦的人, 接替者, 救济者
relieves	riˈli:vz	v. 解除( relieve的第三人称单数 ); 缓解; 换班; （去厕所的一种委婉说法）方便
religion	ri'lidʒәn	n. 宗教, 信仰
religioner	ri'lidʒənə	n. 修道会会员；狂热的宗教信徒
religions		n. 宗教, 宗教信仰（religion的复数）
religious	ri'lidʒәs	a. 宗教性的, 虔诚的, 宗教上的, 严谨的
religiouss	rɪ'lɪdʒəs	religious
reluctant	ri'lʌktәnt	a. 不情愿的, 勉强的
rely	ri'lai	vi. 信赖, 依赖, 信任
relying	riˈlaiŋ	v. 信任( rely的现在分词 ); 信赖; 依赖; 依靠
remain	ri'mein	vi. 保持, 逗留, 剩余
remainder	ri'meindә	n. 剩余物, 其他人, 残余, 余数
remaindered	rɪ'meɪndə	n. [数] 余数, 残余；剩余物；其余的人
remaindering	rɪ'meɪndə(r)	n. 剩余；其余的人；【数】余部；余数
remainders	riˈmeindəz	n. 剩余物( remainder的名词复数 ); 其他人员; 差数; 廉价出售的图书
remained	riˈmeind	v. 留下( remain的过去式和过去分词 ); 保持; 留待; 仍然是
remaines		(remaine 的复数) [网络] 剩下的
remaining		-K3
remains	ri'meins	n. 剩余物, 废墟, 残余
remark	ri'mɑ:k	n. 评论, 注意
remarkable	ri'mɑ:kәbl	a. 不平常的, 值得注意的, 显著的
remarked	riˈmɑ:kt	v. 谈论, 评论( remark的过去式和过去分词 ); 注意到…
remarker		n. 注意；言辞 (remark的变形)
remarking	riˈmɑ:kɪŋ	v. 谈论, 评论( remark的现在分词 ); 注意到…
remarks		n. 摘要；附注；评论（remark的复数）
remedies		n. 救济方法（remedy的复数）
remedy	'remidi	n. 药物, 治疗法, 治疗, 补救, 赔偿
remedying	ˈremidiŋ	v. 改正, 纠正, 改进( remedy的现在分词 )
remember	ri'membә	vt. 记得, 回忆起, 记住, 铭记, 纪念
remembered	riˈmembəd	v. 记得, 牢记( remember的过去式和过去分词 ); 纪念; 记着; 回想起
rememberer		n. 记得者, 记住者, 记起者
remembering		n. 回忆, 记住
remembers	riˈmembəz	v. 记得, 牢记( remember的第三人称单数 ); 纪念; 记着; 回想起
remind	ri'maind	vt. 提醒, 使想起
reminded	riˈmaindid	v. 使想起( remind的过去式和过去分词 ); 提醒
reminder	ri'maindә	n. 提醒的人, 暗示
reminding	riˈmaindɪŋ	v. 使想起( remind的现在分词 ); 提醒
reminds	riˈmaindz	v. 使想起( remind的第三人称单数 ); 提醒
remote	ri'mәut	a. 遥远的, 偏僻的, 疏远的, 微少的
remoter	riˈməutə	a. （时间上）遥远的( remote的比较级 ); 远离的; 远程的; 微小的
remotes	rɪ'məʊt	adj. 遥远的；偏僻的；疏远的；远缘的
remotest		遥远的（remote的最高级）
removal	ri'mu:vl	n. 移动, 移居, 迁移, 排除, 切除
removals	riˈmu:vəlz	n. 免职( removal的复数形式 ); 除去; 移走; 搬迁
remove	ri'mu:v	vt. 移动, 调动, 除去, 迁移, 开除, 移交
removed	ri'mu:vd	a. 离开的, 间隔的, 远离的
remover	ri'mu:vә	n. 移转者, 搬家公司, 脱涂剂
removes		n. 引语排版；迁移；清除；差距（remove的复数）
renaissance	ri'neisәns	n. 复活, 复兴, 文艺复兴
renaissances	rɪ'neɪs(ə)ns	n. (14-16世纪欧洲的)文艺复兴(期)
render	'rendә	vt. 回报, 给于, 付给, 汇报, 提出, 舍弃, 反映, 表示, 表演, 致使, 执行, 实施
rendered		a. 已渲染的
renderer		n. 渲染器; 描绘器
renderest	'rendə	vt. 提出；呈递；汇报；开出(账单等)：；放弃；让与；交出(与 up 连用)：
rendering	'rendәriŋ	n. 翻译, 表现, 描写, 表演, 打底, 透视图
renders	ˈrendəz	v. 使( render的第三人称单数 ); 放弃; 表达; 提供（帮助等）
renew	ri'nju:	vt. 使更新, 使恢复, 复兴, 修补, 补充, 继续, 重订, 重申, 续借
renewable	ri'nju(:)әbl	a. 可更新的, 可恢复的, 可继续的, 可换新的, 可重复的, 可重说的
renewables	rɪ'nuəblz	n. 可继续的, 可续订的( renewable的名词复数 )
renewed	ri'nju:d	a. 复兴的；更新的；重建的
renewer		重建者, 重复者, 重新开始者
renewing		a. 再生的, 更新的
renews	riˈnju:z	v. （使）复原, （使）更新, 赋予新的生命和活力( renew的第三人称单数 ); 重新开始; 继续; 补充
rent	rent	n. 租金, 房租, 出租物, 裂缝, 破裂处, 分裂
rented		-K
renter	'rentә	n. 承租人, 佃户, 出租人
rentes		统一公债
renting		v. 租用；出租（rent的ing形式）
rents		n. 租金（rent的复数）
repair	ri'pєә	n. 修理, 补救, 修复
repaired	riˈpɛəd	v. 纠正( repair的过去式和过去分词 ); 补救
repairer		n. 修补者, 修理者
repairing		v. 修理；修复（repair的ing形式）
repairs		n. 备件；修理；修理费；修理工作（repair的复数形式）
repay	ri'pei	v. 偿还, 报答, 报复
repaying	ri:ˈpeiŋ	v. 偿还( repay的现在分词 ); 付还; 报答; 酬报
repays	ri:ˈpeiz	v. 偿还( repay的第三人称单数 ); 付还; 报答; 酬报
repeal	ri'pi:l	n. 废止, 撤消
repealed	riˈpi:ld	v. 撤销, 废除( repeal的过去式和过去分词 )
repealer	ri'pi:lә(r)	n. 撤销者, 废除者
repealing	riˈpi:lɪŋ	v. 撤销, 废除( repeal的现在分词 )
repeals	riˈpi:lz	n. 撤销, 废除( repeal的名词复数 )
repeat	ri'pi:t	n. 重复, 反复
repeated	ri'pi:tid	a. 重复的, 再三的
repeatedly	ri'pi:tidli	adv. 重复地, 再三地
repeater	ri'pi:tә	n. 重复做的人, 背诵者, 循环小数
repeating	ri'pi:tiŋ	a. 重复的；循环的；反复的
repeats	riˈpi:ts	n. （节目）重演( repeat的名词复数 )
repel	ri'pel	vt. 逐退, 抵制, 使厌恶, 抗御
repelled		v. 防）；击退（推开
repelling	riˈpelɪŋ	v. 击退( repel的现在分词 ); 使厌恶; 排斥; 推开
repels	riˈpelz	v. 击退( repel的第三人称单数 ); 使厌恶; 排斥; 推开
repentance	ri'pentәns	n. 后悔, 悔改
repentances	网络	[原型] repentances 是 repentance 的复数
repetition	.repi'tiʃәn	n. 重复, 背诵, 循环, 复制品, 副本
repetitioner	repɪ'tɪʃ(ə)n	n. 重复(如重说、重做等)；反复(如反复说、反复做等)；仿制；复制；复制品；副本
repetitions	repɪ'tɪʃnz	n. 重复( repetition的复数形式 ); 反复; 复制品; 副本
replace	ri'pleis	vt. 代替, 替换, 放回, 归还
replaced		v. 取代；替换；放回（replace的过去分词）
replacement	ri'pleismәnt	n. 归还, 更换, 代替者
replacements		n. 替代, 替换件；补充
replacer	ri'pleisә	[法] 代替者, 代用品
replaces		v. 放回原处；替代（replace的三单形式）
replies		n. 回复；回答；答复（reply的复数形式）
reply	ri'plai	n. 答复, 回答, 答辩
replyer	rɪ'plaɪ	vi. 回答, 答复(常与 to 连用)：；(以行动)做出反应；报复：
replying	riˈplaiŋ	v. [法律]（原告对被告）答辩( reply的现在分词 ); 反响; 作答; （以行动）做出反应
report	ri'pɒ:t	n. 报告, 报道, 传说, 案情报告, 爆炸声, 成绩单
reported	ri'pɔ:tid	a. 报告的；据报道的
reporter	ri'pɒ:tә	n. 记者, 报告者
reporters	riˈpɔ:təz	n. 记者( reporter的复数形式 )
reporting	ri'pɒ:tiŋ	n. 报道
reports		n. 报表；专题；报告（report的复数）
represent	.repri'zent	vt. 表现, 表示, 描绘, 讲述, 代表, 象征, 回忆, 再赠送, 再上演
representation	.reprizen'teiʃәn	n. 表示法, 表现, 陈述, 代表
representations	reprɪzen'teɪʃnz	n. 陈述, 投诉, 抗议; 表现( representation的复数形式 ); 陈述; 表现…的事物; 有代理人
representative	.repri'zentәtiv	n. 代表, 众议员, 典型
representatives	reprɪ'zentətɪvz	n. 代表( representative的复数形式 ); 代理人; 典型人物; [常作 R-]（美国）众议院议员
represented	ˌrepriˈzentid	v. 表现( represent的过去式和过去分词 ); 代表; 体现; 作为…的代表
representer	reprɪ'zent	vt. 代表；象征；表示：；描写；描绘；表现：
representing	ˌrepriˈzentɪŋ	v. 表现( represent的现在分词 ); 代表; 体现; 作为…的代表
represents	ˌrepriˈzents	v. 表现( represent的第三人称单数 ); 代表; 体现; 作为…的代表
reproach	ri'prәutʃ	n. 责备, 耻辱
reproached	riˈprəutʃt	v. 责备( reproach的过去式和过去分词 ); 内疚
reproacher	rɪp'rəʊtʃər	n. 责难者, 责备者
reproaches	riˈprəutʃiz	n. 批评的话语( reproach的名词复数 ); 带来羞辱的人或事; 羞耻; 丢脸
reproaching	riˈprəutʃɪŋ	v. 责备( reproach的现在分词 ); 内疚
reproduce	.ri:prә'dju:s	v. 繁殖, 再生, 复制, 生殖
reproduced	ˌri:prəˈdju:st	v. 复制( reproduce的过去式和过去分词 ); 重现; 再版; 生殖
reproducer	,ri:prә'dju:sә	n. 扬声器
reproduces	ˌri:prəˈdju:siz	v. 复制( reproduce的第三人称单数 ); 重现; 再版; 生殖
reproduction	.ri:prә'dʌkʃәn	n. 再现, 复制, 生殖, 繁殖, 复制品
reproductions	ˌri:prəˈdʌkʃənz	n. 繁殖( reproduction的复数形式 ); 生殖; 复制; 复制品
reptile	'reptail	n. 爬行动物, 爬虫, 卑鄙的人
reptiles		n. 爬行类；爬虫类；爬行动物（reptile的复数）
republic	ri'pʌblik	n. 共和国, 共和政体, 团体, 界
republics	riˈpʌbliks	n. 共和国( republic的复数形式 ); 共和政体; 成员具有平等权利的)团体; 界
reputation	.repju'teiʃәn	n. 名誉, 名声, 声望
reputations	repjʊ'teɪʃnz	n. 名气( reputation的复数形式 ); 好名声; 信誉; 荣誉
request	ri'kwest	n. 请求, 需要, 申请书
requested		a. 要求的；被请求的
requester	计	(43386/-)
requesting		n. 要求；请求
requests	riˈkwests	n. 要求( request的名词复数 ); 需要; 所请求的事物; 申请书
require	ri'kwaiә	vt. 需要, 命令, 要求
required	ri'kwaiәd	a. 必需的
requirement	ri'kwaiәmәnt	n. 需求, 必要条件, 要求
requirements		n. 调整需要量, 必需品；要求（requirement的复数）
requirer		n. require的变形
requires		n. 需要；要求；需求（require的复数）
requisite	'rekwizit	n. 必需品, 要素, 必要物品
requisites	'rekwɪzɪts	n. 必要的事物( requisite的复数形式 )
rescue	'reskju:	n. 援救, 解救, 营救
rescued	ˈreskju:d	v. 营救, 救援, 使免遭损失( rescue的过去式和过去分词 )
rescuer	'reskjuә	n. 救助者
rescues	ˈreskju:z	n. 营救, 救援( rescue的名词复数 ); 营救[救援]行动
research	ri'sә:tʃ	n. 研究, 调查, 考察
researched	riˈsə:tʃt	v. 做研究( research的过去式和过去分词 ); 探究; （从市场调研中）得出所预测的结果; 从事…的研究, 为
researcher	ri:'sә:tʃә	n. 研究人员
researches		n. 研究报告（research的复数）
researching	riˈsə:tʃɪŋ	v. 做研究( research的现在分词 ); 探究; （从市场调研中）得出所预测的结果; 从事…的研究, 为…而做研
resemblance	ri'zemblәns	n. 相似处, 类似, 肖像
resemblances		(resemblance 的复数) n. 相似处, 类似, 肖像
resemble	ri'zembl	vt. 相似, 类似
resembled	riˈzembld	v. 像…, 类似于( resemble的过去式和过去分词 ); 效仿
resembler		n. resemble的变形
resembles	riˈzemblz	v. 像…, 类似于( resemble的第三人称单数 ); 效仿
resent	ri'zent	vt. 愤恨, 憎恶, 怨恨
resented	riˈzentid	v. 对…感到愤怒( resent的过去式和过去分词 ); 关系( regard的过去式和过去分词 ); 再差遣; 再发
resenter		n. resent的变形
resenting	riˈzentɪŋ	v. 对…感到愤怒( resent的现在分词 )
resents	riˈzents	v. 对…感到愤怒( resent的第三人称单数 )
reservation	.rezә'veiʃәn	n. 保留, 预定, 保留品, 保留地
reservations		n. 保留；预定（reservation的复数形式）
reserve	ri'zә:v	n. 储备品, 贮量, 后备军, 自然保护区, 保留, 拘谨, 节制, 储备金
reserved	ri'zә:vd	a. 保留的, 预备的, 预定的, 腼腆的, 不露感情的, 含蓄的, 缄默的, 冷淡的
reserver		保留
reserves		n. 储量, 后备队
reservest		n. 储备品, 贮量, 后备军, 自然保护区, 保留, 拘谨, 节制, 储备金
reservior		n. 贮水池,贮藏处,贮备
reside	ri'zaid	vi. 住, 居留, 属于
resided	riˈzaidid	v. 居住( reside的过去式和过去分词 ); 定居; 驻扎; 属于
residence	'rezidәns	n. 住宅, 居留, 驻扎, 居住期间
residences	'rezɪdənsɪz	n. 住处( residence的复数形式 ); 住宅; 公馆; 居住
resident	'rezidәnt	n. 居民, 常驻程序, 居住者, 留鸟
residents		n. 居民；房客；住院医生（resident的复数）
resider		n. reside的变形
resides	riˈzaidz	v. 居住( reside的第三人称单数 ); 定居; 驻扎; 属于
residual	'rezidju:l	a. 残渣的, 剩余的
residuals	rɪ'zɪdʒʊəlz	剩余误差
resign	ri'zain	vt. 辞职, 放弃, 使顺从
resignation	.rezig'neiʃәn	n. 辞职, 辞呈, 听从
resignations	ˌrezɪgˈneɪʃənz	n. 辞职( resignation的复数形式 ); 辞职书; 顺从; 听从
resigned	ri'zaind	a. 服从的, 听任的, 已辞职的
resigner		顺从; 辞职; 辞去(职务等); 退出
resigning	riˈzainɪŋ	v. 辞职, 放弃( resign的现在分词 ); (to)使顺从
resigns	riˈzainz	v. 辞职, 放弃( resign的第三人称单数 ); (to)使顺从
resist	ri'zist	v. 抵抗, 耐得住, 抵制, 反抗
resistance	ri'zistәns	n. 抵抗力, 反抗, 耐力, 阻力, 电阻
resistances	rɪ'zɪstənsɪz	n. 抵抗( resistance的复数形式 ); 阻力; 抗力; 电阻
resistant	ri'zistәnt	n. 抵抗者, 反抗者
resistants	rɪ'zɪst(ə)nt	n. 抵抗者；有抵抗力的东西；防染剂
resisted		v. 抵抗, 抗拒（resist的过去式与过去分词形式）
resister	ri'zistә	n. 抵抗者, 反抗者
resisting	法	[原型] resisting 是 resist 的现在分词
resists	riˈzists	v. 使用武力阻止（某事）发生[取得成功]( resist的第三人称单数 ); 抵抗; 对抗; 阻挡
resolute	'rezәlu:t	n. 果断的人
resolutes		(resolute 的复数) n. 果断的人
resolution	.rezә'lu:ʃәn	n. 解析, 决心, 坚定, 决定, 决议, 消除, 解答, 分解
resolutions		n. 分辨率；决心；解决；决议（resolution的复数）
resolve	ri'zɒlv	vi. 决定, 分解, 决心
resolved	ri'zɒlvd	a. 下定决心的, 断然的
resolver	ri'zɔlvә	[计] 裁决器; 分解器
resolves	riˈzɔlvz	n. 决意, 决定( resolve的名词复数 ); （会议等的）决议
resort	ri'zɒ:t	n. 度假胜地, 手段, 凭借, 常去之地
resorted	riˈzɔ:tid	v. 求助于或诉诸某事物, 采取某手段或方法应急或作为对策( resort的过去式和过去分词 )
resorter		n. 常去休养地的人, 常去胜地的人
resorting	riˈzɔ:tɪŋ	v. 求助于或诉诸某事物, 采取某手段或方法应急或作为对策( resort的现在分词 )
resorts		n. 度假村；度假胜地（resort复数）
respect	ri'spekt	n. 尊敬, 尊重, 问候
respectable	ri'spektәbl	a. 值得尊重的, 人格高尚的, 相当数量的
respectables		(respectable 的复数) a. 值得尊重的, 人格高尚的, 相当数量的
respected		-2
respecter	ri'spektә	n. 尊敬者, 注重者
respectful	ri'spektful	a. 表示尊敬的, 有礼貌的, 谦恭的
respecting	ri'spektiŋ	prep. 关于, 鉴于
respective	ri'spektiv	a. 分别的, 各自的
respectively	ri'spektivli	adv. 各自地, 独自地, 个别地, 分别地
respects		n. 敬意, 问候
respond	ri'spɒnd	vt. 以...回答
responded	riˈspɔndid	v. 回答, 回报, 响应( respond的过去式和过去分词 ); 有反应; 有效果; 有影响
responder	ri'spɔndә(r)	n. 回答者, 响应者, 响应器, 应答机
responding		v. 反应；作答（respond的ing形式）
responds	riˈspɔndz	v. 回答, 回报, 响应( respond的第三人称单数 ); 有反应; 有效果; 有影响
response	ri'spɒns	n. 反应, 回答, 响应
responser	ris'pɔnsә	[电] 响应器
responses		n. 响应回应
responsibilities		n. 责任；职责（responsibility的复数）
responsibility	ri.spɒnsә'biliti	n. 责任, 职责, 负担, 可靠性
responsible	ri'spɒnsәbl	a. 有责任的, 负责的, 责任重大的
rest	rest	n. 休息, 睡眠, 安息, 稍息, 静止, 支架, 休息处, 其余者, 剩余部分
restaurant	'restәrɒŋ	n. 餐馆, 饭店
restaurants	ˈrestərənts	n. 饭店( restaurant的名词复数 ); 餐馆; 饭馆; 菜馆
rested		a. 精力充沛的；休息得好的
rester		n. 雷斯特（人名）
restes	'resti:z	n. （resris的复数）[解]索状体, 绳状体
resting	'restiŋ	a. 静止的；休眠的
restless	'restlis	a. 不安静的, 慌张的, 休息不充分的
restore	ri'stɒ:	vt. 回复, 恢复, 归还, 修补, 修复
restored		a. 精力充沛的；精力恢复的
restorer	ris'tɔ:rә	n. 修补者, 修建者, 修补物, 恢复剂
restores	riˈstɔ:z	v. 归还( restore的第三人称单数 ); 交还; 使恢复; 修复
restr		abbr. restaurant 餐馆
restrain	ri'strein	vt. 抑制, 阻止, 束缚
restrained	ri'streind	a. 限制的, 拘谨的, 克制的
restrainer		n. 抑制剂
restraining	ri'streiniŋ	a. 抑制的；遏制的；控制的
restrains	risˈtreinz	v. 抑制( restrain的第三人称单数 ); 管制; 制止; 控制
restraint	ri'streint	n. 抑制, 克制, 束缚
restraints	rɪst'reɪnts	n. 抑制( restraint的复数形式 ); 克制; 控制; 约束力
restrict	ri'strikt	vt. 限制, 限定, 约束
restricted	ri'striktid	a. 受限制的, 有限的
restricter		限制产量者
restricting		n. 扼流；整形, 限制
restriction	ri'strikʃәn	n. 限制, 限定, 约束
restrictions		n. 限制；限制条件（restriction的复数形式）
restricts	risˈtrikts	v. （以法规）限制( restrict的第三人称单数 ); 约束; 束缚
restroom	'restru:m	n. 洗手间；休息室；更衣室；厕所
restrooms		n. 公共洗手间（restroom的复数）
rests		v. 其他
result	ri'zʌlt	n. 结果, 成绩, 答案
resultant	ri'zʌltәnt	a. 结果的, 合成的
resultants		(resultant 的复数) a. 结果的, 合成的
resulted	riˈzʌltid	v. 发生( result的过去式和过去分词 ); 导致; 随着发生; 结果发生
resulting	ri'zʌltiŋ	[计] 结果的, 合成的
results		n. 结果；成绩（result的复数）
resume	ri'zju:m	vt. 重新开始, 取回, 恢复
resumed	riˈzju:md	v. 重新开始( resume的过去式和过去分词 ); 重新获得; 重新占用; 恢复
resumes		n. 简历；个人履历（resume的复数）
retail	'ri:teil	n. 零售
retailed		vt. 零售（retail的过去式与过去分词形式）
retailer	'ri:teilә	n. 零售商人, 传播的人
retailing	'ri:teiliŋ	n. 零售业
retails		v. 零售；转述（retail的第三人称单数）
retain	ri'tein	vt. 保持, 保有, 留住, 记得, 付定金聘请
retained	riˈteind	v. 保持( retain的过去式和过去分词 ); 拦住; 保存; 止住
retainer	ri'teinә	n. 家臣, 侍从, 保持者
retaining	rɪˈteɪnɪŋ	n. 保留, 保持, 维持防护
retains	riˈteinz	v. 保持( retain的第三人称单数 ); 拦住; 保存; 止住
retard	ri'tɑ:d	n. 阻止, 延迟
retarded	ri'tɑ:did	a. 智力上迟钝的
retarder	ri'tɑ:dә	n. 阻滞物
retarding		v. 延迟；迟滞, 减速（retard的ing形式）
retards	rɪˈtɑ:dz	v. 使减速( retard的第三人称单数 ); 妨碍; 阻止; 推迟
retire	ri'taiә	n. 隐居
retired	ri'taiәd	a. 隐退的, 退休的, 退役的
retirees	rɪˌtaɪərˈi:z	n. 退休者, 退职者, 退役者( retiree的复数形式 )
retirement	ri'taiәmәnt	n. 退休, 隐居, 撤退
retirements	rɪˈtaɪəmənts	n. 退休( retirement的复数形式 ); 退职; 退役; 退休的实例
retires	riˈtaiəz	v. 退职, 退役, （使）退休( retire的第三人称单数 ); 退下; 撤退; 就寝
retort	ri'tɒ:t	n. 反驳, 顶嘴, 蒸馏器, 曲颈甑
retorted	riˈtɔ:tid	v. 反驳( retort的过去式和过去分词 )
retorter		n. 反驳, 顶嘴；曲颈瓶 (retort的变形)
retorting	ri'tɔ:tiŋ	甑馏, 干馏
retorts	riˈtɔ:ts	n. 反驳, 回嘴( retort的名词复数 ); 反驳的回答
retreat	ri'tri:t	n. 休息寓所, 撤退, 隐居, 退避
retreated	riˈtri:tid	v. 撤退( retreat的过去式和过去分词 ); 隐退; 离开; 规避
retreater		退降温度计
retreating	化	[原型] retreating 是 retreat 的现在分词
retreats	riˈtri:ts	v. 撤退( retreat的第三人称单数 ); 隐退; 离开; 规避
return	ri'tә:n	n. 回来, 返回, 来回票, 归还, 报答, 利润率, 报告书
returned	ri'tә:nd	a. 被送回的, 归来的
returner	ri'tә:nә	n. 离职生养小孩一段时间后复职的妇女；回击者
returnes		(returne 的复数) [网络] 反正也不用
returning		v. 归还, 返回, 回复（return的ing形式）
returns		n. 回报；收益；退货（return的复数）
reunite	.ri:ju:'nait	v. (使)再联合
reunited		v. 重聚；使再结合（reunite的过去式和过去分词）
reunites	ˌri:ju:ˈnaɪts	v. （使某人或某物）再次联合, 重聚( reunite的第三人称单数 )
reusable	ri:'ju:zәbl	a. 可以再度使用的
reusabler	ri:'ju:zəbl	adj. 可再次使用的，可反复使用的；可多次利用的
reusablest	ri:'ju:zəbl	adj. 可再次使用的，可反复使用的；可多次利用的
reveal	ri'vi:l	vt. 露出, 显示, 透露, 揭露, 泄露, (神)启示
revealed		v. 透露（reveal的过去式）；显示
revealer		n. 展示者, 揭露者
revealing	ri'vi:liŋ	a. 暴露的, 显露的, 揭露的
reveals	riˈvi:lz	v. 显示( reveal的第三人称单数 ); 揭示; 泄露; [神学]启示
revelation	.revi'leiʃәn	n. 揭露, 泄露, 发觉, 默示, 启示
revelations	ˌrevəˈleiʃənz	n. 显露( revelation的复数形式 ); 被揭露的事; 天启; 出乎意料的事[S][(+to)]
revenue	'revinju:	n. 收入, 岁入, 税收, 税务局
revenuer	'revәnju:ә	n. 税务官员
revenues	'revənju:z	n. 收入( revenue的复数形式 ); [复数]总收入; 收入来源; 税务局
reverse	ri'vә:s	n. 相反, 背面, 倒退, 挫折, 失败
reversed	ri'vә:sd	a. 反面的, 相反的, 反向的, 颠倒的
reverser	ri'vә:sә	n. 反向器, 换向器；换向开关；倒转机构换向开关
reverses	riˈvə:siz	n. 倒转( reverse的名词复数 ); 失败
review	ri'vju:	n. 检讨, 复习, 回顾, 检阅, 评论
reviewed		v. 评估；复习；评论；检讨（review的过去分词形式）
reviewer	ri'vju:ә(r)	n. 评论者, 书评作者, 评论家, 剧评家, 报刊评论家
reviewing	riˈvju:ɪŋ	v. 检验( review的现在分词 ); 复查; 写…的评论文章; 复习功课, 温习功课
reviews		n. 评论；综述；复核；复习（review的复数）
revise	ri'vaiz	n. 校订, 修正, 改样
revised		a. 改进的
reviser	ri'vaizә(r)	n. 修订者, 修改者, 修正者, 校对员, 再校员
revises		v. 修正；改订
revision	ri'viʒәn	n. 校订, 修正, 修订本, 修订版
revisioning	rɪ'vɪʒ(ə)n	n. 修订；校订；修改；修订版，修订本
revisions		n. 校订, 修正；复习（revision的复数形式）
revive	ri'vaiv	vt. 使苏醒, 使复兴, 使振奋, 回想起, 重播
revived		a. 复活的, 再生的
reviver	ri'vaivә	n. 使复活的人, 刺激性饮料, 兴奋剂
revives	riˈvaivz	v. 恢复( revive的第三人称单数 ); 苏醒; 使再生效; 回忆起
revolt	ri'vәult	n. 叛乱, 反抗, 反感
revolted	ri'vәjltid,-'vɔ:-	a. 起来反抗的, 起义的, 反叛的
revolting	ri'vәultiŋ	a. 背叛的, 叛乱的, 厌恶的
revolts	riˈvəults	n. 造反, 起义( revolt的名词复数 )
revolution	.revә'lu:ʃәn	n. 革命, 大变革, 旋转, 转数, 循环
revolutionaries	ˌrevəˈlu:ʃənəriz	n. 革命者, 革新者( revolutionary的复数形式 )
revolutionary	.revә'lu:ʃәnәri	n. 革命者, 革命党人
revolutioner	revə'luːʃ(ə)n	n. 革命；革命运动；彻底变革, 剧烈变革
revolutions		n. 革命, 转数（revolution的复数形式）
revolve	ri'vɒlv	v. (使)旋转, 反复考虑, 循环出现
revolved	riˈvɔlvd	v. （使）旋转( revolve的过去式和过去分词 ); 细想
revolver	ri'vɒlvә	n. 左轮手枪
revolves	riˈvɔlvz	v. （使）旋转( revolve的第三人称单数 ); 细想
reward	ri'wɒ:d	n. 报酬, 酬谢, 赏金
rewarded	riˈwɔ:did	v. 酬谢, 奖赏( reward的过去式和过去分词 )
rewarder		提供奖励、赏金的人（reward的变形）
rewarding	ri'wɒ:diŋ	a. 有益的, 有报酬的, 报答的
rewards		n. 奖励；奖品（reward的复数）
rewind	ri:'waind	vt. 重绕
rewinder	ri:'waindә(r)	n. 重绕机, 复绕机
rewinding	ri:'waɪndɪŋ	v. 倒回（影片、录音带等）( rewind的现在分词 ); 复卷; 倒带
rewinds	ri:ˈwaɪndz	n. 倒回（影片、录音带等）( rewind的复数形式 )
rhino	'rainәu	n. 钱, 现金, 犀牛
rhinos		n. 犀牛（rhino的复数形式）
rhyme	raim	n. 韵, 押韵, 韵文
rhymed		a. 押韵的
rhymer	'raimә(r)	n. 作诗者, 打油诗人
rhymes		n. 尾韵；押韵（rhyme的复数）
rhythm	'riðәm	n. 旋律, 节奏, 韵律, 匀称, 张弛节律
rhythmed		adj. 有节奏的
rhythmer	'rɪð(ə)m	n. 节奏；律动；节奏的格调；律动的模式
rhythmic	'riðmik	a. 有韵律的, 有节奏的
rhythmics	'riðmiks	n. 韵律研究, 韵律论
rhythming	'rɪð(ə)m	n. 节奏；律动；节奏的格调；律动的模式
rhythms	ˈriðəmz	n. 节奏( rhythm的复数形式 ); 规则变化; 规律; 节律
rib	rib	n. 肋骨, 肋状物, 笑话
ribbed	ribd	a. 有肋骨的, 有棱纹的
ribber	'rɪbə	罗纹机
ribbing	'ribiŋ	n. 肋状组织翅, 肋骨, 田垄, 玩笑
ribbon	'ribәn	n. 缎带, 色带, 带状物
ribboned	'rɪbən	n. 带；缎带；（勋章等的）绶带；带状物；勋表
ribboner	'ribәnә	打麻机, 碎茎打麻机
ribboning	'ribәniŋ	叠圈(络筒疵点)
ribbons	ˈribənz	n. 带( ribbon的复数形式 ); （打印机的）色带; 绶带; 带状物
ribes	'raibi:z	n. 虎耳草科酷栗属的植物
ribs		n. 肋骨；排骨（rib的复数）
rice	rais	n. 米, 米饭, 稻
riced		vt. 筛选（rice的过去式与过去分词形式）
ricer	'raisә	n. 使成细条的炊具, 压粒器, <美> 马铃薯捣碎机
rices	raisiz	n. 稻( rice的名词复数 ); 稻米, 大米
rich	ri:tʃ	a. 富裕的, 富饶的, 浓厚的, 贵重的
richer		a. 更富有的
riches	'ritʃiz	pl. 财富, 财产, 富有
richest		深的
richies	人名	[原型] richies 是 richie 的复数
riching	rɪtʃ	a. 富的, 富裕的, 有钱的；(自然资源)丰富的；富饶的
rickets	'rikits	n. 佝偻病
ricketss	'rɪkɪts	rickets
rid	rid	vt. 免除, 以...清除, 使获自由, 使摆脱
ridded		rid的过去式和过去分词
ridding	ridɪŋ	v. 使摆脱, 解除…的负担, 从…中清除( rid的现在分词 ); 摆脱, 丢弃, 扔掉
ride	raid	n. 骑马, 乘坐, 乘车, 搭便车
rider	'raidә	n. 骑手, (文件后的)附件, 扶手
rides		n. 座骑（ride的复数）
ridge	ridʒ	n. 脊, 山脊, 山脉
ridged	rɪdʒd	[医]嵴状的, 起皱的
ridger	'rɪdʒər	n. 起垄犁
ridges		n. 带钢单向皱纹
ridicule	'ridikju:l	n. 嘲笑, 愚弄, 笑柄
ridiculed	ˈrɪdɪˌkju:ld	v. 嘲笑, 嘲弄, 奚落( ridicule的过去式和过去分词 )
ridiculer		n. ridicule的变形
ridicules	ˈrɪdɪˌkju:lz	n. 嘲笑( ridicule的名词复数 ); 奚落; 嘲弄; 戏弄
ridiculous	ri'dikjulәs	a. 荒谬的, 可笑的
riding	'raidiŋ	n. 骑, 乘车, 乘, 骑术, 骑马
rids	ridz	v. 使摆脱, 解除…的负担, 从…中清除( rid的第三人称单数 ); 摆脱, 丢弃, 扔掉
rifle	'raifl	n. 来复枪, 步枪
rifled	'raɪf(ə)l	n. 步枪；来复枪
rifler	'raɪflə	n. 强盗
rifles		n. 来福枪；卡宾枪；步枪（rifle复数）
right	rait	n. 权利, 右边, 正义, 右派, 公正
righted	'raɪtɪd	v. 纠正( right的过去式和过去分词 ); 公正对待; 整理; 补偿
righter		n. 订正者；改正者
righties		n. 〔政〕右派；保守派；反动派
righting		v. 弄直；纠正；复原（right的ing形式）
rights		n. 正当权利
rigid	'ridʒid	a. 坚硬的, 刚性的, 严格的, 精密的, 刻板的
rigorous	'rigәrәs	a. 严厉的, 严酷的, 严格的, 苛刻的, 严密的, 精确的
rim	rim	n. 边, 轮缘, 框
rimed		结霜的
rimer	'raimә	[机] 绞刀
rimes		abbr. Research Institute for Metal Surface of High Performan
riming	raimiŋ	n. 淞化过程
rimmed	rimd	a. 有...边缘的
rimmer		n. 轮辋；沸腾钢；装边器
rimming	'rimiŋ	(沸腾钢)结壳沸腾作用
rims	计	[原型] RIMS 是 rim 的第三人称单数
ring	riŋ	n. 环, 环形物, 拳击场, 戒指, 角逐, 小集团, 铃声, 钟声, 声调
ringed	riŋd	a. 有环的, 环状的, 戴戒指的
ringer	'riŋә	n. 套环, 投环, 按铃者, 敲钟者
ringes		(ringe 的复数)  [地名] [德国] 林格; [地名] [丹麦] 灵厄
ringing	'riŋiŋ	a. 响亮的, 明白的, 清脆的, 干脆的
rings		n. 吊环（ring的复数）
rinse	rins	n. 清洗, 染发, 染发剂
rinsed	rinst	v. 漂洗( rinse的过去式和过去分词 ); 冲洗; 用清水漂洗掉（肥皂泡等）; （用清水）冲掉
rinser	'rinsә	[化] 冲洗器
rinses	rinsiz	v. 漂洗( rinse的第三人称单数 ); 冲洗; 用清水漂洗掉（肥皂泡等）; （用清水）冲掉
riot	'raiәt	n. 暴动, 喧闹, 放纵
rioted	ˈraiətid	v. 暴动, 闹事( riot的过去式和过去分词 )
rioter	'raiәtә	n. 暴民, 暴徒, 纵情享乐者
rioting	ˈraɪətɪŋ	n. 暴乱, 骚乱
riots	ˈraiəts	n. 暴乱( riot的名词复数 ); 骚乱; 极度丰富; 非常有趣的人（或事）
rip	rip	n. 裂痕, 破绽, 拉裂, 浪子, 巨浪
ripe	raip	a. 成熟的, 熟练的, 成年的
ripen	'raipәn	vt. 使成熟
ripened	ˈraɪpənd	v. 成熟, 使熟( ripen的过去式和过去分词 )
ripener		催熟剂
ripening	'raɪpənɪŋ	v. 成熟, 使熟( ripen的现在分词 ); 熟化; 熟成
ripens	ˈraɪpənz	v. 成熟, 使熟( ripen的第三人称单数 )
riper	raipə	a. 成熟的( ripe的比较级 ); 时机成熟的; 强烈的; 口味浓郁的
ripest		a. 成熟的( ripe的最高级 ); 时机成熟的; 强烈的; 口味浓郁的
riping		裂口；废物；[美国俚语]偷窃；浪子
ripped	ript	a. [美俚]喝醉的；受毒品麻醉的
ripper	'ripә	n. 撕裂者
ripping	'ripiŋ	a. 撕的, 绝妙的
ripple	'ripl	n. 涟波, 涟漪, 波纹, 粗钢梳
rippled		vt.& vi. 使泛起涟漪（ripple的过去式与过去分词形式）
rippler	'riplə	n. 梳麻工；梳麻机
ripples		n. 涟漪；波纹（ripple的复数）
rips	rips	v. 扯破, 撕坏( rip的第三人称单数 ); 撕成; 锯; 猛地扯开
rise	raiz	n. 上升, 增加, 上涨, 高地, 升高, 出现
riser	'raizә	n. 起床者, 叛徒, 起义者, 竖板
rises		v. 价格上涨；（日、月、星）升起；起身（rise第三人称单数）
risk	risk	n. 冒险, 危险, 保险额
risked		vt. 冒…的危险（risk的过去式与过去分词形式）
risker		n. 冒险者, 投机者
risking		vt. 冒…的危险（risk的现在分词形式）
risks		n. 风险, 危险（risk复数）
rival	'raivl	n. 对手, 竞争者
rivaled	'raɪv(ə)l	n. 竞争对手
rivales	网络	[原型] rivales 是 rivale 的复数
rivaling	'raɪvl	n. 对手；竞争者
rivalled		竞争（rival 的过去式和过去分词）
rivalling		(rival 的现在分词) n. 对手, 竞争者
rivals	'raivəlz	n. 竞争对手( rival的名词复数 )
river	'rivә	n. 河, 江
rivered	'rivəd	a. 有河流的
rivers		n. 里弗斯（人名）；河流州（尼日利亚州名）；河水钻
road	rәud	n. 路, 道路, 公路, 途径, 方法
roader	'rәudә	修路工人, 清道夫
roadest	rəʊd	n. 道路；公路；＝ roadbed
roadies		(roady 的复数) n. 巡回乐队管理员
roading	'rәudiŋ	n. 公路建设与保养
roads		n. 开敞或半开敞锚地；道路（road的复数）
roadying		(roady 的现在分词) n. 巡回乐队管理员
roam	rәum	v. 漫游, 闲逛, 徜徉
roamed	rəumd	v. 随便走( roam的过去式和过去分词 ); 漫步; 眼睛或手 （缓慢地）扫遍; 摸遍
roamer		n. 徘徊者, 游历者, 漫游者
roaming	计	[原型] roaming 是 roam 的现在分词
roams	rəumz	v. 随便走( roam的第三人称单数 ); 漫步; 眼睛或手 （缓慢地）扫遍; 摸遍
roar	rɒ:	n. 吼, 咆哮, 轰鸣
roared	rɔ:d	v. 咆哮( roar的过去式和过去分词 ); 大笑; 大哭; 熊熊燃烧
roarer	'rɒ:rә	n. 吼叫者, 患吼喘症的马
roaring	'rɒ:riŋ	n. 吼声, 咆哮, 怒吼
roars		n. 怒吼
roast	rәust	n. 烤肉, 烘烤, 嘲笑
roasted		a. 烤的
roaster	'rәustә	n. 炙烤的人, 烘烤器, 焙烧炉
roastest	rəʊst	vt. 烤；炙；焙；烘：；烤热；使变暖；使取暖：
roasties	网络	[原型] roasties 是 roasty 的复数
roasting	'rәustiŋ	a. 非常热的
roasts	rəusts	n. 烤肉( roast的名词复数 ); 户外烧烤野餐; 以取笑方式赞扬某人一生行事的聚会
rob	rɒb	v. 抢夺, 抢掠, 剥夺
robbed	rɔbd	v. 抢夺( rob的过去式和过去分词 ); 抢劫; 掠夺; 使丧失
robber	'rɒbә	n. 强盗, 盗贼
robberies	ˈrɔbəri:z	n. 抢劫案( robbery的名词复数 ); 明抢; 敲竹杠; 明目张胆地索取高价
robbery	'rɒbәri	n. 抢掠, 抢夺
robbing	'rɔbiŋ	n. 回采矿柱
robed	rəʊb	n. 长袍, 礼服；制服
rober		n. 穿长袍的人
robes		n. 礼服；长袍
robies		n. (Roby)人名；(英、法)罗比
robing		vt. 使穿上长袍（robe的ing形式）
robot	'rәubәt	n. 机械人, 自动机械, 机械般工作的人
roboting	'rəʊbɒt	robot
robots		n. 机器人（robot的复数形式）
robs	rɔbz	v. 抢夺( rob的第三人称单数 ); 抢劫; 掠夺; 使丧失
rock	rɒk	n. 岩石, 岩礁, 石头, 基石, 暗礁, 摇动, 摇滚乐
rocked	rɔkt	v. （使）来回摆动( rock的过去式和过去分词 ); 使震惊, 使受震动
rocker	'rɒkә	n. 摇的人, 摇杆
rockes		(rocke 的复数) n. (Rocke)人名；(英、德)罗克
rocket	'rɒkit	n. 火箭, 烟火
rocketed		a. 利用火箭运载的）；借火箭起动的（火箭助推的
rocketer	'rɔkitә	惊起向上直飞的猎鸟
rocketing		vi. 飞快地移动（rocket的现在分词形式）
rockets		n. 休斯敦火箭队（篮球队名）
rocketted		(rocket 的过去分词) n. 火箭, 烟火
rockies	'rɔkiz	n. 落基山脉
rocking	'rɒkiŋ	a. 摇摆的, 摇动的
rocks		n. 岩石, 岩礁；岩石礁石（rock复数形式）
rod	rɒd	n. 竿, 笞鞭, 小枝
rodded	rɒd	n. 【机】杆；测量杆；避雷针；杖
rodder	'rɔdә(r)	n. 开快车的人
rodding	'rɔdiŋ	[机] 砂心骨
rode	rәud	ride的过去式
roded		v. ride(骑)的过去式
roderick	'rɔdәrik	n. 罗德里克(亦作Roderic)(m.)
rodies		n. (Rody)人名；(英)罗迪
roding	'rәjdiŋ	n. (小渔船等用的)锚缆
rods		n. 棒条体；鱼竿（rod的复数）
role	rәul	n. 角色, 职责, 任务
roles		n. 人物；角色；任务, 作用（role的复数形式）
roll	rәul	n. 卷, 滚动, 名单, 案卷, 压路机
rolled	rәuld	a. 辗压的, 辊轧的, 轧制的
roller	'rәulә	n. 滚筒, 滚轴, 压路机
rollered	'rәjlәd	a. 具有滑轮的, 装在滑轮上的
rollering		(roller 的现在分词) n. 滚筒, 滚轴, 压路机
rollers		n. 压路机, 长涌群；辊轴支架；滚筒；滚轴（roller的复数形式）
rolles	人名	[原型] rolles 是 rolle 的复数
rollies		(rolly 的复数) n. 禄来牌照相机（等于Rollei）
rolling	'rәuliŋ	a. 旋转的, 波动的, 起伏的
rolls	rәulz	n. 面包卷；捆；卷轴；辊碎机；滚动（roll的复数）
roman	'rәumәn	n. 罗马人
romance	rәu'mæns	n. 冒险故事, 浪漫史, 传奇文学
romanced	rə(ʊ)'mæns; 'rəʊmæns	n. 传奇；浪漫史；风流韵事；冒险故事
romancer	rәu'mænsә	n. 传奇小说作家, 讲虚构故事的人
romances	rəuˈmænsiz	n. 浪漫史( romance的名词复数 ); 爱情小说; 恋爱; 传奇色彩
romancest	rə(ʊ)'mæns; 'rəʊmæns	adj. 罗曼语的；拉丁语系的[亦作Romanic]
romand		n. (Romand)人名；(葡)罗曼德；(法)罗芒
romanes	'rɔmәnez	n. 罗姆语,吉卜赛语
romanies		n. Romany的变形
romans	'rәjmәnz	n. 《罗马书》（《圣经·新约》中的一卷）
romantic	rәu'mæntik	a. 浪漫的, 风流的, 传奇性的, 夸大的, 空想的, 浪漫派的
romantics	rə'mæntɪks	n. 富于浪漫气息的人( romantic的复数形式 ); 浪漫主义作家[画家等]
roof	ru:f	n. 屋顶, 室顶
roofed	ru:ft	a. 有顶的, 有屋顶的
roofer	'ru:fә	n. 盖屋顶的人, (客人致主人的)道谢函
roofies	'ru:fi	n. [俚语]魂飞,氟硝安定(催眠镇静药)[亦作date-rape drug, forget drug]
roofing	'ru:fiŋ	n. 盖屋顶
roofs	ru:fs	n. 屋顶( roof的名词复数 ); (1)顶板(2)顶（巷道）; 有…顶的; 洞顶
room	ru:m	n. 房间, 空位, 场所
roomed	ru(:)md	a. 有(某一数量或大小的)房间的
roomer	'ru:mә	n. 房客
roomes		(roome 的复数)  [人名] [英格兰人姓氏] 鲁姆 Roman的变体
roomies		n. 〈非正式〉室友
rooming	'ru:miŋ,'rj-	n. 房间出租
rooms		n. 空间；房间（room的复数）
rooster	'ru:stә	n. 公鸡, 栖息的鸟
roosters	'ru:stəz	n. 公鸡( rooster的复数形式 ); [美]狂妄自负的人, 好斗者
root	ru:t	n. 根, 根本, 根源, 基础, 底部
rooted	'ru:tid	a. 生根的, 有根的, 根深蒂固的
rooter	'ru:tә	n. 拔根者, 用鼻拱土的动物, 挖土机, 啦啦队员
rootes		(roote 的第三人称 -s形式)  [人名] 鲁特
rooties	网络	[原型] rooties 是 rooty 的复数
rooting	'ru:tiŋ	[计] 求根
roots		n. 乡土感情, 归根之情
ropeway	'rәupwei	n. 索道, 缆索铁路
ropeways		n. 缆索道；悬空索道
rosebud	'rәuzbʌd	n. 蔷薇花蕾, 妙龄少女
rosebuds	ˈrəuzbʌdz	n. 蔷薇花蕾, 妙龄少女, <美>初入社交界的少女( rosebud的复数形式 )
rot	rɒt	n. 腐烂, 腐蚀, 败坏
rotaries		(rotary 的复数) a. 旋转的, 轮流的
rotary	'rәutәri	a. 旋转的, 轮流的
rotate	'rәuteit	a. 辐状的
rotated	rəuˈteitid	v. （使某物）旋转[转动]( rotate的过去式和过去分词 ); （使某人或某物）轮流[按顺序循环]
rotates	rəuˈteits	v. （使某物）旋转[转动]( rotate的第三人称单数 ); （使某人或某物）轮流[按顺序循环]
rotation	rәu'teiʃәn	n. 旋转, 循环, 轮流
rotations	rəʊ'teɪʃnz	n. 旋转( rotation的复数形式 ); 转动; 轮流; 轮换
rotes	rəʊt	n. 死背；【乐】同“rotte”；机械方法；刻板办法
roting	rɒt	vi. 腐烂：；腐朽；破损：
rots	rɔts	n. 腐烂, 腐朽( rot的名词复数 )
rotted	rɔtid	v. （使）腐烂, （使）腐朽( rot的过去式和过去分词 )
rotten	'rɒtn	a. 腐烂的, 恶臭的, 堕落的, 风化的, 虚弱的
rottener		rotten（腐烂的）的比较级形式
rottenest		rotten（腐烂的）的最高级形式
rotter	'rɒtә	n. 无赖
rotting	'rɔtiŋ	vt. 深蚀刻；腐败, 腐坏之（rot的现在分词形式）
rough	rʌf	n. 粗糙的东西, 毛坯, 未加工品, 梗概, 草图, 暴徒, 艰难
roughed	rʌft	v. 使粗糙( rough的过去式和过去分词 ); 过艰苦生活; 渡过暂时的难关; [体育]（橄榄球、足球等比赛中）粗暴
rougher	'rʌfә	n. 粗切机；粗选槽
roughest		粗糙的
roughies		(roughy 的复数) n. =roughie
roughing	'rʌfiŋ	[化] 初步加工
roughly	'rʌfli	adv. 概略地, 粗糙地, 粗暴地
roughs	rʌfs	v. 使粗糙( rough的第三人称单数 ); 过艰苦生活; 渡过暂时的难关; [体育]（橄榄球、足球等比赛中）粗暴对待
round	raund	n. 圆, 圆形物, 巡回, 循环, 一轮, 一回合, 一局, 范围, 轮唱
roundabout	'raundә.baut	a. 迂回的, 委婉的
roundabouts	ˈraundəbauts	n. roundabout的复数; 绕行路线, 绕道, 环状交叉路( roundabout的复数形式 )
rounded	'raundid	a. 圆形的, 滚圆的, 完整的, 圆润的
rounder	'raundә	n. 巡行者, 看夜人, 巡官, (美)(非正式)浪荡子, 惯犯, 酒鬼
roundest		最圆的
rounding	'raundiŋ	[计] 舍入
rounds		n. 圆形物；旋转；巡视；循环（round的复数）
rouse	rauz	n. 觉醒, 奋起, 干杯
roused	rauzd	v. 醒来, 唤醒( rouse的过去式和过去分词 ); 使…活跃起来[产生兴趣]; 激昂
rouser	'rauzә	n. 唤醒者, 搅拌器, 弥天大谎
rouses	rauziz	v. 醒来, 唤醒( rouse的第三人称单数 ); 使…活跃起来[产生兴趣]
route	ru:t	n. 路径, 途径, 路线
routed		n. 已选择路径
routeing	ruːt	n. 路线；途径；路途；渠道
router	'ru:tә(r), 'raj-	[计] 路由器
routes		n. 线路；路由, 路径
routine	ru:'ti:n	n. 常规, 日常工作, 惯例, 例行公事
routineer	.ru:ti'niә	n. 墨守成规者
routiner		定期测试装置
routines		n. 日常生活；日常活动；常规, 惯例（routine的复数）
routinest	ruː'tiːn	n. 日常工作，日常事务；例行公事；惯例；常规
row	rәu. rau	n. 排, 行, 街道, 划船, 吵闹
rowed	rəud	v. 划船( row的过去式和过去分词 ); （用船）划运; 用…支桨划; 充当划手
rower	'rәuә	n. 桨手
rowing	'rәuiŋ	n. 划船
rows		n. 返回引用中的行数；行（row的复数形式）
royal	'rɒiәl	n. 王室, 皇族
royaler	'rɒɪəl	royal
royales		内布拉斯加优质火鸡
royalest	'rɒɪəl	royal
royals	ˈrɔiəlz	n. 王室成员( royal的复数形式 )
royalties		n. 版税；稿酬（royalty的复数形式）
royalty	'rɒiәlti	n. 皇室, 王族成员, 王权, 特权阶层, 庄严
rsvp		请赐复, 请答覆, 请答复
rsvps	,a:r es vi: 'pi:	abbr. 请回复（Respondez sil vous plait）
rub	rʌb	n. 摩擦, 困难, 障碍, 磨损处
rubbed		v. 摩擦；搓；擦（rub的过去式和过去分词）
rubber	'rʌbә	n. 橡皮, 橡胶, 做摩擦动作的人, 按摩师, 决胜盘
rubbest	rʌb	rub1
rubbing	'rʌbiŋ	n. 摩擦, 研磨, 摹拓
rubbish	'rʌbiʃ	n. 废物, 垃圾, 胡说
rubbished	ˈrʌbiʃt	v. <英澳·非正>把…说得一钱不值, 贬损…( rubbish的过去式和过去分词 )
rubbishes	ˈrʌbiʃiz	n. 垃圾( rubbish的名词复数 ); 无意义的东西; 废话; 劣质的东西
rubbishing		a. 垃圾的, 废物的, (非正式)无价值的, 愚蠢的, 微不足道的
ruber	'ru:bә	[医] 红的, 红核
rubes		<美俚>乡巴佬, 土包子( rube的名词复数 )
rubied	'ru:bi:d	a. 红玉色的, 深红的
rubies	ˈru:biz	n. 红宝石( ruby的名词复数 ); 红宝石色, 深红色
rubs	rʌbz	v. 擦( rub的第三人称单数 ); 擦掉; 涂; （使）相互磨擦
ruby	'ru:bi	n. 红宝石, 深红色
rubying	'ruːbɪ	n. 红宝石；红宝石色
rubys		(ruby 的复数) n. 红宝石, 深红色
rude	ru:d	a. 粗鲁无礼的, 粗陋的, 粗暴的, 原始的, 未开化的, 大略的, 崎岖不平的, 狂暴的
ruder		n. (Ruder)人名；(英、德、瑞典)鲁德
rudest	'ru:dɪst	a. 无礼的, 粗糙的; 粗鲁的( rude的最高级 ); 简陋的; 狂暴的; 近乎下流的
rug	rʌg	n. 小块地毯, 揭露某人
rugbies	网络	[原型] rugbies 是 rugby 的复数
rugby	'rʌ^bi	n. 橄榄球, 橄榄球赛
ruger		n. 鲁格（公司名）
rugged	'rʌgid	a. 高低不平的, 崎岖的, 粗糙的
rugger	'rʌgә	n. 英式橄榄球
rugging	'rʌ^iŋ	厚绒地毯呢
rugs		n. 地毯；毯子（rug的复数）
ruin	ruin	n. 毁灭, 推翻, 废墟
ruined	'ruind	a. 毁灭的, 没落的, 荒废的
ruiner		n. 废墟；毁坏；灭亡 (ruin的变形)
ruines	网络	[原型] ruines 是 ruine 的复数
ruining	ˈruinɪŋ	v. 破坏( ruin的现在分词 ); 毁掉; 使破产; 使沦落
ruins		n. 虚墟, 遗迹
rule	ru:l	n. 规则, 统治, 控制, 支配, 规律, 标准, 章程, 破折号, 铅线
ruled		a. 有横隔线的；有直线行的；受统治的
ruler	'ru:lә	n. 统治者, 管理者, 尺, 直尺
rulers	'ru:ləz	n. 尺( ruler的复数形式 ); 直尺; 统治者; 支配者
rules		n. 规则；条例（rule的复数形式）
run	rʌn	n. 跑, 赛跑, 奔跑, 奔跑的路程, 趋向, 流出, 运转时间, 连续
runed	ru:nd	a. 刻有北欧古文字的
runes		n. 如尼文；用如尼文写的手稿；诗歌；具有神秘意义的符号（rune的复数）
runing		(rune 的现在分词) n. 诗歌；古代北欧文字；神秘的记号
runner	'rʌnә	n. 跑步者, 赛跑者, 送信人, 走私船, 操作者, 滑槽
runnest	rʌn	run
running	'rʌniŋ	n. 赛跑, 流出, 运转
runs		n. 顺串；泻肚子；流量（run的复数形式）
rural	'ruәrәl	a. 乡下的, 田园的, 乡村风味的
rurales	ru:'rɑ:leis	n. 墨西哥乡村骑警队
rush	rʌʃ	n. 匆促, 冲进, 急流, 灯心草
rushed		a. 匆忙的；贸然的
rusher	'rʌʃə	[体]猛攻运动员
rushes	医	[原型] rushes 是 rush 的第三人称单数
rushies	网络	[原型] rushies 是 rushie 的复数
rushing	'rʌʃiŋ	a. 急流的；旺盛的
russian	'rʌʃәn	n. 俄国人, 俄语
russians	ˈrʌʃənz	n. 俄国人, 俄罗斯人, 俄语( Russian的复数形式 )
rust	rʌst	n. 锈, 生锈, 衰退
rusted	rʌstid	v. （使）生锈( rust的过去式和过去分词 )
rustest	rʌst	rust
rusting	'rʌstiŋ	n. 生锈；锈蚀
rusts		n. [植物学]锈菌类（rust的复数）
rusty	'rʌsti	a. 生锈的, 腐蚀的, 生疏的, 顽固的, 腐烂的
ruthless	'ru:θlis	a. 无情的, 残忍的, 毫不留情的, 彻底的
sack	sæk	n. 麻布袋, 洗劫
sacked		v. 解雇；洗劫；把…装进袋里；睡觉（sack的过去分词）
sacker	'sækә	n. 垒手, 掠夺者, 装袋者
sacking	'sækiŋ	n. 袋布, 麻袋布
sacks		麻布袋
sacred	'seikrid	a. 神圣的, 献给上帝的, 庄严的, 祭祀的
sacrifice	'sækrifais	n. 牺牲, 供奉, 祭品
sacrificed	ˈsækrifaist	a. [医]被处死的
sacrificer		基督的献身（指耶稣被钉于十字架上）
sacrifices	ˈsækrifaisiz	n. 牺牲( sacrifice的名词复数 ); 舍身; 献祭; 祭品
sad	sæd	a. 忧愁的, 悲哀的
sadd	sæd	(白尼罗河上游的)大块漂浮植物
sadder		a. 更难过的（sad的比较级）
saddest	sædist	a. 悲伤的（sad的最高级）
saddle	'sædl	n. 鞍, 马鞍, 车座, 鞍状物
saddled		vt.& vi. 给（马）装鞍（saddle的过去式与过去分词形式）
saddler	'sædlә	n. 制造马鞍的人, 马具商, 骑用马
saddles	ˈsædlz	n. 马鞍( saddle的名词复数 ); （自行车或摩托车的）车座; （动物的）脊肉
saded	'sɑ:di:	n. [亦作 sadhe,sadi, tsadi]希伯来语的第十八个字母
sades	网络	[原型] sades 是 sade 的复数
sadies	'seidi	Sadie
sadness	'sædnis	n. 悲哀, 悲伤
sadnesses		(sadness 的复数) n. 悲哀, 悲伤
sadr		n. 萨德尔
sads	'sædz	[医][=schedule for affective disorders and schizophrenia]情感障碍
safe	seif	n. 保险箱, 冷藏室
safeguard	'seifgɑ:d	n. 保卫, 保护措施, 防护设施
safeguarded		vt. 保护, 保卫（safeguard的过去式与过去分词形式）
safeguarding		n. 安全防护；安全措施
safeguards		n. 保障措施；安全保护（safeguard的复数）
safer		a. 更安全（safe的比较级）
safes		n. 钱盒；保险箱（safe的复数）
safest		a. 安全的（safe的最高级）
safeties	ˈseiftiz	n. 安全( safety的复数形式 ); 平安; 安全性; 无危险
safety	'seifti	n. 安全, 保险, 平安, 保安设备
sail	seil	n. 帆, 篷, 帆船, 航程, 帆状物
sailed	seild	v. 驾驶( sail的过去式和过去分词 ); 起航; 坐船旅行; 掠
sailer	'seilә	n. 帆船
sailing	'seiliŋ	n. 航行, 航海术, 启航
sailor	'seilә	n. 水手, 船员, 海员
sailord		启航命令
sailoring	'seilәriŋ	n. 海员生活
sailors	'seɪləz	n. 水手, 海员( sailor的复数形式 ); 驾船人
sails		n. 帆；航行（sail的复数）
saint	seint	n. 圣徒, 圣人
sainted	'seintid	a. 成为圣人的, 上天堂的, 德高的
sainties	网络	(sainty 的复数)
sainting	seɪnt	n. 圣人；圣徒；道德崇高的人
saints		n. 圣人；圣徒（saint的复数）
sake	seik	n. 目的, 缘故, 理由
saker	'seikә	n. 猎隼
sakes	seiks	n. 缘故( sake的复数形式 ); 理由; 日本米酒; 目的
salad	'sælәd	n. 色拉
salades	网络	[原型] salades 是 salade 的复数
salading	'sæləd	n. (社会)自由民主党人
salads	'sælədz	n. 色拉( salad的复数形式 ); （或生或熟, 多拌有蛋黄酱, 与面食、豆类等一起食用的）蔬菜色拉; （拌有肉、
salaries	ˈsæləriz	n. 薪水( salary的名词复数 )
salary	'sælәri	n. 薪水
salarying	'sælərɪ	vt. 给...加薪；给...薪水
sale	seil	n. 出售, 卖, 拍卖, 销售额, 廉价出售
saler		n. (Saler)人名；(德)扎勒
sales		a. 销售的
sallies	'sællaɪz	n. 突围( sally的名词复数 ); （感情等）迸发; 俏皮话; 远足
sally	'sæli	n. 突击, 出击, 远足
sallying	'sæliiŋ	n. 船员跑动使船摆动
salmon	'sæmәn	n. 鲑鱼, 大麻哈鱼
salmond		n. (Salmond)人名；(英)萨蒙德
salmons	ˈsæmənz	n. 鲑鱼, 大马哈鱼( salmon的名词复数 )
salt	sɒ:lt	n. 盐, 风趣, 刺激
salted	'sɒ:ltid	a. 盐腌的, 盐味的, 有经验的, 虚报的
salter	'sɔ:ltә	n. 制盐人, 卖盐人, 腌制者, (非正式)矿山骗子
salting	'sɔ:ltiŋ	n. 经常为潮水淹没的土地
salts	sɔ:lts	n. 盐( salt的名词复数 ); 风趣; 味道或外观等像盐的物质; 增添趣味[活跃气氛]的事物
salty	'sɒ:lti	a. 有盐分的, 咸味浓的, 海洋的, 辛辣的, 有经验的
salute	sә'lu:t	vi. 行礼, 致意, 问候, 放礼炮
saluted	səˈlu:tid	v. 欢迎, 致敬( salute的过去式和过去分词 ); 赞扬, 赞颂
saluter		n. 致敬, 欢迎；敬礼 (salute的变形)
salutes	səˈlu:ts	n. 致敬, 欢迎, 敬礼( salute的名词复数 )
sam	sæm	[计] 安全性帐户管理器
same	seim	a. 相同的, 同样的
sameer	seɪm	a. [the same]同一的；[the same]相同的,同样的
sames		abbr. Societe Anonyme de Machines Electrostatiques （法语）萨梅丝公司
samest	seɪm	same
samies	网络	(samy 的复数)
samming	'sæmiŋ	均湿(法)
sample	'sæmpl	n. 样品, 范例, 样本
sampled		a. 取样的, 抽样的
sampler	'sæmplә	n. 样品检验员, 刺绣样品
samples		n. 样品；采样；例子（suffer的复数形式）
sams		abbr. 卫星自动监视系统（Satellite Auto-Monito
samuel	'sæmjuәl	n. 撒母耳（希伯来先知）；塞缪尔（男子名）
samuels		n. (Samuels)人名；(西、瑞典)萨穆埃尔斯；(英)塞缪尔斯
sand	sænd	n. 沙, 沙子, 沙滩, 光阴, 生涯
sandal	'sændl	n. 凉鞋, 拖鞋, 檀香木
sandaled		a. 穿凉鞋的, 穿便鞋的
sandaling		凉鞋编料
sandalled		a. 穿凉鞋的, 穿便鞋的
sandals		n. 凉鞋；便鞋；拖鞋（sandal的复数）
sanded	'sændid	a. 铺沙的, 满地是沙的, 沙地的
sander	'sændә	[电] 散沙
sanders	'sændәs	[医] 檀香, 檀木
sanding	'sændiŋ	[化] 打磨
sands		n. 沙滩；沙漠；含油砂岩地层（sand复数）
sandwich	'sændwitʃ	n. 三明治, 夹心面包, 夹层板
sandwiched	ˈsænwidʒd	v. 插入( sandwich的过去式和过去分词 ); 把…夹在…之间; 挤在…中间; 把…夹在面包片中
sandwiches	ˈsænwidʒz	n. 三明治( sandwich的名词复数 ); 夹层; 夹心蛋糕; 状似三明治的东西
sandwiching	'sænwɪdʒɪŋ	v. 插入( sandwich的现在分词 ); 把…夹在…之间; 挤在…中间; 把…夹在面包片中
santa	'sæntә	n. 圣诞老人（等于Santa Claus）
santar	'sæntɑ:	黄色氧化汞
santas		n. 圣诞老人（等于Santa Claus）；山他司牌手表
sardine	sɑ:'di:n	n. 沙丁鱼
sardined		(sardine 的过去时) n. 沙丁鱼
sardines	sɑ:ˈdi:nz	n. 沙丁鱼（罐装的）( sardine的复数形式 )
sars		非典型肺炎（Severe Acute Respiratory Syndromes）
sarss	网络	[原型] sarss 是 sars 的复数
satellite	'sætlait	n. 人造卫星
satellited		具有卫星的,有附属部分的
satellites	ˈsætəlaits	n. 卫星( satellite的复数形式 ); 人造卫星; 卫星国; 附庸国
satisfaction	.sætis'fækʃәn	n. 满足, 满意, 快事, 赔偿, 赎罪, 报仇的机会
satisfactions		(satisfaction 的复数) n. 满足, 满意, 快事, 赔偿, 赎罪, 报仇的机会
satisfactorily	.sætis'fæktәrili	adv. 令人满意地
satisfactory	.sætis'fæktәri	a. 满意的, 赎罪的
sato		abbr. 自对准厚氧化物层（Self-Aligned Thick-Oxide）
satoes		abbr. 自对准厚氧化物层（Self-Aligned Thick-Oxide）
saturation	.sætʃә'reiʃәn	n. 饱和, 渗透, 浸透, 色饱和度
saturations	ˌsætʃəˈreɪʃənz	n. 浸湿( saturation的复数形式 ); 浸透; （达到）饱和状态; 饱和度
saturday	'sætәdi	n. 星期六
saturdays	'sætәdiz, -deiz	adv. 每星期六, 在任何星期六
saturn	'sætәn	n. 土星
saturns	ˈsætənz	n. <天>土星( Saturn的名词复数 )
saucer	'sɒ:sә	n. 茶碟, 茶托
saucers	ˈsɔ:səz	n. （放茶杯的）浅碟, 茶托, 茶碟( saucer的复数形式 )
sausage	'sɒsidʒ	n. 香肠, 腊肠
sausages	'sɒsɪdʒɪz	n. 腊肠, 香肠; 香肠( sausage的复数形式 )
savagely		adv. 野蛮地；残忍地
save	seiv	n. 救球
saved		a. 已保存的；获救的
saver	'seivә	n. 节省...的器具, 节约装置, 省俭的人
saves		n. 救援（save的复数）
saw	sɒ:	n. 锯子, 谚语
sawed		saw的过去式和过去分词
sawer	'sɔ:ər	锯工
sawing	'sɔ:iŋ	[机] 锯解
saws	'sɔ:z	n. 锯( saw的复数形式 ); 谚语, 格言
say	sei	vt. 说, 讲, 念, 说明, 指明
sayer		n. 说话的人
sayes		(Saye 的复数) n. (Saye)人名；(英、利比、布基)塞伊
sayest	'seiist	v. say的第二人称,单数(古)
saying	'seiiŋ	n. 叙述, 话, 说, 言论
sayings		n. 语录（saying的复数）
says	sez	v. 说（第三人称单数）
sayst	seist	<古>= sayest
scale	skeil	n. 刻度, 衡量, 比例, 比例尺, 数值范围, 等级, 规模, 天平, 秤, 鳞, 积垢
scaled	skeild	a. 有鳞(斑)的, 瓦片迭盖的, 栉比鳞次的
scaler	'skeilә	n. 定标器, 攀登者, 刮刀, 过秤者, 刮鳞人
scales		n. 缩放；天平；鳞屑；磅秤
scan	skæn	n. 审视, 浏览, 扫描, 细查
scand		斯堪地纳维亚（Scandinavia的缩写）
scandal	'skændәl	n. 丑闻, 中伤, 耻辱, 反感, 流言蜚语
scandales	地名	(scandale 的复数)
scandals	ˈskændlz	n. 丑事( scandal的复数形式 ); 流言蜚语; 闲话; 诽谤
scanned		a. 已扫描的
scanner	'skænә	n. 扫描仪, 扫描盘, 审视者
scanning	'skæniŋ	[计] 扫描
scans		abbr. 网络系统自动程序控制（scheduling control automation by network sy
scar	skɑ:	n. 疤痕, 伤痕, 悬崖
scarce	skɑ:s	a. 难得的, 稀罕的, 缺乏的
scarcely	'skɑ:sli	adv. 简直不, 一定不, 仅仅
scarcer	skɛəsə	a. 缺乏的, 罕见的( scarce的比较级 )
scarcest		a. 缺乏的, 罕见的( scarce的最高级 )
scarcities		(scarcity 的复数) n. 缺乏, 不足, 缺少
scarcity	'skɑ:siti	n. 缺乏, 不足, 缺少
scard	s'kɑ:rd	abbr. signal conditioning and recording device 信号调节和记录装置
scare	skєә	n. 惊吓, 恐慌
scared	skeәd	a. 害怕的, 担惊受怕的, 惊慌的, 吓坏了的
scaredies	网络	(scaredy 的复数)
scarer	'skeәrә	吓人的人[物]
scares	'skærәs	n. 砂岩中透镜状煤体；煤中黄铁矿薄片
scarf	skɑ:f	n. 围巾, 头巾, 领带, 领巾, 嵌接
scarfed	s'kɑ:ft	斜接的
scarfer	'skɑ:fә	钢坯烧剥器
scarfes	skɑ:f	n. [苏格兰英语]【鸟类】鸬鹚[亦作 scarf]
scarfing	'skɑ:fiŋ	嵌接, 斜嵌槽
scarfs		肩上的披巾, 头巾, 围巾, 领带, 领巾, 狭长台布, 绶带, 斜面, 槽, 截面, 切口
scaring	skeərɪŋ	vt. 惊吓, 受惊, 威吓
scarlet	'skɑ:lit	n. 猩红色, 绯红色, 红衣
scarlets	ˈskɑ:lɪts	n. 鲜红色, 猩红色( scarlet的复数形式 )
scarred		a. 伤痕累累, 有疤痕的；瘢痕性的
scarring	医	[原型] scarring 是 scar 的现在分词
scars		n. 冻结物；疤痕；创伤（scar的复数形式）
scary	'skєәri	a. 容易受惊的, 胆小的, 提心吊胆的
scatter	'skætә	n. 消散, 分散, 散播, 散射, 散布, 酒馆
scattered	'skætәd	a. 分散的, 散乱的
scatterer	'skætәrә	n. 分散者, 散射体, 撒播者
scattering	'skætәriŋ	n. 分散, 散射, 稀疏的少量
scatters	ˈskætəz	v. （使）散开, （使）分散, 驱散( scatter的第三人称单数 ); 撒
scene	si:n	n. 场, 情景, 镜头, 发生地点, 道具, 布景, 景色
sceneries		(scenery 的复数) n. 风景, 景色, 舞台布景
scenery	'si:nәri	n. 风景, 景色, 舞台布景
scenes		n. 现场, 景色；场景（scene的复数）
sceptical	'skeptikl	a. 怀疑论的, 怀疑的
schedule	'skedʒuәl	n. 时间表, 一览表, 计划表, 议事日程
scheduled	'skedʒuәld	a. 预定的
scheduler	'ʃedju:lә	n. 制表人, 程序机
schedules		n. 时间表；待办事项；日程安排（schedule的复数形式）
scheme	ski:m	n. 方案, 计划, 组合, 系统, 图解, 诡计, 阴谋
schemed	ski:md	v. 策划, 图谋( scheme的过去式和过去分词 ); 设计, 计划; 设计, 制定计划
schemer	'ski:mә	n. 计划者, 阴谋家
schemes	ski:mz	n. 计划( scheme的名词复数 ); 体系; 阴谋
scholar	'skɒlә	n. 学者, 奖学金获得者, 有文化者, 学习者
scholars	s'kɒləz	n. 奖学金获得者( scholar的复数形式 ); 学者; 聪颖勤奋的学生; 文人学士
scholarship	'skɒlәʃip	n. 学问, 学术成就, 奖学金
scholarships	ˈskɔləʃips	n. 学问, 学识( scholarship的复数形式 ); 奖学金
school	sku:l	n. 学校, 鱼群, 门派, 学派
schoolbag	'sku:lbæ^	n. 书包
schoolbags		(schoolbag 的第三人称 -s形式) n. 书包
schooled	sku:ld	a. 受过教育的, 受过训练的
schooler		斯库勒（男子名）
schoolies	'sku:li	n. [俚语]教官；[澳大利亚英语、英国方言]教师
schooling	'sku:liŋ	n. 学校教育, 学费
schoolmate	'sku:lmeit	n. 同窗, 同学
schoolmates	ˈsku:lˌmeɪts	n. 同学, 校友( schoolmate的复数形式 )
schools		n. 学校（school的复数形式）
science	'saiәns	n. 科学, 学科, 学问, 自然科学
sciences		n. 科学（science的复数）
scientific	.saiәn'tifik	a. 科学的, 系统的, 符合科学规律的
scientist	'saiәntist	n. 科学家
scientists	'saɪəntɪsts	n. 科学家( scientist的名词复数 )
scissors	'sizәz	pl. 剪刀
scoff	skɒf	n. 嘲笑, 愚弄, 笑柄, 食品
scoffed	skɔft	v. 嘲笑, 嘲弄( scoff的过去式和过去分词 )
scoffer	'skɒfә	n. 嘲笑者
scoffing	skɔfɪŋ	v. 嘲笑, 嘲弄( scoff的现在分词 )
scoffs	skɔfs	v. 嘲笑, 嘲弄( scoff的第三人称单数 )
scold	skәuld	n. 好骂街的人, 责骂
scolded	skəuldid	v. 责骂, 斥责( scold的过去式和过去分词 )
scolder	'skəuldə	n. 骂人者；爱骂街的(妇)人
scolding	'skәuldiŋ	n. 责骂, 叱责
scolds	skəuldz	v. 责骂, 斥责( scold的第三人称单数 )
scoop	sku:p	n. 铲子, 勺子, 穴, 口, 独家新闻
scooped	sku:pt	v. 抢先报道( scoop的过去式和过去分词 ); （敏捷地）抱起; 抢先获得; 用铲[勺]等挖（洞等）
scooper	'sku:pə	斗式升运机; 勺子
scooping	'sku:piŋ	n. 捞球
scoops	sku:ps	n. 小铲( scoop的名词复数 ); 小勺; 一勺[铲]之量; （抢先刊载、播出的）独家新闻
scope	skәup	n. 范围, 机会, 广度, 眼界, 观察仪器, 导弹射程
scoped	s'kəʊpt	v. 审视, 仔细研究（scope的过去式与过去分词形式）
scoper		铲运机
scopes		n. 范围, 领域；见识；机会（scope的复数形式）
scorch	skɒ:tʃ	n. 烧焦, 枯萎
scorched	skɔ:tʃt	n. 焦头烂额；烧焦, 烤焦
scorcher	'skɔ:tʃә	n. 大热天
scorches	skɔ:tʃiz	v. 烧焦, 烤焦( scorch的第三人称单数 ); 使（植物）枯萎, 把…晒枯; <非正>高速行驶
scorchest	skɔ:tʃ	scorch1
scorching	'skɒ:tʃiŋ	a. 灼热的, 激烈的
score	skɒ:	n. 得分, 抓痕, 二十个, 刻痕, 帐目, 乐谱, 起跑线, 终点线, 大量
scored	skɔ:d	a. 折叠的；刮伤的
scorer	'skɒ:rә	n. 记录员, 刻痕者
scores	skɔ:z	n. 大量, 众多; 二十( score的名词复数 ); （游戏或比赛中的）得分; 大量; 百分数
scotland	'skɒtlәnd	n. 苏格兰
scotlands	'skɔtlənd	Scotland
scottish	'skɒtiʃ	a. 苏格兰的, 苏格兰人的
scottishes	'skɔtiʃ	adj. 苏格兰的；苏格兰人的；苏格兰语的
scout	skaut	n. 守候, 侦察, 搜索, 侦察员, 侦察机
scouted	skautid	v. 寻找, 侦察( scout的过去式和过去分词 ); 物色（优秀运动员、演员、音乐家等）
scouter	'skautә	n. 侦察者, 男童子军
scouting	'skautiŋ	n. 侦察活动, 童子军活动
scouts	skauts	n. 侦察员[机, 舰]( scout的名词复数 ); 童子军; 搜索; 童子军成员
scramble	'skræmbl	n. 攀缘, 爬行, 抢夺, 混乱, 紧急起飞
scrambled		n. 密码形式；扰频
scrambler	'skræmblә	n. 扰频器, 爬行者
scrambles	ˈskræmblz	n. 抢夺( scramble的名词复数 )
scrap	skræp	n. 碎片, 残余物, 些微, 片断, 铁屑, 吵架
scrape	skreip	n. 刮, 擦, 挖, 擦痕, 刮擦声, 困境
scraped	skreipt	v. 刮掉(scrape的过去式和过去分词); 擦伤
scraper	'skreipә	n. 刮刀, 刮的人, 守财奴
scrapers		(scraper 的复数) n. 刮刀, 刮的人, 守财奴
scrapes	skreips	n. 擦痕( scrape的名词复数 ); 困境
scrapies	网络	[原型] scrapies 是 scrapie 的复数
scraping	'skreipiŋ	n. 擦去, 抹去, 削去, 刮擦声, 碎屑
scrapped		a. 报废的；已经销毁的
scrapper	'skræpә	n. 好打架的人, 拳击手
scrapping	skræpɪŋ	刮, 切除坯体余泥
scraps		n. 残羹剩饭, 泔脚
scratch	skrætʃ	n. 抓痕, 搔, 抓, 擦伤, 刮擦声, 乱写, 零分, 起跑线
scratched	skrætʃt	[体]弃权
scratcher	'skrætʃә	n. 抓扒者, 抓扒工具
scratches	skrætʃiz	n. 搔痒( scratch的名词复数 ); 抓痕; 刮擦声
scratchest	skrætʃ	Scratch
scratchies	网络	[原型] scratchies 是 scratchy 的复数
scratching		v. 擦伤；划伤；刮痕（scratch的ing形式）
scream	skri:m	n. 尖叫声
screamed	sk'ri:md	v. （因伤痛、害怕、激动等）尖叫 ~发出尖叫声( scream的过去式和过去分词 ); （向某人或为某事）高声喊; 发
screamer	'skri:mә	n. 尖声叫喊的人；令人惊叹的事；惊叹符号；耸人听闻的标题
screaming	'skri:miŋ	a. 发出尖叫声的, 极滑稽的, 惊人的
screams	skri:mz	v. （因伤痛、害怕、激动等）尖叫 ~发出尖叫声( scream的第三人称单数 ); （向某人或为某事）高声喊; 发出大
screen	skri:n	n. 幕, 银幕, 屏风, 掩蔽物, 屏蔽, 筛子
screened		a. 筛过的, 屏蔽的
screener	'skri:nә	筛
screening	'skri:niŋ	[医] 筛选, 筛分(如普查癌、结核等病), 萤光屏检查
screens		n. 卡位；屏幕（screen的复数）
screw	skru:	n. 螺旋, 螺杆, 螺钉, 螺旋桨, 吝啬鬼
screwed	skru:d	a. 以螺丝拧紧的, 螺丝状的, 喝醉了的
screwer	skru':ər	螺纹刀, 开（手）表起子
screwing		n. 螺丝接合；车削螺纹
screws		n. 潜水员病；螺丝；螺旋体（screw的复数）
scripture	'skriptʃә	n. 圣经, 圣经的一节, 圣经的一句, 铭文
scriptures		n. 经文, 经典著作
scrooge	'skru:dʒ	vt. 推；挤
scrooged		(scrooge 的过去时) vt. 推；挤
scrooges		(scrooge 的复数) vt. 推；挤
scrub	skrʌb	n. 用力擦洗, 矮树, 矮人, 渺小之物
scrubbed	sk'rʌbd	v. 用力擦洗, 刷洗( scrub的过去式和过去分词 ); 取消（原有安排）; 对…不予考虑, 取消
scrubber	'skrʌbә	[化] 涤气器; 洗涤器; 洗涤塔; 擦洗粉
scrubbest	skrʌb	vt. 擦洗，擦净；用力擦净：；擦去，拭掉：
scrubbing	化	[原型] scrubbing 是 scrub 的现在分词
scrubs		n. 实习医生风云（电视剧名）
sculptor	'skʌlptә	n. 雕刻家
sculptors	ˈskʌlptəz	n. 雕刻家, 雕塑家( sculptor的复数形式 ); [天]玉夫座
sculpture	'skʌlptʃә	n. 雕刻, 雕塑
sculptured	'skʌlptʃәd	a. 用刻纹装饰的；具刻纹的
sculptures	ˈskʌlptʃəz	n. 雕刻( sculpture的名词复数 ); 雕刻品; 雕刻术; 雕塑术
scurvies	'skɜːvɪ	adj. 卑鄙的，下流的
scurvy	'skә:vi	a. 下流的, 卑鄙的, 无礼的
sea	si:	n. 海, 海洋, 海浪, 大量
sead		abbr. 压制敌方防空火力（Suppression of Enemy Air Defense）
seaer		abbr. Southeast Asia 东南亚
seaest		abbr. Southeast Asia 东南亚
seagull	'si:^ʌl	n. 鸥
seagulls	ˈsi:gʌlz	n. 海鸥( seagull的复数形式 )
seal	si:l	n. 印章, 封条, 海豹, 海豹皮, 火漆, 封蜡, 玺, 保证, 批准, 象征, 标志
sealed	si:ld	a. 未知的, 密封的
sealer	'si:lә	[计] 密封层, 密封器
seales	人名	[原型] seales 是 seale 的复数
sealing	'si:liŋ	[化] 封闭; 封闭处理
seals	si:lz	n. 海豹( seal的名词复数 ); 批准; （火漆）封印; 印章
seam	si:m	n. 缝合线, 衔接口, 接缝, 线缝, 伤疤
seamed	si:md	vt. 缝合, 接合（seam的过去式与过去分词形式）
seamer	'si:mә	缝纫机[工]
seamies	'siːmɪ	adj. 有线缝，露出线缝的；有裂缝的；裂缝状的
seaming	'si:miŋ	n. 缝合, 接缝；接合；折弯重叠加工
seams	si:mz	n. 缝( seam的名词复数 ); （合在一起的两块木板等之间的）接缝; 层; 接口
seaport	'si:pɒ:t	n. 海港, 港口城市
seaports	'si:pɔ:ts	n. 海港( seaport的复数形式 )
sear	siә	a. 枯萎的, 凋谢的
search	sә:tʃ	n. 搜寻, 查究
searched	sə:tʃt	v. 找寻( search的过去式和过去分词 ); 搜查; 探查; [医学]（用仪器）探测（外伤）
searcher	'sә:tʃә	n. 搜索者, 调查官, 检查官
searches		n. 检索；搜索（search的复数）
searching	'sә:tʃiŋ	a. 搜索的, 遍寻的, 彻底的, 敏锐的
seas		n. 海洋（sea的复数）
seashell	'si:ʃel	n. 海贝壳
seashells	'si:ʃelz	n. 贝壳, 海洋贝类(seashell的复数形式); 海中软体动物的壳, 贝壳( seashell的复数形式 )
seasickness	'si:,siknis	[医] 晕船
seasicknesses	网络	[原型] seasicknesses 是 seasickness 的复数
seaside	'si:said	a. 海边的, 海滨的
seasider	'si:saɪdər	住在海滨的人, 到海滨去避暑的人
seasides		(seaside 的复数) a. 海边的, 海滨的
sea-slug		海蛞蝓
season	'si:zn	n. 季节, 时节, 当令期, 时期
seasonal	'si:znәl	a. 季节的, 依照季节的, 周期性的
seasonals		(seasonal 的复数) a. 季节的, 依照季节的, 周期性的
seasoned	'si:znd	a. 经验丰富的, 老练的
seasoner	'si:znә	n. 使用调味品的人, 调味品, 季节性雇佣的捕鱼人
seasoning	'si:zniŋ	n. 调味品, 作料, 佐料, 锻练
seasons		n. 季节, 四季
seat	si:t	n. 座, 座位, 位子, 席位, 所在地
seated		a. 就座的；固定的；根深蒂固的
seater	'si:tә	n. 有...座位之交通工具
seates		(seate 的复数) [网络] 座位；申明；修改外形下的
seatest		un. 海上试验
seating	'si:tiŋ	n. 使就座, 就座, 座位
seats		n. 座椅, 座位（seat的复数形式）
seattle	si'ætl	n. 西雅图
seattles	网络	[原型] seattles 是 seattle 的复数
seaweed	'si:wi:d	n. 海草, 海藻
seaweeded	'siːwiːd	seaweed
seaweeds	'si:wi:dz	n. 海草, 海藻( seaweed的复数形式 )
second	'sekәnd	n. 秒, 瞬间, 第二名, 支持者, 助手
secondaries	医	[原型] secondaries 是 secondary 的复数
secondary	'sekәndәri	a. 中级的, 中等的, 次要的, 第二的, 从属的, 辅助的
seconded		vbl. 附议
seconder	'sekәndә	n. 后援者, 附议者
secondes	网络	[原型] secondes 是 seconde 的复数
seconding	ˈsekəndɪŋ	v. 支持( second的现在分词 ); 临时调派; 附议; 赞成某提案
secondly	'sekәndli	adv. 第二, 其次
seconds		n. 次级品, 二等品
secret	'si:krit	n. 秘密, 机密, 秘诀, 秘方
secretaries	ˈsekrətəriz	n. 秘书( secretary的名词复数 ); [英]大臣; （政府机关等的） 秘书官; [印刷]草书体大号铅字
secretary	'sekrәtәri	n. 秘书, 书记, 大臣
secreted	sɪˈkri:tid	v. （尤指动物或植物器官）分泌( secrete的过去式和过去分词 ); 隐匿, 隐藏
secretes	sɪˈkri:ts	v. （尤指动物或植物器官）分泌( secrete的第三人称单数 ); 隐匿, 隐藏
secreting	sɪˈkri:tɪŋ	v. （尤指动物或植物器官）分泌( secrete的现在分词 ); 隐匿, 隐藏
secrets		n. 秘密；隐私（secret的复数）
section	'sekʃәn	n. 区段, 部分, 区域, 节, 截面, 处, 科, 区, 扇区
sectioned	ˈsekʃənd	[医]切开的, 断面的, 切面的
sectioning	计	[化] 解剖
sections		n. 截面, 节段；型材（section的复数）
secure	si'kjuә	a. 无虑的, 安心的, 安全的, 可靠的, 保险的
secured		a. 有担保的
securer	sɪ'kjʊərə	保卫者, 保证者, 把…弄到手的人
secures	siˈkjuəz	v. 保护( secure的第三人称单数 ); （使）获得; 使安全; 担保
securest	sɪ'kjʊə(r)	adj. 安心的；不必担心的；有把握的；可靠的
securities	si'kjuәritis	n. 有价证券
security	si'kjuriti	n. 安全, 安全性, 防护物, 保安, 可靠性, 担保人, 抵押品, 保证金
see	si:	vt. 看见, 查看, 参观, 游览, 理解, 知道, 同意
seed	si:d	n. 种子, 籽, 萌芽, 子孙, 精液
seeded	'si:did	a. 已播种了的；去籽的
seeder	'si:dә	n. 播种者, 播种机, 去核器
seeding	'si:diŋ	[机] 晶种
seedling	'si:dliŋ	n. 秧苗, 树苗
seedlings	'si:dɪŋz	n. 刚出芽的幼苗( seedling的复数形式 )
seeds		n. 种子；种子状物；子孙后代；[体]种子选手（seed的复数）
seeing	'si:iŋ	n. 视觉, 视力, 观看
seek	si:k	vt. 寻求, 寻找, 探索, 追求, 搜索, 请求
seeker	'si:kә	n. 搜索者, 探求者
seekies	网络	(seekie 的复数)
seeking	计	[原型] seeking 是 seek 的现在分词
seeks	si:ks	v. 寻找, 探寻( seek的第三人称单数 ); 企图; 试图; 探索
seem	si:m	vi. 象是, 似乎
seemed		v. 装作；似乎（seem的过去式）
seemer	'si:mər	装模作样的人, 做作的人
seemes	网络	(seeme 的复数)
seeming	'si:miŋ	a. 表面上的
seemingly	'si:miŋli	adv. 看来似乎, 表面上看来
seems	si:mz	v. 好像, 仿佛（ seem的第三人称单数 ）
seer	'siә	n. 预言者, 先知, 幻想家
sees		abbr. 扩展企业应用套件（Sage Extended Enterprise Suite）
segment	'segmәnt	n. 片段, 部分, 分节, 段
segmented	seɡ'mentid. 'seɡmәntid	a. 分段的
segmenting	电	[原型] segmenting 是 segment 的现在分词
segments		n. 积弓形片模型；片段；段数（segment的复数）
seize	si:z	vt. 抓住, 逮捕, 俘获, 没收, 扣押, 掌握
seized	'si:zd	v. 抓住( seize的过去式和过去分词 ); 逮捕; 捉拿; 俘获
seizer	'si:zә	n. 抓的人, 捕捉器, 不动产占有人
seizes	si:ziz	v. 抓住( seize的第三人称单数 ); 逮捕; 捉拿; 俘获
seizest	siːz	seize
seldom	'seldәm	a. 不常的, 稀少的
seldomer	'seldəm	seldom
seldomes	网络	(seldome 的复数)
select	si'lekt	a. 挑选出来的, 极好的
selected	si'lektid	a. 挑选出来的, 精选的
selecting	计	[经] 选择
selection	si'lekʃәn	n. 选择, 选文, 精选品
selections		n. 选集；选择（selection的复数）
selects		n. 选辑；被选出的人（select的复数）
self	self	n. 自己, 自我, 本性, 本质, 私心, 本人
selfer	self	n. 自我，自身，自己；个性，本性；本质
selfes		(selfe 的复数)  [人名] 塞尔夫
selfest	self	n. 自我，自身，自己；个性，本性；本质
self-evident	'self'evidәnt	a. 不言自明的
self-improvement	'selfim'pru:vmәnt	n. 自我改善, 自我修养
selfing		自花授精; 自交; 自体受精
selfish	'selfiʃ	a. 自私的, 利己主义的, 自我中心的
selfless	'selflis	a. 不顾自己的, 无私的
selflessly	'selfləslɪ	adv. 无私地, 忘我地
sell	sel	vt. 卖, 背叛, 销售, 出卖
seller	'selә	n. 销售者
selles	网络	[原型] selles 是 selle 的复数
selling	'seliŋ	a. 卖的, 销路好的, 出售的
sells		v. 卖；背叛, 经营（sell第三人称形式）
semicircle	'semi.sә:kl	n. 半圆形
semicircled	'semɪsɜːkl	n. 半圆,半圆弧;半圆形[亦作 semicircumference]；半圆形之物
semicircles	ˈsemɪˌsɜ:kəlz	n. 半圆形, 半圆形的周长, 半圆形的东西( semicircle的复数形式 )
semiconductor	.semikәn'dʌktә	n. 半导体
semiconductors	semɪkən'dʌktəz	n. <物>半导体( semiconductor的复数形式 )
seminar	'seminɑ:	n. 研究班, 专题讨论会
seminaries	ˈseməˌneri:z	n. 神学院( seminary的名词复数 ); 中等学校; 神学院学生
seminars	'semɪnɑ:z	n. 研讨班( seminar的复数形式 ); 研讨小组; 研讨会; 培训会
senate	'senit	n. 参议院, 立法机构, 评议会
senates		(senate 的复数) n. 参议院, 立法机构, 评议会
senator	'senәtә	n. 参议员, (某些大学的)理事
senators	ˈsenətəz	n. 参议员( senator的复数形式 )
send	send	vt. 发送, 使进入, 寄, 派遣, 发射, 使陷于
sended	send	vt. 打发, 派遣, 差遣, 派…前去(请人等)：；使前往；使进入(to ):
sender	'sendә	n. 寄件人, 发报机
sending	'sendiŋ	n. 发送, 派遣, 发射, 信件, 神赐, 天降
sends		vt. 发送（send第三人称单数）
senior	'si:njә	n. 年长者, 资深者, 毕业班学生
seniors		n. 年长者, 老年人；资历较深的人（senior的复数形式）
sensation	sen'seiʃәn	n. 感觉, 轰动
sensations	senˈseiʃənz	n. 感觉( sensation的复数形式 ); 感受; 知觉; 激动
sense	sens	n. 感应, 感觉, 感官, 意识, 观念, 情理, 知觉, 理智
sensed		v. 了解（sense的过去式）；感觉
senseless	'senslis	a. 无感觉的, 无意识的, 不省人事的
senser		敏感元件
senses		n. 五官的感觉, 知觉, 理性, 理智
sensible	'sensәbl	a. 有感觉的, 敏感的, 明智的
sensibler	'sensɪb(ə)l	adj. 有判断力的，有头脑的；明智的；可觉察的；意识到的 (of)
sensitive	'sensitiv	a. 敏感的, 易感的, 灵敏的, 感光的
sensitives		(sensitive 的复数) a. 敏感的, 易感的, 灵敏的, 感光的
sensitivities	ˌsensɪˈtɪvɪti:z	n. 敏感( sensitivity的复数形式 ); 敏感度; 体贴; 体恤
sensitivity	.sensә'tiviti	n. 敏感, 灵敏度
sensor	'sensә	n. 传感器
sensories	'sens(ə)rɪ	a. 感觉上的；感觉性的；感觉的, 知觉的
sensors		n. 传感器, 感应器；感测器（sensor的复数）
sentence	'sentәns	n. 句子, 命题, 宣判
sentenced	ˈsentənst	v. 宣判, 判决( sentence的过去式和过去分词 )
sentencer	'sentənsə	n. 宣判者；判决
sentences	ˈsentənsiz	n. [律]判决, 宣判; 句子（ sentence的名词复数 ）
sentiment	'sentimәnt	n. 感情, 感伤, 情操, 情绪, 感想, 意见
sentiments	'sentɪmənts	n. （基于情感的）观点( sentiment的复数形式 ); （对怜悯、怀旧等的）柔情; （失之过度或不恰当的）伤感;
separate	'sepәreit	n. 独立件, 抽印本
separated	'sepәreitid	a. 分居；分开的；不在一起生活的
separates	ˈseprəts	n. 可搭配穿着的女服
separation	.sepә'reiʃәn	n. 分离, 分居, 缺口, 退职
separations	sepə'reɪʃnz	n. 分离, 分开, 隔开, 分割, 隔离( separation的复数形式 ); 分居, 离别; 主张脱离[分裂]者
september	sep'tembә	n. 九月
septemberer	sep'tembə	n. 九月[略作 Sept., Sep., S.]
septembers	səpˈtembəz	n. 九月( September的名词复数 )
sequence	'si:kwәns	n. 序列, 续发事件, 顺序, 连续
sequenced		vt. 使按顺序排列, 安排顺序（sequence的过去式与过去分词形式）
sequencer	'si:kwәnsә	n. 程序装置
sequences	ˈsi:kwənsiz	n. 后果( sequence的名词复数 ); （纸牌中的）顺牌; 有关联的一组事物; （电影中表现同一主题或场面的）一
serena	sә'ri:nә	n. 塞丽娜(f.)
serenas	sə'reinə	n. 塞丽娜（女子名）
series	'siәri:z	n. 串联, 序列, 连续, 系列, 丛书, 套, 级数, 组
serious	'siәriәs	a. 严肃的, 认真的, 重要的, 严重的
seriously	'siәriәsli	adv. 严肃地, 认真地, 严重地
sermon	'sә:mәn	n. 说教, 启示, 布道
sermoner	'sɜːmən	n. 布道, 讲道；冗长的讲话
sermoning	'sɜːmən	n. 布道；训诫；启示；冗长的讲话
sermons	ˈsə:mənz	n. 布道( sermon的复数形式 ); 讲道; 讲道文章; 一大通教训
serpent	'sә:pәnt	n. 巨蛇座, 蛇, 蛇形管, 狡猾的人
serpented	'sɜːp(ə)nt	n. 蛇(尤指大蛇或毒蛇)；= sea serpent
serpentes		(serpente 的复数) n. (Serpente)人名；(意)塞尔彭特
serpenting	'sɜːp(ə)nt	n. 蛇(尤指大蛇或毒蛇)；= sea serpent
serpents	ˈsɜ:pənts	n. 蛇( serpent的复数形式 ); 诱人犯错的人; 狡猾的人
servant	'sә:vәnt	n. 仆人, 有用物, 公务员, 雇员
servants	'sɜ:vənts	n. 仆人( servant的复数形式 ); 雇员; 奴仆般受制（或献身）于…的人; 服务于…的事物
serve	sә:v	vt. 可作...用, 服务, 经历, 招待, 供应, 送交, 对待
served		v. 招待；服役；发球；服务（serve的过去分词）
server	'sә:vә	n. 服伺者, 上菜用具, 发球员
serves	sə:vz	v. （为…）服务( serve的第三人称单数 ); 任（职）; 提供; 端上
servest	sɜːv	serve
service	'sә:vis	n. 服务, 贡献, 雇佣, 公职, 服役, 功劳, 仪式, 送达, 行政部门
serviced		vt. 检修, 维修（service的过去式与过去分词形式）
servicer	'sә:visә	[计] 服务程序, 服务器
services		n. 服务；服务项目（service复数形式）
session	'seʃәn	n. 期间, 开庭期, 会议, 学期
sessions		n. 会议；会期（session的复数）
set	set	n. 日落, 同伙, 组合, 集合, 装置
seting	setiŋ	n. 安置
sets		n. 集合, 设置（set的复数）
setter	'setә	n. 从事安装的人, 调节器, (警察)眼线
settest	sɛt	sett
setting	'setiŋ	n. 环境, 背景, 布景, 镶嵌, 调整, 沉落, 一副餐具
settings		n. 设置（setting的复数）
settle	'setl	n. 有背长椅
settled	'setld	a. 固定的, 决定的, 持续的, 难以消除的
settlement	'setlmәnt	n. 安顿, 解决, 处理, 结算, 殖民, 殖民地, 沉降
settlements	'setlmənts	n. 解决( settlement的复数形式 ); 结算; <律>金钱或财产的转让（契约）; 移民
settler	'setlә	n. 移民者, 解决者, 结算员
settlers	'setləz	n. 移民, 侨民( settler的复数形式 )
settles	ˈsetlz	v. 安排( settle的第三人称单数 ); 安放; 安家; （使）安定
seven	'sevn	num. 七, 七个
sevens	'sevnz	n. 七年之痒, （因对配偶生厌而）想找个新的性伴侶( seven的复数形式 )
seventeen	sevn'ti:n	num. 十七, 十七个
seventeens		十七( seventeen的名词复数 )
seventies	'sevntɪz	n. 七十( seventy的名词复数 ); 从七十到七十九的数目、年数或温度
seventy	'sevnti	num. 七十, 七十个
several	'sevәrәl	a. 几个的, 一些的, 各自的
severe	si'viә	a. 严格的, 尖锐的, 严肃的, 严重的, 严厉的, 朴素的
severed		a. 隔断的；切断的
severer	siˈviəə	a. 严厉的( severe的比较级 ); 艰难的; 精确的; 极为恶劣的
severest		a. 严厉的( severe的最高级 ); 艰难的; 精确的; 极为恶劣的
sew	sәu	vt. 缝纫, 缝合, 缝
sewed		sew的过去式和过去分词
sewer	'su:ә	n. 下水道, 阴沟, 裁缝师
sewing	'sәuiŋ	n. 缝制品, 缝纫
sews	səuz	v. 缝( sew的第三人称单数 )
sex	seks	n. 性别, 性欲
sexed	sekst	a. 性感的；有性别的
sexes		n. 两性（sex的复数）
sexest	seks	sex
sexing		v. 雌雄鉴别（动词sex的ing形式）
sextant	'sekstәnt	n. 六分仪
sextants	ˈsekstənts	n. （航海用的）六分仪( sextant的复数形式 )
sexual	'sekʃuәl	a. 性的, 性别的
sexuales		性蚜
shabby	'ʃæbi	a. 衣衫褴褛的, 低劣的, 破旧的, 吝啬的, 卑鄙的
shade	ʃeid	n. 荫, 阴暗, 遮光物, 灯罩, 帘, 浓淡, 微量, 底纹
shaded		-1
shader		n. 著色器；着色程序
shades		n. 墨镜；阴魂咒法术, 制造幽影（shade复数）
shadies	'ʃeɪdɪ	shady
shadow	'ʃædәu	n. 阴影, 荫, 影子, 影像, 阴暗, 幽灵, 少许, 隐蔽处, 庇护
shadowed		a. 附有阴影
shadower		n. 阴影；影子；幽灵；庇护；隐蔽处 (shadow的变形)
shadowing		n. 遮蔽
shadows		n. 阴影, 影子（shadow复数）
shadowy	'ʃædәui	a. 有影的, 暗黑的, 朦胧的, 虚幻的
shady	'ʃeidi	a. 荫凉的, 成荫的, 阴暗的, 隐蔽的
shadying	'ʃeɪdɪ	shady
shaft	ʃæft	n. 轴, 箭杆, 矛, 矿井
shafted	'ʃɑ:ftɪd	有箭杆的, 有柄的, 有羽轴的
shafting	'ʃæftiŋ	n. 轴系
shafts	ʃɑ:fts	n. 轴( shaft的名词复数 ); （箭、高尔夫球棒等的）杆; 通风井; 一阵（疼痛、害怕等）
shake	ʃeik	n. 摇动, 震动
shaker	'ʃeikә	n. 摇动者, 摇动器, 混和器
shakes		n. 摇动；打击；握手（shake的复数）
shakespeare	'ʃeik.spiә	n. 莎士比亚
shakespeares	网络	[原型] shakespeares 是 shakespeare 的复数
shall	ʃæl	aux. 将
shallow	'ʃælәu	n. 水浅的地方, 浅滩
shallowed		(shallow 的过去时) n. 水浅的地方, 浅滩
shallower		浅的
shallowest		a. 浅的( shallow的最高级 ); 人、观点、评论等肤浅的; 浅薄的; （呼吸）浅的
shallowing		(shallow 的现在分词) n. 水浅的地方, 浅滩
shallows	ˈʃæləʊz	n. （河、湖、海的）浅滩; 海涂; 滩涂
sham	ʃæm	n. 假, 赝品, 骗子, 哄骗
shame	ʃeim	n. 羞耻, 羞愧, 耻辱
shamed	ʃeimd	v. 使蒙羞( shame的过去式和过去分词 ); 玷辱; 使感到羞愧; 使相形见绌
shameer	ʃeɪm	n. 羞耻, 羞愧；羞耻心；廉耻心；羞愧感
shameful	'ʃeimful	a. 可耻的, 丢脸的, 不道德的, 淫猥的, 猥亵的, 不体面的
shames	ʃeimz	n. 羞愧( shame的名词复数 ); 羞辱; 可耻的人[事]; 羞愧感
shaming	ˈʃeɪmɪŋ	v. 使蒙羞( shame的现在分词 ); 玷辱; 使感到羞愧; 使相形见绌
shammed	ʃæmd	v. 假装, 冒充( sham的过去式和过去分词 )
shammer	'ʃæmә	n. 骗子, 欺诈者, 撒谎者
shammest	ʃæm	sham
shamming	ʃæmɪŋ	v. 假装, 冒充( sham的现在分词 )
shams	ʃæmz	n. 假象( sham的名词复数 ); 假货; 虚假的行为（或感情、言语等）; 假装…的人
shape	ʃeip	n. 形状, 形态, 外形, 形式, 身材
shaped	ʃeipt	a. 成某种形状的, 制成一定形状的, 有某种形状的, 合适的, 计划好的, 有目标的
shaper	'ʃeipә	n. 成形机, 牛头刨床, 造型者, 塑造者
shapes		n. 图形；二维造型体；身材；形状（shape的复数）
share	ʃєә	n. 部分, 参与, 一份, 参股, 份额
shared	ʃεәd	a. 共享的
sharer	'ʃєәrә	n. 分配者, 共同收受者, 参与者
shares		n. 股份（share的复数形式）
shark	ʃɑ:k	n. 鲨鱼, 骗子
sharked		v. 骗取（shark的过去式与过去分词形式）
sharker	'ʃɑ:kər	骗子
sharking		v. 骗取（shark的现在分词形式）
sharks	ʃɑ:ks	n. 鲨鱼( shark的名词复数 ); 坑蒙拐骗的人, 诈骗者
sharp	ʃɑ:p	n. 半升音调, 利刃, 骗子
sharped		vt. [音乐]把（音调）升高（sharp的过去式与过去分词形式）
sharpen	'ʃɑ:pn	vt. 使尖锐, 使敏捷, 加重, 削尖
sharpened		a. 尖锐的
sharpener	'ʃɑ:pnә	n. 研磨者, 卷笔刀, 研磨工具
sharpeners	ˈʃɑ:pənəz	n. 削刀( sharpener的复数形式 ); 磨床; 磨器; 磨具
sharpening	'ʃɑ:pәniŋ	n. 加强；刻石；削尖；锐磨
sharpens	ˈʃɑ:pənz	v. （使）提高( sharpen的第三人称单数 ); （使声音）变得尖锐; （使）变得更好（或技术更高、更有效等）; 
sharper	'ʃɑ:pә	n. 骗子, 欺诈者, 赌棍
sharpes	网络	[原型] sharpes 是 sharpe 的复数
sharpest		灵敏的
sharpies		狡猾的人, 单桅三角帆平底帆船( sharpie的名词复数 )
sharping	ʃɑ:pɪŋ	vt. [音乐]把音调升高（sharp的现在分词形式）
sharply	'ʃɑ:pli	adv. 锐利地, 严厉地, 厉害地
sharps	ʃɑ:ps	n. 升半音 ( sharp的复数形式 ); 锋利的刃, 尖头
shatter	'ʃætә	n. 碎片, 粉碎, 落叶, 喷洒
shattered		-2
shattering	'ʃætәriŋ	a. 令人震惊的；令人极度疲劳的；破碎的
shatters	ˈʃætəz	v. 砸碎( shatter的第三人称单数 ); 大大扰乱; 毁坏; 使极为惊愕难过
shave	ʃeiv	n. 修面, 刮胡子, 幸免, 剃刀
shaved		shave的过去式和过去分词
shaver	'ʃeivә	n. 修面的人, 电动剃刀, 刨刀, 杀价买进期票的人, 善于讨价还价的人
shavers	ˈʃeɪvəz	n. 修面人( shaver的复数形式 ); 刨削器; 剃刀; （尤指）电动剃须刀
shaves	ʃeivz	v. （用剃刀）刮（胡须等）, 为（某人）剃毛发( shave的第三人称单数 ); 刨（木头等）; 削; <口>掠过
she	ʃi:	pron. 她
shear	ʃiә	n. 修剪, 剪下的东西, 大剪刀, 切变, 剪切机, 切
sheared		shear的过去式和过去分词
shearer	'ʃiәrә	n. 剪切者, 剪羊毛者, 剪刀工人, 剪切机, 剪床
shearing	'ʃiәriŋ	n. 剪羊毛, 剪取的羊毛
shears	ʃiәz	n. 大剪刀
shed	ʃed	n. 车棚, 小屋, 脱落之物, 分水岭
shedded		(shed 的过去分词) n. 车棚, 小屋, 脱落之物, 分水岭
shedder	'ʃedә	n. 流血者, 脱毛动物, 脱壳期的蟹
shedding	'ʃediŋ	n. 脱落, 蜕落, 蜕落物, 流出, 散发, 梭口, 梭道
sheder	'ʃi:dә	牝羊
sheds	ʃedz	n. 棚, 库( shed的名词复数 )
sheed		abbr. Scanning High Energy Electron Diffraction 扫描高能电子衍射
sheep	ʃi:p	n. 羊, 胆小者
sheeped	ʃiːp	n. [单数复数同]；【动物】绵羊(Ovis aries)
sheepes	网络	(sheepe 的复数)
sheeps		(sheep 的复数) n. 羊, 胆小者
sheer	ʃiә	a. 绝对的, 全然的, 纯粹的, 透明的, 峻峭的
sheered	ʃiəd	v. 避开, 突然转向( sheer的过去式和过去分词 )
sheerer		完全的( sheer的比较级 )；陡峭的；极薄的；（用来强调事物的大小、程度或数量）
sheerest		完全的( sheer的最高级 )；陡峭的；极薄的；（用来强调事物的大小、程度或数量）
sheering	ʃiərɪŋ	v. 避开, 突然转向( sheer的现在分词 )
sheers	ʃiәs	n. 起重三角架, 人字起重架
shees	ʃi:	shee
sheet	ʃi:t	n. 床单, 张, 纸张, 印刷品, 裹尸布, 薄片
sheeted		a. 片状的
sheeting	'ʃi:tiŋ	n. 铺被单, 覆盖, 被单料子, 阔幅平布, 薄膜, 压片, 挡板, 板栅, 护墙板, 护堤板
sheets		n. 被单；片材, 板片（sheet复数）
shelf	ʃelf	n. 架子, 搁板
shell	ʃel	n. 贝壳, 壳, 外形, 炮弹
shelled	ʃeld	a. 带壳的；去壳的
sheller	'ʃelә	n. 剥壳者, 脱壳机
shellfish	'ʃelfiʃ	n. 贝, 甲壳类水生物
shellfishes		贝类动物( shellfish的名词复数 )；甲壳类动物；甲壳类（食物）
shellfishing		n. 贝类养殖；贝类捕捞
shelling	'ʃeliŋ	n. 去壳, 谷壳, 贝壳的采集, 炮轰
shells		n. 贝壳（shell的复数）
shelter	'ʃeltә	n. 庇护所, 避难所, 庇护, 隐蔽处, 掩蔽
sheltered		-1
shelterer		n. 庇护；避难所；遮盖物 (shelter的变形)
sheltering		vt. 掩蔽（shelter的现在分词形式）
shelters	ˈʃeltəz	n. 居所( shelter的名词复数 ); 避难所; （无家可归者或受虐待者的）收容所; 遮蔽
sher		谢尔（人名）
sheriff	'ʃerif	n. 郡治安官, 县治安官
sheriffs	人名	[原型] sheriffs 是 sheriff 的复数
shes		n. 女人；雌性动物；可视为阴性的东西（she的复数）
shield	'ʃi:ld	n. 盾, 防卫物, 保护者, 屏蔽
shielded	'ʃi:ldid	a. 隔离的；屏蔽了的；防护的；铠装的
shielder		n. 盾；防护物；保护者 (shield的变形)
shielding	'ʃi:ldiŋ	[计] 屏幕, 掩盖, 隔离
shields		n. 盾, 防卫物（shield的复数形式）
shies	ʃaiz	n. 害羞的( shy的名词复数 ); 怕羞的; 害怕（做）; <美>缺乏的
shift	ʃift	n. 变化, 移动, 轮班, 手段, 应急办法, 移位
shifted	ʃiftid	v. 改变( shift的过去式和过去分词 ); 去掉; 摆脱掉; 换挡
shifter	'ʃiftә	n. 搬移东西者, 回避论点者, 领班, 辅助工, 移动装置, 开关
shifting	'ʃiftiŋ	[计] 移位, 移位操作
shifts	ʃifts	n. 转换( shift的名词复数 ); 切换键; （汽车等的）变速; 更换
shilling	'ʃiliŋ	n. 先令
shillings	'ʃɪlɪŋz	n. 先令（英国1971年以前的货币单位, 为一镑的二十分之一）( shilling的复数形式 )
shine	ʃain	n. 光泽, 阳光
shined		shine的过去式和过去分词
shiner	'ʃainә	n. 出色的人, 发亮物, 发光体, (英)(非正式)钱币, (英)(非正式)金钱
shines		v. 发光；使亮（shine的第三人称单数）
ship	ʃip	n. 船, 舰
shipbuilding	'ʃipbildiŋ	n. 造船
shipbuildings	网络	[原型] shipbuildings 是 shipbuilding 的复数
shiper	ʃɪp	ship
shipley		希普利（人名）（英国城市）
shipleys		希普利（人名）（英国城市）
shipment	'ʃipmәnt	n. 装船, 出货
shipments		n. 发货；运载的货物（shipment的复数）
shipped		v. 发货；装船（ship的过去分词）
shipper	'ʃipә	n. 托运人, 发货人
shipping	'ʃipiŋ	n. 装运, 航行, 船舶, 船舶吨数
ships		n. 舰船（ship的复数）
shipwreck	'ʃiprek	n. 遇难船, 海难
shipwrecked		n. 海滩, 海难；失事
shipwrecking	'ʃɪprek	n. 海难；遇难船
shipwrecks	ˈʃɪpˌreks	n. 海难, 船只失事( shipwreck的名词复数 ); 沉船
shirt	ʃә:t	n. 衬衫, 内衣, 汗衫
shirted		a. 穿着衬衫的
shirties	'ʃɜːtɪ	shirty
shirting	'ʃә:tiŋ	n. 衬衫衣料
shirts		n. 衬衫（shirt的复数形式）
shiver	'ʃivә	vi. 颤抖, 哆嗦, 被打碎
shivered	ˈʃivəd	v. （因寒冷, 害怕等）颤抖, 哆嗦( shiver的过去式和过去分词 )
shiverer		n. 颤抖，战栗；碎片 (shiver的变形)
shivering	'ʃivәriŋ	n. 发抖, 打碎
shivers	ˈʃivəz	n. 寒战( shiver的名词复数 ); 寒噤（因恐惧或发高烧）
shock	ʃɒk	n. 震动, 冲突, 震惊, 冲击, 突击, 禾束堆, 休克, 长毛狗
shocked	ʃɔkt	a. 震撼的；震惊的
shocker	'ʃɔkә	n. 令人震惊的东西, 令人震惊的人, 令人愤慨的人, 令人厌恶的人
shocking	'ʃɒkiŋ	a. 令人震惊的, 极坏的, 不正当的
shocks		n. 缓冲装置；冲击；震动；蓬乱的一堆；禾束堆（shock的复数）
shoe	ʃu:	n. 鞋, 靴, 外胎
shoed		shoe的过去式和过去分词
shoeing	医	[原型] shoeing 是 shoe 的现在分词
shoer	'ʃu:ә	n. 钉蹄铁工人
shoes		n. 鞋子（shoe的复数）
shoot	ʃu:t	n. 射击, 狩猎, 芽, 射伤, 发射, 发芽, 急流, 推力, 摄影, 急送, 滑运道, 浪费
shooter	'ʃu:tә	n. 射手, 狩猎者, 手枪
shooting	'ʃu:tiŋ	n. 发射, 猎场, 射击
shoots		n. 嫩枝
shop	ʃɒp	n. 商店, 工厂, 车间
shopes		肖普
shopkeeper	'ʃɒp.ki:pә	n. 零售商, 店主, 老板
shopkeepers	ˈʃɔpˌki:pəz	n. 店主( shopkeeper的复数形式 )
shopped		n. 购买东西
shopper	'ʃɒpә	n. 购物者
shopping	'ʃɒpiŋ	n. 买东西, 购物
shops		n. 商店；商店用包装纸（shop的复数）
shore	ʃɒ:	n. 海岸, 海滨, 斜撑柱
shored		vt. 支撑（shore的过去式与过去分词形式）
shorer	'ʃɔ:rə	n. 支撑物；做支架的工人
shores	ʃɔ:z	n. 岸, 滨( shore的名词复数 ); 国家（尤指濒海国家）
short	ʃɒ:t	a. 短的, 近的, 矮的, 短期的, 简短的, 少量的
shortage	'ʃɒ:tidʒ	n. 不足, 缺乏
shortages	'ʃɔ:tɪdʒɪz	n. 不足( shortage的复数形式 ); 缺少; 缺少量; 不足额
shortcoming	'ʃɒ:t'kʌmiŋ	n. 缺点, 短处
shortcomings	'ʃɔ:tkʌmɪŋz	n. 短处, 缺点( shortcoming的复数形式 ); 不足之处
shortcut	'ʃɒ:tkʌt	n. 捷径, 最短路线
shortcuts		n. 快捷键；快捷方式；捷径（shortcut的复数）
shorted	ʃɔ:tid	abbr. short circuited 电路短路
shorten	'ʃɒ:tn	vt. 弄短, 缩短, 减少
shortened	ˈʃɔ:tnd	v. 弄短, 缩短( shorten的过去式和过去分词 )
shortener	'ʃɔ:tnә	缩短器
shortening	'ʃɔ:tniŋ	n. 缩短, 使糕饼松脆的油
shortens	ˈʃɔ:tnz	v. 弄短, 缩短( shorten的第三人称单数 )
shorter		a. 较短的；更短的；更矮的（short的比较级）
shortest	计	[原型] shortest 是 short 的最高级
shorthand	'ʃɒ:thænd	n. 速记
shorthanded	'ʃɒ:t'hændid	a. 人手不足的
shorthands	ˈʃɔ:thændz	n. 速记（法）( shorthand的名词复数 ); （对某事的）简短且常为故意搞得隐晦的表达方法
shorties	ˈʃɔ:tiz	n. 矮子, 特别短的东西（尤指衣, 裤）( shorty的复数形式 )
shorting	计	[原型] shorting 是 short 的现在分词
shortly	'ʃɒ:tli	adv. 不久, 简短, 唐突地
shorts	ʃɔ:ts	n. 短裤, (美)男人的短衬裤
shot	ʃɒt	n. 发射, 炮弹, 射击, 射手, 投篮, 射门, 子弹, 射程, 拍摄, 注射
shotes	网络	[原型] shotes 是 shote 的复数
shots		n. 炮弹；射击；射手（shot的复数）
shotted	'ʃɒtted	切槽
shottest	ʃɒt	n. (北非) 浅盐湖；浅盐湖凹地 (= chott)
shotting	'ʃɔtiŋ	金属粒化
should	ʃud	aux. 应该, 将要
shoulder	'ʃәuldә	n. 肩, 肩膀, 衣肩
shouldered	'ʃәuldәd	a. 带凸肩的；肩膀…的（用以构成复合词）
shouldering		n. 碰撞驱舰, 撞舰驱赶；肩托
shoulders		n. 肩部；肩膀（shoulder的复数）
shouldest	'ʃudist	[古]=shouldst
shouldst	ʃudst;ʃәdst;ʃdst	conj.将会..., 万一...
shout	ʃaut	n. 呼喊, 喊声
shouted	'ʃaʊtɪd	v. 呼, 喊, 叫( shout的过去式和过去分词 ); 大声讲
shouter		n. 高呼者, 喊叫者
shouties		大喊大叫的；吵吵嚷嚷的
shouting	'ʃajtiŋ	n. 呼喊, 喊话
shouts	ʃauts	n. 呼喊, 喊叫( shout的名词复数 ); 轮到请客
shove	ʃʌv	n. 推, 挤
shoved	ʃʌvd	v. 推, 猛推, 乱推( shove的过去式和过去分词 ); 乱放; 随便放; 胡乱丢
shovel	'ʃʌvl	n. 铲, 铁铲
shoveled		vt. 铲, 铲出（shovel的过去式与过去分词形式）
shoveler	'ʃʌvəlә(r)	n. 用铲者, 挖土机驾驶员
shoveling	'ʃʌv(ə)l	n. 铁铲；一铲的量；铲车
shovelled	ˈʃʌvld	v. 铲子( shovel的过去式和过去分词 ); 锹; 推土机、挖土机等的)铲; 铲形部份
shoveller	'ʃʌvlә	n. 用铲者, 挖土机驾驶员
shovelling	ʃʌ'vəlɪŋ	v. 铲子( shovel的现在分词 ); 锹; 推土机、挖土机等的)铲; 铲形部份
shovels	ˈʃʌvlz	n. 铲子( shovel的名词复数 ); 锹; 推土机、挖土机等的)铲; 铲形部份
shover		n. shove的变形
shoves	ʃʌvz	v. 推, 猛推, 乱推( shove的第三人称单数 ); 乱放; 随便放; 胡乱丢
show	ʃәu	n. 显示, 表现, 展览, 卖弄, 炫耀, 外观, 演出, 洋相
showd	ʃəud	[苏格兰方言]
showed		show的过去式和过去分词
shower	'ʃauә	n. 阵雨, 淋浴, 一阵, 展出者, 显示者
showered	ˈʃauəd	v. 下阵雨( shower的过去式和过去分词 ); 似阵雨般降落; 洒落; 纷纷降落
showerer	'ʃaʊə	n. 阵雨；冰雹(或风雪等的)一阵；阵雨般纷纷落下之物；(眼泪、火花等的)阵, 一阵
showering	ˈʃauərɪŋ	v. 下阵雨( shower的现在分词 ); 似阵雨般降落; 洒落; 纷纷降落
showers		n. 阵雨（shower的复数形式）；淋浴站, 淋浴设备
showes		(showe 的第三人称 -s形式) [网络] 沁o羽；秀伊美；赢森
showing	'ʃәuiŋ	n. 显示, 陈列, 展览, 成绩, 表现, 表演, 夸耀, 陈述, 叙述, 外表, 迹象
shows		n. 秀场, 表演（show的复数）
shriek	ʃri:k	n. 尖锐的响声
shrieked	ʃri:kt	v. 尖叫( shriek的过去式和过去分词 )
shrieker		尖叫者
shrieking	ʃri:kɪŋ	v. 尖叫( shriek的现在分词 )
shrieks	ʃri:ks	n. 尖叫声( shriek的名词复数 )
shrill	ʃril	n. 尖声
shrilled	ʃrɪld	v. （声音）尖锐的, 刺耳的, 高频率的( shrill的过去式和过去分词 )
shriller		a. 尖锐的；刺耳的 (shrill的变形)
shrillest		a. 尖锐的；刺耳的 (shrill的变形)
shrilling	ʃrɪlɪŋ	v. （声音）尖锐的, 刺耳的, 高频率的( shrill的现在分词 ); 凄厉
shrills	ʃrɪlz	v. （声音）尖锐的, 刺耳的, 高频率的( shrill的第三人称单数 )
shrimp	ʃrimp	n. 虾, 小虾, 矮子
shrimped	ʃrɪmp	n. 【动】褐虾；微不足道的人；〈俚〉矮子
shrimper	'ʃrɪmpə(r)	捕虾者[器]
shrimping	ˈʃrɪmpɪŋ	捕虾
shrimps	ʃ'rɪmps	n. 虾, 小虾( shrimp的名词复数 ); 矮小的人
shrine	ʃrain	n. 圣地, 神龛, 庙
shrined		n. 神龛；庙；神殿；圣地
shriner	'ʃrainə	n. 圣地兄弟会(Ancient Arabic Order of Nobles of the Mystic Shrine
shrines	ʃrainz	n. 圣地, 圣坛, 神圣场所( shrine的名词复数 )
shrink	ʃriŋk	n. 收缩, 萎缩, 回避
shrinker	'ʃriŋkә	[机] 防缩冒口
shrinking	医	[原型] shrinking 是 shrink 的现在分词
shrinks	ʃriŋks	v. 收缩( shrink的第三人称单数 ); （使）缩水; 退缩; 畏缩
shrub	ʃrʌb	n. 矮树, 灌木, 果汁甜酒
shrubs	ʃrʌbz	n. 灌木( shrub的复数形式 )
shrug	ʃrʌg	n. 耸肩
shrugged	ʃ'rʌɡd	vt. 耸肩（shrug的过去式与过去分词形式）
shrugging	ʃrʌg	vt. 耸肩, 耸肩表示
shrugs	ʃrʌɡz	n. 耸肩（以表示冷淡, 怀疑等）( shrug的名词复数 )
shut	ʃʌʃ	n. 关闭
shutes		(shute 的复数) n. 经线；纬纱；斜道
shuting		檐沟
shuts	ʃʌts	v. 关( shut的第三人称单数 ); 关上; （使）停止营业; 关门
shutter	'ʃʌtә	n. 百叶窗, 关闭物, 照相机快门, 关闭者
shuttered	ˈʃʌtəd	a. 关上百叶窗的; 装有百叶窗的
shuttering	'ʃʌtәriŋ	模板[壳]
shutters		n. 百叶门窗, 百叶窗（shutter的复数形式）
shutting		n. [轻工业]闭锁
shuttle	'ʃʌtl	n. 穿梭, 梭子, 往返移动之物
shuttled	'ʃʌt(ə)l	n. 航天飞机；穿梭；梭子；穿梭班机、公共汽车等
shuttles	ˈʃʌtlz	n. （织机的）梭子( shuttle的名词复数 ); 航天飞机; （缝纫机的）滑梭; 短程穿梭运行的飞机（或火车, 汽
shy	ʃai	n. 惊跳, 惊避
shyer	ʃaɪə	a. 害羞的( shy的比较级 ); 怕羞的; 害怕（做）; <美>缺乏的
shyest		a. 害羞的( shy的最高级 ); 怕羞的; 害怕（做）; <美>缺乏的
shying	ʃaiŋ	v. 惊退, 畏缩( shy的现在分词 )
shys		(shy 的第三人称 -s形式) n. 惊跳, 惊避
sicilies	网络	[原型] sicilies 是 sicily 的复数
sicily		n. 西西里岛（意大利一岛名）
sick	sik	n. 病人
sicked	sikt	v. sick sth. up 吐出( sick的过去式和过去分词 )
sicker	'sikә	a. 可靠的；安全的
sickest		生病的
sickies		(sicky 的复数) adj. 患有精神病的
sicking	sikɪŋ	v. sick sth. up 吐出( sick的现在分词 )
sickness	'siknis	n. 疾病, 不健康, 呕吐
sicknesses	ˈsɪknɪsiz	n. 疾病( sickness的复数形式 ); 恶心; 呕吐; 弊病
sicks	'sɪks	v. sick sth. up 吐出( sick的第三人称单数 )
side	said	n. 旁边, 侧, 方面, 胁, 侧边, 血统
sided	'saidid	a. 有边的, 有面的
sideed	'saidid	adj. [常用以构成复合词]具(…)边(或面)的
sider	'saidә	n. 支持者, 帮派成员
sides	saidz	n. 边；面数；台词表（side的复数形式）
sidest	saɪd	n. 边；缘；旁边；身边；嘴角
sideways	'saidweiz	adv. 向旁边, 向侧面地
siege	si:dʒ	n. 包围, 围攻, 再三的努力
sieged	siːdʒ	n. 包围；被围攻；围攻期间；劝诱
sieger		n. 优胜者
sieges	si:dʒz	n. 围攻, 围困, 围城（期间）( siege的复数形式 )
sift	sift	vt. 筛, 过滤, 撒, 详查
sifted	siftid	v. 筛( sift的过去式和过去分词 ); 筛滤; 细查; 详审
sifter	'siftә	n. 筛选工, 筛子
sifting	'siftiŋ	n. 筛, 过滤, 筛过的东西, 滤下来的杂质, 筛下来的杂质, 滤过的东西
sifts	sifts	v. 筛( sift的第三人称单数 ); 筛滤; 细查; 详审
sigh	sai	n. 叹息
sighed	said	v. 叹气, 叹息( sigh的过去式和过去分词 ); 悲鸣; 叹着气说; 叹息道
sigher		n. 叹息者, 呼啸的风, 发悲鸣声的树
sighing	saiŋ	v. 叹气, 叹息( sigh的现在分词 ); 悲鸣; 叹着气说; 叹息道
sighs		n. 叹息；手势；标记（sigh的复数）
sight	sait	n. 景观, 视力, 眼界, 阅读, 见解, 意见
sighted	'saitid	a. 有视力的, 不盲的
sighter	'saitə	[体]观测弹
sighting	saitiŋ	n. 照准；瞄准；视线
sights		n. 风景, 名胜；视野（sight的复数）
sightseeing	'saitsi:iŋ	n. 观光, 游览
sightseeings	网络	[原型] sightseeings 是 sightseeing 的复数
sign	sain	n. 符号, 招牌, 征兆, 正负号, 手势
signal	'signl	n. 信号, 暗号, 近因, 导火线
signaled		v. 以动作向…示意；用信号发出, 用信号通知；向…发信号（signal的过去分词）
signaler	'si^nəlә(r)	n. 信号手, 通信兵, 信号装置
signaling	'siɡnәliŋ	n. 发信号；打信号
signalled	'sɪgnəld	v. 发信号, 用信号传达, 用信号通讯( signal的过去式和过去分词 ); 发暗号; 示意
signaller		n. 信号手, 通信兵, 信号装置
signalling	'si^nәliŋ	[计] 信号传输法
signals	ˈsiɡnəlz	n. 信号( signal的名词复数 ); （无线电或电视所传送的）讯号; 标志; （尤指铁路和公路上的）指示灯
signature	'signәtʃә	n. 签字, 识别标志, 调号
signatured		adj. 签字的
signatures		n. 签名；鲜明特征（signature的复数）
signed	saind	a. 有符号的；有正负之分的；已签字的
signer	'sainә	n. 签名者, 使用手势语者
signes		(signe 的复数) [医] 征
signies	人名	(signy 的复数)
significance	sig'nifikәns	n. 重要性, 意义, 意味
significances		(significance 的复数) n. 重要性, 意义, 意味
significant	sig'nifikәnt	a. 重要的, 有效的, 有含义的, 暗示的, 值得注意的
signifies	ˈsiɡnifaiz	v. 表示…的意思, 意味( signify的第三人称单数 ); 具有重要性, 要紧
signify	'signifai	vt. 象征, 预示
signifying	ˈsiɡnifaiiŋ	n. <美><俚>吹牛游戏； （辱骂对方亲属的）对骂游戏
signing		-2
signs		n. 标志；符号（sign的复数）
silence	'sailәns	n. 沉默, 无声, 静寂, 湮没, 无声息
silenced	ˈsailənst	v. 使安静( silence的过去式和过去分词 ); 使沉默; 压制; （用以让人们安静）安静
silenceer	'sailənsə	n. 枪支消音器；[主英国英语](内燃机)消音器；沉默者(或事物)
silencer	'sailәnsә	n. 使沉默的人, 消音器, 消音装置
silences	ˈsailənsiz	v. 使安静( silence的第三人称单数 ); 使沉默; 压制; （用以让人们安静）安静
silent	'sailәnt	a. 沉默的, 安静的, 无声的, 静止的
silents		n. 无声电影
silicon	'silikәn	n. 硅
siliconed		(silicon 的过去分词) n. 硅
silicones	化	[原型] silicones 是 silicone 的复数
siliconing	化	[原型] siliconing 是 silicon 的现在分词
silicons	计	[原型] silicons 是 silicon 的复数
silk	silk	n. 丝, 绸, 绸锻类, 丝织品
silker	'silkә	玉米去须机
silkes	网络	[原型] Silkes 是 silke 的复数
silking	'silkiŋ	丝纹, 丝条, 漆膜走丝(漆病)
silks	'sɪlks	n. 丝( silk的复数形式 ); 绸; （用于缝纫的）丝线王室律师; 王室法律顾问
sillies		（常用于向孩子指出其愚蠢行为）傻孩子, 淘气鬼( silly的名词复数 )
silly	'sili	a. 愚蠢的, 糊涂的
silver	'silvә	n. 银, 银币, 银器
silvered	'silvәd	v. 镀银（变成银白色）
silverer	'sɪlvərər	镀银的人[设备]
silvering	'silvәriŋ	n. 镀银, 包银, 镀上的白银, 包上的白银, 银色光泽
silvers		n. 银（silver的复数形式）
similar	'similә	a. 相似的, 类似的
similarities	ˌsɪməˈlærɪti:z	n. [ similarity ]的复数形式; 类似( similarity的复数形式 ); 相像性; 相仿性; 类似性
similarity	.simi'læriti	n. 类似, 类似处
similarly	'similәli	adv. 相像地, 类似于
similars		相似导线
simile	'simili	n. 明喻, 明喻说法
similes	'sɪmɪlɪz	n. （使用like或as等词语的）明喻( simile的名词复数 )
simple	'simpl	a. 简单的, 普通的, 朴素的, 单纯的, 绝对的, 初级的, 原始的, 迟钝的
simpled	'sɪmp(ə)l	adj. 简单的，基本的；简易的，易懂的；易处理的
simpler		n. 药草采集者
simples		n. (Simples)人名；(葡)辛普莱斯
simplest		a. 最简单的, 单纯的
simplicities	simˈplisitiz	n. 简单, 朴素, 率直( simplicity的复数形式 )
simplicity	sim'plisiti	n. 单纯, 简朴, 朴素, 坦率, 天真
simplifies	ˈsimplifaiz	v. 使（某事物）简单[简明], 简化( simplify的第三人称单数 )
simplify	'simplifai	vt. 单一化, 简单化
simplifying	ˈsimplifaiŋ	v. 使（某事物）简单[简明], 简化( simplify的现在分词 ); 单纯化
simply	'simpli	adv. 简单地, 只是, 简直, 简朴地, 坦白地
simultaneous	.simәl'teinjәs	a. 同时的, 同时发生的
since	sins	prep. 自...以后, 自...以来
sincere	sin'siә	a. 诚实的, 正直的, 真挚的, 纯净的
sincerely	sin'siәli	adv. 真诚地
sincerer		(sincere 的比较级) a. 诚实的, 正直的, 真挚的, 纯净的
sincerest		最真诚的
sincerities		(sincerity 的复数) n. 诚实, 真实, 诚心诚意
sincerity	sin'serәti	n. 诚实, 真实, 诚心诚意
sing	siŋ	vi. 唱, 唱歌, 演唱, 鸣, 啼
singapore	.siŋgә'pɒ:	n. 新加坡
singapores	ˌsɪŋgə'pɔ:	n. 新加坡
singed	sɪndʒd	v. 浅表烧焦( singe的过去式和过去分词 ); （毛发）燎, 烧焦尖端[边儿]
singer	'siŋә	n. 歌手
singers	ˈsɪŋəz	n. 歌手, 歌唱家( singer的复数形式 ); 唱歌的人
singes	sɪndʒz	v. 浅表烧焦( singe的第三人称单数 ); （毛发）燎, 烧焦尖端[边儿]
singest	sɪn(d)ʒ	vt. 把…的表面烫焦，烧焦…的浅表：；燎掉(屠宰后动物)的毛：
singing	'siŋiŋ	n. 歌唱, 歌声
sings		n. 合唱；歌声（sing复数形式）
singular	'siŋgjulә	n. 单数
singulares		(singulare 的复数)  [医]唯一的
singulars		(singular 的复数) n. 单数
sinises	网络	(sinise 的复数)
sink	siŋk	n. 藏垢的场所, 沟渠, 污水槽
sinker	'siŋkә	n. 使下沉的人, 铅锤, 凿井工
sinking	'siŋkiŋ	n. 沉没, 降低, 衰颓感
sinks		n. 低洼地；污水池；水槽（sink的复数）
sir	sә:	n. 先生, 阁下
sired	saɪəd	v. 公畜( sire的过去式和过去分词 ); 陛下
siren	'saiәrin	n. 女海妖, 妖女, 警报器, 汽笛, 迷人的美女
sirens	ˈsaiərinz	n. 汽笛( siren的复数形式 ); 妖冶而危险的女人; 危险的诱惑; 塞壬（古希腊传说中半人半鸟的女海妖, 惯以美
sires	saɪəz	n. 公畜( sire的名词复数 ); 陛下
siring	saɪərɪŋ	v. 公畜( sire的现在分词 ); 陛下
sirr		abbr. software interrupt request register 软件中断请求寄存器; Spokane
sirred	sɜː	n. 阁下，先生
sirs		abbr. 卫星红外辐射光谱仪（Satellite Infrared Radiation Spectrometer）；全
sister	'sistә	n. 姐妹, 姐, 妹, 护士, 修女
sistered	'sɪstə	n. 姐妹；修女；护士
sistering	'sɪstə	n. 姐妹；修女；护士
sisters		n. 姐妹们（sister的复数形式）
sit	sit	vi. 坐, 就座, 坐落
sitcom	'sitkɔm	abbr. 情景喜剧（situation comedy）
sitcoms	ˈsɪtˌkɔmz	n. 情景喜剧( sitcom的复数形式 )
sitd		（网络用语）Still In The Dark（还是不明白）
site	sait	n. 位置, 场所, 地点
sited		vt. 使坐落在（site的过去式与过去分词形式）
sites		n. 遗址, 举办地点；网站（site的复数）
siting	'saitiŋ	n. 建设地点的决定, 道路定线
sits		v. 坐（sit的第三人称单数形式）
sitter	'sitә	n. 坐着的人, 坐着被画像的人
sittest		abbr. self-induced transparency自感应透明
sitting	'sitiŋ	n. 入席, 就坐, 开庭, 孵卵
situated	'sitjueitid	a. 位于...的, 坐落在...的, 处于某种境地的
situation	.sitju'eiʃәn	n. 情形, 境遇, 位置
situationer		n. 人员部署
situations		n. 情境；状况；局面（situation的复数形式）
six	siks	num. 六, 六个
sixer	'siksә	n. 得六分的击球
sixes	sɪksiz	n. 六( six的复数形式 ); （常指不愉快的事物）令某人大吃一惊; 死亡; 半斤八两
sixteen	'siks'ti:n	num. 十六, 十六个
sixteens		十六, 十六个（人或物）( sixteen的名词复数 )
sixties	ˈsɪksti:z	n. 六十( sixty的名词复数 )
sixty	'siksti	num. 六十, 六十个
sixxer	sɪks	n. 六，六个(人或物)；六个(人或物)一组；六人队，六缸发动机(汽车)
sixxest	sɪks	n. 六，六个(人或物)；六个(人或物)一组；六人队，六缸发动机(汽车)
size	saiz	n. 大小, 尺寸, 规模, 尺码, 能力, 浆料
sized	'saizd	a. 依大小排列的, 依大小调整的, 型号的, ...尺码的
sizer	'saizә	n. 筛分器
sizes		n. 象素显示尺寸, 尺寸（size复数形式）
sizest	saɪz	n. 大小，规模；多少；数目，程度，范围
skate	skeit	n. 溜冰, 冰鞋
skateboard	'skeitbɔ:d	n. 溜冰板
skateboarded	'skeɪt.bɔː(r)d	n. 滑板
skateboarder	'skeɪtbɔ:də(r)	n. [体]滑板运动员
skateboarding	'skeit.bɔ:diŋ	n. 滑板运动
skateboards	ˈskeɪtˌbɔ:dz	n. 滑板( skateboard的复数形式 )
skated	skeitid	v. 溜冰, 滑冰( skate的过去式和过去分词 )
skater	'skeitә	n. 溜冰者
skates		n. 冰鞋；滑架（skate的复数）
skeleton	'skelәtn	n. 骨骼, 骨瘦如柴的人, 梗概, 骨干, 残骸
skeletoning	'skelɪt(ə)n	n. 【解剖学】骨骼；骸骨；骨骼标本
skeletons	ˈskelitnz	n. （建筑物等的）骨架( skeleton的复数形式 ); 骨骼; 梗概; 骨瘦如柴的人（或动物）
sketch	sketʃ	n. 素描, 草图, 小品
sketched		v. 草拟（sketch的过去式与过去分词形式）
sketcher		n. 画略图者, 作素描者, 舞台布景设计者
sketches	sketʃiz	n. 草图( sketch的名词复数 ); 素描; 速写; 梗概
sketchies	'sketʃɪ	sketchy
sketching	'sketʃiŋ	[机] 草图
skies	skaiz	n. 天空（sky的复数）
skilful	'skilful	a. 灵巧的, 熟练的, 制作精巧的
skilfulest	'skɪlfʊl; -f(ə)l	adj. [美国英语] = skilful
skill	'skil	n. 技术, 技巧, 技能, 熟练, 熟练工人
skilled	'skild	a. 熟练的
skillful	'skilful	a. 熟练的, 巧妙的
skillfulest	'skilful	adj. [主英国英语]；有技术的；熟练的
skillies	'skɪlɪ	n. 羹汤；麦片粥
skilling	'skiliŋ	斯吉林(斯堪的纳维亚旧铜币和货币单位)
skills		n. 技术；技能；技巧（skill的复数形式）
skim	skim	vt. 撇取浮沫, 略读, 掠过
skimmed	skimd	v. 撇去( skim的过去式和过去分词 ); 掠过; 轻轻擦过; 略读
skimmer	'skimә	n. 撇去浮沫的器具, 浏览者, 蛤, 蜻, 剪嘴鸥
skimmest	skɪm	vt. 撇去…的浮物，撇清…的表面：；从…的表面轻快地掠过：
skimming	'skimiŋ	n. 撇去浮沫, 略读
skims	skimz	v. 撇去( skim的第三人称单数 ); 掠过; 轻轻擦过; 略读
skin	skin	n. 皮肤, 皮
skinned	'skind	a. 具有...皮肤的, 具有...肤色的, 没有草皮的
skinner	'skinә	n. 皮商, 剥皮工人, 骗子
skinning	'skiniŋ	[化] 结皮现象
skins	skinz	n. （美）连皮烤土豆；面板；皮囊；皮肤（skin的复数）
skip	skip	n. 跳跃, 跳读
skipped		a. 跳跃的
skipper	'skipә	n. 船长, 机长, 队长
skippest	skɪp	vi. 轻快地跳，跳来跳去；跳跃，跳着走：；在表面上掠过，弹跳着掠过：
skipping	'skipiŋ	[计] 跳跃
skips	skips	v. 跳( skip的第三人称单数 ); 跳绳; 悄悄溜走; 快速转移
skirt	skә:t	n. 裙子, 下摆, 边缘, 郊区
skirted	'skә:tid	a. 有缘的（带裙的）
skirter	'skə:tə	n. [澳大利亚英语]【纺织业】套毛除边工, 除边毛工
skirtest	skɜːt	n. 裙子；衬裙；(衣服的)下摆
skirting	'skә:tiŋ	n. 裙料, 壁脚板
skirts		n. 裙子；短裙（skirt的复数形式）
skull	skʌl	n. 头盖骨, 头脑, 好学生
skulled		a. 有...脑壳的
skulling	skʌŋkɪŋ	v. <俚>使惨败, 使得零分( skunk的现在分词 ); 烂醉如泥
skulls	skʌlz	n. 颅骨( skull的复数形式 ); 脑袋; 脑子; 脑瓜
sky	skai	n. 天空, 天色, 天堂
skyed	skai	n. =Skye terrier
skyer	'skaiә	n. 高飞球
skying		vt. 将…击向空中（sky的现在分词形式）
skyscraper	'skaiskreipә	n. 摩天楼, 三角形天帆
skyscrapered	'skaɪskreɪpə	skyscraper
skyscrapers	'skaɪˌskreɪpəz	n. 摩天大楼( skyscraper的复数形式 ); 层楼高耸; 广厦高楼
slack	slæk	n. 松弛, 松懈, 淡季, 闲散, 家常裤
slacked	slækt	v. 偷懒( slack的过去式和过去分词 ); 减速; 放松
slacker	'slækә	n. 懒惰虫, 逃避兵役者
slackest		a. 松（弛）的( slack的最高级 ); 清淡的; 不活跃的; 懈怠的
slacking	slækɪŋ	v. 偷懒( slack的现在分词 ); 减速; 放松
slacks		-1
slade	sleid	abbr.Society of Lithographic Artists,Designers, Engravers,an
slades	sleid	abbr. Society of Lithographic Artists Designers, Engravers, 
slam	slæm	n. 砰然声, 猛然, 猛烈的抨击
slammed	slæmd	v. 砰地关上（门或窗）( slam的过去式和过去分词 ); 用力一放; 使劲一推; 猛劲一摔
slammer	'slæmә	[法] 监狱
slamming	'slæmiŋ	n. [船舶]砰击
slams		砰然声；批评, 猛击
slander	'slændә	n. 中伤, 诽谤
slandered	ˈslændərt	v. 造谣中伤( slander的过去式和过去分词 )
slanderer		n. 诽谤者, 造谣中伤者
slanderest	'slɑːndə	n. 诽谤，中伤；谣言
slandering	ˈslændərɪŋ	n. [法]口头诽谤行为
slanders	ˈslændərs	n. 诽谤, 诋毁( slander的名词复数 )
slang	slæŋ	n. 俚语
slanged	slæŋ	n. 俚语；行话
slanger	ˈslæŋɡə	n. <美><俚>贩毒者
slangies	'slæŋɪ	slangy
slanging	slæŋ	n. 俚语；行话
slangs	slæŋz	n. 俚语( slang的名词复数 ); 黑话
slap	slæp	n. 掴, 掌击, 侮辱, 拍击声
slapped	slæpt	v. 掌击, 拍打( slap的过去式和过去分词 ); 制止; 镇压; （尤指生气地）啪的一声放下
slapper	'slæpə	n. 飞片；粘舌
slappest	slæp	n. 拍，拍击；一拍，一巴掌；拍击声，掌击声；(其他物体碰撞的)啪啪声
slapping	'slæpiŋ	a. 出奇快的, 巨大的
slaps	slæps	n. 拍打声, 类似拍打的声音( slap的名词复数 )
slaughter	'slɒ:tә	n. 残杀, 屠杀, 杀戮
slaughtered	ˈslɔ:təd	v. 屠杀, 杀戮, 屠宰( slaughter的过去式和过去分词 )
slaughterer		n. 屠夫, 屠杀者, 刽子手
slaughtering	'slɔ:tərɪŋ	v. 屠杀, 杀戮, 屠宰( slaughter的现在分词 )
slaughters	ˈslɔ:təz	v. 屠杀, 杀戮, 屠宰( slaughter的第三人称单数 )
slave	sleiv	n. 奴隶, 从动装置, 卑鄙的人
slaved	sleivd	v. 奴隶般地工作, 做苦工( slave的过去式和过去分词 )
slaver	'sleivә	n. 奴隶商人, 奴隶贩卖船, 口水
slaveries	'sleɪv(ə)rɪ	n. 奴役；奴隶制度；奴隶身分
slavery	'sleivәri	n. 奴隶的身分, 奴隶状态, 奴隶制度
slaves		n. 斯拉夫人
slavest	sleɪv	n. 奴隶；着迷者，耽迷者；奴隶般受控制的人
sled	sled	n. 雪撬
sledded	sledid	v. <美>乘雪橇( sled的过去式和过去分词 )
sledder	s'ledər	坐雪撬者, 拉雪撬的动物
sledding	'slediŋ	n. 乘雪撬
sleding		n. 雪橇, 大锤
sleds	sledz	n. 雪橇( sled的名词复数 )
sleep	sli:p	n. 睡眠, 静止, 昏迷, 麻木, 长眠, 冬眠
sleeper	'sli:pә	n. 睡眠者, 枕木, 卧铺
sleepest	sliːp	vi. 睡，睡觉；入睡；(机能)静止；不活动；休眠：
sleepies		(sleepy 的复数) a. 困乏的, 欲睡的
sleeping	'sli:piŋ	n. 睡眠
sleepings	网络	[原型] sleepings 是 sleeping 的复数
sleeps	sli:ps	v. 为…提供床位( sleep的第三人称单数 )
sleepy	'sli:pi	a. 困乏的, 欲睡的
sleeve	sli:v	n. 袖子, 套管
sleeved		a. 装有袖子的
sleeves		n. 袖子（sleeve的复数形式）；套筒
slender	'slendә	a. 苗条的, 纤弱的, 微少的, 微薄的
slenderer		slender（苗条的）的比较级形式
slenderest		slender（苗条的）的最高级形式
slendering		(slender 的现在分词) a. 苗条的, 纤弱的, 微少的, 微薄的
slept	slept	sleep的过去式和过去分词
slice	slais	n. 薄的切片, 一部分, 菜刀
sliced	slaist	刨切的
slicer	'slaisә	n. 切片机
slices	slaisiz	n. 部分( slice的名词复数 ); 锅铲; 削球
slide	slaid	n. 滑, 滑道, 山崩, 雪崩, 幻灯片
slider	'slaidә	[电] 滑动器
slides		v. 滑；徐徐而行；下跌（slide的三单形式）
slidest	slaɪd	vi. 滑，滑动，滑行：；滑跌，滑倒：
slight	slait	n. 轻蔑, 怠慢
slighted	slaitid	v. 轻蔑, 忽视, 怠慢( slight的过去式和过去分词 )
slighter	slaitə	a. 微小的( slight的比较级 ); 细小的; 不结实的; 无须重视的
slightest		a. 极不重要的, 最少的
slighting	'slaitiŋ	a. 轻视的, 轻蔑的, 忽视的
slightly	'slaitli	adv. 些微地, 苗条地
slights	slaits	n. 轻蔑, 忽视, 冷落( slight的名词复数 )
slim	slim	a. 瘦的, 苗条的, 微小的, 稀少的, 微薄的
slimed	slaɪmd	v. 黏质物( slime的过去式和过去分词 ); 黏液; 黏泥; 软泥
slimer	'slaimә	细粒摇床
slimes	slaɪmz	v. 黏质物( slime的第三人称单数 ); 黏液; 黏泥; 软泥
slimies	'slaɪmɪ	adj. (像)烂泥的；黏液的；黏糊糊的；粘满烂泥(或黏液)的；泥泞的；黏滑的
sliming	'slaimiŋ	泥浆化, 细粒化
slimmed	slimd	v. 减肥( slim的过去式和过去分词 ); 使体重减轻, 使变瘦, 使苗条
slimmer	'slimә(r)	n. <英>(通过节食、运动等)减轻体重者,减肥者
slimmest		a. 细长的( slim的最高级 ); 微小的; 苗条的; 微薄的
slimming	'slimiŋ	n. 减轻体重, 减肥
slims		n. 细腿紧身裤
slip	slip	n. 滑, 滑行, 事故, 溜, 差错, 滑台, 下降, 插条, 后裔, 板条, 瘦长的年轻人
sliped	slɪp	SLIP
slipped		a. 打滑的
slipper	'slipә	n. 拖鞋, 制轮器
slippery	'slipәri	a. 滑的, 光滑的, 靠不住的, 圆滑的, 不稳固的
slippest		abbr. Serial Line Internet (或 Interface) Protocol 【计算机】串线网际协
slipping	'slipiŋ	[经] 不严重的价格下跌
slips		n. 外场员防守的地区
slit	slit	n. 裂缝, 投币口, 狭长裂口
slited	slɪt	vt. (纵向)切开，割开；撕裂；剖开：；把…割成条；把…分成一条条：
sliting	slɪt	vt. (纵向)切开，割开；撕裂；剖开：；把…割成条；把…分成一条条：
slits	slits	n. 狭长的口子, 裂缝( slit的名词复数 )
slitted	slɪt	vt. 撕裂；使有狭缝
slitter	'slitә	n. 开切口的人, 切开的器具, 切刀
slitting	'slitiŋ	纵裂(缝)
sliver	'slivә	n. 裂片, 薄片, 梳毛
slivered		vt.& vi. 使成薄片（sliver的过去式与过去分词形式）
slivering	'slivәriŋ	辊痕(板材 、 带材表面热轧缺陷)
slivers	ˈslɪvəz	n. （切割或断裂下来的）薄长条, 碎片( sliver的名词复数 )
slogan	'slәugәn	n. 呐喊声, 标语, 口号
sloganed	'sləuɡənd	adj. 写标语口号的；印着简短醒目广告的
sloganned		(slogan 的过去时) n. 呐喊声, 标语, 口号
slogans	s'ləʊɡənz	n. 标语, 口号, 广告语( slogan的复数形式 )
slope	slәup	n. 倾斜, 斜坡, 斜率, 扛枪姿势
sloped		a. 倾斜的
slopeing		倾斜的;有斜坡的
sloper	'slәupә	n. 斜面点；铲坡机；异径接头；服装尺寸样板
slopes	sləups	n. 斜坡( slope的名词复数 ); 斜面; 倾斜; 山坡
slovenia	slәu'vi:njә	n. 斯洛文尼亚
slovenias	sləu'vi:niə	n. 斯洛文尼亚（南斯拉夫一共和国）
slow	slәu	a. 慢的, 缓慢的, 迟缓的, 迟钝的, 冷漠的, 落后的
slowed	sləud	v. （使）缓行, （使）减速( slow的过去式和过去分词 )
slower	计	[原型] slower 是 slow 的比较级
slowest		a. 最慢的（slow的最高级）
slowing		n. 放慢；减速；慢化
slows		v. 减速（slow的第三人称单数）
slumber	'slʌmbә	n. 睡眠, 麻木状态
slumbered		v. 微睡, 睡眠（slumber的过去式与过去分词形式）
slumberer		n. 睡眠者, 微睡者
slumberest	'slʌmbə	vi. 小睡，打盹；睡眠：；蛰伏，休眠；不活跃，静止：
slumbering		v. 微睡, 睡眠（slumber的现在分词形式）
slumbers	ˈslʌmbəz	n. 睡眠, 安眠( slumber的名词复数 )
small	smɒ:l	a. 小的, 少的, 小型的, 低微的, 小气的, 细微的
smalled	smɔːl	adj. 小的；小型的；小范围的；数目小的；少量的；规模少的
smaller		a. 较小, 更小的
smallerer		a. 较小, 更小的
smallerest		a. 较小, 更小的
smallest		a. 最小的（small的最高级）
smalls	s'mɔ:lz	n. <英><旧><非正>小衣物; 末煤; 细末; 细粒
smart	smɑ:t	a. 聪明的, 漂亮的, 刺痛的, 剧烈的, 敏捷的, 巧妙的, 伶俐的, 潇洒的
smarted	smɑ:tid	v. （伤口）疼痛( smart的过去式和过去分词 ); 感到刺痛; 引起疼痛; 受罪
smarter		a. 聪明的；精明的（smart的比较级）
smartest		聪明伶俐地
smarties		(smarty 的复数) n. 自作聪明的人
smarting	'smɑ:tiŋ	n. 剧烈疼痛；刺痛
smarts		n. 刺痛；头脑（smart的复数）
smash	smæʃ	n. 打碎, 粉碎, 打碎时哗啦声, 猛击, 扣球, 杀球, 经营失败, 破产, 硬币, 假硬币
smashed	smæʃt	a. 喝醉酒的
smasher	'smæʃә	n. 打碎者, 善于叩球者, 摔跟头, (非正式)出色的人, 使用假钞票者, 收买脏物者
smashes	smæʃiz	v. 打碎, 捣烂( smash的第三人称单数 ); 捣毁; 重击; 撞毁（车辆）
smashies	网络	[原型] smashies 是 smashie 的复数
smashing	'smæʃiŋ	a. 猛烈的, 发出撞击声的, 了不起的, 轰动的
smell	smel	n. 味道, 气味, 嗅觉, 嗅, 臭味, 气息
smelled		smell的过去式和过去分词
smeller	'smelә	n. 闻的人, 触须, 鼻子
smellest	smel	vt. 闻，嗅；闻到，嗅到：；把…闻闻看，把…嗅嗅看：
smellies		(smelly 的复数) a. 发臭的, 有臭味的
smelling	smelɪŋ	v. 嗅, 闻( smell的现在分词 ); 闻到; 嗅出; 觉察出
smells		n. 臭味；气味（smell的复数）
smelly	'smeli	a. 发臭的, 有臭味的
smile	smail	n. 微笑, 喜色, 笑容
smiled		vbl. 以微笑表示；微笑
smiler		n. 微笑者
smiles		n. 微笑；喜色（smile的复数）
smilest	smaɪl	vi. 笑；微笑；面露笑容：；表示友好(或乐观等) (on， upon):
smoke	smәuk	n. 烟, 雾气, 烟熏剂, 抽烟, 烟色
smoked	smәukt	a. 熏制的
smoker	'smәukә	n. 吸烟者, 吸烟的人, 吸烟车厢, (美)(非正式)蒸汽火车头
smokes	s'məʊks	v. 冒烟( smoke的第三人称单数 ); 抽烟; 用烟熏制; 吸（烟）, 抽
smokest	sməʊk	n. 烟；一缕烟，一团烟，烟柱；烟尘，烟雾；尘雾
smooth	smu:ð	a. 平滑的, 平稳的, 流畅的, 和蔼的, 安祥的, 圆滑的, 调匀的, 无毛的
smoothed		a. 平滑的；平滑后的
smoother	'smu:ðә	n. 弄平的人, 路面平整机, 修光工具
smoothes		vt. 使平滑（smooth的第三人称单数形式）
smoothest		a. 平稳的( smooth的最高级 ); 光滑的; 磨平的; （言谈）流利的
smoothies	s'mu:ðɪz	abbr. smooth ones 举止优雅的人
smoothing	'smu:ðiŋ	[计] 修匀, 平滑, 使平滑
smooths		v. （使）光滑, （使）平坦, （使）顺利( smooth的第三人称单数 ); 缓和; 使平和; 使（举止等）高雅
smuggle	'smʌgl	vt. 偷运, 走私, 私运
smuggled	ˈsmʌɡld	v. 偷运( smuggle的过去式和过去分词 ); 私运; 走私; 不按规章地偷带（人或物）
smuggler	'smʌglә	n. 走私者, 走私船
smuggles	ˈsmʌɡlz	v. 偷运( smuggle的第三人称单数 ); 私运; 走私; 不按规章地偷带（人或物）
snack	snæk	n. 小吃, 点心, 快餐
snacked		(snack 的过去分词) n. 小吃, 点心, 快餐
snacking		(snack 的现在分词) n. 小吃, 点心, 快餐
snacks		n. 快餐；小吃；零嘴（snack的复数）
snail	sneil	n. 蜗牛, 行动迟缓的人, 脑筋迟钝的人, 蜗形凸轮
snailed		蜗形的
snailing	'sneiliŋ	在轮片或夹板上铣花纹
snails		n. 腹足类；蜗牛；行动迟缓的人或动物（snail的复数）
snake	sneik	n. 蛇, 阴险的人
snaked		vt. 沿…曲折前进（或延伸）; （snake的过去式与过去分词形式）
snakes	sneiks	n. 蛇( snake的名词复数 ); 奸险的人; 卑劣的人; 蛇形浮动汇率制
snap	snæp	vt. 使突然中断, 猛咬, 争夺, 拉断, 使有啪啪声, 厉声说, 突然射击, 用快照拍摄
snapped		v. 啪啪作响；突然中断；猛咬；给…拍快照（snap的过去分词）
snapper	'snæpә	n. 咬人的狗, 厉声说话的人, 揿钮
snappest		abbr. systems for nuclear auxiliary power 核辅助电力系统
snapping		adv. 显著地, 强烈地, 非常地
snaps		n. 纽扣；四合扣；饰片类（snap的复数形式）
snatch	snætʃ	n. 抢夺, 攫取, 片断
snatched	snætʃt	v. 突然伸手拿取, 攫取, 抓住( snatch的过去式和过去分词 ); 抓紧时间做; 乘机获得; 夺去
snatcher	'snætʃә	n. 攫夺者, 诱拐者, 绑架者
snatches		n. 一阵
snatchest	snætʃ	vi. 抢夺，攫取 (at):；一下子抓住；很快接受：
snatchies	'snætʃɪ	snatchy
snatching		n. 冲动；抢掠；[印]纸张撕裂
sneaker	'sni:kә	n. 鬼鬼祟祟做事的人, 卑鄙者, 帆布胶底运动鞋
sneakered		a. sneaker的变形
sneakers		n. 胶底运动鞋（sneaker的复数形式）
sneer	sniә	n. 冷笑, 嘲笑
sneered	sniəd	v. 讥笑, 冷笑( sneer的过去式和过去分词 )
sneerer		n. 嘲笑者, 讥笑者
sneerest	snɪə	vi. 轻蔑地笑，冷笑：；以嘲笑的口吻说(或写文章等)：
sneering	'sniәriŋ	a. 嘲笑的, 轻蔑的
sneers	sniəz	n. 讥笑的表情（言语）( sneer的名词复数 )
sneeze	sni:z	n. 喷嚏
sneezed	sni:zd	v. 打喷嚏( sneeze的过去式和过去分词 )
sneezer	'sni:zə	打喷嚏者; 鼻子
sneezes		n. 打喷嚏
sniff	snif	n. 以鼻吸气, 嗅, 气息
sniffed	snift	v. 以鼻吸气, 嗅, 闻( sniff的过去式和过去分词 ); 抽鼻子（尤指哭泣、患感冒等时出声地用鼻子吸气）; 抱怨
sniffer	'snifә	n. 嗅探器
sniffest	snɪf	vi. (出声地)用鼻吸气；吸气清鼻：；= sniffle
sniffies	'snɪfɪ	sniffy
sniffing	计	[原型] sniffing 是 sniff 的现在分词
sniffs	snifs	v. 以鼻吸气, 嗅, 闻( sniff的第三人称单数 ); 抽鼻子（尤指哭泣、患感冒等时出声地用鼻子吸气）; 抱怨, 
snob	snɒb	n. 势利的人, 假内行
snobber	snɒb	n. 势利小人；谄上欺下者；假行家；自以为是者
snobbing	snɒb	n. 势利小人；谄上欺下者；假行家；自以为是者
snobbish	'snɒbiʃ	a. 自命不凡的, 势利的
snobs	snɔbz	n. （谄上傲下的）势利小人( snob的复数形式 ); 自高自大者, 自命不凡者
snore	snɒ:	n. 鼾声, 打鼾
snored	snɔ:d	v. 打呼噜, 打鼾( snore的过去式和过去分词 )
snorer	'snɒ:rә	n. 打鼾者
snores	snɔ:z	v. 打呼噜, 打鼾( snore的第三人称单数 )
snorest	snɔː	vi. 打鼾；呼吸粗重：
snorkel	'snɔ:kl	n. 通气管
snorkeled	'snɔː(r)k(ə)l	n. (潜艇或潜水者的)通气管；水下呼吸管；(救火车上的)液压起重机；（浮潜用的）呼吸管
snorkeler		n. 通气管；潜艇换气装置 (snorkel的变形)
snorkeling	ˈsnɔ:klɪŋ	v. 用通气管潜泳
snorkelled	ˈsnɔ:kəld	v. 使用水下呼吸管潜游( snorkel的过去式和过去分词 )
snorkeller		n. 通气管；潜艇换气装置 (snorkel的变形)
snorkelling	ˈsnɔ:kəlɪŋ	v. 使用水下呼吸管潜游( snorkel的现在分词 )
snorkels	ˈsnɔ:kəlz	n. （潜泳者或潜水艇的）水下通气管( snorkel的名词复数 ); [消防]高空作业车, 按展臂方式分为直臂式和曲臂
snow	snәu	n. 雪, 积雪, 下雪, 雪花形干扰
snowed	snəud	v. （用花言巧语）蒙( snow的过去式和过去分词 ); 使雪片般地落下; 用雪覆盖; 用雪阻困(over, unde
snower		n. 温州市斯诺威信息技术有限公司
snowest	snəʊ	n. 雪[参较 ice crystals, snow grains, snow pellets]；一场雪，下雪天气
snowing		v. 下雪（snow的ing形式）
snowman	'snәumæn	n. 雪人
snows	snəuz	n. 雪( snow的名词复数 ); 下雪; [用复数] 积雪; （某地或某时的）降雪量
snowstorm	'snәustɒ:m	n. 暴风雪
snowstorms	ˈsnəʊˌstɔ:mz	n. 暴风雪, 雪崩( snowstorm的复数形式 )
snowy	'snәui	a. 多雪的, 雪的, 被雪所覆盖着的, 下雪的
snowys		(snowy 的复数) a. 多雪的, 雪的, 被雪所覆盖着的, 下雪的
so	sәu	adv. 如此, 如是, 如...那样
soak	sәuk	n. 浸, 湿透, 大雨
soaked		a. 湿透的
soaker	'sәukә	n. 浸洗人, 酒量大的人, 倾盆大雨
soakest	səʊk	vi. 浸泡，浸渍：；浸湿，湿透：
soaking	'sәukiŋ	a. 湿透的, 使人湿透的
soaks	səuks	v. 浸( soak的第三人称单数 ); 泡; 浸透; 湿透
soap	sәup	n. 肥皂, 阿谀
soaped		vt. 抹肥皂（soap的过去式与过去分词形式）
soaper	'sәupә	n. 肥皂制造商
soaping	'sәupiŋ	v. 用肥皂擦洗；吹捧；贿赂（soap的ing形式）
soaps		n. 穿孔砖；肥皂（soap的复数形式）
sob	sɒb	vi. 啜泣, 呜咽
sobbed	'sɒbd	v. 哭泣, 啜泣( sob的过去式和过去分词 ); 哭诉, 呜咽地说
sobber		n. sob的变形
sobbest		abbr. shortness of breath 【医学】呼吸浅促,气促,呼吸浅短
sobbing	'sɔbiŋ	[医] 呜咽
sober	'sәubә	a. 未醉的, 稳重的, 节制的, 严肃的, 不夸大的, 合理的, 朴素的
sobs	'sɒbz	n. 啜泣（声）, 呜咽（声）( sob的名词复数 )
soccer	'sɒkә	n. 英式足球
soccered	'sɒkə(r)	n. 〈口〉英式足球
soccerer	'sɒkə	n. [口语] (相对于橄榄球的)足球
soccering	'sɒkə(r)	n. 〈口〉英式足球
soccers		<美>足球( soccer的名词复数 )
social	'sәuʃәl	a. 社会的, 群居的, 社交的
sociales	'səʊʃlz	[医]优势种
socialism	'sәuʃәlizm	n. 社会主义, 社会主义运动
socialismes	网络	(socialisme 的复数)
socialisms		(socialism 的复数) n. 社会主义, 社会主义运动
socialist	'sәuʃәlist	n. 社会主义者, 社会党党员
socialistes		(socialiste 的复数) [网络] 社会主义者报；社会主义团队
socialists	ˈsəuʃəlists	n. 社会主义者( socialist的复数形式 )
socials	ˈsəuʃəlz	n. 联谊会, 联欢会( social的复数形式 )
societies	səˈsaiətiz	n. 社会( society的名词复数 ); 上流社会; 社团; 社群
society	sә'saiәti	n. 社会；社交界；交往；社团
sociologies		(sociology 的复数) n. 社会学
sociology	.sәusi'ɒlәdʒi	n. 社会学
sock	sɒk	n. 短袜, 鞋垫, 一击
socked	sɒk	n. 短袜；一击
socker	'sɒkә	n. 猛击者
socket	'sɒkit	n. 窝, 穴, 插座, 眼窝
socketed	ˈsɔkitid	v. 把…装入托座（或插座）, 给…装上托座（或插座）( socket的过去分词 ); [高尔夫球]用棒头承口部位击（球
socketing		纳入接
sockets		n. 套接口；插座；套筒（socket的复数）
sockies	网络	[原型] sockies 是 socky 的复数
socking	ˈsɒkɪŋ	adv. <非正><英>非常（大）
socks		短袜, 袜子, 鞋内的衬垫, 轻软鞋, 巨款, 存款, 存钱处, 银箱, 拳打, 一击, 重击
sod	sɒd	n. 草地, (铺草坪用的)草皮, 故乡
sodium	'sәudiәm	n. 钠
sodiums	网络	[原型] sodiums 是 sodium 的复数
soed		abbr. Shorter Oxford English Dictionary 《简明牛津英语词典》
soes		abbr. Small Order Execution System 小规模定单执行系统
sofa	'sәufә	n. 沙发
sofaed	'səufəd	adj. 坐在沙发上的
sofar	'sәufɑ:	n. 声发
sofas	ˈsəufəz	abbr. survivable optical forward acquisition sensor 可存光敏探测传感
sofast		施沛特
soft	sɒft	a. 软的, 温和的, 柔和的, 柔滑的, 温柔的, 软弱的, 坡度小的, 笨的, 纸币的
soften	'sɒftn	v. (使)变柔软, (使)变柔和
softened		a. 退火的, 软化
softener	'sɔfnә	n. 软化剂, 硬水软化器
softenest	'sɒf(ə)n	vt. 使软，使软化；使软弱；使温和；使缓和；减轻：；使(声音)变轻柔；使(色彩、光线)变柔和：
softening	'sɔfniŋ	[机] 软化处理
softens	ˈsɔ:fənz	v. （使）变软( soften的第三人称单数 ); 缓解打击; 缓和; 安慰
softer		柔软的
softest		柔软的
softies	ˈsɔ:fti:z	n. 柔弱的人, 笨人( softie的复数形式 ); 傻子( softy的复数形式 ); 笨蛋; 笨人; 多愁善感的人
softness	'sɒftnis	n. 柔和, 温柔
softnesses		(softness 的复数) n. 柔和, 温柔
softs		软货
software	'sɒftwєә	n. 软件
softwares		n. 软件（software的复数形式）
soies	sɒɪ	soy
soil	sɒil	n. 土壤, 土地, 国家, 国土, 温床, 污物, 粪便, 水池
soild		n. 固体
soiled		a. 污染的
soiling	sɔilɪŋ	v. 弄脏, 污辱( soil的现在分词 ); 喂青饲料
soils	sɔilz	n. 泥土( soil的名词复数 ); 国土; 领土; 土地
solar	'sәulә	a. 太阳的, 日光的, 源自太阳的
solars	网络	[原型] solars 是 solar 的复数
sole	sәul	n. 脚掌, 鞋底, 底部
soled		a. 底的
soleing	səul	sole1
solemn	'sɒlәm	a. 严肃的, 郑重的, 庄严的
solemner	'sɒləm	adj. 严肃的；重大的；仪式隆重的；一本正经的
solemnest	'sɒləm	adj. 严肃的；重大的；仪式隆重的；一本正经的
soler	'sɒlər	钎焊剂
soles	'sɔːles	n. 鞋底( sole的名词复数 ); 有...底的 -soled; 脚掌; 鳎（可食用比目鱼）
solest	səʊl	adj. 惟一的，独一无二；独特的，特有的
solid	'sɒlid	n. 固体
solidarities		(solidarity 的复数) n. 团结, 团结一致, 共同一致
solidarity	.sɒli'dæriti	n. 团结, 团结一致, 共同一致
solider		机动战士
solidest		最结实的, 最可靠的（solid的最高级）
solidifies	sə'lɪdɪfaɪz	v. （使）成为固体, （使）变硬, （使）变得坚固( solidify的第三人称单数 ); 使团结一致; 充实, 巩固
solidify	sә'lidifai	v. (使)凝固, (使)团结, 巩固
solidifying	sə'lɪdəfaɪŋ	v. （使）成为固体, （使）变硬, （使）变得坚固( solidify的现在分词 ); 使团结一致; 充实, 巩固; 
solids	'sɒlɪdz	n. 固体( solid的复数形式 ); 立体图形; 立方体; 硬粒
solo	'sәulәu	n. 独奏, 独唱, 单独表演
solod	'sɒləʊd	n. 脱碱土
soloed	'səʊləʊ	n. 【乐】独奏(曲)；独唱(曲)；单人舞；单独表演
soloes	'səʊləʊ	n. 独奏；独唱；独奏曲
soloing		(solo 的现在分词) n. 独奏, 独唱, 单独表演
solos		独奏曲, 独唱, 独奏, 独唱曲, 单独表演, 单飞, 单人纸牌戏
soluble	'sɒljubl	a. 溶解的, 可溶解的, 可以解决的
solubler	'sɒljʊb(ə)l	adj. 【化学】可溶解的；可乳化的；可解决；可解释的；可解答的
solubles		(soluble 的第三人称 -s形式) a. 溶解的, 可溶解的, 可以解决的
solublest	'sɒljʊb(ə)l	adj. 【化学】可溶解的；可乳化的；可解决；可解释的；可解答的
solution	sә'lu:ʃәn	n. 解决, 解答, 溶液
solutioned	sə'luːʃ(ə)n	n. 解决；解释；(数学等的)解法；溶解
solutions		n. 解决方案；应对措施；溶液剂（solution的复数）
solve	sɒlv	vt. 解决, 付给, 溶解
solved		a. 解决了的
solver	'sɔlvә	[计] 解算机, 求解程序
solves	sɔlvz	v. 解决( solve的第三人称单数 ); 解答; 解释; 揭示
solvest	sɒlv	vt.
somatic	sәu'mætik	a. 身体的, 肉体的, 壁体的
some	sʌm	pron. 一些, 一部分, 若干
somebodies	ˈsʌmbədiz	n. 某人，有人( somebody的名词复数 )
somebody	'sʌmbɒdi	n. 了不起的人, 大人物
somehow	'sʌmhau	adv. 不知何故
someone	'sʌmwʌn	pron. 有人, 某人
someones	'sʌmwʌn	pron. 有人, 某人
somersaulting	ˈsʌməˌsɔ:ltɪŋ	v. 翻筋斗( somersault的现在分词 )
somersaultings		v. 翻筋斗( somersault的现在分词 )
somes	sʌm; s(ə)m	a. [修饰单数名词] 某一个, 某个；[修饰复数名词] 某些, 有些
somest	sʌm; s(ə)m	adj. [修饰单数名词] 某一个，某个；[修饰复数名词] 某些，有些
something	'sʌmθiŋ	pron. 某事, 某物
somethinged	'sʌmθɪŋ	pron.
somethinging	'sʌmθɪŋ	pron.
somethings	'sʌmθɪŋ	pron. 某事；某物
sometime	'sʌmtaim	a. 以前的, 某一时间的
sometimes	'sʌmtaimz	adv. 有时, 时常, 往往
somewhat	'sʌmhwɒt	n. 某物, 几分
somewhats	'sʌmwɒt	n. 几分；某物
somewhere	'sʌmhwєә	adv. 到某处, 在某处
somewheres	'sʌmweə	adv. 在某处；到某处
son	sʌn	n. 儿子, 女婿, 子孙
sones		(sone 的复数) [医] 味(音响单位)
song	sɒŋ	n. 歌, 曲, 鸣声, 歌唱, 歌曲, 诗歌
songed	sɔŋ	Song
songes	网络	[原型] songes 是 songe 的第三人称单数
songs		n. 歌曲, 歌集（song的复数）
sonies		n. 索尼（日本电子娱乐公司）
sonned	sʌn	Son
sons		n. 儿子们（son的复数）；子弟
soon	su:n	adv. 不久, 早, 快, 宁可
sooner	'su:nә	n. (美)(非正式)抢先占有土地者, 抢先而获得不正当利益的人
soonest	su:nɪst	a. 不久( soon的最高级 ); 即刻; 早; 快
sophie	'sәufi	n. 索菲（女子名）
sophies	'səufi; 'sɔ-	n. 苏菲（古波斯统治者）
sophisticated	sә'fistikeitid	a. 复杂的, 久经世故的
sor		abbr. 特殊操作要求（Specific Operating Requirement）；逐次超松驰（Successiv
sore	sɒ:	a. 悲伤的, 痛的, 引起痛苦的
sorer		(sore 的比较级) a. 悲伤的, 痛的, 引起痛苦的
sores		n. 褥疮；疡；痍（sore的复数）
sorest	sɔː(r)	adj. 痛的；(一碰就)疼痛的；生着疮的；痛心的
sorghum	'sɒ:gәm	n. 高粱, 芦黍糖浆, 甜得发腻的东西
sorghums		(sorghum 的复数) n. 高粱, 芦黍糖浆, 甜得发腻的东西
sorrow	'sɒrәu	n. 悲伤, 哀惜, 不幸
sorrowed		(sorrow 的过去分词) n. 悲伤, 哀惜, 不幸
sorrower		n. 悲伤；懊悔；伤心事 (sorrow的变形)
sorrowest	'sɒrəʊ	n.
sorrowful	'sɒrәuful	a. 悲伤的
sorrowing	'sɒrəʊ	n. 悲伤；懊悔；伤心事
sorrows	'sɔrəuz	n. 悲痛( sorrow的名词复数 ); 遗憾; 不幸的事; 忧患
sorry	'sɒri	a. 难过的, 悲哀的, 遗憾的
sorrys	'sɒrɪ	adj. 难过的；可怜的，同情的；惋惜的；悲惨的，可悲的
sort	sɒ:t	n. 种类, 方式, 品质, 态度, 举止
sorted	'sɔ:tid	a. 分选的；分类的；挑选的
sorter	'sɒ:tә	n. 从事分类的人, 分拣的人
sortes	'sɔ:ti:z	[复] <拉> n.任意抽翻占卜法(任意抽翻基督教《圣经》或经典书籍中字句以占卜吉凶)
sortied		出击, 突击( sortie的过去式和过去分词 )；到陌生或环境不亲切的地方的短暂旅行
sorties	ˈsɔ:ti:z	n. 出击, 突击( sortie的复数形式 ); 到陌生或环境不亲切的地方的短暂旅行
sorting	'sɔ:tiŋ	[计] 排序
sorts		n. 程度；种类；品质（sort的复数）
sortying	'sɔːtiː	n.
sos	esәj'es	紧急呼救信号
soul	sәul	n. 灵魂, 心灵, 精神, 精髓, 人, 化身, 典型, 鬼魂
souled		a. 有灵魂的, 灵魂...的, 有感情的
soules		(soule 的复数)  [人名] 索尔
souls		n. 灵魂；精神（soul的复数）
sound	saund	n. 声音, 语音, 吵闹, 声调, 听力范围, 探条, 海峡
sounded		vbl. 听起来
sounder	'saundә	n. 发声者, 鸣响的东西, 音响发声器, 测深员
soundest		a. 最明智的（sound的最高级形式）; 最合理的; 最全面的
sounding	'saundiŋ	a. 发出声音的, 响亮的, 夸大的, 听上去堂皇的, 夸张的
sounds		n. 音效, 声音（sound的复数）
soup	su:p	n. 汤, 马力
souped		vt. 加大马力（soup的过去式与过去分词形式）
soupes	网络	(soupe 的复数)
soupies	'suːpɪ	adj. 汤汁一样的；浓云密布的；多愁善感的
souping	'su:pɪŋ	vt. 加大马力（soup的现在分词形式）
soups	su:ps	n. 汤, 羹( soup的名词复数 )
sour	'sauә	a. 酸的, 酸臭的, 发酵的, 愠怒的, 讨厌的, 拙劣的, 不健全的
source	sɒ:s	n. 来源, 水源, 根源, 原始资料, 源
sourced	sɔ:st	a. 有来源的, 有出处的
sourcer		n. 采购开发，搜寻
sources		n. 输入源；发起者；来源（source的复数）
soured	ˈsauəd	v. （使某物）变酸, 变馊, （使某人）阴郁( sour的过去式和过去分词 ); 关系、态度、人等（使）变坏, 恶化
sourer		(sour 的比较级) a. 酸的, 酸臭的, 发酵的, 愠怒的, 讨厌的, 拙劣的, 不健全的
sourest		(sour 的最高级) a. 酸的, 酸臭的, 发酵的, 愠怒的, 讨厌的, 拙劣的, 不健全的
souring		v. 变酸；发酵；变质（sour的现在分词）
sours	ˈsauəz	v. （使某物）变酸, 变馊, （使某人）阴郁( sour的第三人称单数 ); 关系、态度、人等（使）变坏, 恶化
south	sauθ	n. 南方, 南
southeastern	sauθ'i:stәn	a. 东南方的
southeasterner		n. 东南人, 住在东南部的人
southed	saʊθ	n. 南方, 南边；南部
souther	'sauðә	n. 南风, 正南强风
southern	'sʌðәn	n. 南方人, 男风
southerner	'sʌðәnә	n. 南方人
southerns	'sʌð(ə)n	adj. 南的；南方的
southertons	网络	(southerton 的复数)
southest	saʊθ	n. 南，南方[略作S或S.]；南面
southing	'sauðiŋ	n. 南向纬度差, 南进, 南行航程
souths	网络	[原型] souths 是 south 的复数
southwards	'sajθwәdz	adv. 在南方
southwestern	sauθ'westәn	a. 西南的, 向西南的, 来自西南的, 西南部的
southwesterner		n. 西南人, 住在西南部的人
southwesterns	,saʊθ'westən	adj. 西南部的；向西南的；来自西南的
souvenir	.su:vә'niә	n. 纪念品
souvenirs	su:və'nɪəz	n. 纪念品( souvenir的名词复数 )
sovereign	'sɒvrin	n. 元首, 独立国
sovereignest	'sɒvrɪn	n.
sovereigns	ˈsɔvrinz	n. 君主( sovereign的复数形式 ); 国王; 女王; 旧时价值为一镑的英国金币
sow	sau. sәu	n. 母猪, 懒胖女人
sowed		sow的过去式和过去分词
sower	'sәuә	n. 播种者, 播种机, 四下传播的人
sowes	网络	(sowe 的复数)
sowest	səu	vt.
sowing	'sәuiŋ	播种
sows	səuz	v. 播（种）, 播种于( sow的第三人称单数 ); 灌输; 激起; 散布
soy	sɒi	n. 酱油, 大豆
soybean	'sɒibi:n	n. 大豆
soybeans	'sɔɪbi:nz	n. 大豆, 黄豆( soybean的复数形式 )
soyer		(soye 的比较级)  [地名] [马里] 索伊; [地名] [比利时、法国] 苏瓦
soyest		n. 酱油, 大豆
soys		酱油( soy的名词复数 )；大豆
space	speis	n. 位置, 空间, 距离, 太空, 空白, 间隔, (期刊等的)篇幅
spacecraft	'speiskræft	n. 航天飞船
spacecrafts		(spacecraft 的复数) n. 航天飞船
spaced	speist	a. 以规定距离排列的；间隔排列的；隔开的
spaceman	'speismæn	n. 航天专家, 宇航员
spacer	'speisә	n. 空格杆, 逆电流器, 定位格架
spaces		n. 空间；空格；控制室（space的复数）
spaceship	'speisʃip	n. 宇宙飞船
spaceships	ˈspeɪsˌʃɪps	n. （尤指小说中的）宇宙飞船( spaceship的复数形式 )
spacious	'speiʃәs	a. 广大的, 宽广的
spade	speid	n. 铲子, 锄, 铲刀, 黑桃
spaded	speɪd	n. 铁锹, 铲子
spader		n. 铲具, 铲的人
spades		n. 锹（spade的复数）
spaghetti	spә'geti	n. 意大利面条
spaghettied	spə'getɪ	n.
spaghettiing	spə'getɪ	n.
spaghettis	网络	[原型] spaghettis 是 spaghetti 的复数
spain	spein	n. 西班牙
spains	网络	[原型] spains 是 spain 的复数
span	spæn	n. 指距, 全长, 跨距, 一段时间, 小范围
spanish	'spæniʃ	n. 西班牙人, 西班牙语
spanisher	'spænɪʃ	adj.
spanishes	ˈspænɪʃiz	n. 西班牙语( Spanish的名词复数 )
spanishing	'spæniʃiŋ	堵墨, 凹纹印刷
spanned	spænd	a. [生]生活期有限的
spanner	'spænә	n. 扳手
spanning	'spæniŋ	[计] 生成
spans	spænz	n. 跨度( span的名词复数 ); 持续时间; 一段时间; （五指张开时的）指距
spare	spєә	n. 剩余, 备用品, 备件, 备用零件, 备用轮胎
spared	spɛəd	v. 抽出( spare的过去式和过去分词 ); 节省; （尤指不会造成不便或损失地）供给; 剩下
spares		n. 备件, 备品
sparest	speə(r)	adj. 多余的；可以出让的；备用的；薄弱的
spark	spɑ:k	n. 火花, 火星, 闪光, 无线电报务员, 瞬间放电, 活力, 朝气, 花花公子, 情郎
sparked		vi. 发出火星, 发出闪光（spark的过去式与过去分词形式）
sparker	s'pɑ:kər	火花捕捉器, 电火花器
sparkes	人名	[原型] sparkes 是 sparke 的复数
sparkest	spɑ:k	n.
sparkies	'spɑrki	adj.
sparking	'spɑ:kiŋ	[电] 发电花
sparks	spɑ:ks	n. （船或飞机上的）无线电通信师
sparrow	'spærәu	n. 麻雀
sparrows	ˈspærəʊz	n. 麻雀( sparrow的复数形式 )
spatial	'speiʃәl	a. 空间的, 受空间条件限制的, 占地位的
speak	spi:k	vi. 说, 说话, 演说, 发言
speaked	spiːk	vi.
speaker	'spi:kә	n. 说话人, 讲演者, 发言人, 喇叭, 扬声器
speakers		n. 演说家；扬声器；发言者（speaker的复数）
speakes		(speake 的第三人称 -s形式)  [人名] 斯皮克
speakies	'spi:kiz	[美口]有声电影, 话剧
speaking	'spi:kiŋ	n. 谈话, 演说
speaks	spi:ks	v. 讲, 谈( speak的第三人称单数 ); 说; 演说; 从某种观点来说
spear	spiә	n. 矛, 枪, 持矛者, 嫩枝
speared		vt. 用矛刺（spear的过去式与过去分词形式）
spearer		n. 矛, 枪 (spear的变形)
spearing	'spiәriŋ	大头狗母鱼, 用杆刃戳人
spears		n. 斯皮尔斯（姓氏）
special	'speʃәl	n. 专辑, 专车, 号外, 特别的东西, 负有特别任务的人员
speciales		(speciale 的复数) n. (Speciale)人名；(意)斯佩恰莱
specialest	'speʃ(ə)l	adj.
specialing	'speʃ(ə)l	n. 特使，特派人员；特刊；特色菜；专车；特价商品
specialist	'speiʃәlist	n. 专门医师, 专家
specialists		n. 特种经纪人；专科医生；专家（specialist的复数）
specialize	'speʃәlaiz	vt. 使特殊化, 列举, 特别指明, 限定...的范围
specialized		-2
specializes	ˈspeʃəlaiziz	v. 专门从事, 专攻( specialize的第三人称单数 )
specials		n. 特殊的人或事；特刊；降价（special的复数形式）
species	'spi:ʃiz	n. 种, 类, 外形
specific	spi'sifik	n. 特效药, 特性
specification	.spesifi'keiʃәn	n. 规格, 详述, 详细说明书
specifications		n. 规格, 规范, 明细单, 说明书, 详细的计划书
specifics	spi'sifiks	n. 详情；细节；特性（specific的复数）
specifies		n. 指定
specify	'spesifai	vt. 详列, 指定, 说明
specifying		n. 说明
specimen	'spesimәn	n. 样品, 标本, 试料
specimens	ˈspesimənz	n. 样品( specimen的复数形式 ); 范例; （化验的）抽样; 某种类型的人
spectacle	'spektәkl	n. 引人羡慕的东西, 景象, 眼镜, 场面, 公开展示
spectacled	'spektәkld	a. 戴了眼镜的, 有眼镜状斑纹的
spectacles		n. 眼镜
spectacular	spek'tækjulә	a. 公开展示的, 惊人的, 壮观的
spectaculars	spekˈtækjuləz	n. 壮观的场面, 精彩的表演( spectacular的复数形式 )
spectator	spek'teitә	n. 观众, 目击者, 旁观者
spectators		n. 观众；旁观者（spectator复数）
spectrum	'spektrәm	n. 光谱, 范围, 系列
spectrums		系列, 范围, 谱, 光谱, 波谱, 射频频谱, 无线电信号频谱, 余象
speculate	'spekjuleit	vi. 深思, 推测, 投机
speculated	ˈspekjuleitid	v. 思索, 猜测, 推测( speculate的过去式和过去分词 ); 投机
speculates	ˈspekjuleits	v. 思索, 猜测, 推测( speculate的第三人称单数 ); 投机
speculatest	'spekjʊleɪt	vi.
speech	spi:tʃ	n. 演讲, 说话, 谈话, 言语, 引语, 民族语言
speeches	s'pi:tʃɪz	n. 说话( speech的复数形式 ); 演说; 说话方式; 口语
speeching	spiːtʃ	n. 说话能力；口语交谈；说话, 谈话
speed	spi:d	n. 速率, 速度, 迅速
speeded		speed的过去式和过去分词
speeder	'spi:dә	n. 调速装置, 超速驾车者
speedest	spiːd	n.
speedied	'spiːdɪ	adj.
speedies	'spiːdɪ	adj.
speeding	'spi:diŋ	n. 超速行驶
speeds	spi:dz	n. 速度( speed的名词复数 ); 快速; 快门速度; 感光度
speedying	'spiːdɪ	adj.
spell	spel	n. 符咒, 魅力, 轮值, 轮班, 工作时间, 一次发作
spellbind	'spelbaind	vt. 用妖术迷惑, 迷住
spellbinder	'spel.baindә	n. 能吸引听众的演说家
spellbinding	ˈspelbaɪndɪŋ	v. 用符咒迷惑, 迷住, 使入迷( spellbind的现在分词 )
spellbinds		vt. 用符咒迷惑, 迷住, 使入迷（spellbind的第三人称单数形式）
spelled		spell的过去式和过去分词
speller	'spelә	n. 拼字者, 缀字课本
spelling	'speliŋ	n. 拼, 拼字, 拼法
spellings		n. 拼写( spelling的复数形式 ); 拼法
spells		v. 拼写（spell的第三人称单数）
spend	spend	vt. 花费, 浪费, 度过, 消耗, 消磨
spender	'spendә	n. 挥霍者, 挥金如土的人
spendest	spend	vt.
spending	'spendiŋ	n. 经费, 开销
spends	s'pendz	v. 用钱, 花钱( spend的第三人称单数 ); 花费; 消耗; 花（时间）
sphere	sfiә	n. 球, 球面, 球体, 天体, 地球仪, 范围
sphered		vt. 形成球体（sphere的过去式与过去分词形式）
sphereing	sfɪə	n.
spheres	sfiəz	n. 球（体）( sphere的复数形式 ); （兴趣或活动的）范围; （包围地球等的大气的）层; 圆球
spherical	'sferikl	a. 球的, 球面的, 球状的, 天体的
spice	spais	n. 香料, 药料, 香气, 调味品, 情趣, 少许
spiced		-1
spicer		斯派瑟（美国）
spices		n. 香味料, 调味料（spice的复数）
spider	'spaidә	n. 蜘蛛, 设圈套者
spidered	'spaɪdə	n. 【昆虫】；蜘蛛[蜘蛛目(Araneae 或 Araneida)节肢动物]
spideries	'spaɪd(ə)rɪ	spidery
spiders		n. 蜘蛛；网页爬虫；蜘蛛布（spider复数）
spies		n. 间谍；密探（spy的复数形式）
spill	spil	n. 溢出, 溅出, 摔下, 溢出量, 木片, 小塞子
spilled		spill的过去式和过去分词
spiller	'spilә	n. 使溢出者, 使溅出者, 堕落网
spillest	spil	vt.
spilling	'spiliŋ	v. 跌下；溢漏, 泄漏（spill的现在分词）
spills		n. 漏损, 溢出（spill的复数）
spin	spin	n. 旋转, 自旋, 疾驰, 情绪低落
spined	'spaind	a. 有背骨的, 有脊柱的, 有刺的
spines	spainz	n. 脊柱( spine的复数形式 ); 脊椎; （动植物的）刺; 书脊
spinies	'spaɪnɪ	adj.
spinner	'spinә	n. 纺纱工人, 旋床工人, 纺纱机, 机头罩, 旋转动作, (美)(非正式)卡车司机
spinnest	spɪn	vt.
spinning	'spiniŋ	n. 纺纱
spins	spinz	n. 旋转；暴跌；尖硬纤维（spin的复数）
spiral	'spairәl	n. 螺旋形之物, 螺线
spiraled		盘旋上升（或下降）( spiral的过去式和过去分词 )；（物价等）不断急剧地上升（或下降）
spiraling	ˈspaiərəlɪŋ	v. 盘旋上升（或下降）( spiral的现在分词 ); （物价等）不断急剧地上升（或下降）
spiralled	ˈspaiərəld	v. 盘旋上升（或下降）( spiral的过去式和过去分词 ); （物价等）不断急剧地上升（或下降）
spiralling	'spaiәrәliŋ	螺型位移, 螺旋运动
spirals	ˈspaiərəlz	n. 螺旋（线）( spiral的名词复数 ); 螺旋式的上升（或下降）
spirit	'spirit	n. 精神, 心灵, 灵魂, 态度, 志气, 人格, 情绪, 心情, 烈酒
spirited	'spiritid	a. 有精神的, 活泼的, 生气勃勃的
spiriting	'spɪrɪt	n. 精神；心灵；情绪；志气；烈酒
spirits		n. 情绪, 兴致, 心情, 烈酒, 酒精
spiritual	'spiritʃuәl	a. 精神上的, 神圣的, 崇高的, 高尚的, 鬼的, 招魂术的
spirituales	网络	[原型] spirituales 是 spirituale 的复数
spirituals	spɪ'rɪtʃʊəlz	n. 精神上的( spiritual的复数形式 ); 心灵的; 教会的; 宗教的
spit	spit	n. 唾液, 唾吐, 小雨, 炙叉, 一铲的深度
spite	spait	n. 恶意, 怨恨, 使人烦恼的事物
spited		vt. 向…表示恶意（spite的过去式与过去分词形式）
spites	spaits	n. 恶意( spite的名词复数 )
spiting		vt. 向…表示恶意（spite的现在分词形式）
spits	spits	v. 吐痰( spit的第三人称单数 ); 发出呼噜呼噜声; 咝咝地冒油; 下小雨
spitted		吐出（spit的过去式和过去分词形式）
spitter	'spitә	n. 用灸叉拷肉的人, 吐唾沫的人
spittest	spit	vi.
spitting	'sptiŋ	v. 吐痰；啐唾沫；吐出；用炙叉叉住（spit的ing形式）
splash	splæʃ	n. 飞溅, 污点, 一点儿, 溅泼声, 色斑
splashed	sp'læʃt	v. 使（液体）溅起( splash的过去式和过去分词 ); （指液体）溅落
splasher	'splæʃә(r)	n. 溅起泥浆的人, 溅洒器, 挡泥板, 防护板, (非正式)挥霍无度的人
splashes	splæʃiz	n. （光、色等的）斑点( splash的名词复数 ); 溅泼声; 溅上的斑点; 溅泼的量
splashing	医	[原型] splashing 是 splash 的现在分词
splendid	'spendid	a. 光亮的, 了不起的, 灿烂的, 壮丽的, 显著的, 杰出的
splendider	'splendɪd	adj.
splendides	网络	(splendide 的复数)
splendidest	'splendɪd	adj.
splendour	'splendә	n. 光辉, 壮丽, 显赫
splendoured	'splendə	n. 豪华；壮丽；壮观；壮观的场面
splendours	ˈsplendəz	n. 华丽( splendour的复数形式 ); 壮丽; 光辉; 显赫
split	split	n. 劈开, 裂片, 裂缝, 分裂, 派系, 派别, 柳条
spliting	splɪt	Split
splits	splits	n. 劈叉; 划分( split的名词复数 ); 分歧; 裂缝; 劈叉
splitted		分割的
splitter	'splitә	n. 进行劈(切、割)的人, 劈裂机, 分离机, 分解器
splittest	splɪt	斯普利特(克罗地亚南部港市)
splitting	'splitiŋ	a. 爆裂似的, 极快的
spoil	spɒil	n. 战利品, 赃物, 奖品, 变质, 次品
spoiled		spoil的过去式和过去分词
spoiler		n. 掠夺者, 搞坏事情的人, 宠坏别人的人
spoilest	spɒɪl	vt.
spoiling		v. 扫兴；损坏, 破坏（spoil的现在分词）
spoils		n. 赃物；战利品（spoil的复数）
spoken	'spәukәn	a. 口头讲的, 口语的
spokesman	'spәuksmәn	n. 发言人, 代言者
sponsor	'spɒnsә	n. 保证人, 赞助者, 发起者, 倡议者, 教父
sponsored	ˈspɔnsəd	v. 赞助( sponsor的过去式和过去分词); 资助（某人的培训或教育）; 为慈善活动捐资; 发起, 倡议
sponsorer	ˈspɔnsərə	n. 发起者；主办者；赞助者
sponsoring	法	[原型] sponsoring 是 sponsor 的现在分词
sponsors	ˈspɔnsəz	n. 保人( sponsor的名词复数 ); （广播电视节目、音乐会或运动会的）赞助者; （培训或教育的）资助者; （法
spoon	spu:n	n. 匙, 调羹, 匙形工具
spooned	s'pu:nd	vt. 用汤匙舀取（spoon的过去式与过去分词形式）
spooner	'spu:nə	n. 斯普纳（姓氏）
spoonies		adj. 傻气的；愚蠢的；过于多愁善感的；痴恋的
spooning		vt. 用汤匙舀取（spoon的现在分词形式）
spoons	spu:nz	n. 匙, 调羹( spoon的名词复数 ); 一匙的量
sport	spɒ:t	n. 运动, 游戏, 娱乐, 消遣, 玩笑
sported		vt.& vi. 炫耀, 给人看, 玩弄（sport的过去式与过去分词形式）
sporter	'spɔ:tә(r)	n. 运动者, 运动用品
sportest	spɔːt	n.
sporting	'spɒ:tiŋ	a. 喜好运动的, 运动用的, 冒险性的
sports	spɔ:ts	n. (英)运动会, 运动的, 适用于运动的, 运动会的, 与运动会有关的
sportsman	'spɒ:tsmәn	n. 运动员, 冒险家
sportsmans		(sportsman 的复数) n. 运动员, 冒险家
spot	spɒt	n. 污点, 地点, 斑点, 点, 娱乐场所, 处境, 少量
spoting		点滴状
spots		n. 插播广告；花点布, 点子花纹棉布；置球点；斑点（spot的复数）
spotted	'spɒtid	a. 有斑点的, 斑纹的, 弄污了的
spotter	'spɒtә	n. 私家侦探, 着弹点观察员
spottest		点试验；抽验
spotting	'spɔtiŋ	n. 测定点位；合模
sprain	sprein	vt. 挫伤, 扭筋, 错筋
sprained	spreɪnd	v. 扭伤（关节）( sprain的过去式和过去分词 )
spraining	spreɪnɪŋ	v. 扭伤（关节）( sprain的现在分词 )
sprains	spreɪnz	n. 扭伤( sprain的名词复数 )
spray	sprei	n. 水沫, 浪花, 水花, 喷雾, 喷雾器, 小树枝
sprayed		a. 喷雾的
sprayer	'spreiә	n. 喷水车, 喷枪, 喷雾器
spraying	'spreiiŋ	[化] 喷镀; 喷涂
sprays	spreiz	n. 喷雾( spray的名词复数 ); 浪花; 喷雾器; （用作装饰的）小树枝
spread	spred	n. 传播, 散布, 伸展
spreader	'spredә	n. 散布者, 传播者, 涂黄油用的小刀, 撒布机, 分纱器, 分经筘
spreadest	spred	vt.
spreading	'sprediŋ	[医] 摊开, 涂布
spreads		n. 扩展；广阔；桌布（spread的复数）
spring	spriŋ	n. 春天, 弹簧, 跳跃, 弹性, 活力, 泉, 源泉
springboard	'spriŋbɒ:d	n. 跳板, 出发点
springboarded	'sprɪŋbɔːd	n. 跳板；出发点
springboards	ˈsprɪŋˌbɔ:dz	n. （有助于成功的）跳板( springboard的复数形式 ); （跳水、体操等体育运动中的）跳板, 踏板
springed		n. 圈套
springer	'spriŋә	n. 跳的人
springes		n. 陷阱
springest	sprɪn(d)ʒ	n.
springing	'spriŋiŋ	n. 船体纵向二阶波振；弹簧现象；弹性装置
springs		n. 斯普林斯（南非东部城市名）
spur	spә:	n. 马刺, 刺激物, 鼓舞
spurred	sp\\:d	a. 靴上装有踢马刺的
spurrer	s'pɜ:rər	激励者
spurrest	spə:	n.
spurring	spə:ɪŋ	v. 策（马）前进( spur的现在分词 ); （尤指用马刺）策（马）加速; 鞭策; 策马飞奔
spurs	spə:z	n. 马刺( spur的名词复数 ); 支柱; （公路或铁路的）支线; 激励因素
spy	spai	n. 间谍, 侦探, 侦察
spyed	spaɪ	n.
spyes		(spye 的复数) [网络] 计算效率的统计的参数估产
spying	法	[原型] spying 是 spy 的现在分词
square	skwєә	n. 正方形, 街区, 广场, 平方, 直角尺
squared		a. 方格的；成正方形的
squareer	'skwεərə	n. 把材料加工成方形的木匠(或石匠等)；方形工具(如扁铲等)；好争议的人
squarer	'skweәrә	n. 把木材锯方的工人, 凿石方工人, 方形剥刀, 平方电路, 矩形波形成器
squares		n. 广场；方钢；直角尺；正方形（square的复数形式）
squarest	skweə(r)	adj. 正方形的；四方的；成直角的；规规矩矩的
squash	skwɒʃ	n. 挤压, 压碎的东西, 南瓜属植物, 拥挤的人群
squashed	skwɔʃd	a. 压碎的, 压扁的
squasher		榨汁器
squashes	skwɔʃiz	n. 拥挤的人群( squash的名词复数 ); 果汁汽水; 南瓜小果（主要种类为笋瓜 winter squash 和西
squashing		vt. 把…压碎；把…压扁；镇压；挤压（squash的现在分词）
squat	skwɒt	n. 蹲, 窝
squater	skwɒt	squat
squatest	skwɒt	vi. 蹲；蹲坐，盘腿坐：；蹲伏，蜷伏；隐伏：
squats	skwɔts	n. 蹲坐, 蹲姿( squat的名词复数 ); 被擅自占用的建筑物
squeak	skwi:k	n. 吱吱声, 侥幸
squeaked	skwi:kt	v. 短促地尖叫( squeak的过去式和过去分词 ); 吱吱叫; 告密; 充当告密者
squeaker	'skwi:kә	n. 吱吱叫的东西, 小猪, 雏鸽
squeakest	skwiːk	n.
squeakies		(squeaky 的复数) a. 吱吱响的, 发轧声的
squeaking		n. 滑音测试；锐音
squeaks	skwi:ks	n. 短促的尖叫声, 吱吱声( squeak的名词复数 )
squeeze	skwi:z	n. 紧握, 挤, 榨, 榨取, 佣金
squeezed	skwi:zd	squeeze（挤压）的过去式与过去分词
squeezer	'skwi:zә	n. 压榨者, 剥夺者, 敲诈者, 压榨机, 轧水机, (美)(非正式)小气鬼, 吝啬者
squeezes	skwi:ziz	n. 拥挤( squeeze的名词复数 ); 男朋友; 亲切的拥抱或握手
squeezest	skwiːz	vt.
squire	skwaiә	n. 乡绅, 大地主, 治安官
squired	skwaɪə	n. 乡绅；侍从；大地主；地方法官
squires	skwaɪəz	n. <英>地主, 乡绅( squire的名词复数 )
squirrel	'skwә:rәl	n. 松鼠, 松鼠毛皮
squirreled		vt. 储藏（squirrel的过去式形式）
squirrelies	'skwɪrəlɪ	squirrely
squirreling		vt. 储藏（squirrel的现在分词形式）
squirrelled		(squirrel 的过去时) n. 松鼠, 松鼠毛皮
squirrelling		(squirrel 的现在分词) n. 松鼠, 松鼠毛皮
squirrels	ˈskwirəlz	n. 松鼠( squirrel的复数形式 )
stab	stæb	n. 刺, 戳, 剧痛, 尝试, 努力
stabbed		v. 刺穿；刺伤（stab的过去式和过去分词）
stabber	'stæbә	n. 刺的东西, 锥子, 刺客, 穿索针
stabbest	stæb	vt.
stabbing	'stæbiŋ	a. (疼痛)剧烈而突然的
stabilities	stəˈbilitiz	n. 稳定（性）, 稳固( stability的复数形式 )
stability	stә'biliti	n. 安定, 稳定性, 坚实, 巩固
stable	'steibl	n. 马房, 牛棚
stabled		vt. 使关进畜舍（或马厩、牛棚等）, 使放入马厩般的室内（stable的过去式与过去分词形式）
stabler		n. 厩主
stables	ˈsteiblz	n. （养马作特定用途的）养马场( stable的名词复数 ); 畜舍; 统称某人拥有（或训练的）赛马; 在同一地方工作
stablest	网络	[原型] stablest 是 stabl 的最高级
stabs	stæbz	n. 戳( stab的名词复数 ); 捅; 刺痛
stack	stæk	n. 堆叠, 堆, 大量, 书库, 枪架, 烟囱, 堆积, 存贮栈
stacked		a. 体态漂亮的
stacker	'stækә	n. 堆垛者, 堆垛工
stacking	'stækiŋ	[计] 叠卡
stacks		n. 堆叠；进程堆栈应用；书库（stack的复数）
stadium	'steidiәm	n. 露天大型运动场
stadiums	steidiəmz	n. 体育馆；露天大型运动场（stadium的复数）
staff	stɑ:f	n. 全体人员, 工作班子, 棍棒, 杆, 拐杖, 支柱, 权杖
staffed	stɑ:ft	v. 雇用( staff的过去式和过去分词 ); 担任…的职员（或雇员）; 为…配备工作人员; 给（职员）下发学习（或工
staffer	'stɑ:fә	n. (一名)职员(尤指编辑或记者)
staffies	网络	[原型] Staffies 是 staffie 的复数
staffing	'stɑ:fiŋ	[计] 人员指挥
staffs	stɑ:fs	n. 参谋( staff的名词复数 ); 全体职员; （大、中、小学的）管理人员; 权杖
stage	steidʒ	n. 阶段, 舞台, 场所, 戏剧, 站, 驿站, 级, 层, 脚手架
staged	steidʒd	a. 分期的
stager	'steidʒә	n. 老练的人, 老手, 演员
stages		n. 戏剧表演；舞台；阶段（stage的复数）
stagger	'stægә	n. 蹒跚, 踌躇
staggered		a. 吃惊的；错列的
staggerer	'stæ^әrә(r)	n. 蹒跚的人, 犹豫的人, 难事, 难题
staggerest	'stægə	vi.
staggering	'stægәriŋ	a. 蹒跚的, 巨大的, 惊人的
staggers		n. 摇摆症（stagger的复数）
stain	stein	n. 污染, 污点, 着色剂
stained	steind	a. 沾污的, 褪色的, 着色的, 染色的
stainer	'steinә	n. 着色工, 染色工, 色料
staines		n. (Staines)人名；(英、葡)斯坦斯
stainest	steɪn	n.
staining	'steiniŋ	[医] 染色法, 染色
stainless	'steinlis	a. 无瑕疵的, 不锈的
stainlesses	'steɪnlɪs	adj. 不锈的；纯洁的，未被玷污的；无瑕疵的
stains		n. 染色剂；污点（stain的复数）
stair	stєә	n. 梯级, 楼梯, 阶梯
stairs		n. 楼梯
stairway	'stєәwei	n. 楼梯, 阶梯
stairways	ˈsteəˌweɪz	n. 楼梯( stairway的复数形式 )
stake	steik	n. 桩, 炮烙刑, 木柱, 赌注, 奖金
staked		vt. 用桩支撑（stake的过去式与过去分词形式）
staker	'steikә	桩支撑的植物
stakes		n. 利益；赌注；风险（stake的复数）
stakest	steik	n.
stale	steil	n. 尿
staled		v. 变陈旧（stale的过去式与过去分词形式）
staler		stale（陈腐的）的比较级形式
stales	steilz	n. 不新鲜的( stale的名词复数 ); 味道变坏的; 无趣味的; 老掉牙的
stalest		stale（陈腐的）的最高级形式
stalk	stɒ:k	n. 茎, 追踪, 高视阔步
stalked	'stɔ:kt	a. 有茎的；长于茎上的
stalker		n. 潜随猎物者
stalkest	stɔ:k	n.
stalking		n. 围捕；潜行追踪
stalks	stɔ:ks	n. 主茎, 花梗, 叶柄( stalk的名词复数 )
stall	stɒ:l	n. 厩, 停车处, 牧师职位, 货摊, 托辞, 拖延
stalled		失速的
staller		n. (Staller)人名；(德)施塔勒
stalling		n. 失速, 停转
stalls		n. 戏院正厅前排座位, 前座观众
stammer	'stæmә	v. 口吃, 结结巴巴地说
stammered	ˈstæməd	v. 结巴地说出( stammer的过去式和过去分词 )
stammerer	'stæmәrә	n. 口吃的人
stammerest	'stæmə	vi.
stammering		a. 口吃的, 患口吃的
stammers	ˈstæməz	n. 口吃, 结巴( stammer的名词复数 )
stamp	stæmp	n. 印, 邮票, 打印器, 戳子, 图章, 印花税票, 标志, 特征, 类型, 跺脚
stamped	stæmpt	a. 盖上邮戳的；铭刻的；顿足的
stampede	stæm'pi:d	v. (使)惊跑, (使)蜂拥
stampeded	stæmˈpi:did	v. （使）惊逃, （使）奔逃( stampede的过去式和过去分词 )
stampeder		n. 惊跑；人群的蜂拥；军队溃败 (stampede的变形)
stampedes	stæmˈpi:dz	n. （畜群）惊逃, 奔逃( stampede的名词复数 ); 蜂拥
stamper	'stæmpә	n. 盖印人, 打印器, 印章
stampes		(stampe 的复数) n. (Stampe)人名；(德)施坦佩；(瑞典)斯坦佩
stampest	stæmp	vt.
stamping	'stæmpiŋ	[计] 冲压, 模压
stamps		n. 邮票；印记；图章（stamp的复数）
stand	stænd	n. 站立, 站住, 停顿, 讲台, 看台, 立场, 法院证人席
standard	'stændәd	n. 标准, 规格, 旗, 军旗, 本位
standardize	'stændәdaiz	vt. 使标准化, 使合于标准, 用标准检验
standardized	'stændә,daizd	a. 标准化的；标准的；定型的
standardizes	ˈstændəˌdaɪziz	v. 使合乎规格, 使标准化( standardize的第三人称单数 )
standards		n. 标准；规格（standard的复数）
stander	'stændə	采伐残留木
standies	网络	(standy 的复数)
standing	'stændiŋ	n. 起立, 持续, 身分
stands		n. 看台；架子；货摊（stand的复数）
star	stɑ:	n. 星, 恒星, 星形物, 运气, 明星
stard		室外演出平台
stare	stєә	vi. 注视, 凝视, 瞪视, 显眼
stared		v. 凝视, 注视（stare过去分词形式）
starer		n. 斯塔勒（姓氏）
stares	stɛəz	v. 凝视, 瞪视( stare的第三人称单数 )
starest	steə	vi.
staring	'stєәriŋ	a. 凝视的, 瞪着眼的, 显眼的
starr		n. 斯塔尔（姓氏）
starred	stɑ:d	a. 用星装饰的, 用星号标明的, 受命运支配的, 担任主角的
starrest	stɑ:	斯塔尔(男子或女子名)
starring		n. 扮演主角, 领衔主演；纯锑表面呈星状花纹
stars		n. 明星类, 明星（star的复数形式）
start	stɑ:t	n. 惊起, 出发, 开端, 起点, 吃惊, 有利条件
started	s'tɑ:tɪd	v. 出发, 启程( start的过去式和过去分词 ); 起动; 提出（问题）; 开办
starter	'stɑ:tә	n. 开端者, 在起跑线上的人, 参加赛跑的人, 调度员, 起动机, 酵母
starting	'stɑ:tiŋ	n. 开端, 开始, 出发, 起动, 开动
starts		n. 开创；开始（start的复数）
starvation	stɑ:'veiʃәn	n. 饥饿, 饿死
starvations		(starvation 的复数) n. 饥饿, 饿死
starve	stɑ:v	v. (使)饿死, (使)挨饿
starved	stɑ:vd	a. （等于starving）饥饿的
starveing		(starve 的现在分词) vt. (使)饿死, (使)挨饿
starves	stɑ:vz	v. （使）挨饿, 饥饿( starve的第三人称单数 ); 缺乏, 急需
starvest	stɑːv	vi.
state	steit	n. 州, 状态, 情形, 国家, 政府, 领土, 国务, 社会地位
stated	'steitid	a. 决定了的, 一定的, 阐明的, 规定的
statement	'steitmәnt	n. 陈述, 指令, 声明
statemented	'steɪtmənt	n. 陈述；【商】贷借对照表；(财务)报告书；【法】供述
statementing	'steɪtmənt	n. 陈述；【商】贷借对照表；(财务)报告书；【法】供述
statements		n. 声明；报告；陈述句；状态说明（statement的复数形式）
stater	'steitә	n. (古希腊)金币
states		n. 美国
statesman	'steitsmәn	n. 政治家
statesmanlike	'steitsmәnlaik	a. 政治家的, 有政治家才能的, 有政治家风度的
static	'stætik	n. 静电, 静电干扰
statices		n. 【植】匙叶草属植物；〈英〉营生
statics	'stætiks	n. 静力学
station	'steiʃәn	n. 车站, 站, 局, 驻地, 位置, 身分, 地位
stationed		vt. 配置, 安置（station的过去式与过去分词形式）
stationer	'steiʃәnә	n. 文具商, 书商
stationeries		文具( stationery的名词复数 )；信纸
stationery	'steiʃәnәri	n. 文具, 信纸
stationing		n. 驻军
stations		n. 车站；驻地；位置（station的复数形式）
statistic	stә'tistik	n. 统计量
statistical	stә'tistikl	a. 统计的, 统计上的, 统计学的
statistics	stә'tistiks	n. 统计学, 统计资料
statisticss	stə'tɪstɪks	statistics
statue	'stætju	vt. 以雕像装饰
statued	'stætjud	a. 摆着雕像的
statues	s'tætʃu:z	n. 雕像, 塑像( statue的复数形式 )
status	'steitәs	n. 状态, 情形, 地位, 要人身份
statuses	ˈsteitəsiz	n. （进展的）状况( status的名词复数 ); 身份; 情形; 重要地位
stay	stei	n. 停留, 逗留, 制止, 延缓, 停止, 支柱, 支撑物, 支索
stayed		v. 停留, 制止（stay的过去分词形式）
stayer	'steiә	n. 滞留者, 耐性极强的人, 抑制物, 支持者
stayest	stei	vi.
staying	'steiiŋ	n. 刚性结合；撑法；加劲；拉线
stays		n. 停留；依靠；妇女胸衣（stay的复数）
stead	sted	n. 代替, 接替, 有利, 用处, 好处
steaded	sted	n. 代替；用处
steadied	ˈstedid	v. 使稳( steady的过去式和过去分词 ); 使平稳; 稳住; 恢复平稳
steadies	ˈstediz	v. 使稳( steady的第三人称单数 ); 使平稳; 稳住; 恢复平稳
steadily	'stedili	adv. 稳定地, 无变化地, 有规则地
steading	'stediŋ	n. 农场的建筑物, 小农场
steads		(stead 的复数) n. 代替, 接替, 有利, 用处, 好处
steady	'stedi	a. 稳定的, 不动摇的, 沉着的, 稳固的, 坚定的, 经常的
steadying	ˈstediŋ	v. 使稳( steady的现在分词 ); 使平稳; 稳住; 恢复平稳
steak	steik	n. 牛排, 鱼排, 肉排
steaked	steɪk	n.
steaking	steɪk	n.
steaks	steiks	n. 牛排( steak的复数形式 ); 肉排; 鱼排; 碎牛肉（不是最佳部位, 常剁碎出售, 可以炖或做馅等）
steal	sti:l	vt. 剽窃；偷偷地做；偷窃；vi. 窃取；偷偷地行动；[棒球]偷垒；n. [口]偷窃；便宜货；偷垒；[篮球]断球
stealer		n. 偷取者, 偷干者, 僭据者
stealest	stiːl	vt.
stealing	'sti:liŋ	n. 偷窃, 贼赃
steals	sti:lz	v. 偷( steal的第三人称单数 ); 悄悄地做, 悄悄地走
steam	sti:m	n. 蒸汽, 精力
steamed		a. 蒸熟的, 蒸的
steamer	'sti:mә	n. 汽船, 蒸汽机
steamers	s'ti:məz	abbr. steamed clams 汽船, 蒸汽机
steamest	stiːm	n.
steamies	'stiːmɪ	adj. 蒸汽的；雾重的，潮湿的；充满蒸汽的
steaming	'sti:miŋ	[化] 通入蒸汽
steams	sti:mz	v. 冒蒸汽( steam的第三人称单数 ); 快速行走, 疾行; （靠蒸汽）行驶; 蒸煮
steel	sti:l	n. 钢, 钢制品, 钢铁, 坚硬, 坚固
steeled		vt. 包上或镀上钢（steel的过去式与过去分词形式）
steeler	stiːl	n. 钢, 钢铁；钢制品
steeles	网络	[原型] steeles 是 steele 的复数
steelest		n. 钢, 钢制品, 钢铁, 坚硬, 坚固
steelies		(steely 的复数) a. 钢的, 钢制的, 钢铁般的
steeling	'sti:liŋ	n. 包钢；用钢作刀口
steels		n. 刀组；各种钢（steel的复数）
steep	sti:p	n. 浸渍, 悬崖
steeped	'sti:pt,'stipt	a. 充满…的; 沉浸在…中的
steeper	'sti:pә	n. 浸泡用的桶子
steepest		a. 陡峭的；不合理的；夸大的；急剧升降的 (steep的变形)
steeping	'sti:piŋ	a. 浸渍的
steeps	sti:ps	v. 浸, 泡( steep的第三人称单数 )
steer	stiә	vt. 引导, 驾驶, 航行, 控制
steered	stiəd	v. 驾驶( steer的过去式和过去分词 ); 操纵; 控制; 引导
steerer		n. 驾驶者, 舵手, (美)(非正式)骗人去赌场者, 骗人去上当者, 骗人去妓院者
steerest	stiə	vt.
steering	'stiәriŋ	n. 掌舵, 操纵, 指导
steers	stiəz	n. 阉公牛, 肉用公牛( steer的名词复数 )
stem	stem	n. 茎, 干, 柄, 船首, 血统, 堵塞物
stemmed	stemd	a. 有...茎的, 装有...柄的, 有...梗的, 去掉茎的, 去掉梗的
stemmer	'stemә	n. 抽梗机, 去梗机, 抽梗工人, 炮棍, 导火线留孔针, 塞药棒, (非正式)乞丐
stemming	'stemiŋ	n. 炮泥；填塞物；大字式攀登法
stems		n. 树管；阻挡物；茎（stem的复数）
step	step	n. 步骤, 步, 步幅, 脚步声, 踏级, 步伐, 短距离, 步态, 手段, 等级
steper	step	n. 步，脚步，跨步；一步，一个跨步
steping	step	n.
stepmother	'step.mʌðә	n. 继母
stepmothers	ˈstepˌmʌðəz	n. 继母( stepmother的复数形式 )
stepped	stept	v. 踏；行走（step的过去式和过去分词）
stepper	'stepә	n. 快马, 跳舞者, (美)(非正式)花很多时间参加社交活动的学生
steppest	step	n.
stepping	'stepiŋ	[计] 步进式, 改变
steps		n. （楼外的）台阶；步伐；步幅；步数
stepsister	'stepsistә	n. 异父(母)姊妹
stepsisters	ˈstepˌsistəz	n. （继父与其前妻或继母与其前夫所生的）姐姐, 妹妹( stepsister的复数形式 )
stereo	'stiәriәu	n. 铅版, 立体照片
stereos	ˈstiəriəuz	n. 立体声( stereo的复数形式 ); 立体声音响器材
stern	stә:n	n. 尾部, 船尾, 臀
sterned	stə:n	n. 【天文学】船尾(星)座
sterner	stɜ:n	stern（严厉的, 严峻的）的比较级形式
sternes	地名	[原型] Sternes 是 sterne 的复数
sternest		stern（严厉的, 严峻的）的最高级形式
sterns	stə:nz	n. 苛刻的( stern的复数形式 ); 严格的; 严肃的; 严厉的
stew	stju:	n. 炖, 烦恼, 热浴, 妓院, 鱼塘
steward	'stju:wәd	n. 管理人, 招待员, 管家, 乘务员
stewarded		(steward 的过去时) n. 管理人, 招待员, 管家, 乘务员
stewardess	'stju:wәdis	n. 空中小姐, 女管理人, 女管家
stewardesses	ˈstu:ədɪsiz	n. （飞机上的）女服务员, 空中小姐( stewardess的复数形式 )
stewardessing	'stju:ədisiŋ; 'stju-	n. 当空中小姐，当女乘务员
stewarding		(steward 的现在分词) n. 管理人, 招待员, 管家, 乘务员
stewards	stjuədz	n. （轮船、飞机等的）乘务员( steward的复数形式 ); （俱乐部、旅馆、工会等的）管理员; （大型活动的）组织
stewed	stju:d	a. 炖煮的, (非正式)喝醉酒的
stewies	网络	(stewie 的复数)
stewing	'stju:iŋ	[机] 保温净化, 焖热, 烧透, 均热
stews	stju:z	n. 炖煮的菜肴( stew的名词复数 ); 烦恼, 焦虑
stick	stik	n. 棍, 棒, 刺, 枯枝, 茎, 条状物
sticked		n. 扎破
sticker	'stikә	n. 屠夫, 尖刀, 刺, 芒, 尖物, 携带尖刀者, 张贴物, 滞销品, (非正式)难题
stickest	stik	n.
stickied		(sticky 的过去分词) a. 粘的, 有粘性的, 顽固的
stickies		(sticky 的复数) a. 粘的, 有粘性的, 顽固的
sticking	'stikiŋ	a. 粘的, 有粘性的
sticks		n. 树枝；棍；麻骨（stick复数形式）
sticky	'stiki	a. 粘的, 有粘性的, 顽固的
stickying	'stɪkɪ	adj.
stiff	stif	a. 坚硬的, 严厉的, 呆板的, 生硬的, 刚强的, 强烈的, 粘的, 稠的, 艰难的
stiffed	stɪf	adj. 硬的；(手足等)僵直的；死了的；拘泥的
stiffer		a. 更硬的（sniff的比较级）
stiffest		a. 呆板的；坚硬的；严厉的；拘谨的；拘谨的 (stiff的变形)
stiffies		(stiffy 的复数) 傻瓜
stiffing	stɪf	adj. 挺的；(手足等)僵直的；死了的；不流畅的
stiffly	'stifli	adv. 呆板地, 顽固地, 僵硬地
stiffness	'stifnis	n. 坚硬, 呆板, 刻板
stiffnesses		(stiffness 的复数) n. 坚硬, 呆板, 刻板
stiffs	stɪf	a. 呆板的；坚硬的；严厉的；拘谨的；拘谨的
still	stil	n. 蒸馏室, 寂静, 剧照
stilled		vt.& vi. （使某物）平静下来, 安静（still的过去式与过去分词形式）
stiller		n. 蒸馏器
stilles		斯蒂尔（人名）
stillest		a. still的变形
stilling	'stiliŋ	釜馏
stillness	'stilnis	n. 静止, 沉静
stillnesses		(stillness 的复数) n. 静止, 沉静
stills	stilz	n. 平静( still的名词复数 ); （电影片中某一镜头的）剧照; [摄影术]静止摄影; （制酒的）蒸馏器
stimulate	'stimjuleit	vt. 刺激, 激励, 鼓舞
stimulated		a. 受激的
stimulates	ˈstimjuleits	v. 刺激( stimulate的第三人称单数 ); 激励; 使兴奋; 起兴奋作用, 起刺激作用, 起促进作用
stimulatest	'stɪmjʊleɪt	vt.
sting	stiŋ	n. 叮, 刺痛, 刺激, 讽刺
stinger	'stiŋә	n. 刺激者, 讽刺者
stinges	网络	(stinge 的复数)
stingest	stɪŋ	vt.
stingies	'stɪn(d)ʒɪ	adj. 吝啬的，小气的；有刺的；缺乏的
stinging	'stiŋiŋ	a. 刺人的, 刺一般的, 激烈的
stings		n. 恒星惯性制导系统
stir	stә:	n. 骚动, 轰动, 搅动, 监狱
stir-fries	stə: fraɪz	n. 用旺火煸, 用旺火炒( stir-fry的复数形式 )
stir-fry	ˈstɜ:ˌfraɪ	v. 用旺火煸, 用旺火炒
stirred	stə:d	v. （使）移动( stir的过去式和过去分词 ); 搅拌; （使）行动; （使）微动
stirrer	'stә:rә	n. 搅拌者, 搅拌器
stirrest	stə:	vt.
stirring	'stә:riŋ	a. 活跃的, 忙碌的, 激动人心的
stirs	stə:z	v. （使）移动( stir的第三人称单数 ); 搅拌; （使）行动; （使）微动
stitch	stitʃ	n. 一针, 疼痛, 针法, 碎布条, 针脚
stitched	stitʃt	v. 缝, 缝补, 缝合( stitch的过去式和过去分词 ); [引申]把某物连在一起
stitcher	'stitʃә	钉书机
stitches		n. 缝针；针法；缝线；线步（stitch的复数）
stitching	'stitʃiŋ	[机] 缀缝熔接, 柄, 货; 库存的, 现有的; 买进, 装柄, 储藏
stock	stɒk	n. 树干, 祖先, 血统, 原料, 备料, 库存, 牲畜, 股票, 股份, 保留剧目
stocked		vt. 提供货物（stock的过去式与过去分词形式）
stocker	'stɔkә	n. 碎料工, 装料工, 储料器, 堆料机, 加煤机
stockest	stɒk	stock
stocking	'stɒkiŋ	n. 长袜
stockinged		a. 穿袜的
stockinger	'stɒkɪŋ	n. 袜子；长统(女)袜；袜子似的东西
stockinging	'stɒkɪŋ	n.
stockings		n. 丝袜；长袜, 球袜
stocks		n. 股票；存货；库存量（stock的复数）
stomach	'stʌmәk	n. 胃, 食欲, 欲望, 肚子
stomachache	'stʌmәkeik	n. 胃痛, 肚子痛
stomachaches	ˈstʌməkˌeɪkiz	n. 胃痛，腹痛( stomachache的名词复数 )
stomached	'stʌmək	n. 胃；腹部；胃口
stomacher	'stʌmәkә	n. 兜包
stomaches	ˈstʌməkiz	n. 胃( stomach的名词复数 ); 腹部; 食欲; 欲望
stomaching	'stʌmək	n. 胃；腹部；胃口
stomachs		n. 胃（stomach的复数形式）
stone	stәun	n. 石头, 宝石, 果核, 纪念碑, 结石
stoned	stәund	a. 有核的, 除去核的, 醉酒的
stonehenge	'stәunhendʒ	(英国 Salisbury 平原上的)史前巨石柱
stonehenges		(Stonehenge 的第三人称 -s形式) (英国 Salisbury 平原上的)史前巨石柱
stoner	'stəʊnə	投石者; 铺石块者; 琢石者; 去果核的工具
stones		n. 小石头；石子（stone的复数）
stonest	stəʊn	n.
stool	stu:l	n. 凳子, 大便, 粪便, 厕所
stooled		v. 长出新枝（stool的过去式与过去分词形式）
stoolies	'stu:li	stoolies
stooling	s'tu:lɪŋ	分蘖力; 托芯
stools		n. 凳子；托架（stool的复数）
stoop	stu:p	n. 佝偻, 屈从, 弯腰
stooped	stu:pt	a. 弯腰的, 曲背的
stooper		n. stoop的变形
stoopest	stu:p	vi.
stooping	ˈstu:piŋ	a. （尤指肩和背部）弯曲的
stoops	stu:ps	n. 门廊( stoop的名词复数 ); 门阶; 门口平台
stop	stɒp	n. 停止, 车站, 逗留, 填塞, 障碍, (风琴的)音栓
stoped	stəupt	v. 在采矿场采矿( stope的过去式和过去分词 )
stoper	'stәupә	[采矿]伸缩式凿岩机
stopes		n. (Stopes)人名；(英)斯托普斯
stoping	'stәupiŋ	顶蚀作用
stopped	stɔpt	v. 停止；停下来（stop的过去式和过去分词）
stopper	'stɒpә	n. 阻止的人, 木塞, 制止器
stoppest	stɒp	vt.
stopping	'stɔpiŋ	n. 停止, 制动, 中止, 制止, 堵塞, 阻塞, 填充物, 填塞料, 风幛, 隔墙, 风墙
stops		n. 站点；停靠站（stop的复数）
storage	'stɒ:ridʒ	n. 存储器, 储藏, 保管, 库存, 仓库
storaged	'stɔːrɪdʒ	n.
storages		(storage 的复数) n. 存储器, 储藏, 保管, 库存, 仓库
store	stɒ:	n. 商店, 贮藏, 仓库, 备用品, 存储器
stored		a. 储存的
storer	s'tɔ:rər	存储器, 贮藏物资者
stores		n. (英)百货商店
storey	'stɔ:ri	n. 楼, 楼层, 层楼
storeyed		a. 有...层楼的, 分层的, 迭生的
storeys	ˈstɔ:riz	n. 楼层( storey的复数形式 )
stories		n. 故事（story的复数）
storm	stɒ:m	n. 暴风雨, 骚动, 风波, 风暴, 猛攻
stormed		vi. 起风暴, 下暴雨（storm的过去式与过去分词形式）
stormer		n. 猛攻者, 发怒者, 大发雷霆者
stormes		(storme 的复数)  [人名] 斯托姆
stormest	stɔːm	n.
storming		n. 震荡, 激荡期；调整阶段
storms		n. 暴风雨；风暴；暴风（storm复数）
story	'stɒ:ri	n. 故事, 小说, 传奇, 描述, 阅历, 经历, 层
storybook	'stɒ:ribuk	n. 故事书, 小说
storybooks	ˈstɔ:ribuks	n. 故事书, 小说( storybook的复数形式 )
storying		vt. 用历史故事画装饰（story的现在分词形式）
stout	staut	a. 结实的；矮胖的；勇敢的；激烈的
stouter	stautə	a. 粗壮的( stout的比较级 ); 结实的; 坚固的; 坚定的
stoutes		n. (Stoute)人名；(西、英)斯托特
stoutest		a. 粗壮的( stout的最高级 ); 结实的; 坚固的; 坚定的
stouts	stauts	n. 烈性黑啤酒( stout的复数形式 )
stove	stәuv	n. 火炉, 窑
stoved		煨炖的；文火煮的
stover	'stәuvә	n. 秸杆, 冬饲料
stoves	s'təʊvz	n. 炉, 火炉( stove的复数形式 )
straight	streit	n. 直线, 直
straighted	streɪt	a. 直的；连续的；笔直的；正直的；整齐的
straighten	'streitn	vt. 弄直, 整顿, 清理, 使改正
straightened	ˈstreɪtnd	v. （使）变直, 把…弄直( straighten的过去式和过去分词 ); 整理; 解决问题（或困难）; 挺直身子
straightener	'streitәnә	校直装置, 矫直机, 调直器
straightenest	'streɪt(ə)n	vt.
straightening	'streitniŋ	[计] 线性化
straightens	ˈstreɪtnz	v. （使）变直, 把…弄直( straighten的第三人称单数 ); 整理; 解决问题（或困难）; 挺直身子
straighter		直的
straightest		a. 直的( straight的最高级 ); 直率的; （位置）周正的; 直筒型（非紧身）的
straightforward	streit'fɒ:wәd	a. 笔直的, 率直的, 明确的, 简单的, 直接的
straighting	streɪt	a. 直的；连续的；笔直的；正直的；整齐的
straights		(straight 的复数) n. 直线, 直
strain	strein	n. 紧张, 拉紧, 张力, 过劳, 扭伤, 血缘, 种, 族, 气质, 曲调, 旋律, 口吻
strained	'streind	a. 紧张的, 滤过的, 矫饰的
strainer	'streinә	n. 用力拉的人, 松紧扣, 过滤器
strainest	strein	n.
straining	'streiniŋ	[医] 应变; 使劲, 用力; 滤过
strains	streinz	v. 拉紧( strain的第三人称单数 ); 尽量利用; 尽全力; 过滤
strait	streit	n. 海峡, 困境
straiter	streɪt	n.
straitest	streɪt	n.
straits		n. [谓语用单数]海峡, 困难, 窘迫
strange	streindʒ	a. 奇怪的, 陌生的, 生疏的, 不熟悉的, 不可思议的, 外行的, 外地的, 异乡的
stranged	streɪn(d)ʒ	adj.
stranger	'streindʒә	n. 陌生人, 门外汉
strangers	st'reɪndʒəz	n. 陌生人( stranger的复数形式 ); 外地人, 初到者
stranges	streɪn(d)ʒ	adj.
strangest		陌生的
strap	stræp	n. 带, 皮带
straped	stræp	n.
strapped	stræpt	a. 用皮绳捆住的, 用皮带装饰的, 身无分文的
strapper	'stræpә	n. 包扎工(机), 彪形大汉
strapping	'stræpiŋ	a. 魁伟的, 巨大的
straps		n. 绳；打包带；皮带（strap的复数）
strategies	ˈstrætidʒiz	n. 策略( strategy的复数形式 ); 战略; 战略学; 对策
strategy	'strætidʒi	n. 战略, 策略
stratford-on-avon	ˈstrætfəd ɔn ˈeivɔn	埃文河畔斯特拉特福（英国英格兰中部沃里克郡西南部地区，莎士比亚故乡，亦作 Stratford-upon-Avon）
straw	strɒ:	n. 稻草, 麦管, 吸管, 一文不值的东西, 草帽
strawberries	st'rɔ:brɪz	n. 草莓( strawberry的复数形式 )
strawberry	'strɒ:bәri	n. 草莓
strawberrying		采集草莓
strawed	strɔː	n. 稻草；吸管；一文不值的东西
strawer	strɔː	n.
strawest	strɔː	n. 稻草；麦秆；(谷类作物的)禾秆；天然(或人造)纤维，编织材料
strawing		n. 稻草, 麦管, 吸管, 一文不值的东西, 草帽
straws	st'rɔ:z	n. 稻草( straw的名词复数 ); 麦秆; 吸管; 毫无价值的东西
stray	strei	n. 走失的家畜, 浪子
strayed	streid	v. 走失( stray的过去式和过去分词 ); 偏离正题; 走入歧途; （已婚者或有固定关系者）有外遇
strayer		n. 迷失者
strayest	streɪ	vi.
straying	streiŋ	v. 走失( stray的现在分词 ); 偏离正题; 走入歧途; （已婚者或有固定关系者）有外遇
strays		n. 迷失者（stray的复数形式）；天电杂散；天电干扰；杂散电容
streamline	'stri:mlain	n. 流线, 流线型
streamlined	'stri:mlaind	a. 流线的, 流线型的, 集成一个整体的, 现代化了的, 精简了的, 合理化了的
streamliner	'stri:mlainә	n. 流线型火车, 流线型物, 现代化了之物
streamlines	ˈstri:mlainz	n. 把…做成流线型( streamline的名词复数 ); 简化使效率更高; （系统、机构等）效率更高; （尤指）使增
street	stri:t	n. 街道, 马路, 街区
streeted	'stri:tid	adj. 有街道的
streetes		(streete 的复数)  [人名] 斯特里特
streets	stri:ts	n. 街道；市区；城市道路（street的复数形式）
strength	streŋθ	n. 力量, 实力, 强度, 浓度, 人数, 抵抗力
strengthed	streŋθ; streŋkθ	n.
strengthen	'streŋθәn	vt. 加强, 变坚固
strengthened	ˈstreŋθnd	v. 加强, 巩固( strengthen的过去式和过去分词 )
strengthener	'sreŋθənə	助力器
strengthenest	'streŋθ(ə)n; -ŋkθ(ə)n	vt.
strengthening	'streŋθәniŋ	[医] 强化的; 强化, 加固
strengthens	ˈstreŋθnz	v. 加强, 巩固( strengthen的第三人称单数 )
strengthing	streŋθ; streŋkθ	n. 力, 气力, 力量；实力, 活力；效力；影响力；资力；权力
strengths		n. 长处；优势, 强项（strength的复数形式）
stress	stres	n. 压力, 紧迫, 强调, 重音, 重点, 应力
stressed		-K1
stresser		应激子
stresses	stresiz	n. 强调( stress的名词复数 ); 重音; 压力; 重力
stressful		-1
stressing	stresɪŋ	v. 重读( stress的现在分词 ); [机械学]使承受压力; 给…加压力（或应力）; 加载
stretch	stretʃ	n. 伸展, 张开, 连绵, 一段路, 一段时间
stretched		a. 拉伸的, 伸展了的
stretcher	'stretʃә	n. 担架, 延伸器
stretches	stretʃiz	n. 一段时间( stretch的名词复数 ); 一片; 方向
stretchest	stretʃ	vt.
stretchies		(stretchy 的复数) a. 可延伸的, 有弹性的, 易延伸过长的
stretching	'stretʃiŋ	[机] 伸展作业, 锻伸作业
strict	strikt	a. 严厉的, 绝对的, 详尽的, 严格的, 精确的
stricter		严格的（ strict的比较级 ）
strictest		严格的（strict的最高级）
stride	straid	n. 大步, 步幅, 步态, 进步
strided	straɪd	n. 大步；步幅；进展
strider	'straidə	n. 出击飞龙（游戏名）
strides	straidz	n. <非正><澳>裤子; 大步( stride的名词复数 ); 步法; 步态; 进展
stridest	straɪd	vi.
strife	straif	n. 争吵, 竞争, 冲突
strifes	网络	[原型] strifes 是 strife 的复数
strike	straik	n. 罢工, 打击, 殴打
strikeer		n. 罢工者
striker	'straikә	n. 打击者, 罢工者
strikers		n. 魔法少女奈叶（日本电视剧名）
strikes	straiks	n. 袭击( strike的名词复数 ); 罢工[课, 市]; 突然发现
strikest	straɪk	vt.
striking	'straikiŋ	a. 醒目的, 惊人的, 打击的, 罢工的
strikingest	'straɪkɪŋ	vt.
strikings	'straɪkɪŋ	adj. 明显的；打击的；突击的；罢工中的
string	striŋ	n. 线, 细绳, 一串, 字符串
stringed	striŋd	a. 有弦的
stringer	'striŋә	n. 纵梁, 楼梯基, 上弦工人, 出售弓弦的人, 制造弓弦的人
stringing	'striŋiŋ	n. 串接, 捆接；接下油套管
strings		n. 附带条件, 弦乐部分, 弦乐器
strip	strip	n. 长条, 条状, 带, 脱衣舞
stripe	straip	n. 斑纹, 条纹
striped	straipt	a. 有斑纹的
striper	'straipә	[美俚](戴有臂章的)现役军人或海军军官
stripes		n. 条子布；条纹布（stripe复数形式）
striping	st'rɪpɪŋ	n. 条纹（图案）
stripped	stript	a. 剥去的
stripper	'stripә	n. 剥...的人, 刮毛器, 折卸器, 剥皮器, 露天矿矿工, 低产井, 枯竭井
strippest	strip	vt.
stripping	'stripiŋ	[计] 撤销, 剥离, 拆封
strips		n. 分割公债, 本息拆离；简易机场；条（strip的复数）
strive	straiv	vi. 努力, 奋斗, 斗争
strived	straivd	v. 努力奋斗, 力求( strive的过去式和过去分词 )
striver		n. 奋斗者
strives	straivz	n. 争吵, 斗争, 冲突( strife的名词复数 )
strivest	straɪv	vi.
stroke	strәuk	n. 笔划, 打, 中风, 抚, 摩, 冲程
stroked		vt. （用笔等）画（stroke的过去式与过去分词形式）
strokeed	strəʊk	n. 打, 击, 敲；抽打；打击；击中；撞击
strokeing	strəʊk	n. 打, 击, 敲；抽打；打击；击中；撞击
stroker		n. 抚摩者, 安抚者
strokes		n. 中风
strokest	strəʊk	n.
stroll	strәul	n. 闲逛, 漫步
strolled		vi. 散步（stroll的过去式形式）
stroller	'strәulә	n. 散步者, 流浪者
strollest	strəʊl	vi.
strolling	'strәuliŋ	a. 巡回演出的；消闲散步的
strolls	strəulz	n. 溜达, 散步, 闲逛( stroll的名词复数 )
strong	strɒŋ	a. 强壮的, 坚固的, 坚强的, 强烈的, 有力的, 优良的
stronger	经	[原型] stronger 是 strong 的比较级
stronges	人名	(stronge 的复数)
strongest		a. 最强壮的（为strong的最高级）
structural	'strʌktʃәrәl	a. 结构的, 建筑的
structurales	网络	(structurale 的复数)
struggle	'strʌgl	n. 斗争, 努力, 奋斗
struggled		vbl. 奋斗；努力
struggler		n. 斗争者, 奋斗者, 挣扎着的人
struggles	ˈstrʌɡlz	n. 打斗( struggle的名词复数 )
strugglest	'strʌg(ə)l	vi.
stubborn	'stʌbәn	a. 顽固的, 不听话的, 执拗的, 棘手的
stubborner		stubborn（顽固的, 固执的）的比较级形式
stubbornest		stubborn（顽固的, 固执的）的最高级形式
stuck	stʌk	stick的过去式和过去分词
stuckest	stʌk	vt. stick的变形
student	'stju:dnt	n. 学生, 研究者, 学者
studenties	网络	(studenty 的复数)
students		n. （尤指大专院校的）学生（student的复数）
studies		n. 研究；学习；学业（study的复数）
studio	'stju:diәu	n. 工作室, 画室, 演播室, 电影制片厂
studios		n. 工作室（studio的复数）
study	'stʌdi	n. 学习, 研究, 学科, 论文, 求学, 书房, 试作
studying		v. 学习；研究（study的ing形式）
stuff	stʌf	n. 原料, 要素, 东西, 材料, 素质, 织品, 废物, 废话
stuffed		已经喂饱了的；塞满了的
stuffer	'stʌfә	n. 填塞工人, (非正式)贩卖假货的人
stuffest	stʌf	n.
stuffies		(stuffy 的复数) a. 闷热的, 窒息的, 乏味的, 固步自封的, 自以为是的
stuffing	'stʌfiŋ	n. 填塞物, 填料
stuffs	stʌfs	v. 塞住( stuff的第三人称单数 ); 把…装进; 把…装满; （使）吃撑
stuffy	'stʌfi	a. 闷热的, 窒息的, 乏味的, 固步自封的, 自以为是的
stupid	'stju:pid	a. 愚蠢的, 麻木的
stupider		愚蠢的
stupidest		a. 蠢的( stupid的最高级 ); 笨的; 没趣的; 欠考虑的
stupids	网络	[原型] stupids 是 stupid 的复数
sturdies	'stɜːdɪ	adj. 坚定的；强健的；健全的
sturdy	'stә:di	a. 强健的, 健全的
style	stail	n. 风格, 时尚, 文体, 风度, 字体, 类型
styled	staild	[医]具花柱的
styler	'stailə	n. 式样设计者；装潢设计师；时装设计师；发型设计师
styles		n. 风格；样式；模式（style的复数形式）
subdivide	'sʌbdi'vaid	vt.vi. (把...)再分, (把...)细分
subdivided	ˌsʌbdɪˈvaɪdid	v. 再分, 细分( subdivide的过去式和过去分词 )
subdivider		地块划分商
subdivides	ˌsʌbdɪˈvaɪdz	v. 再分, 细分( subdivide的第三人称单数 )
subdue	sәb'dju:	vt. 使服从, 压制, 减弱, 抑制, 克制
subdued	sәb'dju:d	a. 屈服的, 被抑制的, 减弱的, 柔和的
subduer		n. 镇静器；镇定器
subdues	səbˈdju:z	v. 征服( subdue的第三人称单数 ); 克制; 制服
subduest	səb'djuː	vt.
subject	'sʌbdʒekt	n. 科目, 主题, 臣民, 主语, 题目, (事物的)经受者, 学科, 受治疗者, 原因, 理由
subjected		v. 使从属；受…影响；使遭受（subject的过去分词形式）
subjecter	ˈsʌbdʒɪkt	n. 主题：题材；题目，问题，议题，论题，课题；话题；学科，科目，课程，
subjectest	ˈsʌbdʒɪkt	n.
subjecting	ˈsʌbdʒiktɪŋ	v. 提交( subject的现在分词 ); 使经受; 使遭受; 使服从
subjective	sәb'dʒektiv	a. 主观的, 个人的
subjects		n. 主题；被试者；学科；科目（subject的复数）
submarine	'sʌbmәri:n	n. 潜水艇, 海底生物
submarined		vt. 用潜艇攻击（submarine的过去式与过去分词形式）
submariner	'sʌbmәri:nә	n. 潜水艇乘员
submarines		n. 潜艇；潜水艇（submarine的复数）
submerge	sәb'mә:dʒ	vt. 使浸水, 使陷入, 淹没
submerged	sәb'mә:dʒd	a. 水下的, 在水中的
submerger	səb'mə:dʒə	n. (导致一方或双方失去原有身份的)淹没性兼并
submerges	səbˈmə:dʒz	v. （使）潜入水中, 淹没( submerge的第三人称单数 ); 完全掩盖, 遮掩
submit	sәb'mit	vt. 使服从, 使受到, 委托, 提交, 认为
submits	səbˈmits	v. 顺从( submit的第三人称单数 ); 听从; 屈服; 甘受
submitted		v. 递交；主张；屈服（submit的过去分词）
submitter		n. 发送者；传送者；提交人（原形是submit）
submittest	səb'mɪt	vt.
submitting	səbˈmitɪŋ	v. 顺从( submit的现在分词 ); 听从; 屈服; 甘受
subordinate	sә'bɒ:dnit	n. 属下, 附属物
subordinated	sə'bɔ:dɪneɪtɪd	v. 从属( subordinate的过去式和过去分词 )
subordinates	səˈbɔ:dinits	n. 级别或职位较低的( subordinate的名词复数 ); 下级的; 次要的; 附属的
subscribe	sәb'skraib	vt. 捐献, 签署
subscribed	səbˈskraibd	v. 捐助( subscribe的过去式和过去分词 ); 签署, 题词; 订阅; 同意
subscriber	sʌbs'kraibә	n. 签署者, 捐献者, 订户
subscribes	səbˈskraibz	v. 捐助( subscribe的第三人称单数 ); 签署, 题词; 订阅; 同意
subscript	'sʌbskript	a. 下标的, 写在底下的
subscription	sәb'skripʃәn	n. 捐献, 订金, 订阅, 签署, 同意
subscriptions		n. 捐献；订阅（subscription的复数形式）
subscripts		(subscript 的复数) a. 下标的, 写在底下的
subsequent	'sʌbsikwәnt	a. 后来的, 接下去的
subsequently	'sʌbsikwәntli	adv. 后来, 随后
subsidiaries	səbˈsidiəriz	n. 附属事物, 附属机构, 子公司( subsidiary的名词复数 )
subsidiary	sәb'sidiәri	n. 子公司, 附件, 辅助者
substance	'sʌbstәns	n. 物质, 实质, 主旨, 资产, 本质, 牢固
substances	ˈsʌbstənsiz	n. 物质( substance的复数形式 ); 实质; 物体; [哲学]1)。 本质
substantial	sәb'stænʃәl	n. 重要材料(或事物), 有实际价值的东西
substantials	səbs'tænʃlz	n. 实质性的东西( substantial的名词复数 ); 内容充实的东西; 重要的事物（或材料等）
substitute	'sʌbstitju:t	n. 代理, 代理人, 代用品, 代替者, 代替物
substituted		a. 取代的, 代替的
substitutes	ˈsʌbstitju:ts	n. 代替者( substitute的名词复数 ); 替补（运动员）; 替代物; [语法学]代用词
subtle	'sʌtl	a. 敏锐的, 精细的, 狡猾的, 稀薄的, 灵巧的, 微妙的
subtler	ˈsʌtlə	a. 微妙的( subtle的比较级 ); 敏感的; 狡猾的; 巧妙的
subtlest		a. 微妙的( subtle的最高级 ); 敏感的; 狡猾的; 巧妙的
subtract	sәb'trækt	vt. 减去, 扣掉, 减少
subtracted		n. 无进位加减法器
subtracter	sәb'træktә	n. 减去者, 减少者, 扣除者
subtractest	səb'trækt	vt.
subtracting		减法
subtracts	səbˈtrækts	v. 减, 扣除, 做减法( subtract的第三人称单数 )
subtropical	sʌb'trɒpikl	a. 亚热带的
subtropicals	,sʌb'trɒpɪkəl	adj. [地理] 亚热带的
subway	'sʌbwei	n. 地铁, 地道
subwayed	'sʌbweɪ	n. 地铁；地道
subwaying	'sʌbweɪ	n. 地铁；地道
subways	'sʌbweɪz	n. 地下人行道( subway的复数形式 ); <美>地铁
succeed	sәk'si:d	vi. 成功, 继承, 继续
succeeded		v. 成功；继承（succeed过去分词）
succeeder		成功者, 继任者, 继承者
succeeding	sәk'si:diŋ	a. 随后的, 以后的
succeeds	səkˈsi:dz	v. 成功( succeed的第三人称单数 ); 完成; 继承; 达到目的
success	sәk'ses	n. 成功, 成就, 胜利
successes	sək'sesɪz	n. 成功( success的复数形式 ); 成就; 成功者; 成功的事迹
successful	sәk'sesful	a. 成功的, 一帆风顺的, 顺利的
succession	sәk'seʃәn	n. 连续, 继承权, 继位, 演替, 地层次序
successions	səkˈseʃənz	n. 连续( succession的复数形式 ); 连续不断的人[事物]; 继承, 继任; 继承权
successive	sәk'sesiv	a. 继承的, 连续的
successor	sәk'sesә	n. 继承者, 接任者
successors	səkˈsesəz	n. 接替的人或事物, 继任者, 继承人( successor的复数形式 )
such	sʌtʃ	a. 如此的, 这样的
suchest	sʌtʃ	such
suck	sʌk	vt. 吸, 吮, 吸入, 吮吸, 吸收
sucked		v. 吸, 吮；吸收；吞没（suck的过去分词）
sucker	'sʌkә	n. 乳儿, 吸管
suckest	sʌk	vt.
sucking	'sʌkiŋ	a. 吸奶的, 授乳的, 尚未断奶的, 乳臭未干的
sucks		n. 不好；差劲（suck的复数）
sudan	su:'dæn	n. 苏丹
sudans	su:'dæn; -'dɑ:n	Sudan1
sudden	'sʌdn	n. 突然, 忽然
suddenest	'sʌd(ə)n	adj.
suddenly	'sʌdәnli	adv. 突然, 意外, 忽然, 迅速, 即席作成, 即刻, 急速
suddens	'sʌd(ə)n	adj. 突然的，意外的；快速的
suffer	'sʌfә	vt. 遭受, 经历, 忍受
suffered	'sʌfəd	v. 受痛苦( suffer的过去式和过去分词 ); 受损害; 变糟; 变差
sufferer	'sʌfәrә	n. 受难者, 被害者, 患者
sufferest	'sʌfə	vi.
suffering	'sʌfәriŋ	n. 苦难, 受苦
sufferings	'sʌfərɪŋz	n. 身体或心灵的痛苦( suffering的复数形式 ); 苦难; 各种苦恼; 折磨
suffers	ˈsʌfəz	v. 受痛苦( suffer的第三人称单数 ); 受损害; 变糟; 变差
suffice	sә'fais	vi. 足够, 有能力
sufficed	səˈfaist	v. 足够( suffice的过去式和过去分词 ); 满足…的需要
suffices	səˈfaisiz	v. 足够( suffice的第三人称单数 ); 满足…的需要
sufficest	sə'faɪs	vi.
sufficient	sә'fiʃәnt	a. 充分的, 足够的
sugar	'ʃugә	n. 糖, 糖块, 甜言蜜语
sugared	'ʃuɡәd	a. 加了糖的；甜蜜的
sugarer		n. 工作偷懒的人
sugaries	'ʃʊg(ə)rɪ	sugary
sugaring	'ʃu^әriŋ	n. 糖渍；加糖
sugars		n. 糖类（sugar的复数形式）
sugary	'ʃugәri	a. 含糖的, 糖一般的, 甜的
suggest	sәg'dʒest	vt. 提议, 建议, 促成, 暗示, 启发, 使人想起
suggested		a. 建议的；暗示的
suggester		提出建议的人
suggesting		v. 提议；暗示（suggest的ing形式）
suggestion	sә'dʒestʃәn	n. 提议, 意见
suggestioned	sə'dʒestʃ(ə)n	n.
suggestioning	sə'dʒestʃ(ə)n	n.
suggestions		n. 民众意见箱；员工意见箱
suggests		v. 暗示, 建议（suggest的单数）
suicide	'sjuisaid	n. 自杀, 自杀者
suicides	ˈsjuisaidz	n. 自杀( suicide的复数形式 ); 自取灭亡; 自杀者; 自杀性行为
suit	sju:t. su:t	n. 套装, 诉讼, 请求, 起诉, 套, 组
suitable	'sju:tәbl	a. 适当的, 相配的
suitabler	'suːtəb(ə)l	adj. 合适的，适当的，适宜的，相称的
suitablest	'suːtəb(ə)l	adj. 合适的，适当的，适宜的，相称的
suitcase	'sju:tkeis	n. 手提箱
suitcased	'suːtkeɪs	n.
suitcases	ˈsju:tkeisiz	n. （旅行用的）手提箱( suitcase的复数形式 ); 衣箱
suite	swi:t	n. 随员, 套房, (一)组, (一)套, 组曲, 继之而来的事
suited	'sju:tid	a. 适合的
suiter	s'wi:tər	n. 放…套衣服的小提箱
suites		n. 套房；组曲；餐厅套件；[计]程序组（suite的复数）
suitest	swiːt	n.
suiting	'sju:tiŋ	n. 西服料
suits		n. 西服；套装；讼案（suit的复数）
sulfur	'sʌlfә	n. 硫, 硫磺
sulfured	ˈsʌlfəd	v. 用硫磺处理( sulfur的过去式和过去分词 )
sulfuring	ˈsʌlfərɪŋ	v. 用硫磺处理( sulfur的现在分词 )
sulfurs		vt. 用硫磺处理（sulfur的第三人称单数形式）
sullen	'sʌlәn	a. 愠怒的, 沉闷的, 阴沉的
sullener	'sʌlən	adj. 愁眉不展的；昏暗的；悲哀的；死气沉沉的
sullenest	'sʌlən	adj. 愁眉不展的；昏暗的；伤心的；死气沉沉的
sulphur	'sʌlfә	n. 硫, 硫磺
sulphuring	'sʌlfjuriŋ	亚硫酸处理(果汁、果浆、水果), 用二氧化硫保藏
sulphurs	网络	[原型] sulphurs 是 sulphur 的复数
sum	sʌm	n. 总数, 总和, 金额, 概要, 顶点
sumed		abbr. Arab Petroleum Pipelines Company <埃及>阿拉伯输油管公司（代号）
sumer	'su:mə	n. 苏美尔（古地区名）
sumes	网络	(sume 的复数)
sumies	'su:mi	Sumy
summaries	ˈsʌməriz	n. 摘要, 概要( summary的名词复数 )
summarize	'sʌmәraiz	v. 概述, 总结
summarized	ˈsʌməraizd	v. 总结, 概述( summarize的过去式和过去分词 )
summarizer		摘录者,文摘员
summarizes	ˈsʌməraiziz	v. 总结, 概述( summarize的第三人称单数 )
summary	'sʌmәri	n. 摘要, 概要
summed		v. 总计, 概括, 总结（sum的过去时和过去分词）
summer	'sʌmә	n. 夏季, 全盛时期
summered	'sʌmə	n. 夏季；全盛时期
summering	'sʌmәriŋ	n. 夏季放牧, 避暑
summers		n. 萨莫斯（人名）
summest	sʌm	SUM
summing	'sʌmiŋ	[计] 求和
summit	'sʌmit	n. 顶点, 最高阶层, 最高级会议
summited	'sʌmɪt	n. 顶；最高级级位；峰会；【几】顶点
summiting	'sʌmɪt	n. 顶；最高级级位；峰会；【几】顶点
summits	ˈsʌmits	n. （山等的）最高点, 峰顶( summit的复数形式 ); 高层会议
summitted	'sʌmɪt	n.
summitting	'sʌmɪt	n.
summon	'sʌmәn	vt. 召唤, 召集, 号召, 振奋, 唤起, 鼓起
summoned	ˈsʌmənd	v. 传唤( summon的过去式和过去分词 ); 召唤; 传讯（出庭）; 鼓起（勇气）
summoner	'sʌmәnә	n. 召唤者, 法院传票送达员
summonest	'sʌmən	vt.
summoning	ˈsʌmənɪŋ	v. 传唤( summon的现在分词 ); 召唤; 传讯（出庭）; 鼓起（勇气）
summons	'sʌmәnz	n. 召唤, 传唤, 召集, 传票
sums		n. 算术题；总数（sum的复数形式）
sun	sʌn	n. 太阳, 日, 日光, 阳光
sun-blindness		日光盲
sunburned		a. 晒黑的, 有晒斑的, 日炙的
sunburnt	'sʌnb\\:nt	a. 晒黑的, 有晒斑的, 日炙的
sund		abbr. sudden unexpected unexplained death 不明原因猝死症; sundries 
sunday	'sʌndi	n. 星期日
sundayed	'sʌndei; -di	Sunday1
sundaying	'sʌndei; -di	Sunday1
sundays	'sʌndiz, -deiz	adv. 每星期日, 在任何星期日
sunglasses		-1
sunglassess	'sʌnglɑːsɪz	sunglasses
sunlight	'sʌnlait	n. 日光
sunlights		阳光( sunlight的名词复数 )
sunned		未晒黑的
sunnies		(sunny 的复数) a. 阳光充足的, 乐观的, 快乐的, 像太阳的
sunning		n. 日照法
sunny	'sʌni	a. 阳光充足的, 乐观的, 快乐的, 像太阳的
suns		n. 太阳队（美国篮球队名）
sunshine	'sʌnʃain	n. 阳光, 光明, 晴天
sunshiner	'sʌnʃaɪn	n.
sunshines	网络	[原型] sunshines 是 sunshine 的复数
super	'sju:pә	n. 跑龙套角色, 冗员, 特级品, 特大号, 管理人
superb	sju'pә:b	a. 极度的, 华丽的, 极好的
superber	suː'pɜːb; sjuː-	adj.
superbes	网络	[原型] superbes 是 superbe 的复数
superer	'suːpə; 'sjuː-	super
superest	'suːpə; 'sjuː-	super
superficial	.sju:pә'fiʃәl	n. 表面, 外表
superficials	,suːpə'fɪʃ(ə)l; ,sjuː-	adj. 表面的；肤浅的
superhero	'sju:pә,hiәrәj	n. 超级英雄
superheroes	ˈsju:pəˌhiərəuz	n. 超级英雄( superhero的名词复数 )
supering	'suːpə; 'sjuː-	adj. 特级的；极好的
superior	sju:'piәriә	n. 长者, 占优势的人, 上级
superiores	网络	(superiore 的复数)
superiorities		(superiority 的复数) n. 优越, 高傲
superiority	sju:.piәri'ɒriti	n. 优越, 高傲
superiors	sjuˈpiəriəz	n. 上级, 长官, 上司( superior的复数形式 ); 较好的人[事物], 优胜者; 修道院院长; 方丈
supermarket	'sju:pәmɑ:kit	n. 超级市场
supermarketing		n. 在超级市场购物
supermarkets	'su:pəmɑ:kɪts	n. 超级市场( supermarket的复数形式 )
superring		n. 超环
supers		n. 一种长雪茄烟；条子棉平布；管理员（super的复数）
supersonic	.sju:pә'sɒnik	a. 超声波的
supersonics	.sju:pә'sɒniks	n. 超声波学
superstition	.sju:pә'stiʃәn	n. 迷信
superstitions	ˌsju:pəˈstiʃənz	n. 迷信, 迷信行为( superstition的复数形式 )
supervise	'sju:pәvaiz	v. 监督, 管理, 指导
supervised		a. 有监督的
supervises		v. 监督；治理（supervise的第三人称单数）
supplement	'sʌplimәnt	n. 补充物, 增刊, 补充, 补遗, 补编, 附录, 补角
supplemented		v. 增补, 补充（supplement的过去分词）
supplementer		n. 补充, 补遗；补充物；附录 (supplement的变形)
supplementing	医	[原型] supplementing 是 supplement 的现在分词
supplements		n. 补充品；增补物；补脉（supplement的复数）
support	sә'pɒ:t	n. 支持, 支撑, 援助, 供养, 支撑物
supported		n. 被支持的
supporter	sә'pɒ:tә	n. 支持者, 后盾, 迫随者, 护身织物
supporting	sә'pɔ:tiŋ	a. 次要的；支持的；辅助性的
supportings	网络	[原型] supportings 是 supporting 的复数
supports		n. 支承结构；支持；忍受；赡养（support的复数）
suppose	sә'pәuz	vt. 推想, 假设, 以为, 想像, 假定
supposed	sә'pәuzd	a. 想象上的, 假定的, 被信以为真的
supposeer	sə'pəʊz	vt. 假使, 假定：；[用于祈使句]让：
supposes	səˈpəuziz	v. 料想( suppose的第三人称单数 ); 意味着; [用于被动语态]认为应该; [用于祈使句]让
supposest	sə'pəʊz	vt.
suppress	sә'pres	vt. 镇压, 使止住, 禁止, 抑制, 查禁
suppressed		a. 被抑制的, 被忍住的
suppresser	sә'presә(r)	n. 镇压者, 禁止[删除]者,抑制器
suppresses	səˈpresiz	v. 抑制（感情等）( suppress的第三人称单数 ); 压制; 禁止发表; 阻止…的生长（或发展）
suppressest	sə'pres	vt.
suppressing	计	[原型] suppressing 是 suppress 的现在分词
supreme	sju'pri:m	n. 至高, 霸权
supremed	sju'pri:m; sə-	adj.
supremer	sju'pri:m; sə-	adj.
supremest	sju'pri:m; sə-	adj.
sure	ʃuә	a. 确信, 必然的, 必定的
surer		a. 确信的；可靠的；必定的 (sure的变形)
surest		确信的
surface	'sә:fis	n. 面, 表面, 水面, 外表, 平面
surfaced	'sә:fist	成平面的；刨平的；刨光的
surfacer	'sә:fisә	n. 平面刨床
surfaces		n. 表面；曲面（surface的复数）
surfacest	'sɜːfɪs	n. 表面；(物体的)面
surgeon	'sә:dʒәn	n. 外科医生, 军医, 船医
surgeons	'sɜ:dʒənz	n. 外科医生; 外科医生( surgeon的复数形式 )
surgeries	ˈsə:dʒəriz	n. 外科手术( surgery的复数形式 ); 外科诊所; 门诊时间; （议员的）接待时间
surgery	'sә:dʒәri	n. 外科, 手术, 手术室, 换球术
surpass	sә'pɑ:s	vt. 超越, 凌驾, 胜过
surpassed	səˈpɑ:st	v. 超过( surpass的过去式和过去分词 ); 优于; 多于; 非…所能办到
surpasses	səˈpɑ:siz	v. 超过( surpass的第三人称单数 ); 优于; 多于; 非…所能办到
surpassest	sə'pɑːs	vt.
surpassing	sә'pɑ:siŋ	a. 胜过的, 卓越的, 优秀的, 非凡的
surplus	'sә:plәs	n. 剩余, 过剩, 盈余
surpluses	'sɜ:pləsɪz	n. 剩余额（surplus的复数形式）
surplusing	'sɜːpləs	n. 剩余；[贸易] 顺差；盈余；过剩
surpluss	'sɜːpləs	surplus
surplussing	'sɜːpləs	surplus
surprise	sә'praiz	n. 惊奇, 奇袭, 诧异
surprised	sә'praizd	a. 感到惊讶的
surpriser		n. 惊奇, 诧异；突然袭击 (surprise的变形)
surprises	səˈpraiziz	v. 使惊奇, 使诧异( surprise的第三人称单数 ); 意外发现[撞见], 出其不意获得
surrender	sә'rendә	vt. 交出, 放弃, 使投降, 让与
surrendered	səˈrendəd	n. 电子放单; Telex released
surrenderer		屈服者
surrenderest	sə'rendə	vt.
surrendering	səˈrendərɪŋ	v. 投降( surrender的现在分词 ); 放弃, 抛弃
surrenders	səˈrendəz	v. 投降( surrender的第三人称单数 ); 放弃, 抛弃
surround	sә'raund	vt. 包围, 环绕, 围绕
surrounded		a. 被…环绕着的
surroundest	sə'raʊnd	vt.
surrounding	sә'raundiŋ	n. 环境
surroundings	sә'rajndiŋz	n. 环境, 周围的事物
surrounds		n. 挡板；环绕物（surround的复数）
survey	sә'vei	n. 纵览, 视察, 测量, 俯瞰, 调查
surveyed	ˈsɜrˌveɪd	v. 调查( survey的过去式和过去分词 ); 测量; 检查; 眺望
surveyer		验船师
surveyest	ˈsəːveɪ; (for v.) səˈveɪ	vt.
surveying	sә'veiiŋ	n. 测量
surveys		n. 调查（survey的复数）
survival	sә'vaivәl	n. 生存, 残存, 幸存者
survivals	səˈvaivəlz	n. 幸存, 生存( survival的复数形式 ); 残存的人[物]; 遗物; 遗风
survive	sә'vaiv	vt. 比...活得长, 生存, 生还, 幸免于
survived	səˈvaivd	v. 幸存, 活下来( survive的过去式和过去分词 ); 比…活得长, 经历…之后还存在; 幸免于难; 挺过
surviver	sə'vaivə	n. [古语] =survivor
survives	səˈvaivz	v. 幸存, 活下来( survive的第三人称单数 ); 比…活得长, 经历…之后还存在; 幸免于难; 挺过
survivor	sә'vaivә	n. 生还者, 幸存者
survivors	sə'vaɪvəz	n. 幸存者, 残存者, 生还者( survivor的复数形式 )
sushi	'su:ʃi	n. 寿司（生鱼片冷饭团）
sushis	'suːʃɪ; 'sʊʃɪ	n. 寿司（生鱼片冷饭团）
suspect	sә'spekt	n. 被怀疑者, 嫌疑犯
suspected	sә'spektid	a. 有嫌疑的
suspectest	ˈsʌspekt; (for v.) səˈspekt	vt.
suspecting	səˈspektɪŋ	v. 猜疑（是）( suspect的现在分词 ); 怀疑; 不信任; 怀疑…有罪
suspects	səˈspekts	v. 猜疑（是）( suspect的第三人称单数 ); 怀疑; 不信任; 怀疑…有罪
suspend	sә'spend	vt. 悬, 吊, 使悬浮, 暂停, 中止, 推迟
suspended		a. 悬浮的；暂停的, 缓期的（宣判）
suspender	sә'spendә	n. 悬挂者(物), 袜吊, 吊裤带
suspendest	sə'spend	vt.
suspending		n. 停赛, 悬置；悬浮
suspends	səˈspendz	v. 悬( suspend的第三人称单数 ); 延缓; 暂停; 使暂时停职（或停学等）
suspension	sә'spenʃәn	n. 悬挂, 暂停, 中止
suspensions	səs'penʃnz	n. 悬( suspension的复数形式 ); 悬架; 暂停; 悬浮液
suspicion	sә'spiʃәn	n. 怀疑, 觉察, 嫌疑
suspicioned	sə'spɪʃ(ə)n	n.
suspicioning	sə'spɪʃ(ə)n	n.
suspicions	səsˈpiʃənz	n. 怀疑( suspicion的复数形式 ); 疑心; 感觉; 一点儿
suspicious	sә'spiʃәs	a. 可疑的, 多疑的, 怀疑的
sustain	sә'stein	vt. 承受, 支持, 供养, 继续, 忍受, 蒙受, 证实, 准许
sustained	sәs'teind	a. 持续的, 持久不变的, 持久的, 不懈的
sustainer	sә'steinә	n. 支持者, 维持者
sustainest	sə'steɪn	vt.
sustaining	sә'steiniŋ	a. 支持的, 持续的
sustains	səˈsteinz	v. 维持( sustain的第三人称单数 ); 支撑; 忍受; 长期保持
swallow	'swɒlәu	n. 燕子, 吞咽, 喉
swallowed		vt.& vi. 吞, 咽（swallow的过去式与过去分词形式）
swallower		n. 吞咽者, 贪吃的人
swallowest	'swɔləu	vt.
swallowing	医	[原型] swallowing 是 swallow 的现在分词
swallows	ˈswɔləuz	n. （吃或喝的）一口( swallow的名词复数 )
swap	swɒp	n. 以货易货
swaper	'swɔpә	[美]酒吧间中的侍者
swapped	s'wɒpt	v. 交换（工作）( swap的过去式和过去分词 ); 用…替换, 把…换成, 掉换（过来）
swapping	'swæpiŋ	[计] 交换, 调动, 转储
swaps	swɔps	n. 交换( swap的名词复数 ); 交换物, 被掉换者
sway	swei	n. 摇摆, 影响力, 支配
swayed	sweid	v. （使）摇摆, （使）摇动( sway的过去式和过去分词 ); 影响、改变…的观点[行动]
swayer		n. sway的变形
swayest	swe	SWAY
swaying	sweiŋ	v. （使）摇摆, （使）摇动( sway的现在分词 ); 影响、改变…的观点[行动]; 横荡; 晃晃悠悠
sways	sweiz	v. （使）摇摆, （使）摇动( sway的第三人称单数 ); 影响、改变…的观点[行动]
swear	swєә	vt. 发誓, 咒骂, 使宣誓
sweared	sweə	vi.
swearer		n. 宣誓者, 咒骂者
swearest	sweə	vi.
swearing		-K
swears	swɛəz	v. 诅咒, 咒骂( swear的第三人称单数 ); （使某人）就…宣誓; 郑重承诺; 发誓要
sweat	swet	n. 汗, 汗水, 水珠, 焦急
sweated	'swetid	a. 从事血汗劳动的
sweater	'swetә	n. 毛衣, 毛线衫, 运动衫, 出汗者
sweatered	'swetəd	adj. 穿针织套衫的，穿运动衫的女子，胸部曲线优美的女子
sweaters	ˈswetəz	n. 毛衣( sweater的复数形式 )
sweatest	swet	vi.
sweating	'swetiŋ	[化] 发汗
sweats	swets	vt. 发汗；夜间盗汗（sweat的三单形式）
sweep	swi:p	n. 扫除, 打扫, 肃清, 视野, 范围, 全胜
sweeper	'swi:pә	n. 清扫夫
sweepest	swi:p	vt.
sweeping	'swi:piŋ	n. 扫除, 垃圾
sweeps	swi:ps	n. 清扫；废屑；[俚]无赖汉（sweep的复数）；赌金（等于sweepstakes）
sweet	swi:t	n. 甜蜜, 糖果, 情人
sweeten	'swi:tn	vt. 使变甜, 加糖于, 使悦耳, 使温和, 减轻
sweetened		a. 变甜的
sweetener	'swi:tnә	n. 代糖, 甜料
sweetenest	'swiːt(ə)n	vt.
sweetening	'swi:tniŋ	n. 弄甜, 变甜, 甜味剂
sweetens	ˈswi:tnz	v. 使甜, 变甜( sweeten的第三人称单数 ); 送礼以说服
sweeter		n. 全景分析器
sweetest		a. 最甜蜜的
sweeties		n. [英口]糖果；甜食
sweeting	'swi:tiŋ	n. 甜苹果, 情人
sweetness	'swi:tnis	n. 甜蜜, 芳香, 美妙
sweetnesses		(sweetness 的复数) n. 甜蜜, 芳香, 美妙
sweets	swi:ts	n. 糖果；甜食（sweet的复数）
swell	swel	n. 增大, 隆起的部分, 巨浪, 肿胀
swelled		swell的过去式和过去分词
swellest		最膨胀的（swell的最高级）
swelling	'sweliŋ	n. 肿胀, 肿大, 隆起部, 身上的肿胀处, 膨胀, 增大
swells	swelz	v. 增强( swell的第三人称单数 ); 肿胀; （使）凸出; 充满（激情）
swerve	swә:v	n. 转向, 弯曲, 背离
swerved	swə:vd	v. （使）改变方向, 改变目的( swerve的过去式和过去分词 )
swerves	swə:vz	n. （使）改变方向, 改变目的( swerve的名词复数 )
swervest	swɜːv	vi.
swift	swift	n. 褐雨燕, 快速爬行的小蜥蜴, 蝙蝠蛾, 大滚筒
swifter	'swiftә	n. 绞盘加固索
swiftest	swɪf'test	a. 迅速的( swift的最高级 ); 敏捷的; 立即作出的; 突然发生的
swifties	网络	[原型] swifties 是 swifty 的复数
swifts	swifts	n. 雨燕( swift的复数形式 ); （梳棉机等的）大滚筒; [动物]（爬行迅速的）小蜥蜴( = spiny liz
swim	swim	n. 游泳, 漂浮, 潮流, 眩晕
swimmed	swɪm	vi.
swimmer	'swimә	n. 游泳者
swimmest	swɪm	vi.
swimming	'swimiŋ	n. 游泳, 眩晕
swims	swimz	n. 熏鱼上附着的鳔
swing	swiŋ	n. 摇摆, 振幅, 音律, 节奏, 涨落, 秋千, 旋转, 行动自由
swinged	swindʒd	v. 打鞭挞( swinge的过去式和过去分词 )
swinger	'swiŋә	n. 赶时髦的人, 摆动的人, 摆动的物, 有力的事物, 轰动的事物, 责打者
swinges	swindʒz	v. 打鞭挞( swinge的第三人称单数 )
swingest	swindʒ	vt.
swinging	'swiŋiŋ	a. 极大的, 大幅度的, 大量的, 极好的, 大力的, 极有力的, 活跃的, 时髦的
swingr		abbr. Sweep Integrator 扫描积分仪
swings		n. （复数）秋千；摇摆, 改变, 冲力（swing的复数形式）
switch	switʃ	n. 开关, 电闸, 转换, 软枝, 鞭子, 道岔
switched	switʃt	a. 转换的
switcher	'switʃә	n. 交换机；转换开关；调车机车
switches		n. 转轨器, 道岔
switching	'switʃiŋ	[计] 交换
switzerland	'switsәlәnd	n. 瑞士
switzerlands	ˈswɪtsələnd	n. 瑞士（欧洲国家）
swollen	'swәulәn	a. 肿大的, 涨水的, 夸张的, 骄傲的
swoop	swu:p	n. 俯冲, 攫取
swooped	swu:pt	v. 俯冲, 猛冲( swoop的过去式和过去分词 )
swooper		n. swoop的变形
swoopest	swuːp	vi.
swooping	swu:pɪŋ	v. 俯冲, 猛冲( swoop的现在分词 )
swoops	swu:ps	n. 猛扑, 突然下降( swoop的名词复数 )
sword	sɒ:d	n. 刀, 剑, 战争, 武力, 剑状物
sworded	'sɔ:did	a. 佩着刀的, 戴着剑的
swording	sɔːd	n. 剑；刀；[军事俚语]刺刀；(军刀等的)权力象征；惩罚权
swords		n. 宝剑（sword的复数）
sydney	'sidni	n. 悉尼（澳大利亚港市）
sydneys	ˈsɪdnɪ	n. 悉尼（澳大利亚港市）
syllable	'silәbl	n. 音节
syllabled	'sɪləbld	有…音节的
syllables	ˈsiləblz	n. 音节( syllable的复数形式 )
symbol	'simbl	n. 符号, 象征, 代号, 信条
symboled		vt. 用符号代表（symbol的过去式与过去分词形式）
symboles	网络	[原型] symboles 是 symbole 的复数
symboling		用符号代表（symbol的现在分词形式）
symbolled		vt. 用符号代表（symbol的过去式与过去分词形式）
symbolling		vt. 用符号代表（symbol的现在分词形式）
symbols		n. 符号；象征；标志；符号表（symbol的复数）
symmetrical	si'metrikl	a. 对称的, 匀称的
symmetries	ˈsimitriz	n. 对称（性）, 匀称, 整齐( symmetry的复数形式 )
symmetry	'simitri	n. 对称, 匀称
symmetrys		(symmetry 的复数) n. 对称, 匀称
sympathetic	.simpә'θetik	a. 有同情心的, 合意的, 赞成的
sympathies		n. 同情, 支持
sympathize	'simpәθaiz	vi. 同情, 怜悯, 同意, 体谅
sympathized	ˈsimpəθaizd	v. 同情, 支持( sympathize的过去式和过去分词 )
sympathizer	'simpәθaizә	n. 同情者, 怜悯者, 同意者, 支持者
sympathizes	ˈsimpəθaiziz	v. 同情, 支持( sympathize的第三人称单数 )
sympathy	'simpәθi	n. 同情, 赞同, 怜悯, 慰问, 吊唁
symphonies	ˈsimfəniz	n. 交响乐, 交响曲( symphony的名词复数 )
symphony	'simfәni	n. 交响乐, 交响曲
symposium	sim'pәuziәm	n. 讨论会, 座谈会, 专题报告会, 专题论文集
symposiums		座谈会, 专题讨论会, 专题论丛, 专题论文集, 酒会
symptom	'simptәm	n. 症状, 征候, 征兆
symptoms		n. 病徵；症状；症候
syndrome	'sindrәum	n. 并发症状, 综合征, 同时存在的事物
syndromed	'sɪndrəʊm	n.
syndromes	'sɪndrəʊmz	n. 综合征( syndrome的复数形式 ); （某种条件下有共同特征的）一系列表现（事件、举动等）
synthesis	'sinθisis	n. 综合, 组织, 综合体
synthesised	'sɪnθɪsaɪz	vi. 合成, 接合
synthesiser	'sɪnθɪsaɪz	vt., vi. [英国英语] = synthesize
synthesises		(synthesise 的第三人称 -s形式) vt.vi. 综合, 合成, 接合
synthesising		(synthesise 的现在分词) vt.vi. 综合, 合成, 接合
synthetic	sin'θetik	n. 合成物质
synthetics	sin'θetiks	n. [用作复]人工合成（绝缘）材料
system	'sistәm	n. 系统, 体系, 制度, 方式, 秩序, 分类原则
systematic	.sisti'mætik	a. 有系统的, 分类上的, 体系的
systematical	,sisti'mætikәl	a. 有系统的, 成体系的, 有秩序的, 有组织的, 分类学的, 故意的, 彻底的
systematically	.sisti'mætikli	adv. 有系统地, 有组织地, 有条理地
systematics	,sisti'mætiks	n. 分类学
systemes	网络	[原型] systemes 是 systeme 的复数
systems		n. 体制, 体系；制度；系统（system的复数形式）
table	'teibl	n. 桌子, 餐桌, 工作台, 铭文, 表格, 表, 高原, 平地层
tabled	'teɪb(ə)l	n. 桌子；表格；平地层
tableed	'teɪb(ə)l	n. 桌子；台子；餐桌, 饭桌
tableing	'teɪb(ə)l	n. 桌子；台子；餐桌, 饭桌
tables		n. 桌子；附录；表格（table的复数）
tablet	'tæblit	n. 平板, 门牌, 笔记簿, 碑, 匾, 药片
tablets	'tæblɪts	n. 药片( tablet的名词复数 ); （木、竹）简; 碑; 一块肥皂
tabletted		用碑牌纪念（tablet的过去式与过去分词形式）
tabletting	'tæblitiŋ	压挤团煤法
tabulate	'tæbjuleit	vt. 作成表, 作成一览表, 使成平面
tabulated	ˈtæbjəˌleɪtid	v. 把（数字、事实）列成表( tabulate的过去式和过去分词 )
tabulates	ˈtæbjəˌleɪts	v. 把（数字、事实）列成表( tabulate的第三人称单数 )
tack	tæk	n. 平头钉, 大头钉, 粗缝针脚, 行动方针, 食物
tacked	tækt	v. 用平头钉钉( tack的过去式和过去分词 ); 附加, 增补; 帆船抢风行驶, 用粗线脚缝
tacker	'tækә	n. 敲平头钉的人, 敲平头钉器
tackies	'tæki	n. 胶底便鞋；运动鞋；轮胎
tacking	'tækiŋ	[法] 抵押优先清偿
tackle	'tækl	n. 工具, 复滑车, 滑车, 装备, 扭倒
tackled	ˈtækld	v. 解决( tackle的过去式和过去分词 ); 应付; 与某人交涉; 向某人提起（问题或困难情况）
tackler	'tæklә	做抓和揪动作的人
tackles	ˈtæklz	n. 用具( tackle的名词复数 ); 滑车; 钓具; 阻截队员
tacks	tæks	n. 大头钉( tack的名词复数 ); 平头钉; 航向; 方法
tact	tækt	n. 机智, 手法, 老练
tacted	tækt	n. 机智；老练；圆滑；鉴赏力
tactful	'tæktful	a. 机智的, 老练的
tactics	'tæktiks	n. 用兵学, 战术, 兵法
tacticss	'tæktɪks	tactics
tactile	'tæktail	a. 触觉的, 有触觉的
tactiler	'tæktaɪl	adj. 【生物学】触觉的；有触觉的；影响触觉的；可触知的；可感触到的
tactilest	'tæktaɪl	adj. 【生物学】触觉的；有触觉的；影响触觉的；可触知的；可感触到的
tacting	tækt	n. 机智；老练；圆滑；鉴赏力
tacts	网络	[原型] tacts 是 tact 的复数
tadpole	'tædpәul	n. 蝌蚪
tadpoles	'tæd,pol	n. 蝌蚪( tadpole的名词复数 )
tag	tæg	n. 标签, 附属物, 碎片, 结束语, 口头禅, 附加语, 浑名, 标记, 标记符
tages		(tage 的第三人称 -s形式) n. [体育]终点绒线
tagged		a. 标记的；示踪的；加标记的
tagger	'tægә	n. 垂下物, 尾随者, 薄铁片, 附加物
tagging	'tæ^iŋ	[计] 标记, 特征, 标签
tags		n. 标签；（机动车）牌照；称呼（tag的复数）
tahiti	tɑ:'hi:ti	n. 塔希提岛（位于南太平洋, 法属波利西亚的经济活动中心）
tahitis	tɑ:'hi:ti; tə-	n. 塔希提岛（位于南太平洋，法属波利西亚的经济活动中心）
tail	teil	n. 尾部, 后部, 辫子, 随员, 特务, 燕尾服, 踪迹, 限定继承(权)
tailed	teild	a. 有...尾的, 去掉尾的, 有...状尾的
tailer	'teilә	n. 尾随者, 跟踪者, 侦探
tailing	'teiliŋ	n. 下脚, 嵌入墙中砖石突出部, 尾料
tailor	'teilә	n. 裁缝, 成衣匠
tailored	'teilәd	a. 裁缝做的, 似裁缝做的, 特制的, 定做的, 穿着考究的, 时髦的, 干净利索的
tailoring	'teilәriŋ	n. 裁缝业, 做衣服, 成衣, 剪裁, 制作
tailors	ˈteiləz	n. 裁缝( tailor的名词复数 )
tails		n. (非正式)燕尾服, 男子夜礼服, 钱币背面, 硬币的背面
take	teik	vt. 拿, 取, 抓, 带领, 获得, 就座, 接受, 吃, 吸引, 采取, 乘, 需要, 花费
taked	teɪk	vt.
takeing		n. 拿,取得,收入
taker	'teikә	n. 取者, 捕者, 接受者, 收取者
takes		vt. 取走, 预备动作（take第三人称单数）
takest	teɪk	vt.
tale	teil	n. 故事, 谎言, 谣言, 陈述, 叙述
taled	teɪl	n. 传说；故事；叙述；文学故事
talent	'tælәnt	n. 天才, 才能, 有才干的人, 天资
talented	'tælәntid	a. 天资高的, 有才能的
talenter	'tælənt	n.
talents		n. 人才；才能, 天赋（talent的复数）
taler	'tɑ:lә	n. 德国的旧银币名
tales	'teili:z	n. 候补陪审员召集令
talk	tɒ:k	n. 谈话, 交谈, 会谈, 讲话, 演讲, 空谈, 谣言, 方言, 语言
talked	tɔːkt	n. 讲话, 交谈 talk的过去式
talker	'tɒ:kә	n. 说话的人, 饶舌者, 空谈者
talkes	网络	(talke 的复数)
talkest	tɔːk	vi.
talkies	'tɔ:kɪz	n. <口>有声电影( talkie的复数形式 )
talking	'tɒ:kiŋ	a. 说话的, 多嘴的, 富有表情的
talks		n. 会谈
tall	tɒ:l	a. 高的, 长的, 夸大的
taller	'tɔ:lə(r)	a. 高的( tall的比较级 ); 难以置信的; 难以完成的; （用以表示或询问高度）有...高
talles		塔利（地名）
tallest		a. 最高的
tallied	ˈtæli:d	v. 计算, 清点( tally的过去式和过去分词 ); 加标签（或标记）于; （使）符合; （使）吻合
tallies	ˈtæli:z	n. 账( tally的名词复数 ); 符合; （计数的）签; 标签
talls	网络	[原型] talls 是 tall 的复数
tallying	计	[经] 理货, 点货
tame	teim	a. 驯服的, 柔顺的, 被开垦的, 顺从的, 乏味的, 平淡的
tamed	teimd	v. （使）服从, 驯服( tame的过去式和过去分词 )
tamer	'teimә	n. 驯服手
tames	teimz	v. （使）服从, 驯服( tame的第三人称单数 )
tamest		a. 驯服的( tame的最高级 ); 温顺的; 沉闷的; 乏味的
tangle	'tæŋgl	n. 缠结, 纠结的一团, 困惑, 纠纷, 混乱
tangled		a. 纠缠的, 紊乱的
tangles	'tæŋɡlz	v. （使）缠结, （使）乱作一团( tangle的第三人称单数 )
tank	tæŋk	n. 槽, 箱, 柜, 罐, 池塘, 储水池, 坦克
tanked		a. 放在槽/箱/柜内的, (非正式)喝醉的
tanker	'tæŋkә	n. 坦克手, 油船, 空中加油飞机, 运油飞机, 油槽/水槽汽车
tankered		(tanker 的过去分词) n. 坦克手, 油船, 空中加油飞机, 运油飞机, 油槽/水槽汽车
tankering	'tæŋkəriŋ	n. 油轮的装卸
tankers	'tæŋkəz	n. 运送大量液体或气体的轮船[卡车]( tanker的复数形式 ); 油轮; 罐车; 油槽车
tankies		油罐建造工人
tanking	'tæŋkɪŋ	地下室防水层
tanks		n. 坦克；贮水池；大容器（tank的复数）
tanzania	.tænzә'ni:ә	n. 坦桑尼亚
tanzanias	网络	[原型] tanzanias 是 tanzania 的复数
tap	'tæp	n. 轻打, 水龙头
tape	teip	n. 带子, 录音带, 磁带, 窄带, 卷尺
taped		n. 录播, 压胶
taper	'teipә	n. 带子操作工, 小蜡烛, 尖细, 渐弱, 锥形, 尖塔
tapered		a. 锥形的, 尖削的, 渐缩的
taperer	'teɪpərər	n. （宗教仪式中的）手持小蜡烛者
tapering	'teipәriŋ	a. 尖端细的
tapers	ˈteɪpəz	n. （长形物体的）逐渐变窄( taper的名词复数 ); 微弱的光; 极细的蜡烛
tapes		n. 录音带, 胶纸带；条带, 边带
tapies	网络	[原型] tapies 是 tapie 的复数
taping	'teipiŋ	n. 磁带录音
tapped	tæpt	a. 分接的；抽头的；[语]发接触音的
tapper	'tæpә	n. 轻敲者, 电报键
tappest	tæp	vt.
tapping	'tæpiŋ	n. 轻敲声, 开孔, 导出液体, 放腹水, 分支, 抽头, 分流, 缠绝缘带, 出钢, 出渣
taps	tæps	n. (美军)熄灯号, 熄灯鼓
tar	tɑ:	n. 焦油, 柏油, 水手
tard		n. (Tard)人名；(法)塔尔
tared	teəd	v. 量皮重( tare的过去式和过去分词 )
tares		(tare 的复数) n. 巢菜, 稗子, 皮重
target	'tɑ:git	n. 目标, 靶子, 指标
targeted	'tɑːɡɪtɪd	[医]定向的
targeting	'tɑ:ɡitiŋ	n. 目标市场选择；确定目标市场
targets		n. 目标；枪靶；投放范围（target的复数）
targetted		(target 的过去分词) n. 目标, 靶子, 指标
targetting	化	[原型] targetting 是 target 的现在分词
taring	'teәriŋ	配衡, 定皮重
tarr		v. 涂以焦油
tarred	tɑ:d	a. 涂了焦油的
tarring	'tæriŋ	塔灵(姓氏)
tars	tɑ:z	n. 焦油, 沥青, 柏油( tar的名词复数 )
task	tɑ:sk	n. 工作, 任务, 作业, 困难的工作
tasked		vt. 交给某人（task的过去式与过去分词形式）
tasks		n. 任务；工作；苦差事（task的复数）
taste	teist	n. 味道, 品味, 味觉, 感受, 体验, 爱好, 审美, 少量
tasted	teistid	v. 尝, 品尝, 尝到( taste的过去式和过去分词 ); 吃; 喝; 浅尝
taster	'teistә	n. 尝味道者, 审阅人, 试味仪
tastes	teists	n. 体验( taste的名词复数 ); 滋味; 味觉; 风味
tastest	teɪst	vt.
tasty	'teisti	a. 好吃的, 可口的
tax	tæks	n. 税, 税款, 重负, 会费
taxation	tæk'seiʃәn	n. 课税, 征税, 抽税, 税款, 估定的税额
taxations		(taxation 的复数) n. 课税, 征税, 抽税, 税款, 估定的税额
taxed		vt. 使负重担（tax的过去式与过去分词形式）
taxer	法	(41652/-)
taxes	tæksi:z	n. 税务；税捐；税收, 税金
taxest	tæks	n.
taxi	'tæksi	n. 出租车
taxied	'tæksɪ	vi. 乘出租车；滑行
taxies		n. 出租车（taxi的复数形式）
taxiing		v. 乘出租汽车；滑行（taxi的ing形式）
taxing	'tæksiŋ	a. 繁重的, 费力的
taxis	'tæksis	n. [医]整腹法；[动]反射运动；分类法；（古希腊军队的）分队；[语]排列
taxpayer	'tækspeiә	n. 纳税人
taxpayers	'tækspeɪəz	n. 纳税人, 纳税的机构( taxpayer的复数形式 )
taxying	'tæksiiŋ	taxi 的现在分词
tea	ti:	n. 茶, 茶叶
teach	ti:tʃ	vt. 教, 讲授, 教导, 教育
teacher	'ti:tʃә	n. 教师, 老师, 导师
teachering	'tiːtʃə	n.
teachers		n. 教师（teacher的复数形式）
teaches	'ti:tʃɪz	v. 教( teach的第三人称单数 ); 教书; 训练; 教育
teachest		na. 茶叶箱
teaching	'ti:tʃiŋ	n. 教学, 学说, 教导
tead		abbr. terminating extended area descriptor 终端扩展区描述符
teaing	tiː	n. 茶叶；茶树；茶点
team	ti:m	n. 队, 组
teamed	ti:md	v. （与某人）一起工作( team的过去式和过去分词 ); 合作; （与某人）结成一队
teamer	'tiːmə	n. 驾驭联畜运输车的人; 卡车司机[亦作 teamster]
teaming		v. 负载平衡；兽力运输；协同运作；组合, 合作（team的现在分词）
teammate	'ti:mmeit	n. 队友
teammates	'tiːmmeɪt	n. 队友, 同队队员
teams		n. 团队, 参赛队伍（team的复数形式）
teamwork	'ti:mwә:k	n. 协同作业, 协力
teamworker		n. 协作者
teamworking		(teamwork 的现在分词) n. 协同作业, 协力
teamworks		(teamwork 的复数) n. 协同作业, 协力
teapot	'ti:pɒt	n. 茶壶
teapots	'ti:pɒts	n. 茶壶( teapot的复数形式 )
tear	tiә. tєә	n. 泪滴, 眼泪, 撕, 扯, 裂缝, 激怒, 飞奔
teared	teə(r)	n. 绽线的地方；撕裂；激怒；闹饮
tearer	'teərər	撕裂者, 极厉害的东西
teares		(teare 的复数)  [人名] [英格兰人姓氏] 蒂尔 McIntyre的变体
tearest	tiə	n.
tearies	'tɪərɪ	adj. [口语]；[亦作 tearful]流泪的；含泪的；眼泪汪汪的
tearing	'tєәriŋ	a. 撕裂般的, 痛苦的, 猛烈的
tears	tiәz	n. 眼泪；泪水（tear复数形式）
teas		abbr. 商标电子化应用系统（Trademark Electronic Application System）；经皮穴
tease	ti:z	n. 揶揄, 戏弄, 逗惹
teased	ti:zd	v. 取笑, 戏弄( tease的过去式和过去分词 ); 梳理（羊毛等）
teaser	'ti:zә	n. 戏弄者, 起绒机
teases	ti:ziz	v. 取笑, 戏弄( tease的第三人称单数 ); 梳理（羊毛等）
teasest	tiːz	vt.
technical	'teknikl	a. 技术上的, 专门的, 工业的, 严格根据法律的
technically	'teknikli	adv. 技术上, 学术上, 专门地
technicals	化	[经] 技术性因素
technician	tek'niʃәn	n. 技师
technicians		n. 工作人员；技术员（technician的复数）
technique	tek'ni:k	n. 技巧, 技术, 方法
techniques		n. 方法；技巧；技术（technique的复数）
technological	.teknә'lɒdʒikl	a. 技术的
technologies		n. 技术；科技（technology的复数）
technology	tek'nɒlәdʒi	n. 技术, 工业技术, 术语
tectonic	tek'tɒnik	a. 构造的, 建筑的
tectonics	tek'tɒniks	n. 构造学, 构造地质学
tedious	'ti:diәs	a. 沉闷的, 冗长乏味的
teen	ti:n	n. 愤怒, 悲哀
teenager	'ti:nidʒә	n. 十三岁到十九岁的少年
teenagers		n. 青少年（13至19岁, teenager的复数）
teened	tiːn	n. 青少年（等于teenager）；愤怒；悲哀
teener		青少年, 十几岁的少年
teenest	tiːn	n. [古语、方言]痛苦，悲伤，忧伤；不幸；[古语]伤害，损坏，损害
teenies		(teeny 的复数) a. 极小的, 小小的
teens	ti:ns	n. 十三岁到十九岁
teensies	'tiːnzɪ; -sɪ	adj. = teensy-weensy
teenss	tiːnz	n. teen的变形；[复数]
telegram	'teli^ræm	n. 电报, 一封电报
telegramming	'teliɡræm	telegramming
telegrams	ˈteliɡræmz	n. 电报( telegram的复数形式 )
telemachus	ti'lemәkәs,tә-	n. [希神]忒勒马科斯(Odysseus 和Penelope之子)
telephone	'telifәun	n. 电话, 电话机
telephoned	ˈtelifəund	v. 以电话传送（消息）, 给（某人）打电话( telephone的过去式和过去分词 )
telephoner	'telɪfəʊnə	打电话的人
telephones		n. 电话；电话机（telephone的复数）
telescope	'teliskәup	n. 望远镜
telescoped	'tɛlə,skop	错开的; 窜边的; 套叠的
telescopes	ˈteliskəups	n. 望远镜( telescope的名词复数 )
television	'teli.viʒәn	n. 电视
televisioned	'telɪvɪʒ(ə)n; telɪ'vɪʒ(ə)n	n.
televisioning	'telɪvɪʒ(ə)n; telɪ'vɪʒ(ə)n	n.
televisions	ˈteliˌviʒənz	n. 电视( television的复数形式 ); 电视机; 电视台; 电视系统
telex	'teleks	n. 用户直通电报, 电传打字机
telexed		vt. 用直通电报拍发（telex的过去式与过去分词形式）
telexes	ˈtelˌeksiz	n. 用户电报( telex的名词复数 ); 电传系统; 经用户电报发或收的消息; 电传收发机
telexing		vt. 用直通电报拍发（telex的现在分词形式）
tell	tel	vt. 告诉, 说, 吩咐, 断定, 知道
teller	'telә	n. 叙述者, 讲故事者, 出纳员
tellest	tel	vt.
tellies	'teliz	[pl.][俚]电视节目
telling	'teliŋ	a. 有效的, 显著的, 显露内心活动的
tells		v. 告诉；说（tell的第三人称单数）
temperature	'temprәtʃә	n. 温度, 发烧, 热度
temperatures	'temprətʃəz	n. 温度( temperature的复数形式 ); 气温; 高烧; 发烧
temple	templ	n. 圣堂, 庙宇, 教堂, 礼拜堂, 太阳穴, 鬓角
templed	'templd	有庙宇的
temples		n. 边撑, 伸幅器；寺庙（temple的复数形式）
temporaries		n. 临时变量；暂时存储单元（temporary的复数形式）
temporary	'tempәrәri	a. 暂时的, 临时的
tempt	tempt	vt. 诱惑, 引诱, 引起...的兴趣, 吸引, 冒...风险
temptation	temp'teiʃәn	n. 诱惑, 诱惑物
temptations	tempˈteiʃənz	n. 诱惑, 引诱( temptation的复数形式 ); 诱惑物
tempted	'temptid	v. 怂恿（某人）干不正当的事; 冒...的险（tempt的过去分词）
tempter	'temptә(r)	n. 引诱者, 诱惑者
temptest	tem(p)t	vt.
tempting	'temptiŋ	a. 诱惑人的, 吸引人的
tempts	tempts	v. 引诱或怂恿（某人）干不正当的事( tempt的第三人称单数 ); 使想要
ten	ten	num. 十, 十个
tend	tend	vi. 走向, 有某种的倾向, 易于, 照顾, 注意
tended	tendid	v. 照料( tend的过去式和过去分词 ); 照顾; 招待; 侍候
tendencies	ˈtendənsiz	n. 倾向, 趋势( tendency的名词复数 ); （政党内的）极端派别
tendency	'tendәnsi	n. 趋向, 倾向
tender	'tendә	a. 嫩的, 柔软的, 脆弱的, 温柔的, 亲切的, 未成熟的, 微妙的, 棘手的, 审慎的
tendered	ˈtendəd	v. 提出( tender的过去式和过去分词 ); 使变温柔; 使变脆弱; [法律]清偿, 偿债
tenderer	'tendәrә(r)	n. 提出者, 投标者
tenderest	'tendə	a. 嫩的, 细嫩的；柔软的；纤弱的, 脆弱的；虚弱的；易损的
tendering	ˈtendərɪŋ	v. 提出( tender的现在分词 ); 使变温柔; 使变脆弱; [法律]清偿, 偿债
tenders	ˈtendəz	n. （正式）提出( tender的名词复数 ); （在大船和海岸之间载运人和货物的）供应船; 投标; 蒸汽机车的)煤水
tending	化	[原型] tending 是 tend 的现在分词
tends	tendz	v. 照料( tend的第三人称单数 ); 照顾; 招待; 侍候
tenes		n. (Tenes)人名；(西)特内斯
tenner	'tenә	n. 十英镑纸币, 十美元纸币, 十英镑, 十美元
tennest	'teni	n., adj. [常作后置定语]黄褐色(的)；橙褐色(的)[亦作 tenné]
tennis	'tenis	n. 网球
tennised	'tenɪs	n. 网球（运动）
tenniser	'tenɪs	n.
tennises	'tenɪs	n. 网球（运动）
tennising	'tenɪs	n. 网球（运动）
tenniss	'tenɪs	n. 【网球】；网球(运动)[参照 lawn tennis]
tens		十位
tense	tens	a. 紧张的, 拉紧的
tensed		v. 使或变的紧张（tense的过去式与过去分词形式）
tenser	tensə	n. 伸张梢; 紧张器; 张量
tenses	tensiz	n. <语>（动词的）时态( tense的名词复数 )
tensest		tense（拉紧的）的最高级形式
tensile	'tensail	a. 可拉长的, 可伸长的, 张力的, 拉力的
tensiled	'tensaɪl	a. 【物理学】张力的；拉力的；抗张力的；能伸长的, 能拉长的
tensiler	'tensaɪl	adj. 【物理学】张力的；拉力的；抗张力的；能伸长的，能拉长的
tensilest		潘托铵
tension	'tenʃәn	n. 紧张, 不安, 拉紧, 张力, 压力, 电压
tensioned	'tenʃ(ə)n	n. 张力, 拉力；紧张, 不安；电压
tensioner	'tenʃənə	n. 拉紧器, 张紧装置；皮带张力器
tensioning		张力调整
tensions	ˈtenʃənz	n. （情绪上的）紧张( tension的复数形式 ); 张力; 紧张的状态; （作家或电影导演制造的）紧张气氛
tent	tent	n. 帐篷, 帷幕, 住处, 塞条, 塞子
tentative	'tentәtiv	n. 试验
tentatives		adj. 实验性的；不确定的；尝试的；没有把握的
tented	'tentid	a. 以帐篷遮盖的, 在帐篷里宿营的, 成帐篷形的
tenter	'tentә	n. 拉幅机, 拉幅工人
tentes	网络	(tente 的复数)
tenting	'tentiŋ	n. 盖孔法；封孔；斜张天幕；海冰隆起（海冰受挤压拱起成帐幕状）
tents		n. 旅游帐篷；住所；塞条（tent的复数）
term	tә:m	n. 术语, 专有名词, 期限, 学期, 任期, 条件, 价钱, 关系, 地位, 项, 界石
termed	tɜːm	n. 术语；学期；期限；条款
termer	'tә:mә	n. ...期任职者, ...期服刑者
termest	tɜːm	n.
terminal	'tә:minәl	n. 终端机, 终点, 末端, 极限, 终点站
terminals		n. 终端；终端机；接线端子；终止节点（terminal的复数）
terminate	'tә:mineit	a. 有结尾的, (可)结束的
terminated	'tɜ:mɪneɪtɪd	vt.& vi. terminate的过去式
terminates	ˈtə:mineits	n. 结束( terminate的名词复数 ); 使终结; 解雇; （公共汽车或火车）到达终点站
terming	tɜːm	n. 术语；学期；期限；条款
terminologies	ˌtɜ:məˈnɔlədʒi:z	n. 专门用语( terminology的复数形式 ); 术语; 术语学; 术语的正确使用
terminology	.tә:mi'nɒlәdʒi	n. 术语, 术语学
terms		n. 条件, 条款, 费用, 价钱, 关系, 地位, 交谊
terrace	'terәs	n. 阶地, 梯田, 房屋之平顶, 阳台, 沿岸防地, 露台
terraced		a. 阶地的；有平台的；沿斜坡建造的
terracer		修梯地基
terraces		n. 阶地；梯田；露台（terrace的复数）
terrible	'terәbl	a. 可怕的, 令人恐惧的, 极坏的
terribler	'terɪb(ə)l	adj.
terriblest	'terɪb(ə)l	adj. 可怕的，可怖的，骇人的，令人生畏的；[口语]极度的，极端的，非常的；厉害的
terrified	'terifaid	a. 受惊吓的；感到恐惧的
terrifies	ˈterifaiz	v. 使恐怖, 使惊吓, 恐吓( terrify的第三人称单数 )
terrify	'terifai	vt. 使恐惧, 恐吓
terrifying	'tәrifaiiŋ	a. 令人恐惧的；骇人的；极大的
territories	ˈteritəriz	n. 领土( territory的名词复数 ); （某人负责的）地区; （个人、群体、动物等占据的）领域; 地盘
territory	'teritәri	n. 领土, 领地, 版图, 地区, 活动范围
terror	'terә	n. 恐怖, 可怕的人
terrorist	'terәrist	n. 恐怖分子
terroristes	网络	(terroriste 的复数)
terrorists		n. 恐怖分子；恐吓者（terrorist的复数）
terrors		n. 恐怖( terror的复数形式 ); 惊恐; 引起恐怖的人[事]; 讨厌的人
test	test	n. 测试, 试验, 化验, 检验, 考验, 甲壳
tested		a. 经过试验的, 经受过考验的, 经验定的, 检验无病的
tester	'testә	n. 考试人, 做试验者, 试验装置, 天盖, 华盖
testes		睾丸
testest	test	n.
testies	网络	[原型] testies 是 testy 的复数
testifies	ˈtestifaiz	v. 作证, 证明( testify的第三人称单数 ); 证明, 证实
testify	'testifai	v. 证明, 作证, 声明, 表明
testifying	ˈtestifaiŋ	v. 作证, 证明( testify的现在分词 ); 证明, 证实
testing	'testiŋ	n. 测试
tests		n. 测验（test的复数）
tetrahedron	.tetrә'hi:drәn	n. 四面体
tetrahedrons		(tetrahedron 的复数) n. 四面体
texas	'teksәs	n. 德克萨斯
texases	'teksəs	n. 德克萨斯州（美国州名）
texass	'teksəs	得克萨斯州(美国南部的州) [略作 Tex.，TX]
text	tekst	n. 文本, 正文, 课文, 主题, 圣经文句, 乐谱
textbook	'tekstbuk	n. 教科书
textbooks	'teksbʊks	n. 教科书, 课本( textbook的复数形式 )
texted		text（发短信）的过去式与过去分词形式
texter	ˈtekstə(r)	n. 拇指族。爱好发短信的人。
textes	网络	[原型] textes 是 texte 的复数
textile	'tekstail	n. 纺织品, 纺织业
textiler	'tekstaɪl	textile
textiles		n. 纺织品；纺织面料；纺织业；纺织品类（textile的复数）
textilest	'tekstaɪl	adj. (纺)织的；可织的
texting		n. 发短信
texts		n. 课文, 文字（text复数形式）
thai	tai	n. 泰国人, 泰语
thaier	taɪ	n. 泰语(属东南亚傣语系，泰国官方语言)；暹罗语[亦作 Siamese]
thaiest	taɪ	n. 泰语(属东南亚傣语系，泰国官方语言)；暹罗语[亦作 Siamese]
thailand	'tailәnd	n. 泰国
thailander		n. 泰国人
thailands	网络	[原型] thailands 是 thailand 的复数
thais	ˈtɑ:i(:)z	n. 泰国人, 泰国语( Thai的名词复数 ); [电影]泰爱斯
than	ðæn	conj. 比, 除...外
thanes		(thane 的复数) n. 大乡绅, 领主
thank	θæŋk	n. 谢意, 感谢
thanked	θæŋkt	v. 谢谢, 感谢( thank的过去式和过去分词 ); 责怪
thanker		n. 感谢者
thankful	'θæŋkfәl	a. 感谢的, 感激的, 欣慰的
thankfuller	'θæŋkfʊl; -f(ə)l	adj.
thankfullest	'θæŋkfʊl; -f(ə)l	adj.
thankies	'θæŋki	interj.
thanking	θæŋkɪŋ	v. 谢谢, 感谢( thank的现在分词 ); 责怪
thanks		-K
thanksgiving	'θæŋks.giviŋ	n. 感谢
thanksgivings		(thanksgiving 的复数) n. 感谢
that	ðæt	a. 那, 那个
thatter	ðæt; ðət	pron.
the	ðә	art. 那
theater	'θiәtә	n. 戏院, 电影院, 剧场, 全体观众, 戏剧, 戏剧效果, 阶梯式讲堂, 场所
theaters	ˈθiətəz	n. 剧场( theater的复数形式 ); 戏剧界; 戏剧效果; [军]战区
theatre		-K4
theatres	ˈθiətəz	n. 戏剧( theatre的复数形式 ); 戏院; 手术室; 阶梯教室
theed		透射高能电子衍射
thees		(thee 的复数) pron. 你
theft	θeft	n. 盗窃, 失窃, 盗窃罪, 赃物
thefts	θefts	n. 偷盗( theft的复数形式 ); 偷窃; 盗窃之物; 失窃案例
their	ðєә	pron. 他们的
theirs	ðєәz	pron. 他们的
them	ðem	pron. 他们, 她们, 它们
theme	θi:m	n. 主题, 话题, 题目
themed	θi:md	a. 有特定主题的
themes		n. 主题（theme的复数）；布景主题；桌面主题
theming	θiːm	n. 【无线】同“signature”；【乐】主题；【语】词干
thems		abbr. 泰豪电气管理控制器（Tai Hao electric management controller）
themselves	ðәm'selvz	pron. 他们自己, 她们自己, 它们自己
then	ðen	adv. 然后, 当时
thenner	ðen	adv. 当时；那时；到那时；然后，接着
thennest	ðen	adv. 当时；那时；到那时；然后，接着
thens	网络	[原型] thens 是 then 的复数
theorem	'θiәrәm	n. 定理, 原理
theorems	ˈθi:ərəmz	n. （尤指数学）定理( theorem的复数形式 ); 命题; 原理; 原则
theoretical	θiә'retikәl	a. 理论的, 理论上的, 假设的, 推理的
theories		n. 理论（theory的复数形式）
theory	'θiәri	n. 理论, 学说, 原理, 意见, 推测
ther		abbr. therapy 治疗, 疗法; thermometer 温度计
there	ðєә	adv. 在那里
thereafter	.ðєәr'æftә	adv. 其后, 从那时以后
thereby	'ðєәbai	adv. 因此
thered		(ther 的过去分词) abbr. therapy 治疗, 疗法; thermometer 温度计
therefore	'ðєәfɒ:	adv. 因此, 所以
therein	.ðєәr'in	adv. 在其中, 在那里, 在那一点上
thereof	.ðєәr'ɒv	adv. 在其中, 关于..., 由此
theres	地名	[原型] theres 是 there 的复数
thermal	'θә:ml	a. 热的, 热量的, 温泉的
thermales		栖热菌目
thermaling	'θəməliŋ	n. 【体育】(热上升)气流滑翔
thermalling		(thermal 的现在分词) a. 热的, 热量的, 温泉的
thermals	'θә:mәlz	热裂法炭黑
thermometer	θә'mɒmitә	n. 温度计, 体温计
thermometers	θəˈmɔmitəz	n. 温度计, 体温表( thermometer的复数形式 )
thes		abbr. 泰晤士高等教育增刊（Times Higher Education Supplement）
these	ði:z	pron. 这些
theses		论题, 论点, 命题, 论文, 学位论文, 毕业论文, 作文, 课题
theseus	'θi:sju:s	n. 忒修斯(希腊神话人物)
theseuss	'θi:sju:s; -siəs	n. 【希腊神话】忒修斯(雅典王埃勾斯与埃特拉之子，淮德拉之夫，希腊英雄)
thesis	'θi:sis	n. 论题, 论文
they	ðei	pron. 他们, 它们
thick	θik	a. 厚的, 粗壮的, 浓的, 迟钝的, 浑浊的, 多雾的, 过分的, 口齿不清的
thicked	θɪk	adj.
thicken	'θikәn	vi. 变浓, 变厚, 变得模糊, 变为复杂
thickened	'θɪkənd	v. （使）变厚（或粗、浓、密）, 使更厚（或更密、更浓、更粗）( thicken的过去式和过去分词 ); 使（话等）不
thickener	'θikәnә	n. 增稠器, 增稠剂
thickening	'θikәniŋ	n. 增厚, 变厚, 增稠剂
thickens	ˈθɪkənz	v. （使）变厚（或粗、浓、密）, 使更厚（或更密、更浓、更粗）( thicken的第三人称单数 ); 使（话等）不清晰
thicker	θɪkə	n. 稠化剂, 增稠剂
thickest		浓的
thickies	'θɪkɪ	傻瓜
thickness	'θiknis	n. 厚度, 密度, 愚钝, 含混不清
thicknesser	'θiknizә	划线盘
thicknesses	ˈθɪknɪsiz	n. 层( thickness的复数形式 ); 浓度; 厚（度）; 最厚的部分
thicknessing		(thickness 的现在分词) n. 厚度, 密度, 愚钝, 含混不清
thicks	网络	[原型] thicks 是 thick 的复数
thief	θi:f	n. 小偷, 贼
thiefed	θiːf	n.
thigh	θai	n. 大腿, 股
thighed	θaɪd	a. thigh的变形；有臀的
thighing	θaɪ	n.
thighs	θaiz	n. 股, 大腿( thigh的复数形式 ); 食用的鸡（等的）腿
thin	θin	a. 薄的, 细的, 瘦的, 稀疏的, 稀薄的, 淡的, 弱的, 空洞的
thines		(thine 的复数) pron.你的东西, 你的
thing	θiŋ	n. 事物, 东西, 物, 用品, 事, 事件, 情况, 行为, 特征
thinged	θiŋ	n.
thingies	ˈθiŋiz	n. 物（体）的, 物质的, 实际的( thingy的复数形式 )
thinging	θiŋ	n.
things		n. 所有物, 财产, 用具, 用品, 局面, 形势, 情况
thining		细化
think	θiŋk	vt. 想, 考虑, 想起, 想像, 打算, 认为
thinked	θiŋk	vt.
thinker	'θiŋkә	n. 思想者, 思想家
thinking	'θiŋkiŋ	n. 思考, 思想
thinkings	'θɪŋkɪŋz	n. 思考（thinking的复数形式）
thinks	θiŋks	v. 想( think的第三人称单数 ); 思索; 以为; 认为
thinned	θind	v. （使）变稀薄, （使）变稀少, （使）变细( thin的过去式和过去分词 )
thinner	'θinә	n. 稀释剂
thinners		n. [助剂] 稀释剂；天拿水
thinnest	'θɪnɪst	a. 薄的, 瘦的
thinning	'θiniŋ	[机] 钻刃磨薄
thins	θinz	v. （使）变稀薄, （使）变稀少, （使）变细( thin的第三人称单数 )
third	θә:d	num. 第三, 三分之一
thirded	θɜːd	num. 第三；三分之一
thirder	θɜːd	adj. 第三的；第三个的
thirdest	θɜːd	adj. 第三的；第三个的
thirds		n. [法]归寡妇所得的亡夫遗产的三分之一；[商]（商品的）三等品
thirst	θә:st	n. 口渴, 渴望
thirsted	θə:stid	v. （口）渴( thirst的过去式和过去分词 ); 渴感; 长期的干渴; 渴望
thirster		n. 渴望；口渴；热望 (thirst的变形)
thirstest	θɜːst	n.
thirsting	θə:stɪŋ	v. （口）渴( thirst的现在分词 ); 渴感; 长期的干渴; 渴望
thirsts	θə:sts	n. （口）渴( thirst的名词复数 ); 渴感; 长期的干渴; 渴望
thirsty	'θә:sti	a. 口渴的, 渴望的, 干燥的
thirteen	'θә:'ti:n	num. 十三, 十三个
thirteener		n. 第13张牌
thirteens		十三（个）( thirteen的名词复数 )；十三的, 十三个的
thirties	ˈθɜ:ti:z	n. 三十( thirty的名词复数 ); 三十个; 三十年代; <网>一局中一方获得的第二分
thirtieth	'θә:tiiθ	num. 第三十, 三十分之一
thirtieths	'θɜː(r)tiəθ	num. 第三十；(月的)三十日
thirty	'θә:ti	num. 三十, 三十个
this	θis	pron. 这, 本
thises	ðɪs	pron.
thorough	'θʌrә	a. 十分的, 彻底的
thoroughs	'θʌrə	adj. 彻底的；十分的；周密的
those	ðәuz	pron. 那些
though	ðәu	adv. 然而, 可是
thougher	ðəʊ	though
thought	θɒ:t	n. 想法, 思想, 思维, 关心, 挂念
thoughtes		(thoughte 的复数) [网络] 好的
thoughtest	θɔːt	vt.
thoughtful	'θɒ:tful	a. 深思的, 体贴的
thoughtless	'θɒ:tlis	a. 欠考虑的, 无深虑的, 轻率的
thoughts		n. 思想；思维；想法（thought的复数）
thousand	'θauznd	num. 千
thousands		n. 数千（thousand的复数）
thrash	θræʃ	vt. 打, 使逆行, 胜过, 推敲, 鞭打
thrashed	θræʃt	v. 鞭打以示惩罚( thrash的过去式和过去分词 ); 战胜, 完全击败; 乱窜[跳], 辗转反侧; 打谷, 打麦
thrasher	'θræʃә	n. 打谷机, 脱粒机
thrashes	θræʃiz	v. 鞭打以示惩罚( thrash的第三人称单数 ); 战胜, 完全击败; 乱窜[跳], 辗转反侧; 打谷, 打麦
thrashest	θræʃ	vt.
thrashing	'θræʃiŋ	n. 鞭打, 打谷
thread	θred	n. 线, 丝, 纤维, 线索
threaded	θ'redid	a. 有线状图案装饰的
threader	'θredә	n. 螺丝车床；穿线器
threadest	θred	n.
threading	'θrediŋ	[计] 穿线
threads		n. 线；相关串连；线程（thread的复数）
threat	θret	n. 恐吓, 恶兆, 威胁
threated	θret	n.
threaten	'θretn	vt. 恐吓, 威胁, 预示...的凶兆
threatened	'θretənd	a. 受到威胁的
threatenest	'θret(ə)n	vt.
threatening	'θretniŋ	a. 胁迫的, 危险的
threatens	ˈθretənz	v. 预示（某事）( threaten的第三人称单数 ); 恐吓; 危及; 预示凶兆
threatest	θret	n.
threats	θrets	n. 威胁, 恐吓( threat的名词复数 ); 可能造成威胁的人[事, 想法]; 恶兆, 兆头
three	θri:	num. 三, 三个
threer	θriː	n. 三；三个；三个(人或物)一组
threes	θ'ri:z	n. 三( three的复数形式 ); （表示赞扬或支持）（为…）欢呼三声; 读; （表示答应某人的要求但是觉得某人粗鲁
threest	θriː	n. 三；三个；三个(人或物)一组
thresh	θreʃ	vt. 打谷, 摔打, 反复研究, 推敲
threshed	θreʃt	v. 打（麦等）( thresh的过去式和过去分词 ); 脱粒; 反复地做; 推敲
thresher	'θreʃә	n. 打谷者, 打谷机, 长尾鲨
threshes	θreʃiz	v. 打（麦等）( thresh的第三人称单数 ); 脱粒; 反复地做; 推敲
threshing	'θreʃiŋ	n. 打谷, 脱粒
threshold	'θreʃәuld	n. 门槛, 入口, 开端, 阈
thresholded	'θreʃəʊld; 'θreʃ,həʊld	n.
thresholds	θ'reʃhəʊldz	n. 门槛( threshold的复数形式 ); [物理学]临界值; [英国英语]级限协定; [航空学]跑道入口
thrifty	'θrifti	a. 节俭的, 兴旺的, 繁茂的
thrill	θril	n. 震颤, 激动, 刺激性, 一阵激动
thrilled	θrɪld	a. 非常兴奋的; 极为激动的
thriller	'θrilә	n. 使人激动的东西, 使人毛骨悚然的东西, 使人毛骨悚然的小说
thrillers	ˈθriləz	n. 紧张刺激的故事( thriller的复数形式 ); 戏剧; 令人感到兴奋的事; （电影）惊悚片
thrilling	'θriliŋ	a. 毛骨悚然的, 令人兴奋的, 令人发抖的
thrills	θrilz	n. 强烈的兴奋、恐惧或快乐感( thrill的名词复数 ); 震颤感; 兴奋感
thrive	θraiv	vi. 繁荣, 兴旺, 茁壮成长
thrived		thrive的过去式和过去分词
thriver		n. thrive的变形
thrives	θraivz	v. 兴盛, 兴隆( thrive的第三人称单数 ); 长得健壮
throat	θrәut	n. 咽喉, 喉咙, 嗓音
throated		vt. 用沙哑的声音或嗓音发音（throat的过去式与过去分词形式）
throating	'θrәutiŋ	滴水槽[线]
throats	θrəuts	n. 咽喉( throat的复数形式 ); 颈; 有…喉咙的; 嗓子…的
throne	'θrәun	n. 王座, 君主
throned		vi. 登上王座（throne的过去式与过去分词形式）
thrones	θrəunz	n. 宝座（ throne的名词复数 ）; 御座; 王位; 帝位
through	θru:	adv. 穿越, 从头至尾, 到底, 因为
throughest	θruː	prep. 通过，穿过，经过：；遍及；在…的中间；在…之间；从一边到一边：
throughout	θru:'aut	adv. 到处, 贯穿全部地, 自始至终
throughs		n. 过筛物
throw	θrәu	vt. 投, 掷, 抛, 发射, 摔下, 匆匆穿上(或脱下), 抛弃, 摆脱
thrower	'θrәuә	n. 投掷者, 发射器, 喷射器, 制陶坯的工人
throwest	θrəʊ	vt.
throwing	'θrәuiŋ	n. 投掷
throws		n. 曲拐（throw的复数形式）
thrust	θrʌst	n. 插, 戳, 刺, 猛推, 口头攻击, 推力
thruster	'θrʌstә	n. 向上钻营的人, 推进器
thrustest	θrʌst	vt.
thrusting	'θrʌstiŋ	a. 有强大推进力的, 劲头十足的
thrusts	θrʌsts	n. 论据、政策等的)要点( thrust的名词复数 )
thunder	'θʌndә	n. 雷, 雷声
thundered	ˈθʌndəd	v. 打雷( thunder的过去式和过去分词 ); 发出隆隆声; 轰隆隆地快速移动; 使快速移动
thunderer	'θʌndәrә	n. 怒喝的人
thunderest	'θʌndə	n.
thunderies	'θʌndərɪ	adj. 有雷的；要打雷的；伴有雷声的
thundering	'θʌndәriŋ	a. 雷鸣般的, 雷一般响亮的, 非常的
thunders	ˈθʌndəz	n. 雷声( thunder的名词复数 ); 隆隆的响声
thunderstorm	'θʌndәstɒ:m	n. 雷暴雨
thunderstorms	'θʌndɚ,stɔrm	n. [气象] 雷暴；[气象] 雷雨（thunderstorm的复数）；雷暴雨
thursday	'θә:zdi	n. 星期四
thursdays		adv. 每星期四, 在任何星期四
thus	ðʌs	adv. 如此, 因此, 到如此程度
thuss	ðʌs	adv. 如此，这样；像这样；至此，到这个程度
tibetan	ti'betn	a. 西藏的
tibetans		n. 藏族
tick	tik	n. 滴答声, 一瞬间, 壁虱, 褥套, 信用, 赊欠
ticked	tikt	n. 被套
ticker	'tikә	n. 滴答响的东西, 断续器
ticket	'tikit	n. 票, 券, 车票, 标签, 入场券, 证明书
ticketed	ˈtɪkɪtɪd	vt. 售票（ticket的过去式与过去分词形式）
ticketing	ˈtɪkɪtɪŋ	n. 售票；出票
tickets		n. 票；罚单（ticket的复数）
tickies	'tiki	n. 三便士
ticking	'tikiŋ	n. 坚质棉布
tickle	'tikl	n. 胳肢, 痒
tickled	ˈtikld	v. （使）发痒( tickle的过去式和过去分词 ); （使）愉快, 逗乐
tickler	'tiklә	n. 难题, 难事, 备忘录, 呵痒的人
tickles	ˈtiklz	v. （使）发痒( tickle的第三人称单数 ); （使）愉快, 逗乐
ticklest	'tɪk(ə)l	vt.
ticks		n. 十字叉；滴答声；扁虱；褥套（tick的复数）
tide	taid	n. 潮, 潮汐, 趋势, 潮流, 涨潮, 高潮
tided		vt. 顺应潮水航行（tide的过去式与过去分词形式）
tides		n. 潮汐（tide的复数）
tidies	ˈtaidiz	v. 使整洁( tidy的第三人称单数 ); 使整齐; 使有条理; 整理
tidy	'taidi	n. 椅子的背罩, 装杂物的容器
tidying	ˈtaidiŋ	v. 使整洁( tidy的现在分词 ); 使整齐; 使有条理; 整理
tie	tai	n. 带子, 线, 鞋带, 领带, 领结, 关系, 束缚, 平局, 不分胜负
tied	taid	v. 系（tie的过去式和过去分词）
tieer		n. 支持者
tieing	'taɪɪŋ	缝线接头；结头
tier	tiә	n. 排, 层, 等级
ties		n. 结
tiger	'taigә	n. 老虎, 虎, 凶暴的人
tigering		快速黄化(用弱酸溶液喷雾)
tigers		n. 老虎（tiger复数）
tight	tait	a. 紧的, 密封的, 吝啬的, 严厉的
tighten	'taitn	vt. 勒紧, 使变紧
tightened	ˈtaɪtnd	v. 收紧( tighten的过去式和过去分词 ); （使）变紧; （使）绷紧; 加紧
tightener	'taitәnә	n. 紧带轮
tightenest	'taɪt(ə)n	vt.
tightening	'taitniŋ	[化] 拧紧
tightens	ˈtaɪtnz	v. 收紧( tighten的第三人称单数 ); （使）变紧; （使）绷紧; 加紧
tighter	taitə	a. 紧的( tight的比较级 ); （安排）紧凑的; 紧身的; 严密的
tightest		紧的（ tight的最高级 ）
tightly	'taitli	adv. 紧紧地, 坚固地
tights	taits	n. 紧身衣裤
tile	tail	n. 砖瓦, 瓷砖, 瓦片
tiled	taid	a. 用砖瓦覆盖的, 瓦状叠覆的
tiler	'tailә	n. 砖瓦匠, 秘密会所看守人
tiles		n. 瓷砖（tile的复数形式）
till	til	prep. 直到, 在...以前, 迄
tilled	tild	v. 耕作, 犁地( till的过去式和过去分词 )
tiller	'tilә	n. 耕种者, 分蘖
tillies	'tili	n. 蒂莉（女子名Mathilda 的昵称，等于Tillie）
tilling		v. 耕耘；耕种（till的现在分词）
tills	tilz	n. （大商店中的）交款处, 收银台( till的名词复数 ); （现金出纳机的）放钱的抽屉
tilt	tilt	n. 倾斜, 倾向, 船篷, 车篷
tilted		a. 倾斜的, 翘起的
tilter	'tiltә	n. 倾倒者
tiltest	tilt	vt.
tilting	'tiltiŋ	[电] 倾斜
tilts	tilts	n. （意欲赢得某物或战胜某人的）企图, 尝试( tilt的名词复数 )
tim	tim	n. 蒂姆（男子名）
time	taim	n. 时间, 时侯, 时机, 时期, 期限, 次数, 节拍, 暂停, 规定时间
timed	taimd	a. 时控的；定时的, 同步的
timely	'taili	a. 及时的, 适时的
timer	'taimә	n. 计时员, 计时器
times	taimz	n. 时代, 境遇, 时报
timetable	'taimteibl	n. 时间表
timetabled	'taɪmteɪb(ə)l	n. (火车、飞机等的)时刻表；计划表；时间表；课程表
timetabler	'taɪmteɪb(ə)l	n. (火车、飞机等的)时刻表；计划表；时间表；课程表
timetables	ˈtaɪmˌteɪbəlz	n. 交通工具的运行时间表( timetable的复数形式 ); 计划; 课程表
timing	'taimiŋ	n. 时间选择, 时间测定, 定时, 调速
timor	'ti:mɔ:	帝汶岛(马来群岛中一岛)
timors	网络	[原型] timors 是 timor 的复数
tims		(tim 的第三人称 -s形式) n. 蒂姆（男子名）
tin	tin	n. 锡, 马口铁, 罐头
tind	tind	山峰；角峰
tined	taind	a. 尖端的；有齿的
tines	tainz	n. 尖头( tine的名词复数 ); 齿; 叉
tinest		苯咪唑嗪
tinies		(tiny 的复数) a. 很少的, 微小的
tinned	tind	a. 镀锡的, 包马口铁的, 包锡的, (英)罐装的
tinner	'tinә	n. 锡矿工, 洋铁匠, 罐头商
tinning	'tiniŋ	[计] 镀锡; 烫锡
tins		abbr. 炮塔综合夜间瞄准镜（Turret Integrated Night Sight）
tip	tip	n. 顶, 尖端, 梢, 末端, 倾斜, 垃圾场, 小费, 轻击, 指点, 秘密消息
tipped		a. 焊接在尖头上的, 镶齿的
tipper	'tipә	[化] 翻斗车
tippest	tɪp	TIP
tipping	'tipiŋ	n. 倾卸台
tips		n. 秘诀, 技巧；小贴士, 小窍门
tire	taiә	n. 轮胎, 头饰
tired	taiәd	a. 疲累的, 疲乏的, 厌倦的
tiredest		疲劳的（tired的最高级）
tirees	地名	(tiree 的复数)
tires		n. 轮胎（tire的复数）
tiresome	'taiәsәm	a. 累人的, 烦人的
tissue	'tiʃu:	n. 薄的织物, 薄纱, 棉纸, 组织, 一套
tissued		a. 金银线织的, 织锦的
tissues		n. 组织, 薄的纱织品；面巾纸（tissue的复数）
titanic	tai'tænik	a. 四价钛的
title	'taitl	n. 头衔, 名称, 标题, 书名, 扉页, 权利, 资格, 冠军, 字幕
titled	'taitld	a. 有头衔的
titler	'taɪtlər	字幕拍录装置, 字幕编写员
titles		n. 标题；字幕；主题（title复数形式）
to	tu:	prep. 到, 向, 趋于
toad	tәud	n. 蟾蜍, 癞蛤蟆, 讨厌的家伙
toaded	təʊd	n.
toadied	ˈtəʊdi:d	v. 拍马, 谄媚( toady的过去式和过去分词 )
toadies	ˈtəʊdi:z	n. 谄媚者, 马屁精( toady的名词复数 )
toads	təudz	n. 蟾蜍, 癞蛤蟆( toad的复数形式 )
toadying	ˈtəʊdi:ɪŋ	v. 拍马, 谄媚( toady的现在分词 )
toast	tәust	n. 吐司, 烤面包, 干杯
toasted	təustid	v. 向…祝酒, 为…干杯( toast的过去式和过去分词 ); 烤火, 取暖, 使暖和
toaster	'tәjstә(r)	n. 烤面包器, 烤面包炉, 祝酒人
toasties		(toasty 的复数) adj. 温暖舒适的
toasting	təustɪŋ	v. 向…祝酒, 为…干杯( toast的现在分词 ); 烤火, 取暖, 使暖和
toasts	təusts	n. 干杯( toast的名词复数 ); 烤面包; 接受敬酒的人; （在某领域）广受赞誉的人
tobacco	tә'bækәu	n. 烟草, 香烟
tobaccoes		n. 【植】烟草；烟叶；烟丝
tobaccos		(tobacco 的复数) n. 烟草, 香烟
tod	tɒd	n. 狐, 托德(羊毛重量单位), 丛
today	tә'dei	n. 今天, 当今, 现在
todays	tə'deɪ	adv. 今天；现今
toe	tәu	n. 足趾, 趾部, 脚趾
toed	tәjd	a. 有趾的, 斜着钉进去的
toeing	'təʊɪŋ	轮子斜向
toes		n. 脚趾（toe的复数）
toest	təʊ	n. 脚趾，足指，脚尖；(马等动物的)趾
tofu	'tәufu:	n. 豆腐
tofus	'təʊfuː	n. 豆腐
together	tә'geðә	adv. 一起, 共同, 彼此
togethering	tə'geðə	adv.
toilet	'tɒilit	n. 厕所, 梳妆
toileted	ˈtɔɪlɪt	n. 厕所，盥洗室；梳妆，打扮
toileting	ˈtɔɪlɪt	n. 厕所, 盥洗室；梳妆, 打扮
toilets	'tɔɪlɪts	n. 厕所( toilet的复数形式 ); （有几个分隔便池的）厕所间; <旧>洗漱; 坐便器
toing		来回运动；往返旅行；来来往往
token	'tәukәn	n. 表征, 记号, 代币
tokened	'təʊk(ə)n	n. 表征；代币；记号
tokens	ˈtəukənz	n. 代币( token的复数形式 ); 象征
tolerance	'tɒlәrәns	n. 宽容, 忍受, 容忍, 容许量, 公差
toleranced	'tɒl(ə)r(ə)ns	n. 公差；宽容；容忍；公差
tolerances	ˈtɔlərənsiz	n. 宽容( tolerance的复数形式 ); 容忍; 忍耐力; 偏差
tolerant	'tɒlәrәnt	a. 宽容的, 容忍的, (对冷、热)能耐的
tolerate	'tɒlәreit	vt. 宽容, 容许, 有耐力
tolerated	ˈtɔləreitid	v. 容许( tolerate的过去式和过去分词 ); 承认; 忍受; 容忍（不同意或不喜欢的事物）
tolerates	ˈtɔləreits	v. 容许( tolerate的第三人称单数 ); 承认; 忍受; 容忍（不同意或不喜欢的事物）
toleratest	'tɒləreɪt	vt.
tomato	tә'mɑ:tәu	n. 番茄, 西红柿
tomatoed	tə'mɑːtəʊ	n.
tomatoes		n. 蕃茄（tomato的复数形式）
tomatoing	tə'mɑːtəʊ	n.
tomb	tu:m	n. 坟墓, 死亡
tombed	tuːm	n. 坟墓；死亡
tombes	地名	(tombe 的复数)
tombing	tuːm	n. 坟墓；死亡
tombs	tu:mz	n. 墓穴( tomb的复数形式 ); 墓葬; 墓群
tomorrow	tә'mɒ:rәu	n. 明天, 未来
tomorrower	tә'mɒrәuә	n. 做事拖延的人
tomorrows		n. 明天( tomorrow的复数形式 ); 将来, 未来
tone	tәun	n. 音调, 音质, 语调, 语气, 色调, 气氛, 状况, 思想状态
toned	'tәund	a. 有声调的, 年久变色的
toner	'tәunә	n. 调色剂
tones		n. 声调；基本音色（tone的复数）
tonight	tә'nait	n. 今晚, 今夜
tonights	网络	[原型] tonights 是 tonight 的复数
too	tu:	adv. 也, 非常, 太
tooies	'tuːɪz	tuinal (half amobarbital and half secobarbital) 吐诺尔(由阿米妥及速可眠
took	tuk	take的过去式
tooked		(took 的过去分词) take的过去式
tookes		图克
tookest	tʊk	vt.
tooks		(took 的第三人称 -s形式) take的过去式
tool	tu:l	n. 工具, 机床, 傀儡
tooled	tu:ld	vt. 用工具给…加工（tool的过去式与过去分词形式）
tooler	'tu:lә	n. 阔凿
tooles	人名	(toole 的复数)
tooling	'tu:liŋ	n. 机床安装
tools	tu:lz	n. 工具, 工具菜单；工具箱（tool的复数形式）
tooth	tu:θ	n. 牙齿, 齿状物, 爱好
toothache	'tu:θeik	n. 牙痛
toothaches	ˈtu:θˌeɪkiz	n. 牙痛，牙疼( toothache的名词复数 )
toothed	tu:θt	a. 有齿的, 锯齿的, 锯齿状的
toother		n. 叉砖
toothing	'tu:θiŋ	n. 装齿, 锯齿状
tooths	tuːθ	n. 牙齿；轮齿；嗜好；猛力
top	tɒp	n. 顶部, 顶端, 极点, 上面, 上部, 顶篷, 最高地位, 首位, 陀螺
toped	təupt	v. 豪饮( tope的过去式和过去分词 )
toper	'tәupә	n. 豪饮者, 酒徒
topes		v. 豪饮（tope的第三人称单数形式）
topic	'tɒpik	n. 主题, 论题, 话题
topics		abbr. 总联机程序和信息控制系统（Total On-line Program and Information Con
toping	təupɪŋ	v. 豪饮( tope的现在分词 )
topped		vt. 形成顶部（top的过去式与过去分词形式）
topper	'tɔpә	n. 第一流的人物, 高档的东西, 胜过以前同类物的东西, 大礼帽, 轻便大衣
toppest	tɒp	n. 顶，顶点，顶端；上部，上面，上端
topping	'tɒpiŋ	a. 极好的, 主要的, 一流的
tops	tɔps	a. 第一流的, 最上等的
tor	tɒ:	n. 石山
torch	tɒ:tʃ	n. 火把, 启发之物
torched	tɔ:tʃt	用火炬点燃的
torcher	tɔ:t'ʃər	以火炬照明者, 以火炬诱捕鱼者, 为石板屋顶塞灰泥的工人
torches	tɔ:tʃiz	n. 手电筒( torch的名词复数 ); 火把, 火炬
torching	'tɔ:tʃɪŋ	烧去漆; 喷灰泥
torment	'tɒ:ment	n. 使人痛苦的东西, 折磨者, 苦痛
tormented	ˈtɔ:mentid	a. 饱受折磨的
tormenter		n. 折磨者
tormentest	'tɔːment	n.
tormenting	tɔ: 'mentiŋ, 'tɔ: m-	a. 使痛苦的, 使苦恼的
torments	ˈtɔ:ments	n. （肉体或精神上的）折磨, 痛苦( torment的名词复数 ); 造成痛苦的事物[人]
tornado	tɒ:'neidәu	n. 旋风, 龙卷风, 大雷雨
tornadoes	tɔ:ˈneidəuz	n. 龙卷风, 旋风( tornado的名词复数 )
tornados	tɔ:ˈneidəuz	n. 龙卷风, 旋风( tornado的复数形式 )
toronto	tә'rɔntәu	n. 多伦多（加拿大城市）
torontoes	təˈrɒntəʊ	n. 多伦多（加拿大城市）
torpedo	tɒ:'pi:dәu	n. 鱼雷, 水雷, 地雷
torpedoed		vt. 用鱼雷袭击（torpedo的过去式与过去分词形式）
torpedoer	tɔː'piːdəʊ	n.
torpedoes	tɔ:ˈpi:dəʊz	n. 鱼雷( torpedo的名词复数 ); 油井爆破筒; <俚>刺客; 掼炮
torpedoing	tɔ:'pi:dəʊɪŋ	用爆破筒爆破
torpedos		(torpedo 的复数) n. 鱼雷, 水雷, 地雷
torque	tɒ:k	n. 扭转力, 转矩, 项圈
torqued	tɔːkt	a. 扭曲的；转动的
torquer	'tɔ:kә	[电] 转矩器
torques	'tɔ:kwiz	n. [动]颈四周的彩色项毛圈
torso	'tɔ:sәu	n. 躯干, 裸体躯干雕像
torsoed	'tɔːsəʊ	n.
torsoes	'tɔːsəʊ	n. 躯干；裸体躯干雕像；未完成的作品；残缺不全的东西
torsor	'tɔ:sә	[数]非共面直线对
torsos	ˈtɔ:səʊz	n. （人体的）躯干( torso的名词复数 ); （人体的）躯干雕塑像; 未完成的作品
tortoise	'tɒ:tәs	n. 龟, 行动迟缓的人
tortoised		(tortoise 的过去时) n. 龟, 行动迟缓的人
tortoises	ˈtɔ:tɪsiz	n. 乌龟( tortoise的复数形式 ); 行动迟缓的人（或物）
torture	'tɒ:tʃә	n. 拷问, 苦闷
tortured	ˈtɔ:tʃəd	v. 使痛苦( torture的过去式和过去分词 ); 使苦恼; 使焦急
torturer		n. 拷问者, 虐待者
tortures	ˈtɔ:tʃəz	n. 拷问( torture的名词复数 ); 折磨; 痛苦; （精神上或肉体上的）折磨
torturest	'tɔːtʃə	n.
tos		abbr. 磁带作业系统（Tape Operating System）
toss	tɒs	n. 投掷, 抛, 摇摆, 震荡, 掷钱币决定
tossed	tɔst	v. （轻轻或漫不经心地）扔( toss的过去式和过去分词 ); （使）摇荡; 摇匀; （为…）掷硬币决定
tosser	ˈtɒsə(r)	二传队员
tosses	tɔsiz	v. （轻轻或漫不经心地）扔( toss的第三人称单数 ); （使）摇荡; 摇匀; （为…）掷硬币决定
tossest	tɒs	vt.
tossies	网络	(tossy 的复数)
tossing	'tɔsiŋ	n. 洗矿；抖动, 摇动；颠簸
tost	tɔst	vbl.toss的过去式及过去分词
total	'tәutl	a. 全体的, 总的, 全然的
totaled	'təʊt(ə)l	a. 全部的；完全的；整个的
totales	网络	(totale 的复数)
totaling	'təʊt(ə)l	n. 总额；总数；总计；合计；总计；全体；总计；总数
totalled	'tәutld	vbl. 总计；共计
totalling		n. 总计；共计
totally	'tәutli	adv. 完全地
totals		n. 总量；总计（total的复数）
touch	tʌtʃ	n. 触觉, 碰, 触, 机灵, 轻触, 格调, 少许, 缺点, 弹力
touched	tʌtʃt	a. 精神不太正常的, 受感动的
toucher	'tʌtʃә	n. 触摸者
touches	'tʌtʃis	n. 高光；绝技；笔致
touchest	tʌtʃ	vt.
touching	'tʌtʃiŋ	a. 动人的, 令人同情的
tough	tʌf	n. 恶棍
toughed	tʌft	v. [美国口语]忍耐，忍受，熬过（常与 out连用）( tough的过去式和过去分词 )
tougher		较坚强的
toughest		a. 最坚强的；最坚韧的；最粗暴的；最苛刻的（tough的最高级）
toughies		(toughy 的复数) n. 流氓, 恶棍, 生是非者, 难题, 劲敌
toughing	'tʌfɪŋ	v. [美国口语]忍耐，忍受，熬过（常与 out连用）( tough的现在分词 )
toughs	tʌfs	n. 粗暴的人, 暴徒, 恶棍( tough的复数形式 )
tour	tuә	n. 旅游, 观光旅行, 任期
toured		vt. 到…旅游（tour的过去式与过去分词形式）
tourer		n. 游览车
toures		n. 图雷（姓）
touring	'tuәriŋ	n. 游览
tourism	'tuәrizm	n. 观光业, 游览
tourismes	网络	(tourisme 的复数)
tourisms	'tʊərɪz(ə)m	n. 旅游业；游览
tourist	'tuәrist	n. 观光客, 旅行者
touristed	'tʊərɪst	n. 旅行者, 观光客
touristes		(touriste 的复数) n.<加拿大俚>旅游者腹泻症(加拿大法语地区的一种腹泻症)
touristies	'tʊərɪstɪ	adj. [口语]；旅游者的；像旅游者的
tourists	'tʊərɪsts	n. 旅行者, 观光客( tourist的名词复数 )
tournament	'tә:nәmәnt	n. 比赛, 竞赛, 锦标赛, 联赛
tournaments	'tɔ:nəmənts	n. 锦标赛, 联赛( tournament的复数形式 ); 中世纪的骑士比武
tours	tuәz	n. 图尔斯（姓氏）；图尔市（法国城市名）
tow	tәu	n. 拖, 拖绳, 拖轮
toward	tә'wɒ:d	prep. 向, 对于, 为了
towards	tә'wɔ:dz	prep. 向, 对于, 为了
towed	təud	v. 拖, 拉, 拽( tow的过去式和过去分词 )
towel	'tauәl	n. 手巾, 毛巾
toweled		vt. 用毛巾擦（towel的过去式与过去分词形式）
toweling	'tauәliŋ	n. 毛巾料
towelled		vt. 用毛巾擦（towel的过去式与过去分词形式）
towelling	'tauәliŋ	n. 制毛巾的布料
towels	ˈtauəlz	n. 毛巾, 手巾, 纸巾( towel的名词复数 )
tower	'tauә	n. 塔, 高楼, 堡垒
towered		a. 有塔的, 高耸云霄的
towering	'tauәriŋ	a. 高耸的, 激烈的
towers		n. 塔；塔器；空中跳台（tower的复数）
towes	təu	n. 北京同为（公司名）
towing	'tәjiŋ	n. 拖车, 拖吊
town	taun	n. 城镇, 市, 镇
towned	taʊn	n. 镇；城镇；市镇；城市；都市
towner	'taʊnər	城镇居民
townes	taunz	汤斯(①姓氏 ②Charles Hard, 1915-, 美国物理学家、教育家, 曾获1964年诺贝尔物理学奖)
townies		n. 城市生活的( townie的复数形式 )
towns		n. 汤斯
tows	'təʊz	n. 拖, 拉, 牵引( tow的名词复数 )
toy	tɒi	n. 玩具, 小玩艺儿, 小型的东西, 消遣
toyed		(toy 的过去时) n. 玩具, 小玩艺儿, 小型的东西, 消遣
toyer		n. 玩弄者
toyes		(toye 的复数)  [人名] [英格兰人姓氏] 托伊 Toy的变体
toyest	tɒɪ	n.
toying	tɒɪ	n. 玩具；小装饰品；不值钱的东西
toys		n. 玩具（toy的复数）
trace	treis	n. 痕迹, 踪迹, 微量, 迹线, 缰绳
traced	treist	v. 描绘( trace的过去式和过去分词 ); 追溯; 发现; 跟踪
tracer	'treisә	n. 追踪者, 描图者, 描绘工具
traces		n. 痕迹；遗迹（trace的复数）
tracest	treis	n.
track	træk	n. 轨迹, 足迹, 径迹, 小道, 轨道, 磁轨, 途径
tracked		a. 有履带的
tracker	'trækә	n. 追踪者, 跟踪雷达, 拉纤者
trackest	træk	n.
tracking	'trækiŋ	[计] 跟踪, 追踪
tracks		n. 轮胎；磁道；轨道（track的复数）
tractor	'træktә	n. 牵引器, 拖拉机, 拉纸器
tractored	'træktəd	adj. 拖拉机耕种的
tractors	t'ræktəz	n. 拖拉机( tractor的复数形式 ); 牵引机; （牵引式挂车的）牵引车; 拖车头
trade	treid	n. 贸易, 商业, 交易, 生意, 职业, 顾客, 信风
traded		v. 交易；贸易（trade的过去分词形式）
trader	'treidә	n. 商人, 商船
traders		n. 交易员；贸易商（trader的复数形式）
trades	'treidz	n. 交易；商业, 各种营业；贸易（trade的复数）
tradesman	'treidzmәn	n. 零售商, 工匠
tradest	treɪd	n.
tradition	trә'diʃәn	n. 传说, 传统, 交付
traditional	trә'diʃәnl	a. 传统的, 惯例的
traditioned	trə'dɪʃ(ə)n	n.
traditioner	trə'dɪʃ(ə)n	n. 传统；惯例；因袭；口传；传说
traditions	trə'dɪʃnz	n. 传统( tradition的复数形式 ); 惯例
traffic	'træfik	n. 交通, 通行, 运输, 交通量, 贸易, 交易, 交往, 通信量
traffics	ˈtræfiks	n. 流动的车辆[行人], 交通( traffic的名词复数 ); （非法的）交易, 买卖; （沿固定路线的）航行, 行
tragedies	'trædʒədi	n. 惨事, 灾难( tragedy的名词复数 ); 悲剧
tragedy	'trædʒidi	n. 悲剧, 惨案, 悲剧作品
tragic	'trædʒik	a. 悲惨的, 悲剧的
tragics	'trædʒɪk	adj. 悲剧的；悲痛的，不幸的
trail	treil	n. 踪迹, 痕迹, 一串, 尾部, 小径, 持枪姿势
trailed	treild	a. 被牵引的
trailer	'treilә	n. 追踪者, 拖车
trailest	treɪl	vt.
trailing	'treiliŋ	a. 牵引的；后面的；被拖动的；蔓延的；拖尾的
trails		n. 山径；游径；踪迹（trail的复数）
train	trein	n. 火车, 列车, 行列, 长队, 一连串的后果, 顺序
trained	treind	a. 训练过的, 受过培训的；培训
trainer	'treinә	n. 训练员, 驯马师
trainest	treɪn	n.
training	'treiniŋ	n. 训练, 培养
trainings	网络	[原型] trainings 是 training 的复数
trains		n. 火车；行列（train的复数形式）
tram	træm	n. 电车轨道, 煤车, 纬纱, 纬丝
trames	træm	n. 有轨电车；电车轨道；吊车；煤车
trammed		(tram 的过去时) n. 电车轨道, 煤车, 纬纱, 纬丝
trammer		推车; 机车
tramming		人力运输
tramp	træmp	n. 坚实(或沉重)的脚步声, 流浪者
tramped	træmp	vi. 流浪；践踏, 踩；脚步沉重地行走
tramping	'træmpiŋ	[机] 踩紧
trample	'træmpl	n. 践踏(声), 蹂躏
trampled	ˈtræmpld	v. 踩( trample的过去式和过去分词 ); 践踏; 无视; 侵犯
trampler		n. trample的变形
tramples	ˈtræmplz	v. 踩( trample的第三人称单数 ); 践踏; 无视; 侵犯
tramplest	'træmp(ə)l	vi.
tramps	træmps	n. 重步声( tramp的名词复数 ); 长途跋涉; 游民; <美><俚>荡妇
trams	træmz	n. 有轨电车( tram的名词复数 )
tranquil	'træŋkwil	a. 安静的
tranquiler		adj. tranquil（平静的，安静的）的变形
tranquilest	'træŋkwɪl	adj.
tranquils		(tranquil 的第三人称 -s形式) a. 安静的
transaction	træn'sækʃәn	n. 交易, 办理, 学报, 和解协议
transactions		n. 处理, 会报；汇报（transaction复数）
transfer	træns'fә:	n. 迁移, 移动, 传递, 转让, 转移, 过户, 汇兑, 换车
transferer	træns'fɜ:rə	n. 转让人，让与人
transferred		n. 呼叫转移；已转运
transferrer	træns'fә:rә	n. 让与人, 转让者
transferring	træns'fә:riŋ	n. 转移, 传递
transfers		n. 迁移；传输（tansfer的复数）
transform	træns'fɒ:m	vt. 使转换, 改变, 改造, 使...变形
transformation	.trænsfә'meiʃәn	n. 变形, 变质, 变化, 改革, 变换
transformations		n. 转换；转变（transformation的复数形式）
transformed	trænsˈfɔ:md	v. 改变( transform的过去式和过去分词 ); 使改变形态, 使改变外观（或性质）, 使改观
transformer	træns'fɒ:mә	n. 变压器, 促使变化的人
transformers		n. 变形金刚（电影名）；变形金刚玩具
transformest	træns'fɔːm; trɑːns-; -nz-	vt.
transforming	trænsˈfɔ:mɪŋ	v. 改变( transform的现在分词 ); 使改变形态, 使改变外观（或性质）, 使改观
transforms	trænsˈfɔ:mz	v. 改变( transform的第三人称单数 ); 使改变形态, 使改变外观（或性质）, 使改观
transfusion	træns'fju:ʃәn	n. 倾注, 输血, 输液
transfusions	trænsf'ju:ʒnz	n. 输血( transfusion的复数形式 ); 输液; 倾注; 渗透
transistor	træn'zistә	n. 晶体管
transistored		晶体管(化)的,用晶体管装配成的
transistors		n. 晶体管；晶体三极管（transistor的复数）
transition	træn'ziʃәn	n. 转变, 转换, 变迁, 过渡时期, 临时转调
transitioned		(transition 的过去分词) n. 转变, 转换, 变迁, 过渡时期, 临时转调
transitioning		转向（transition的现在分词）
transitions	træn'zɪʃnz	n. 过渡, 转变, 变迁( transition的名词复数 )
transkei	træns'kei,-'kai	特兰斯凯[南非(阿扎尼亚)东南部一地区]
translate	træns'leit	vt. 翻译, 解释, 转化, 转变为, 调动
translated		n. 译本
translates	trænsˈleits	v. 翻译( translate的第三人称单数 ); 解释; 转化; 被翻译
translatest	træns'leɪt; trɑːns-; -nz-	vt.
translation	træns'leiʃәn	n. 翻译, 译文, 转化, 调任, 平移, 转译
translations		n. 译文；翻译（translation的复数形式）
translator	træn'leitә	n. 翻译者
translators	trænz'leɪtəz	n. 译员( translator的复数形式 ); 翻译者; 翻译家; 翻译机
transmission	træns'miʃәn	n. 传输, 传送, 变速器
transmissions	trænzˈmiʃənz	n. 播送( transmission的复数形式 ); 传送; （电台或电视）信息; 传动装置
transmit	træns'mit	vt. 传输, 传染, 传达, 遗传, 发射, 传播
transmits	trænzˈmits	v. 发射, 播送, 广播( transmit的第三人称单数 ); 传播; 传导; 传（热、声等）
transmitted		v. 传输；传送（transmit的过去分词）
transmitter	træns'mitә	n. 传送者, 传达人, (疾病的)传播者
transmitting		v. 传递, 发射（transmite的现在分词形式）
transparent	træns'pærәnt	a. 透明的, 显然的, 清晰的
transparently		adv. 显然地, 易觉察地；明亮地
transparents		(transparent 的复数) a. 透明的, 显然的, 清晰的
transplant	træns'plɑ:nt	vt. 使移居, 移植, 使迁移
transplanted		vt. 移植（transplant的过去式与过去分词形式）
transplanter	træns'plɑ:ntә(r),trænz-,trɑ:n-;-'plæn-	n. 移植者, 移植机
transplanting	医	[原型] transplanting 是 transplant 的现在分词
transplants	'træns,plænt	n. （器官、皮肤、头发等的）移植( transplant的名词复数 ); 移植的器官, 移植物
transport	træns'pɒ:t	n. 运输, 运输工具, 激动, 狂喜, 流放犯
transportation	.trænspә'teiʃәn	n. 运输, 输送, 交通车辆
transportationed		搬运的
transportations		(transportation 的复数) n. 运输, 输送, 交通车辆
transported	trænsˈpɔ:tid	a. 情不自禁的
transporter	træns'pɒ:tә	n. 输送人, 运输机
transportest	træn'spɔːt; trɑːn-	vt.
transporting		猜火车（电影名）；运输
transports		n. 运输工具；传输协议（transport的复数形式）
transverse	træns'vә:s	n. 横断物
transversed	trænz'vɜːs; trɑːnz-; -ns-	a. 横的；横向的；横切的；横断的；(笛子)横吹的[参较 end-blown]
transverser	trænz'vɜːs; trɑːnz-; -ns-	transverse
transverses	trænsˈvɜ:siz	n. 横向物( transverse的名词复数 ); 横轴; 横断面; <数>横截轴
transversest	trænz'vɜːs; trɑːnz-; -ns-	adj. 横的；横向的；横切的；横断的；(笛子)横吹的[参较 end-blown]
trap	træp	n. 圈套, 陷阱, 诡计, 存水弯
traped	træp	n.
trapes	treips	n. (非正式)懒女人, 邋遢女人, (非正式)使人厌倦的步行
traping		n. 设陷捕捉;俘获
trapped	'træpid	a. 陷入困境的；受到限制的；捕获的；收集的
trapper	'træpә	n. 设陷阱捕兽者, 设陷阱猎兽者, 看门工
trappest	træp	n.
trapping	'træpiŋ	[计] 设陷, 陷入, 俘获
traps		n. 随身携带物, 什物, 家具, 行李
travel	'trævl	n. 旅行, 游历, 行进
traveled	'træv(ә)ld	a. 富有旅行经验的, 旅客常到的
traveler	'trævlә	n. 旅行者, 游客, 旅客, 旅行推销员, 活动起重架, 行车, 临时记帐单
travelers		n. 旅行者；旅客（traveler的复数形式）
travelest	'træv(ə)l	vi.
traveling	'trævliŋ	a. 旅行的, 旅行用的, 移动的
travelled		a. 富有旅行经验的, 旅客常到的
traveller	'trævlә	n. 旅行者
travellest	'træv(ə)l	vi.
travelling	'trævliŋ	a. 旅行的, 旅行用的, 移动的
travels		n. 旅途, (非正式)旅行笔记, 游记
traverse	'trævә:s	n. 越过, 横贯, 横断物, 屏障, 否认, 反驳
traversed	ˈtrævəst	v. 横越, 穿越, 横贯( traverse的过去式和过去分词 ); （爬山时）作Z形攀登
traverser	'trævә:sә	n. 横过者, 输送机, 反驳者
traverses	ˈtrævəsiz	v. 横越, 穿越, 横贯( traverse的第三人称单数 ); （爬山时）作Z形攀登
tray	trei	n. 托盘, 公文盘, 满盘, 发射箱
trayed	t'reɪd	铺盘的
trays	t'reɪz	n. 盘子( tray的名词复数 ); 托盘; 文件盘; （各种用途的）浅塑料盒
tread	tred	n. 踏, 步态, 梯级, 交尾, 鞋底
treaded		(tread 的过去分词) n. 踏, 步态, 梯级, 交尾, 鞋底
treader	t'redə	表土细碎机
treadest	tred	vt.
treading	tredɪŋ	v. 踩, 踏( tread的现在分词 ); 踩成; 踏出; 步行于
treads	tredz	v. 踩, 踏( tread的第三人称单数 ); 踩成; 踏出; 步行于
treasure	'treʒә	n. 宝物, 财富
treasured	ˈtreʒəd	a. 宝贵的, 珍贵的
treasurer	'treʒәrә	n. 会计, 出纳员, 司库
treasurers	ˈtreʒəəz	n. （团体等的）司库, 财务主管( treasurer的复数形式 )
treasures	ˈtreʒəz	n. 金银财宝( treasure的名词复数 ); 宝藏; 珍宝; 不可多得的人才
treat	tri:t	n. 宴请, 款待
treated	'tri:tid	v. 对待；招待；治疗（treat的过去分词）
treater	'tri:tә	n. 谈判者, 处理器, 提纯器
treatest	triːt	vt.
treaties		n. 条约；协定问题（treaty的复数）
treating	'tri:tiŋ	[机] 处理
treatment	'tri:tmәnt	n. 治疗, 待遇, 处理
treatments	'tri:tmənts	n. 处理( treatment的复数形式 ); 对待; 治疗; 疗法
treats	tri:ts	n. 款待( treat的名词复数 ); 招待; 乐事; 乐趣
treaty	'tri:ti	n. 条约, 谈判
tree	tri:	n. 树, 木料, 树状物
treed	tri:d	育林的, 植树的
treeing	tri:ɪŋ	树枝状晶体; 树枝状组织; 不规则金属淀积; 丛生
trees		n. 树木；乔木；树状结构（tree的复数）
tremble	'trembl	n. 战栗, 颤抖
trembled	ˈtrembld	v. 发抖( tremble的过去式和过去分词 ); 焦虑; 颤动; 轻轻摇晃
trembleing		n. 发抖
trembler	'tremblә	n. 发抖的人, 震颤的东西, 自动振动器, 蜂鸣器, 断续器, 电铃
trembles	ˈtremblz	v. 发抖( tremble的第三人称单数 ); 焦虑; 颤动; 轻轻摇晃
tremblest	'tremb(ə)l	vi.
tremendous	tri'mendәs	a. 巨大的, 非常的, 可怕的
trench	trentʃ	n. 渠, 沟渠, 战壕
trenched	t'rentʃt	挖有沟槽的
trencher	'trentʃә	n. 挖沟者, 木盘
trenches	trentʃiz	n. 深沟, 地沟( trench的名词复数 ); 战壕
trenching	'trentʃiŋ	挖沟, 挖沟工作, 掘壕掩埋法
trend	trend	n. 趋势, 倾向, 走向
trended	trendid	v. 伸向( trend的过去式和过去分词 ); 趋向; 倾向; 使趋向
trender	trend	n. (海岸、河流、道路等的)走向；倾向；趋势；动向
trendies	ˈtrendi:z	n. 时髦人物, 赶时髦的人( trendy的复数形式 )
trending	trendɪŋ	v. 伸向( trend的现在分词 ); 趋向; 倾向; 使趋向
trends		n. 动态, 趋势
trent	trent	n. 特伦特（男子名）；特伦托河（英格兰中部河流）
trentes	网络	(trente 的复数)
trents	网络	[原型] Trents 是 trent 的复数
t-rex		霸王龙
trial	'traiәl	n. 审判, 试验, 艰苦, 麻烦事, 考验
trialed		试验的
trialing		v. 试验；试用；测试（能力、质量、性能等）
trials		n. 尝试, 努力；考验；审判；顿顽（trial的复数）
triangle	'traiæŋgl	n. 三角形, 三个一组, 三角关系
triangled		三角形状的（triangle的变体）
triangles	t'raɪæŋɡlz	n. 三角形( triangle的复数形式 ); 三人一组; 三角铁（打击乐器）; 三角板
triangular	trai'æŋgjulә	a. 三角形的, 三人间的
triathlete	trai'æθli:t	n. 参加三项全能比赛的运动员
triathletes		(triathlete 的复数) n.参加三项全能比赛的运动员
triathlon	trai'æθlɔn	n. 〈体〉三项全能运动
triathlons		(triathlon 的复数) n. 〈体〉三项全能运动
tribe	traib	n. 宗族, 部落, 一群人
tribed		三层床
tribes	traibz	n. 部落( tribe的复数形式 ); （动、植物的）族; （一）帮; 大群
tribute	'tribju:t	n. 贡物, 礼物, 颂辞
tributed	'trɪbjuːt	n. 贡；贡品；贡金；贡税
tributer	'trɪbjuːt	n. 贡；贡品；贡金；贡税
tributes	t'rɪbju:ts	n. （尤指旧时一国向他国交纳的）贡品( tribute的名词复数 ); （良好效果或影响的）体现; （尤指对死者的）致
trick	trik	n. 诡计, 欺诈, 谋略, 恶作剧, 习惯, 决窍
tricked	trikt	v. 哄骗, 欺骗( trick的过去式和过去分词 ); 打扮
tricker	'trikә(r)	n. 耍诡计的人, 骗子
trickest	trɪk	n.
trickies	'trɪkɪ	tricky
tricking	trikɪŋ	v. 哄骗, 欺骗( trick的现在分词 ); 打扮
tricks		n. 技巧, 诀窍；骗局（trick的复数形式）
tries		n. 尝试, 试验（try的复数）
trifle	'traifl	n. 琐事, 少量
trifled	ˈtraifld	v. 轻视, 小看( trifle的过去式和过去分词 )
trifler		n. 闹着玩的人, 吊儿郎当的人
trifles		n. 琐事；鸡毛蒜皮的事（trifle的复数形式）
triflest	'traɪf(ə)l	n.
trigger	'trigә	n. 触发器, 扳机
triggered	'triɡәd	a. 触发的；起动的；有扳机的
triggerer	'trɪgə	n.
triggering	'tri^әriŋ	[电] 触发
triggers		n. 触发器；触发物（trigger的复数）
trim	trim	n. 整齐, 情形, 修剪
trimer	'traimә	[化]一种三分子的缩合物
trimmed	trimd	a. 切边；平衡的；纵倾的；修整过的
trimmer	'trimә	n. 整理者, 装饰者, 修剪者
trimmest		整洁的
trimming	'trimiŋ	n. 整理, 修剪, 装饰, 点缀物, 装饰物, 修剪下来的东西, 诈骗, 击败, 殴打
trims	trimz	v. 整理( trim的第三人称单数 ); 修剪; 装饰; 减少
trinidad	'trinidæd, ,tri:ni:'ðɑ:ð	n. 特立尼达拉岛
trinidades	网络	(trinidade 的复数)
trinidads	'trɪnɪ,dæd	Trinidad
trip	trip	n. 旅行, 绊倒, 摔倒, 失足, 差错, 旅程
tripes		(tripe 的复数) n. 肚子
tripped		v. 倾翻（trip的过去式）
tripper	'tripә	n. 绊跌者, 旅行者, 远足者
trippest	trɪp	adj.
tripping	'tripiŋ	a. 轻快的
trips		abbr. 与贸易有关的知识产权（Agreement On Trade-related Aspects of Intel
triumph	'traiәmf	n. 凯旋, 胜利, 欢欣
triumphant	trai'ʌmfәnt	a. 得胜的, 得意洋洋的
triumphants		(triumphant 的复数) a. 得胜的, 得意洋洋的
triumphed	ˈtraiəmft	v. 获胜( triumph的过去式和过去分词 ); 克服; 打败; 战胜
triumpher		n. 胜利, 凯旋；欢欣 (triumph的变形)
triumphing	ˈtraiəmfɪŋ	v. 获胜( triumph的现在分词 ); 克服; 打败; 战胜
triumphs	ˈtraiəmfs	n. 胜利( triumph的名词复数 ); 巨大的成就; （成功的）典范; （巨大成功或胜利的）心满意足
trivial	'tiviәl	a. 琐碎的, 不重要的, 轻微的, 平常的
trojan	'trәudʒәn	a. 特洛伊的, 特洛伊人的
trojans	'trəudʒəns	n. 特洛伊木马, 木马程式；脱罗央群
trolley	'trɒli	n. 电车, 手推车, 台车
trolleybus		n. 无轨电车
trolleybuses		n. 无轨电车和有轨电车整流站
trolleybuss	'trɑlɪbʌs	trolleybus
trolleyed		n. 【汽】(有轨)电车；(购物,运送行李的)手推车
trolleying		n. 【汽】(有轨)电车；(购物,运送行李的)手推车
trolleys	ˈtrɔliz	n. （两轮或四轮的）手推车( trolley的复数形式 ); 装有脚轮的小台车; 电车
troop	tru:p	n. 军队, 一群, 一队
trooped		vi. 成群结队地走（troop的过去式与过去分词形式）
trooper	'tru:pә	n. 骑兵, 骑警, 伞兵
troopies	'tru:pi	troopie
trooping		vi. 成群结队地走（troop的现在分词形式）
troops		n. 军队, 装甲部队, 骑兵队, 部队
tropic	'trɒpik	n. 回归线
tropical	'trɒpikl	a. 热带的, 热情的
tropicals		(tropical 的复数) a. 热带的, 热情的
tropics		-1
trot	trɒt	n. 快步
trots	trɔts	n. 小跑, 急走( trot的名词复数 ); 匆匆忙忙地走
trotted	trɔtid	v. 小跑, 急走( trot的过去分词 ); 匆匆忙忙地走
trotter	'trɔtә	n. 小跑步的马, 快步走的人, 猪脚, (谑)脚
trottest	trɒt	vi.
trotting	trɔtɪŋ	v. 小跑, 急走( trot的现在分词 ); 匆匆忙忙地走
trouble	'trʌbl	n. 烦恼, 麻烦, 困难, 动乱, 故障
troubled	'trʌbld	a. 烦恼的, 混乱的, 不安的
troubleed		a. 不安的
troubles	ˈtrʌblz	n. 麻烦( trouble的名词复数 ); 困难; 困境; 动乱
troublesome	'trʌblsәm	a. 麻烦的, 令人讨厌的
troublesomest	'trʌb(ə)ls(ə)m	adj.
troublest	'trʌb(ə)l	n.
trough	trɒ:f	n. 槽, 水槽, 饲料槽
troughed		(trough 的过去时) n. 槽, 水槽, 饲料槽
troughing		(trough 的现在分词) n. 槽, 水槽, 饲料槽
troughs	trɔ:fs	n. 低谷( trough的复数形式 ); 波谷; （喂动物的）食槽; 檐槽
trousers	'trauzәz	pl. 裤子, 长裤
truck	trʌk	n. 卡车, 货车, 对...进行交易, 来往, 实物工资, (供应市场的)蔬菜, 废物, 废话
trucked		vt. 用卡车装运（truck的过去式与过去分词形式）
trucker	'trʌkә(r)	n. 卡车驾驶员, 从事货车运输业者, 以物易物者, 小贩
truckies	网络	[原型] truckies 是 trucky 的第三人称单数
trucking	'trʌkiŋ	n. 货车运输业；货车运输；以货易货
trucks		n. 卡车（truck的复数）
true	tru:	a. 真实的, 正确的, 忠诚的, 可靠的, 纯粹的, 正式的
trued		整径
trueing		n. 校准；整形；找正；调准
truer	'tru:ә	a. 真的；确实的
trues		n. 真理, 真实（true的复数形式）
truest		a. 确实的；真实的
truly	'tru:li	adv. 真实地, 不假
trumpet	'trʌmpit	n. 喇叭, 小号, 喇叭声
trumpeted		vt. 大声说出或宣告（trumpet的过去式与过去分词形式）
trumpeter	'trʌmpitә	n. 小号吹奏者, 号兵, 吹鼓手
trumpeting		vt. 大声说出或宣告（trumpet的现在分词形式）
trumpets	ˈtrʌmpits	n. 喇叭( trumpet的名词复数 ); 小号; 喇叭形物; （尤指）绽开的水仙花
trunk	trʌŋk	n. 树干, 干线, 躯干, 主干, 象鼻, 箱子
trunked	trʌŋkt	削去头[顶]的
trunking	'trʌŋkiŋ	[信]中继
trunks		n. 男用运动短裤, 男式游泳裤
trust	trʌst	n. 信任, 信赖, 相信, 受托, 职责, 信心, 托拉斯
trusted		a. 可信的；受信任的
truster	'trʌstə	信托人
trustest	trʌst	n.
trusties		(trusty 的复数) a. 可信任的, 可信赖的, 可靠的
trusting	'trʌstiŋ	a. 轻信的, 信任他人的, 深信不疑的
trusts	trʌsts	n. 信任( trust的名词复数 ); 信托; 照管; 受托基金机构
trustworthy	'trʌst.wә:ði	a. 可信赖的
truth	tru:θ	n. 事实, 实情
truthed	truːθ	n.
truthful	'tru:θful	a. 说真话的, 诚实的, 真实的, 如实的
truths		真理, 真实, 实际情况, 真相, 真实性, 忠实性
try	trai	n. 尝试, 试验, 审理, 审判
trying	'traiiŋ	a. 难受的, 难堪的
trys	traɪ	vt.
tryst	trist	n. 约会, 幽会
t-shirt	'ti:,ʃә:t	n. 圆领汗衫, T恤
tsunami	tsu'nɑ:mi	n. 海啸
tsunamis	tsju:ˈnɑ:miz	n. 海啸( tsunami的复数形式 )
tube	tju:b	n. 管, 软管, 隧道
tubed		vt. 把…装管（tube的过去式与过去分词形式）
tuber	'tju:bә	n. 块茎, 突起, 结节
tuberculosis	tju,bә:kju'lәusis	n. 肺结核
tubes		n. 管子, 导管；管状虫；伦敦地铁（tube的复数）
tuesday	'tju:zdi	n. 星期二
tuesdays	'tju:zdiz, -deiz	adv. 每星期二, 在任何星期二
tug	tʌg	n. 用力拉, 拖曳, 苦干, 挣扎, 绳索
tugged	tʌɡd	v. 用力拉, 使劲拉, 猛扯( tug的过去式和过去分词 )
tugger	'tʌ^ә	拖拉器, 拖拉式卷扬机
tugging	'tʌ^iŋ	[医] 牵引感
tugs	tʌɡz	n. 猛拉( tug的名词复数 ); 猛拖; 拖船
tulip	'tju:lip	n. 郁金香
tulips	t'ju:lɪps	n. 郁金香( tulip的复数形式 )
tuna	'tju:nә	n. 金枪鱼, 金枪鱼肉
tunas		(tuna 的复数) n. 金枪鱼, 金枪鱼肉
tune	tju:n	n. 歌曲, 主旋律, 心情, 声调, 和谐, 一致, 语调, 程度
tuned	tju:nd	[计] 调谐的
tuner	'tju:nә	n. 调音师, 调音的人, 调节器
tunes	tju:nz	n. 曲调, 曲子( tune的名词复数 )
tunest	tjuːn	n.
tunnel	'tʌnl	n. 隧道, 地下道
tunneled		vi. 打通隧道（tunnel的过去式与过去分词形式）
tunneler	'tʌnәlә	n. 挖掘隧道的人, 隧道掘进机
tunneling	计	(31036/-)
tunnelled		vt. 挖隧道
tunneller		n. 挖掘隧道的人, 隧道掘进机
tunnelling	'tʌnәliŋ	隧道效应, 开挖隧道
tunnels	ˈtʌnəlz	n. 隧道, 地道( tunnel的名词复数 ); （动物栖息的）穴
turbine	'tә:bain	n. 涡轮机
turbined	'tɜːbaɪn; -ɪn	turbine
turbiner	'tә:binә, -bainә	汽轮机船
turbines	'tɜ:baɪnz	n. 涡轮机( turbine的复数形式 )
turkey	'tә:ki	n. 火鸡, 无用的家伙, 土耳其
turkeys	'tɜ:kɪz	n. 火鸡, 火鸡肉( turkey的名词复数 ); 蠢货
turn	tә:n	n. 转弯, 转动, 旋转, 翻转, 一圈, 顺次, 改动, 变化, 性格, 特色, 形状, 转折
turned		a. 变质的；被转动的；[金属加工]车削的
turner	'tә:nә	n. 车工, 体育协会会员
turnest	tɜːn	vt.
turning	'tә:niŋ	n. 旋转, 转弯处, 车削工作
turns		n. 转弯；匝数；圈数（turn的复数形式）；手动车床
turpan	'tjә'pɑ:n	吐鲁番[新疆维吾尔自治区](旧译Turfan)
turpans	'tuə'pɑ:n	Turpan
turtle	'tә:tl	n. 海龟
turtled		vi. 捕海龟, 捕鳖（turtle的过去式与过去分词形式）
turtler		n. 捉海龟者, 海龟商
turtles	'tә:tlz	n. 乌龟（turtle的复数）
tutor	'tju:tә	n. 家庭教师, 导师, 助教, 监护人
tutored	ˈtju:təd	v. 当家庭教师( tutor的过去式和过去分词 ); 任大学导师; 任课
tutorest	'tjuːtə	n.
tutoring	ˈtju:tərɪŋ	v. 当家庭教师( tutor的现在分词 ); 任大学导师; 任课
tutors		n. 导师；助教；家庭教师（tutor的复数形式）
tv	'ti:'vi:	电视
tvd		全变差下降
tver	tver	特维尔
tvr		abbr. 电视录象（Television Recording）；电阻温度变化（temperature variatio
tvs		abbr. 瞬变电压抑制二极管（Transient Voltage Suppressors）；电视观察系统（Televi
twelfth	twelfθ	num. 第十二, 十二分之一
twelfther	twelfθ	adj. 第十二的；十二分之一的
twelfthest	twelfθ	adj. 第十二的；十二分之一的
twelfths	twelfθs	n. （与the连用）第十二（个）, 月的第十二日( twelfth的名词复数 )
twelve	twelv	num. 十二, 十二个
twelves	twelvz	n. 十二, 12( twelve的复数形式 ); 十二的, 十二个的
twelvest	twelv	twelve
twenties		n. 二十几岁；一生中20至29岁的十年；二十年代（1920年到1929年的时期）
twentieth	'twentiiθ	num. 第二十, 二十分之一
twentieths	ˈtwenti:ɪθs	n. 第二十个( twentieth的复数形式 ); 二十分之一
twenty	'twenti	num. 二十, 二十个
twenty-first	ˈtwenti: fə:st	第二十一
twenty-third	ˌtwentɪ'θɜ:d	第二十三
twice	twais	adv. 两次, 两倍
twicer	'twaisә(r)	n. 做两次的人, 兼做两事的人, (英)排字兼印刷的工人, (英)骗子
twilight	'twailait	n. 暮光, 曙光, 黎明, 黄昏, 微光, 朦胧状态
twilighted	'twai, laitid	adj. = twilit
twilights		(twilight 的复数) n. 暮光, 曙光, 黎明, 黄昏, 微光, 朦胧状态
twin	twin	n. 双胞胎中一人, 一对非常相像的人(或物)中的一个
twined	twaind	a. 成双的；搓成的
twiner	'twainә	n. 缠绕物, 缠绕植物
twines	twaɪnz	n. 盘绕( twine的名词复数 ); 麻线; 捻; 缠绕在一起的东西
twinest	twain	n.
twining	'twiniŋ	缠绕的
twinned	twind	a. 成双成对的, 一胎双生的, [晶]孪晶生成
twinner		孪生者；生双胎者；孪生面重入棱
twinnest	twɪn	n. 孪生儿之一；双胞胎之一；[复数]双胎，双生儿，双胞胎，孪生儿；[亦作 twin room](旅馆内的)双人房间
twinning	'twiniŋ	n. 孪生, 成对
twins		n. 双子座, 双子宫
twist	twist	n. 一扭, 扭曲, 曲折, 歪曲, 螺旋状, 新手法
twisted	'twistid	a. 扭曲的
twister	'twistә	n. 缠绕者, 缠绕机, 不老实的人
twistest	twɪst	vt.
twisties	网络	[原型] twisties 是 twisty 的复数
twisting	'twistiŋ	[医] 扭转, 捩转
twists	twists	v. 扭, 搓, 缠绕( twist的第三人称单数 ); 歪曲; 转动; 扭转
two	tu:	num. 二, 二个
twoes	tuː	n. 两个
twoest	tuː	adj. 二的；两个的
twos	tu:z	n. 二( two的复数形式 ); 2; 两个; 一对
type	taip	n. 类型, 样式, 典型, 榜样, 标志, 符号, 型, 式
typed		vt. 打字（type的过去式和过去分词）
typer	taipә	n. 打字者, 打字员
types		v. 打字（type的第三人称单数形式）
typewriter	'taip.raitә	n. 打字机
typewriters	'taɪpraɪtəz	n. 打字机( typewriter的复数形式 )
typhoon	tai'fu:n	n. 台风
typhoons	taɪ'fu:nz	n. 台风( typhoon的复数形式 )
typical	'tipikl	a. 典型的, 象征性的
typist	'taipist	n. 打字员
typists	ˈtaipists	n. 打字员( typist的复数形式 )
tyrannies	ˈtirəniz	n. 暴虐( tyranny的复数形式 ); 专横; 暴行; 暴政
tyranny	'tirәni	n. 专制, 暴政
tyrant	'taiәrәnt	n. 暴君
tyrants	ˈtaɪərənts	n. 专制统治者( tyrant的复数形式 ); 暴君似的人; （古希腊的）僭主; 严酷的事物
tyre	'taiә	n. 轮胎
tyred		(Tyr 的过去时) [化] 酪氨酸
tyrees		n. (Tyree)人名；(英)泰里
tyres	taɪəz	n. 轮胎( tyre的复数形式 )
uganda	ju(:)'^ændә, u:'^ændә	n. 乌干达
ugandas	ju:'ɡændə	n. 乌干达（非洲国家）
uglies		(ugly 的复数) a. 丑陋的, 邪恶的, 险恶的, 不祥的
ugly	'ʌgli	a. 丑陋的, 邪恶的, 险恶的, 不祥的
uglying	'ʌglɪ	adj.
uk	ju: 'kei	n. 联合王国
ukes	网络	[原型] Ukes 是 uke 的复数
ukr		abbr. Ukraine 乌克兰; Ukrainian 乌克兰人（语）; 乌克兰的; 乌克兰人（语）的
uks	ˌju: ˈkeɪ; ˌju ke	abbr. 联合王国（United Kingdom）
ultimate	'ʌltimit	n. 终极, 根本, 顶点, 基本原则
ultimated	'ʌltɪmət	a. 最后的；终极的；最大的；极限的
ultimates		(ultimate 的复数) n. 终极, 根本, 顶点, 基本原则
ultrasonic	.ʌltrә'sɒnik	n. 超声波
ultrasonics		n. 超声学
ultraviolet	.ʌltrә'vaiәlit	a. 紫外线的
ultraviolets	.ʌltrə'vaɪələt	adj. 【物】紫外的；紫外线的；产生[应用]紫外线的
uluru	'u:ləru:	n. 澳州艾尔斯岩; [地名] [澳大利亚] 乌卢鲁巨石
umbrella	ʌm'brelә	n. 伞, 雨伞, 保护伞
umbrellaing	ʌm'brelə	n. 雨伞；保护伞；庇护；伞形结构
umbrellas	ʌmˈbreləz	n. （雨）伞( umbrella的复数形式 ); 阳伞; 起保护作用的力量[势力]; 保护国（或体系）
unable	ʌn'eibl	a. 不能的, 不会的
unabled	ʌn'eɪb(ə)l	a. 不会的, 不能的；[劳经] 无能力的；不能胜任的
unabler	ʌn'eɪb(ə)l	unable
unablest	ʌn'eɪb(ə)l	unable
unanimous	ju:'nænimәs	a. 意见一致的, 无异议的
unbearable	.ʌn'bєәrәbl	a. 无法忍受的, 承受不住的
unbelievable	.ʌnbi'li:vәbl	a. 难以置信的
uncertain	.ʌn'sә:tn	a. 不确定的, 无常的, 不确信的, 不可预测的
uncle	ʌŋkl	n. 叔父, 伯父, 姨丈
uncles		n. 叔伯
uncomfortable	.ʌn'kʌmfәtәbl	a. 不舒服的, 不自在的, 不安的
uncomfortably	ʌnˈkʌmftəbli	adv. 不舒适地, 不自在地, 令人不快地
unconditional	.ʌnkәn'diʃәnl	a. 无条件的, 无限制的, 绝对的
unconscious	.ʌn'kɒnʃәs	a. 未意识到的, 无意识的, 无知觉的
unconsciouses	ʌn'kɒnʃəs	adj. 无意识的；失去知觉的；不省人事的；未发觉的
unconsciouss	ʌn'kɒnʃəs	unconscious
uncover	.ʌn'kʌvә	vt. 揭露, 揭开, 暴露, 脱帽致敬
uncovered	.ʌn'kʌvәd	a. 无遮盖的, 未戴帽子的, 未保险的
uncoverer	ʌn'kʌvə	vt.
uncoverest	ʌn'kʌvə	vt.
uncovering	ʌn'kʌvәriŋ	a. 露出的；未覆盖的
uncovers	ˌʌnˈkʌvəz	v. 揭开…的盖子( uncover的第三人称单数 ); 揭露, 发现
under	'ʌndә	prep. 在...之下, 低于
underdog	.ʌndә'dɒg	n. 斗败了的狗, 失败者, 受害者
underdogger	'ʌndә,dɔ^ә(r); -,dɔ:^ә(r)	n. 支持失败(或处于劣势)者的人
underdogs	ˈʌndədɔɡz	n. 失败者( underdog的复数形式 ); 受苦人; 处于劣势的人（或团队、国家等）; 弱者
underest	'ʌndə	prep. 在…下面：；在(指导、照顾等)之下：
underestimate	.ʌndәr'estimeit	n. 低估
underestimated	,ʌndə'estimeitid	v. 对…估计不足, 低估( underestimate的过去式和过去分词 ); 对…认识不足（或重视不够）, 低估, 
underestimates	ˌʌndərˈestimeits	v. 对…估计不足, 低估( underestimate的第三人称单数 ); 对…认识不足（或重视不够）, 低估, 轻视
undergo	.ʌndә'gәu	vt. 遭受, 经历, 忍受
undergod		na. 就人间而言
undergoed	ʌndə'gəʊ	vt. 经历，经受；忍受
undergoes	ˌʌndəˈɡəuz	v. 经历, 承受( undergo的第三人称单数 )
undergoest	ʌndə'gəʊ	vt.
undergoing	ˌʌndəˈɡəuɪŋ	v. 经历, 承受( undergo的现在分词 )
undergraduate	.ʌndә'grædjuit	n. 大学本科生, 大学肄业生
undergraduates	ʌndəɡ'rædʒʊəts	n. （未获学士学位的）大学生, 大学肄业生( undergraduate的复数形式 ); 本科生
underline	'ʌndәlain	vt. 在...下面划线, 作...的衬里, 强调
underlined		a. 下划线的
underlines	ˌʌndəˈlainz	v. 在…下面画线( underline的第三人称单数 ); 加强, 强调
underneath	.ʌndә'ni:θ	adv. 在下面
underneaths	ʌndə'niːθ	prep. 在…的下面；在…的形式下；在…的支配下
understand	.ʌndә'stænd	vt. 理解, 了解, 领会, 听说, 懂
understanded		v. 懂得；了解；熟悉；知道
understander	ʌndəs'tændər	[体]下面人; [计]理解程序
understandest	ʌndə'stænd	vt.
understanding	.ʌndә'stændiŋ	n. 理解, 谅解
understandings	ʌndəs'tændɪŋz	n. 了解( understanding的复数形式 ); 相互理解; （非正式）协议; 理解（力）
understands	ˌʌndəˈstændz	v. 懂, 理解( understand的第三人称单数 ); 了解; 默认; 听说
undertake	.ʌndә'teik	vt. 试图, 从事, 保证, 承担, 同意, 接受
undertaked	ʌndə'teɪk	vt.
undertaker	'ʌndәteikә(r)	n. 承担者, 承办人, 企业家, 承办丧葬者, 殡仪员
undertakes	ˌʌndəˈteiks	v. 担任( undertake的第三人称单数 ); 保证; 着手; 承诺
undertakest	ʌndə'teɪk	vt.
undertaking	.ʌndә'teikiŋ	n. 事业, 企业, 保证
undertakings	ˈʌndəˌteɪkɪŋz	n. 企业( undertaking的复数形式 ); 保证; 殡仪业; 任务
underwear	'ʌndәwєә	n. 内衣
underweared	'ʌndəweə	n.
underwears	网络	[原型] underwears 是 underwear 的复数
undesirable	.ʌndi'zaiәrәbl	a. 不受欢迎的, 不合乎社会道德标准的
undesirables	ʌndɪ'zaɪərəblz	n. 不受欢迎的人, 不良分子( undesirable的复数形式 )
undo	.ʌn'du:	vt. 解开, 取消, 破坏, 毁灭, 扰乱
undoed	ʌn'duː	vt.
undoer		n. 破坏者, 勾引者
undoes	ʌnˈdʌz	v. 松开( undo的第三人称单数 ); 解开; 毁灭; 败坏
undoest	ʌn'duː	vt.
undoing	.ʌn'du:iŋ	n. 毁灭, 取消
undor	'ʌn'dɔ:	广义旋量
undoubtedly	ʌn'dajtidli	adv. 无疑, 必定, 确实地
uneasy	.ʌn'i:zi	a. 心神不安的, 不自在的, 不稳定的, 不舒服的
unemployment	.ʌnim'plɒimәnt	n. 失业, 失业人数
unemployments	ʌnɪm'plɒɪm(ə)nt; -em-	n. 失业；失业率；失业人数
unexpected	.ʌnik'spektid	a. 料想不到的, 突然的, 意外的
unfair	.ʌn'fєә	a. 不公平的, 不正直的, 不正当的
unfaired	ʌn'feə	adj.
unfairer		不公平的
unfairest		(unfair 的最高级) a. 不公平的, 不正直的, 不正当的
unfit	.ʌn'fit	a. 不适当的, 不胜任的, 不健康的
unfits		vt. 使不相宜, 使不合格（unfit的第三人称单数形式）
unfitted	.ʌn'fitid	a. 不适合的, 不合身的, 宽大的
unfitter	ʌn'fɪt	adj.
unfittest	ʌn'fɪt	adj.
unfitting	.ʌn'fitiŋ	a. 不适当的, 不相称的
unfold	.ʌn'fәuld	vt. 展开, 打开, 披露, 开展, 挑明
unfolded		a. 展开的；未折叠的；[石油]未褶皱的
unfolder		n. 推注器；展开装置
unfoldest	ʌn'fəʊld	vt.
unfolding	ʌn'fәuldiŋ	[化] 解折叠; 开折; 伸展
unfolds	ʌnˈfəuldz	v. 显露, 展现( unfold的第三人称单数 ); 展开, 打开
unforgettable	.ʌnfә'getәbl	a. 忘不了的, 令人难忘的
unfortunately	ʌn'fɔ:tjjnәtli	adv. 恐怕, 不幸的是
uniform	'ju:nifɒ:m	n. 制服
uniformed	'ju:nifɔ:md	a. 使成一样, 使一律化, 使一致
uniformer		变流机
uniformest	'juːnɪfɔːm	adj.
uniforming	'juːnɪfɔː(r)m	adj. 同一的；一致的；相同的；均匀的
uniformly	'ju:nifɔ:mli	adv. 一样, 一致, 相同, 一直不变, 一贯, 始终如一, 均质, 一律, 均匀
uniforms		n. 制服（uniform的复数）
uninhabited	'ʌnin'hæbitid	a. 无人居住的, 杳无人迹的
union	'ju:njәn	n. 联盟, 联合, 结合, 工会
unioned	'juːnjən; -ɪən	n.
uniones	网络	[原型] uniones 是 unione 的复数
unioning	'juːnjən; -ɪən	n.
unions		n. 工会；联合（union的复数）
unique	ju:'ni:k	a. 独一无二的, 独特的, 稀罕的
unit	'ju:nit	n. 单位, 分队, 部队, 单元, 部件, 装置
unite	ju:'nait	vi. 联合, 接合, 混合
united	ju:'naitid	a. 联合的, 团结的, 一致的, 和睦的
uniter	ju:'naɪtə	n. 联合者, 统一者, uniter team
unites	ju:ˈnaits	v. （使）联合, 合并, 统一( unite的第三人称单数 ); 团结; （为某事）联合, 联手, 团结
unities	ˈju:nitiz	n. 统一体( unity的名词复数 ); （艺术等） 完整; （文学、戏剧） （情节、时间和地点的）统一性; 团结一致
uniting	计	[原型] uniting 是 unite 的现在分词
unitr		n. 联合国调查训练研究所
units		n. 单位
unity	'ju:niti	n. 一致, 联合, 单一(性), 个体
universal	.ju:ni'vә:sl	a. 全世界的, 普遍的, 宇宙的, 通用的
universally	ju:ni'v\\:sәli	adv. 宇宙, 全世界, 普遍, 一般, 普通, 全体, 一致, 通用, 万能, 广用, 广泛
universals	ju:nɪ'vɜ:slz	n. [逻辑学]全称命题, 谓项( universal的复数形式 ); [哲学]一般概念
universe	'ju:nivә:s	n. 宇宙, 星系, (思想等)范围
universes	ˈju:nivə:siz	n. 宇宙( universe的复数形式 ); 天地万物; 星系; 某种经验体系
universities	ˌjuːnɪˈvɜː(r)sətiz	n. 大学( university的名词复数 )
university	.ju:ni'vә:siti	n. 大学
unjust	.ʌn'dʒʌst	a. 不公平的
unjuster	ʌn'dʒʌst	adj.
unjustest	ʌn'dʒʌst	adj.
unknown	.ʌn'nәun	a. 不知道的, 未知的, 陌生的
unknowns		n. 未知事件（unknown的复数）
unless	.ʌn'les	conj. 除非
unlesses	ʌn'les	unless
unlesss	ʌn'les	conj.
unlike	.ʌn'laik	a. 不像的, 不同的
unlikelies	ʌn'laɪklɪ	adj.
unlikely	.ʌn'laikli	a. 不太可能的
unliker	ʌn'laɪk	unlike
unlikes	ʌn'laɪk	adj.
unlikest	ʌn'laɪk	unlike
unlimited	.ʌn'limitid	a. 无限的, 不受限制的, 无条件的
unload	.ʌn'lәud	vi. 卸货
unloaded		a. 空载的
unloader	'ʌn'lәudә	卸载机, 卸车机, 卸料器, 卸车工, 减荷器
unloading	'ʌn'lәudiŋ	[计] 转储, 转存, 卸载, 去载
unloads	ˌʌnˈləudz	v. 从…卸下货物( unload的第三人称单数 ); 摆脱; 拆掉; 脱手
unlock	.ʌn'lɒk	vt. 开...的锁, 开启, 表露, 放出
unlocked	ˌʌnˈlɒkt	v. 开锁( unlock的过去式和过去分词 ); 开启; 揭开; 开着, 解开
unlocking	'ʌn'lɔkiŋ	n. 开锁；开放
unlocks	ʌnˈlɔks	v. 开锁( unlock的第三人称单数 ); 开启; 揭开; 开着, 解开
unlucky	.ʌn'lʌki	a. 不吉利的, 不祥的, 不幸的
unpaid	.ʌn'peid	a. 未付款的, 不支薪水的
unreasonable	.ʌn'ri:znәbl	a. 不合理的, 过度的, 不切实际的
unrest	.ʌn'rest	n. 不安的状态, 动荡的局面
unrested	ʌn'rest	n. 不宁, 不安；焦虑；动乱, 不安, 骚动
unrests		(unrest 的复数) n. 不安的状态, 动荡的局面
unsettling	'ʌn'setliŋ	a. 扰乱的, 使人不安的
unsettlings	ʌn'sɛtlɪŋ	adj. 使人不安的；（消息）扰乱的
unspoken	'ʌn'spәukәn	unspeak的过去分词
untie	.ʌn'tai	vt. 解开
untied	ʌnˈtaɪd	v. 松开, 解开( untie的过去式和过去分词 ); 解除, 使自由; 解决
untieing	ʌn'taɪ	vt. 解开；解决；使自由
unties	ʌnˈtaɪz	v. 松开, 解开( untie的第三人称单数 ); 解除, 使自由; 解决
until	әn'til	prep. 直到, 在...以前
untiling	ən'tɪl	prep.
untilled	'ʌn'tild	a. 未耕种的,未开垦的
unusual	.ʌn'ju:ʒu:l	a. 不寻常的, 罕见的, 与众不同的
unwary	.ʌn'wєәri	a. 不谨慎的, 不注意的, 粗心的, 易上当的
unwilling	.ʌn'wiliŋ	a. 不愿意的, 勉强的
up	ʌp	a. 向上的, 起床的, 涨的
update	ʌp'deit	vt. 更新, 使现代化
updated	ʌp'deitid	a. 更新的；现代化的
updates	ʌp'deits	n. 升级, 更新；补充资料（update复数形式）
upest		abbr. underproof；United Press(美国)合众社
uphold	ʌp'hәuld	vt. 支撑, 赞成, 鼓励, 举起, 坚持
upholder	ʌp'hәuldә	n. 支持者, 拥护者, 赞成者, 支撑物
upholding	ʌpˈhəuldɪŋ	v. 支持( uphold的现在分词 ); 维持; 赞成; 支撑
upholds	ʌpˈhəuldz	v. 支持( uphold的第三人称单数 ); 维持; 赞成; 支撑
upper	'ʌpә	a. 上面的, 较高的, 上级的, 上院的, 穿在外面的, 北部的, 地表的, 后期的
upperer	'ʌpə	upper
uppers	'ʌpəz	n. 鞋帮, 靴面( upper的复数形式 ); 兴奋剂
upright	'ʌprait	a. 正直的, 诚实的, 公正的, 垂直的, 竖式的
uprighted		(upright 的过去分词) a. 正直的, 诚实的, 公正的, 垂直的, 竖式的
uprighter	ʌp'raitә	(制瓶机的)顶车器
uprighting	'ʌp,raitiŋ	直立法, 直立, 竖直, (钟)孔修正
uprights	ˈʌpraits	n. （支撑用的）直柱, 立柱, 立放构件( upright的复数形式 )
uproar	'ʌprɒ:	n. 骚动, 喧嚣
uproared	'ʌprɔː	n. 扰乱；骚动；喧嚣，吵闹；噪声
uproars		(uproar 的第三人称 -s形式) n. 骚动, 喧嚣
ups		不间断电源
upset	ʌp'set	a. 弄翻的, 混乱的, 心烦的
upseting	ʌp'set	upset
upsets		n. 压折
upsetter	'ʌpsetə	（冷）镦锻机, 镦粗机, 镦锻工
upsettest		un. 镦锻行程；镦粗试验
upsetting	ʌp'setiŋ	[化] 镦(粗); 镦锻
upward	'ʌpwәd	a. 向上的
upwards	'ʌpwәdz	adv. 以上, 向上
uranium	ju'reiniәm	n. 铀
uraniums	网络	[原型] uraniums 是 uranium 的复数
urban	'ә:bәn	a. 都市的, 住在都市的, 习惯于都市的
urbaner	ɜː(r)'beɪn	adj. 文雅的；都[城]市气派的
urbanest	ɜː(r)'beɪn	adj. 有礼貌的；都[城]市气派的
urbaning	'ɜːb(ə)n	adj. 城市的，都市的；具有城市特征的；都市化的
urge	ә:dʒ	n. 冲动, 推动力, 迫切的要求
urged		vbl. 怂恿；催促
urgent	'ә:dʒәnt	a. 紧急的, 急迫的, 催逼的
urger	'ә:dʒә	n. 催促者, 督促者, 倡导者
urges	ə:dʒz	n. 强烈的愿望( urge的名词复数 ); 强烈的欲望; 冲动
urgest	'ɜːdʒ	vt. 力劝，敦促，催促；促使：；驱策；鼓励：
us	ʌs	pron. 我们
usa	ju: es 'ei	美国, 美利坚合众国, 美国陆军
usad		abbr. US Army Dispensary 美国部队门诊部
usage	'ju:sidʒ	n. 用法, 使用, 习惯, 惯用法, 习惯法
usages		n. 惯例；用法（usage的复数形式）
usar		abbr. United States Army Reserve 美国陆军后备队
usas	计	[原型] usas 是 usa 的复数
usd		abbr. 美元（USA dollar）；极限强度设计（Ultimate Strength Design）
use	ju:s	n. 使用, 习惯, 使用价值, 用法, 使用权
used	'ju:st	a. 使用过的, 二手的, 习惯的
useful	'ju:sful	a. 有用的, 有益的
useless	'ju:slis	a. 无用的, 无效的, 无益的
uselesser	ˈju:sləs	adj. 无用的；无价值的；无效的；无帮助的；无能的；不称职的
uselessest	ˈju:sləs	adj. 无用的；无价值的；无效的；无帮助的；无能的；不称职的
user	'ju:zә	n. 使用者
uses		abbr. 美国就业局（United States Employment Service）
usest	juːz	vt. 用，使用，应用：；行使，运用；发挥：
using	计	[原型] using 是 use 的现在分词
usr		abbr. 不加热血清反应素玻片试验（Unheated Serum Reagin）；用户服务例行程序（User Serv
uss		美国(工业)规格, 美国(工业)标准, 美国参议院
usual	'ju:ʒuәl	a. 平常的, 通常的
usually	'ju:ʒuәli	adv. 通常, 大抵
utensil	ju:'tensl	n. 器皿, 用具
utensils	ju:'tensɪlz	n. 器具, 用具, 器皿( utensil的名词复数 ); 器物
utilities		n. 实用工具, 实用程序；公共事业设备；公用事业；公用程式（utility的复数）
utility	ju:'tiliti	n. 功用, 有用之物, 实用, 公用事业, 实用程序
utilization	.ju:tilai'zeiʃәn	n. 利用
utilizations	网络	[原型] utilizations 是 utilization 的复数
utilize	'ju:tilaiz	vt. 利用
utilized		a. 被利用的
utilizer		n. 应用者（utilize的名词形式）
utilizes	ˈju:tilaiziz	v. 利用, 使用( utilize的第三人称单数 )
utmost	'ʌtmәust	n. 极限, 最大限度, 极度
utmosts	'ʌtməʊst	n. 极限；最大可能
utter	'ʌtә	a. 全然的, 绝对的, 完全的
uttered	ˈʌtəd	v. 以口发出声音( utter的过去式和过去分词 ); 说, 讲
utterest	'ʌtə(r)	v. 发出(声音等)；说；说明；公开申言
uttering	法	[原型] uttering 是 utter 的现在分词
utters	ˈʌtəz	v. 以口发出声音( utter的第三人称单数 ); 说, 讲
vacant	'veikәnt	a. 空的, 空白的, 空虚的, 空闲的, 茫然的, 空缺的
vacantes		瓦坎特
vacation	vei'keiʃәn	n. 假期, 休假
vacationed		vi. 度假（vacation的过去式与过去分词形式）
vacationer	vә'keiʃənә(r),vei-	n. 休假者；度假者
vacationing		vi. 度假（vacation的现在分词形式）
vacations	vəˈkeiʃənz	n. 假期( vacation的名词复数 ); （法庭的）休庭期
vaccinate	'væksineit	v. 预防接种
vaccinated	ˈvæksəˌneɪtid	a. [医]已接种的, 种痘的, 接种过疫菌的
vaccinates	ˈvæksəˌneɪts	v. 给…接种疫苗( vaccinate的第三人称单数 ); 注射疫苗, 接种疫苗
vaccination	.væksi'neiʃәn	n. 接种疫苗, 种痘
vaccinations	ˌvæksəˈneɪʃənz	n. <医>种痘, 接种( vaccination的复数形式 ); 牛痘疤
vacuum	''vækjuәm	n. 真空, 空间, 真空吸尘器
vacuumed		vt. 用真空吸尘器清扫（vacuum的过去式形式）
vacuumes	'vækjuəm	n. 真空；真空吸尘器；空白
vacuuming		n. 真空处理；资料移除
vacuums		n. 真空, 真空状态, 真空度, 空洞, 真空装置, 真空吸尘器, 空虚
vague	veig	a. 含糊的, 不清楚的, 茫然的
vagued	veɪg	adj. 含糊的，模糊的，不明确的；暧昧的，意向不明的
vaguer	veiɡə	a. 模糊的( vague的比较级 ); （思想上）不清楚的; （表达或感知）含糊的; 不具体的
vaguest		模糊的
vain	vein	a. 无价值的, 徒然的, 空虚的, 自负的, 愚蠢的
vainer	veinə	a. 自负的( vain的比较级 ); 爱慕虚荣的; 徒劳的; 无用的
vaines		瓦伊内
vainest		a. 自负的( vain的最高级 ); 爱慕虚荣的; 徒劳的; 无用的
valid	'vælid	a. 有确实根据的, 有法律效力的, 正当的, 正确的
validities	网络	[原型] validities 是 validity 的复数
validity	vә'liditi	n. 有效性, 正确性
valley	'væli	n. 山谷, 溪谷, 流域, 凹地
valleys	ˈvæliz	n. 山谷( valley的名词复数 ); 流域; 溪谷
valuable	'væljuәbl	a. 有价值的, 贵重的, 宝贵的, 可估价的
valuabler	'væljʊəb(ə)l	adj. 值钱的，贵重的；有价值的，有用的；珍贵的；重要的
valuables		-1
valuablest	'væljʊəb(ə)l	adj. 值钱的，贵重的；有价值的，有用的；珍贵的；重要的
value	'vælju:	n. 价值, 价格, 购买力, 评价, 估价, 计算结果
valued	'vælju:d	a. 经估价的, 贵重的, 受尊重的
valuer	'vælju:ә	n. 评价者, 定价员
values		n. 对价值的看法, 准则, 标准, 价值观念
valuest	'væljuː	n. 价值；价格
valve	vælv	n. 活瓣, 阀, 活门
valved		a. 装有阀的
valver	vælv	n. 【机械装置】阀，活门；【解剖学】瓣，瓣膜
valves		n. 阀门；真空管；瓣膜（valve的复数）
van	væn	n. 货车, 篷车, 先锋, 前驱, 前卫
vancouver	væn'ku:vә	n. 温哥华（加拿大主要港市）
vancouvers	væn'ku:və	n. 温哥华（加拿大主要港市）
vaned	'vænd	a. 变化不定的, 反复无常的
vanes		n. 叶片；风向标（vane的复数）
vanish	'væniʃ	vi. 消失, 不见, 成为零
vanished		n. 销声匿迹, 无影无踪（美国电视连续剧剧名）
vanisher		n. vanish的变形
vanishes	ˈvæniʃiz	v. 消失( vanish的第三人称单数 ); 突然不见; 不复存在; 绝迹
vanishest	'vænɪʃ	vi. 消失；突然不见：；(尤指神秘地)离去；消散：
vanishing	'væniʃiŋ	a. 消没的
vanned	væn	n. 【军】先锋；(有盖的)载货大马车；【铁路】行李车
vanner	'vænә	淘矿机, 带式流槽
vanning	'væniŋ	淘矿
vans		n. 先锋；前卫；大蓬货车（van的复数）
vapour	'veipә	n. 汽, 蒸气
vapoured	'veɪpə(r)	n. 汽；霭；【物】汽化液体；没有实质的东西
vapourer	'veɪpə	n.
vapouries		a. 蒸汽的, 含蒸汽的, 模糊的
vapouring	'veipәriŋ	夸口的言谈, 傲慢的态度, 无节制的举动, 蒸发的,似蒸气的
vapours	'veɪpəz	n. 潮气, 水汽( vapour的复数形式 ); 蒸汽
variable	'vєәriәbl	n. 易变的事物, 变数, 可变物, 变量
variabler	'veərɪəb(ə)l	adj. 易变的；多变的，变化无常的；可变的，能变的，可改动的
variables		n. 变量
variablest	'veərɪəb(ə)l	adj. 易变的；多变的，变化无常的；可变的，能变的，可改动的
variation	.vєәri'eiʃәn	n. 变更, 变化, 变种, 变奏
variations		n. 变奏曲, 变更；变种（variation的复数形式）
varies		n. 多重复合
varieties	vəˈraiətiz	n. 种种( variety的名词复数 ); 品种; 变化; （基于遗传差异的）变种
variety	vә'raiәti	n. 多样, 种类, 变种, 杂耍
various	'vєәriәs	a. 不同的, 各种的, 多方面的, 许多的, 个别的, 杂色的
vary	'vєәri	vt. 改变, 使多样化
varying	计	[原型] varying 是 vary 的现在分词
vase	veis	n. 花瓶, 瓶
vases		n. 花瓶（vase的复数）
vast	vɑ:st	a. 巨大的, 广大的, 非常的, 大量的
vaster	vɑ:stə	a. 巨大的( vast的比较级 ); 广大的; 广阔的; 大量的
vastes	网络	[原型] vastes 是 vaste 的复数
vastest		a. 巨大的( vast的最高级 ); 广大的; 广阔的; 大量的
vasts	vɑːst	adj. 广阔的；巨大的；大量的；巨额的
vault	vɒ:lt	n. 拱顶, 窖, 地下室, 撑竿跳, 穹窿
vaulted	'vɒ:ltid	a. 有拱顶的, 圆顶的, 拱形的
vaulter		n. 撑竿跳者
vaultest	vɔːlt	n. 【建筑工程】拱顶；穹隆；拱顶室；(尤指)地下拱顶室；地窖
vaulting	'vɒ:ltiŋ	n. 拱形圆顶, 拱顶建筑, 跳跃
vaults	vɔ:lts	n. 拱顶( vault的名词复数 ); 地下室; 撑物跳高; 墓穴
vector	'vektә	n. 矢量, 传病媒介
vectored		定向的
vectoring	'vektәriŋ	[计] 向量化, 引导, 制导, 定向
vectors		n. 带菌者；向量（vector的复数）
vegetable	'vedʒәtәbl	n. 蔬菜, 植物, 无精打采之人
vegetables		n. 菜类；蔬菜（vegetable的复数形式）
vehicle	'vi:ikl	n. 交通工具, 车辆, 传播媒介
vehicled	ˈviːɪk(ə)l	n. 运载工具, 运输工具；媒介物, 媒质；传播媒介
vehicles		n. 交通工具；车辆（vehicle的复数形式）
veil	veil	n. 面纱, 面罩, 借口, 幕, 帐, 遮蔽物
veiled	veild	a. 蒙上面纱的, 用幕遮盖的, (声音)不清楚的, 掩饰的, 遮遮盖盖的, 隐蔽的
veiler	veɪl	n. 面纱；面网；面罩；(修女戴的)头巾
veilest	veɪl	n. 面纱；面网；面罩；(修女戴的)头巾
veiling	'veiliŋ	n. 蒙面纱, 面纱, 面纱布料
veils	veilz	n. 层式法；面纱（veil的复数）
vein	vein	n. 血管, 静脉, 纹理, 气质, 情绪
veined	'veind	a. 有脉纹的, 有叶脉的, 有纹理的
veiner	'veinә	V形小凿(木刻用)
veining	'veiniŋ	n. 脉纹的形成, 脉纹的排列
veins		n. 纹理；静脉（vein的复数）
velocities	viˈlɔsitiz	n. 速度( velocity的名词复数 ); 高速, 快速
velocity	vi'lɒsәti	n. 速度, 迅速
velvet	'velvit	n. 天鹅绒
velveted		穿着天鹅绒的, 天鹅绒覆盖的
velveting	'velvitiŋ	天鹅绒的绒毛
velvets		(velvet 的复数) n. 天鹅绒
vengeance	'vendʒәns	n. 复仇, 报仇
vengeances	网络	[原型] vengeances 是 vengeance 的复数
venom	'venәm	n. 毒液, 恶意
venomed	'venəmd	a. 恶毒的, 含有恶意的
venoming		放毒（venom的现在分词形式）
venomous	'venәmәs	a. 有毒的, 恶毒的, 分泌毒液的, 有毒腺的
venoms		(venom 的复数) n. 毒液, 恶意
ventilate	'ventileit	vt. 使空气流通, 使通风, 公开讨论, 公开
ventilated	'ventileitid	a. 通风的
ventilates	ˈventileits	v. 使通风( ventilate的第三人称单数 ); 通风; 公开; 公开讨论
venture	'ventʃә	n. 冒险, 风险
ventured	ˈventʃəd	v. 敢于, 冒险( venture的过去式和过去分词 ); 冒…的危险; 拿…冒险; 用…进行投机
venturer		n. 冒险者, 投机者
ventures	ˈventʃəz	v. 敢于, 冒险( venture的第三人称单数 ); 冒…的危险; 拿…冒险; 用…进行投机
venturest	'ventʃə	n. 冒险；冒险行动；商业冒险；投机；冒险事业
venus	'vi:nәs	n. 维纳斯(爱与美的女神), 金星
venuses	ˈvi:nəsiz	n. 金星( Venus的名词复数 ); 维纳斯
venuss	'viːnəs	Venus
verbal	'vә:bl	a. 用言辞的, 言语的, 口头的, 逐字的, 动词的
verbaled	'vɜːb(ə)l	adj. 口头的；言语的；动词的；照字面的
verbaling	'vɜːb(ə)l	adj. 口头的；言语的；动词的；照字面的
verballed	'vɜː(r)b(ə)l	adj. 言语(上)的；文字的；用字上的；口头的
verballing	'vɜː(r)b(ə)l	adj. 话的；文字的；字句的；口头的
verbals		(verbal 的复数) a. 用言辞的, 言语的, 口头的, 逐字的, 动词的
verge	vә:dʒ	n. 边缘, 边界, 起始点
verged		vi. 接近, 逼近（verge的过去式与过去分词形式）
verger	'vә:dʒә	n. 执权标的人, 教堂司事
verges	və:dʒz	n. 边, 边缘, 界线( verge的名词复数 )
veries	'verɪ	very
verifies	ˈverifaiz	v. [计算机]检验( verify的第三人称单数 ); 证实; [军械]核查; 查对
verify	'verifai	vt. 证明, 查证, 证实, 检验, 校验
verifying	计	[原型] verifying 是 verify 的现在分词
versatile	'vә:sәtail	a. 多才多艺的, 万用的, 万向的
verse	vә:s	n. 诗, 韵文, 诗句
versed	vә:st	a. 熟练的, 精通的
verses	və:siz	n. 诗( verse的名词复数 ); 韵文; 诗节; (<圣经>的)节
version	'vә:ʒәn	n. 一种描述, 版本, 译文
versioned	'vɜː(r)ʃ(ə)n	n. 版本；形式；变形；翻译
versioner	'vɜːʃ(ə)n	version
versioning	'vɜ:ʃnɪŋ	版本控制; 版本管理; 版本协调
versions		n. 版本；译本
versus	'vә:sәs	prep. 对...
vertical	'vә:tikl	a. 垂直的, 直立的
verticals		(vertical 的复数) a. 垂直的, 直立的
very	'veri	a. 真正的, 恰好的, 十足的, 特有的
vessel	'vesl	n. 船, 容器, 脉管
vesseled	'vesəl	vesseled
vessels		n. 容器；船舶；血管（vessel的复数）
vest	vest	n. 背心, 汗背心
vested	'vestid	a. 穿衣服的, 既得的, 既定的
vestest	vest	n. 背心，马甲；女式背心；(女装胸前的)V形装饰布 [参较 dickey]
vesting	'vestiŋ	[经] 归属, 授予
vests		n. <英>女式背心( vest的名词复数 ); <美>马甲; 背心; （印有运动员编号的）运动背心
vet	vet	n. 兽医
veteran	'vetәrәn	n. 老手, 退伍军人, 老兵, 老树
veterans	'vetərənz	n. 经验丰富的人, 老兵( veteran的复数形式 ); 退伍军人
veto	'vi:tәu	n. 否决权
vetoed	'viːtəʊ	n. 否决权
vetoer		n. 否决者
vetoes	'vi:təʊz	n. 否决权, 否认权( veto的名词复数 ); 行使否决权
vetoing	'viːtəʊ	n. 否决权
vets	vets	abbr. veterans （复数）老手, <美国>退伍军人; veterinaries （复数）兽医
vetted	vetid	v. 审查（某人过去的记录、资格等）( vet的过去式和过去分词 ); 调查; 检查; 诊疗
vetter	'vetә(r)	n. <主英>检查者,审查者
vetting	法	[原型] vetting 是 vet 的现在分词
via	vaiә	prep. 经由, 经过, 通过
viad	'vaɪəd	abbr. viaduct 高架桥
viar		abbr. Volcani Institute of Agricultural Research (Israel) <以
vibrate	'vaibreit	vi. 振动, 颤动, 激动, 摇摆, 踌躇
vibrated		v. 响遍四方, 十分响亮（vibrate的过去式）
vibrates	vaiˈbreits	v. （使）振动[颤动]( vibrate的第三人称单数 )
vice	vais	n. 恶习, 恶行, 罪恶, 堕落, 缺陷, 恶癖, 老虎钳
viced	vaɪs	n. 恶习；缺点；[机] 老虎钳；卖淫
vices		n. 恶习；罪恶（vice的复数形式）
vicinities		(vicinity 的复数) n. 附近, 邻近, 附近地区, 近处
vicinity	vi'siniti	n. 附近, 邻近, 附近地区, 近处
vicious	'viʃәs	a. 邪恶的, 堕落的, 品性不端的, 恶毒的, 恶性的, 有错误的
viciouser	'vɪʃəs	adj. 罪恶的，邪恶的，道德败坏的；有恶习的；堕落的；荒淫的
viciousest	'vɪʃəs	adj. 罪恶的，邪恶的，道德败坏的；有恶习的；堕落的；荒淫的
victim	'viktim	n. 受害人, 牺牲者, 牺牲品
victims		n. 受害者, 牺牲者；受灾群众（victim的复数）
victor	'viktә	n. 胜利者
victoried	'vɪkt(ə)rɪ	n. 胜，战胜，胜利；成功；征服
victories	ˈviktəriz	n. 胜利, 成功, 赢( victory的名词复数 )
victors	ˈviktəz	n. 胜利者, 获奖者( victor的复数形式 )
victory	'viktәri	n. 胜利, 战胜, 克服
victorying	'vɪkt(ə)rɪ	n. 胜，战胜，胜利；成功；征服
video	'vidiәu	n. 影像, 电视
videoed		vt. 录像（video的过去式与过去分词形式）
videoing		vt. 录像（video的现在分词形式）
videophone	'vidiәu'fәun	n. 电视电话
videophones		(videophone 的复数) n. 电视电话
videos		n. 视频文件；影像资料（video的复数）
vietnam	.vjet'næm	n. 越南
vietnames		a. 越南的
vietnams		n. 【国】越南；位于东南亚
view	vju:	n. 视野, 风景, 见解, 视力, 观看, 视图, 指望, 意图, 印象
viewed	vju:d	vt. 看（view的过去式与过去分词形式）
viewer	'vju:ә	n. 观察者, 看电视者, 视察员, 观察器
viewest	vjuː	n. 看，观看，览；视力；视阈，视野
viewing	'vju:iŋ	[计] 可见的
views		n. 景点；见解；查看；视图（view的复数）
vigorous	'vigәrәs	a. 精力充沛的, 元气旺盛的, 茁壮的, 有力的
vigour	'vigә	n. 精力, 活力, 力量, 效力, 气势
vigoured	'vɪgə	n. 力量；元气，气势；精力；体力
vigouring	'vɪgə	n. 力量；元气，气势；精力；体力
vigours		维格斯
viking	'vaikiŋ	n. 海盗
vikings	ˈvaikiŋz	n. 海盗, 北欧海盗, <口>斯堪的纳维亚人( Viking的复数形式 )
villa	'vilә	n. 别墅
village	'vilidʒ	n. 村庄
villaged	'vɪlɪdʒ	village
villager	'vilidʒә	n. 村民
villages	'vɪlɪdʒəz	n. 村( village的复数形式 ); 乡村; 村庄; 村镇
villas	ˈvɪləz	n. 别墅, 公馆( villa的名词复数 ); <英>（城郊）住宅
vine	vain	n. 藤本植物, 葡萄, 藤, 蔓
vined		vi. 形成藤蔓（vine的过去式与过去分词形式）
vinegar	'vinigә	n. 醋, 尖酸刻薄
vinegared		酸的, 尖刻的；醋腌的
vinegaring	'vɪnɪgə	n. 醋；尖酸，刻薄
vinegars		(vinegar 的复数) n. 醋, 尖酸刻薄
viner	'vainә	豌豆收割机
vines	计	[原型] VINES 是 vine 的复数
violate	'vaiәleit	vt. 违犯, 亵渎, 违反, 侵犯, 妨碍
violated	ˈvaiəleitid	v. 亵渎( violate的过去式和过去分词 ); 违反; 侵犯; 强奸
violates	ˈvaiəleits	v. 亵渎( violate的第三人称单数 ); 违反; 侵犯; 强奸
violatest	'vaɪəleɪt	vt. 违犯；违反；违背；侵犯：；扰乱；妨害；妨碍：
violation	.vaiә'leiʃәn	n. 违反, 违背, 妨碍
violations	vaɪə'leɪʃnz	n. 违反( violation的复数形式 ); 冒犯; 违反（行为、事例）; 强奸
violence	'vaiәlәns	n. 猛烈, 暴力, 暴虐, 暴行
violences	网络	[原型] violences 是 violence 的复数
violent	'vaiәlәnt	a. 暴力的, 猛烈的, 激烈的, 极端的, 凶暴的
violented	'vaɪəl(ə)nt	adj. 激烈的，猛烈的，强烈的；暴力的；由暴力引起的；伤害的
violentest	'vaɪəl(ə)nt	adj. 激烈的，猛烈的，强烈的；暴力的；由暴力引起的；伤害的
violenting	'vaɪəl(ə)nt	adj. 激烈的，猛烈的，强烈的；暴力的；由暴力引起的；伤害的
violet	'vaiәlit	n. 堇菜, 紫罗兰
violeter		将…染成紫色，将…涂成紫色
violetest	'vaɪələt	维奥利特(女子名) [亦作 Violette, violetta]
violets	ˈvaiəlits	n. 紫罗兰( violet的复数形式 ); 蓝紫色, 紫罗兰色
violin	.vaiә'lin	n. 小提琴
violinist	.vaiә'linist	n. 小提琴演奏者, 小提琴家
violinists	vaɪəˈlɪnɪsts	n. 小提琴手( violinist的复数形式 )
violins	vaɪə'lɪnz	n. 小提琴( violin的复数形式 )
virgin	'vә:dʒin	n. 处女
virgines	网络	[原型] virgines 是 virgine 的第三人称单数
virgins	ˈvə:dʒinz	n. 处女, 童男( virgin的复数形式 ); 童贞玛利亚（耶稣之母）
virtual	'vә:tʃuәl	a. 实际上起作用的, 虚的, 实质的, 有效的, 事实上生效的
virtually	'vә:tʃuәli	adv. 事实上
virtue	'vә:tju:	n. 德行, 美德, 优点, 功效, 效力
virtues	'vɜ:tʃu:z	n. 美德( virtue的复数形式 ); 德行; 优点; 长处
virus	'vaiәrәs	n. 病毒, 滤过性病毒, 毒害
viruses		n. 病毒；病霉（virus的复数）
viruss	'vaɪrəs	virus
visa	'vi:zә	n. 签证
visaed		vt. 签发签证（visa的过去式与过去分词形式）
visaing		vt. 签发签证（visa的现在分词形式）
visas	ˈvi:zəz	n. 签证( visa的名词复数 )
viscous	'viskәs	a. 粘的, 粘性的
visible	'vizәbl	a. 看得见的, 明显的, 显然的
visibler	ˈvɪzəbl	adj. 看得见的，可见的；明显的，显然的；引起公众注意的
visibles	'vizәblz	(国际收支项目中的)有形贸易收支
visiblest	ˈvɪzəbl	adj. 看得见的，可见的；明显的，显然的；引起公众注意的
vision	'viʒәn	n. 视觉, 眼光, 视力, 幻想
visioned	'vɪʒ(ə)n	n. 视力；美景；眼力；幻象；想象力
visioning	'vɪʒ(ə)n	n. 视力；美景；眼力；幻象；想象力
visions		n. 视力；愿景；幻觉（vision的复数）
visit	'vizit	n. 拜访, 访问, 游览, 视察
visited		v. 拜访, 访问（visit的过去式）
visiter		学监
visites	网络	[原型] visites 是 visite 的复数
visitest	'vɪzɪt	vt. 参观；游览；去到(某地)：；访问，拜访；作客：
visiting	'vizitiŋ	n. 参观, 拜访, 访问
visitor	'vizitә	n. 参观者, 游客, 访客
visitors		n. 访问者, 游客（visitor 复数）
visits		v. 参观；拜访；视察（visit的第三人称单数）
visual	'viʒuәl	a. 视觉的
visuals	'vɪʒʊəlz	n. 视觉资料（指说明性的图片, 影片等）( visual的名词复数 )
vital	'vaitl	a. 生命的, 重要的, 充满活力的, 生死攸关的, 致命的
vitales	网络	[原型] vitales 是 vitale 的复数
vitals	'vaitlz	n. 重要器官, 要害, 命脉
vitamin	'vaitәmin	n. 维生素
vitamined	'vɪtəmɪn; 'vaɪt-	vitamin
vitamins	vaɪtəmɪnz	n. 维生素（ vitamin的复数形式 ）
vivid	'vivid	a. 生动的, 鲜明的, 鲜艳的, 活泼的, 逼真的, 清晰的
vivider		生动的
vivids	'vɪvɪd	adj. 鲜明的；鲜艳的；强烈的；活泼的；有生气的
vocabularies	vəˈkæbjuləriz	n. （某一语言的）词汇( vocabulary的名词复数 ); （尤指外语教科书中附有释义的）词汇表; （某人掌握或使
vocabulary	vә'kæbjulәri	n. 词汇(量), 词汇表
vocation	vәu'keiʃәn	n. 职业, 天命, 天职, 才能, 行业
vocations	vəʊˈkeɪʃənz	n. （认为特别适合自己的）职业( vocation的复数形式 ); 使命; 神召; （认为某种工作或生活方式特别适合自
voice	vɒis	n. 声音, 嗓音, 嗓子, 愿望, 发言权, 表达, 喉舌, 语态
voiced	vɒist	a. 嗓音...的, 浊音的
voicer		播音员
voices		n. 声音
voicest	vɒɪs	n. 嘴里发出的声音；发音官能；说话官能
void	vɒid	n. 空虚, 空间, 空白, 空隙, 空虚感
voided	ˈvɔidid	a. 空的； （纹章图案）中空的
voider		n. 放弃；废弃的人（物）
voidest	网络	[原型] voidest 是 void 的最高级
voiding	计	[原型] voiding 是 void 的现在分词
voids		n. 空洞, 孔洞；空隙率, 结点间（void的复数）
volcanic	vɒl'kænik	a. 火山的, 猛烈的
volcanics	vɔl'kæniks	火山岩
volcano	vɒl'keinәu	n. 火山
volcanoes	vɔlˈkeinəuz	n. 火山( volcano的名词复数 )
volcanologies	,vɒlkə'nɒlədʒɪ	n. [地质] 火山学
volcanologist	vɔlkә'nɔlәdʒist	n. 火山学家
volcanologists	网络	[原型] volcanologists 是 volcanologist 的复数
volcanology	.vɒlkә'nɒlәdʒi	n. 火山学
volcanos		(volcano 的复数) n. 火山
volleyball	'vɒlibɒ:l	n. 排球
volleyballs		排球（运动）( volleyball的名词复数 )
volt	vәult	n. 伏特
voltage	'vәultidʒ	n. 电压, 伏特数
voltages	ˈvəultidʒz	n. 电压, 伏特数( voltage的复数形式 )
voltes	'vɔlt 'fɑs	n. 回
volts	vəults	n. <物>（电压单位）伏特( volt的复数形式 )
volume	'vɒljum	n. 册, 卷, 体积, 容量, 大量, 许多, 份量, 音量
volumed		a. 成卷的, 大量的, 大的
volumes	'vɒlju:mz	n. 量( volume的复数形式 ); 书; 音量; 卷
voluntaries	ˈvɔləntəriz	n. 自愿的( voluntary的名词复数 ); 志愿的; 义务的; 可控的
voluntary	'vɒlәntәri	a. 自动的, 自愿的, 故意的, 志愿的, 自发的
volunteer	.vɒlәn'tiә	n. 志愿者
volunteered	ˌvɔlənˈtiəd	v. 自动提供, 自愿效劳( volunteer的过去式和过去分词 ); 主动建议（或告诉）; （未经当事人同意）举荐;
volunteering	ˌvɔlənˈtiərɪŋ	v. 自动提供, 自愿效劳( volunteer的现在分词 ); 主动建议（或告诉）; （未经当事人同意）举荐; 自愿参
volunteers	ˌvɔlənˈtiəz	n. 义务工作者( volunteer的名词复数 ); 志愿者; 自告奋勇者; 主动做某事的人
vomit	'vɒmit	vt. 吐出, 呕吐
vomited		(vomit 的过去时) vt. 吐出, 呕吐
vomiter		n. 呕吐的人
vomitest	'vɒmɪt	vi. 呕吐：；喷；(火山)喷出岩浆
vomiting		n. 呕吐
vomits	ˈvɔmits	n. 呕吐物( vomit的名词复数 )
vote	vәut	n. 投票, 选举, 选票, 表决, 选举权, 得票数
voted		表决的
voter	'vәutә	n. 选民, 投票人
votes		v. 投票；提倡（vote的第三人称单数形式）
votest	vəʊt	n. 投票；表决；选举；票，选票
vow	vau	n. 誓约, 誓言, 许愿
vowed		vt.& vi. 起誓, 发誓（vow的过去式与过去分词形式）
vowel	'vauәl	n. 元音
voweled	'vaʊəl	【语音学】
vowels	ˈvaʊəlz	n. 元音, 元音字母( vowel的复数形式 )
vower		n. 发誓者, 宣誓者
vowest	vaʊ	n. 誓，誓言；(对神衹等的)发誓；许愿
vowing		vt.& vi. 起誓, 发誓（vow的现在分词形式）
vows		n. 婚誓；誓约（vow的复数）
voyage	'vɒiidʒ	n. 航行, 航海, 航程, 旅行, 航空
voyaged	ˈvɔiidʒd	v. 航行, 远行, （尤指）远航( voyage的过去式和过去分词 )
voyager	'vɒiidʒә	n. 航行者, 航海者
voyages	ˈvɔiidʒz	n. 航行, 航海, 航天( voyage的名词复数 )
voyagest	'vɒɪɪdʒ	n. 航海；航空；航行；航程；长途旅行；充满冒险的旅行
vulgar	'vʌlgә	a. 粗俗的, 庸俗的, 普通的, 通俗的, 方言的
vulgares	网络	[原型] vulgares 是 vulgare 的复数
vulgars	'vʌlgə	adj. 粗俗的；通俗的；本土的
wade	weid	vi. 跋涉
waded	weidid	v. （从水、泥等）蹚, 走过, 跋( wade的过去式和过去分词 )
wadeing		(wade 的现在分词) vi. 跋涉
wader	'weidә	n. 涉水者, 涉禽, 高统防水长靴
wades	weidz	v. （从水、泥等）蹚, 走过, 跋( wade的第三人称单数 )
wadest	'weid	韦德(男子名)
wag	wæg	vt. 摇摆, 摇动, 饶舌
wage	weidʒ	n. 工资, 报应, 报偿
waged		a. 有职业的；有工作的；支付工资的
wager	'weidʒә	n. 赌注, 赌博, 赌物
wages		n. 工资, 报酬, 薪金, 工钱, 报应, 报答, 年产额
wagged	wæɡd	v. （使）摇动, 摇摆( wag的过去式和过去分词 )
wagger		n. wag的变形
wagging		a. 摇动的, 摆动的
waggon		n. 运货车, 四轮运货马车, (英)铁路货车, 流动服务车, 小型客车, 囚车, 童车
waggoned		(waggon 的过去时) n. 运货车, 四轮运货马车, (英)铁路货车, 流动服务车, 小型客车, 囚车, 童车
waggoner	'wægənɚ	n. 御夫（星）座
waggoning		(waggon 的现在分词) n. 运货车, 四轮运货马车, (英)铁路货车, 流动服务车, 小型客车, 囚车, 童车
waggons		(waggon 的复数) n. 运货车, 四轮运货马车, (英)铁路货车, 流动服务车, 小型客车, 囚车, 童车
waging	weidʒɪŋ	v. 开始( wage的现在分词 ); 发动; 进行; 继续（战争、战斗等）
wagr		abbr. Western Australian Government Railways 西澳大利亚政府铁路
wags	'wæɡz	abbr. weighted agreement scores 加权的协议分数
waist	weist	n. 腰部, 腰
waisted		(waist 的过去时) n. 腰部, 腰
waister	'weistə	n. 船中部水手
waisting	'weistiŋ	作妇女胸衣或背心用的料子
waists	weists	n. 腰( waist的复数形式 ); （衣服的）腰部; 有…腰身的; 中间凹入的部分
wait	weit	n. 等待, 等候
waited	weitid	v. 等候( wait的过去式和过去分词 ); 等待; （尤指长期地）希望; 盼望
waiter	'weitә	n. 侍者
waites	人名	[原型] waites 是 waite 的复数
waitest	weɪt	vi. 等待，等候，期待，期望：；准备好；在手边：
waiting	'weitiŋ	n. 等候
waitress	'weitris	n. 女侍者, 女服务员
waitressed		(waitress 的过去分词) n. 女侍者, 女服务员
waitresses	ˈweɪtrɪsiz	n. （女）服务员, （女）侍应生( waitress的名词复数 )
waitressing		女服务员工作
waits	weits	v. 等候( wait的第三人称单数 ); 等待; （尤指长期地）希望; 盼望
wake	weik	vt. 叫醒, 激发
waked		wake的过去式和过去分词
waken	'weikn	vt. 唤醒, 使觉醒, 激发
wakened	ˈweikənd	v. 醒来, 睡醒( waken的过去式和过去分词 ); 唤醒, 弄醒; （使）觉醒, （使）振奋, 激发
wakener		n. 唤醒者
wakenest	'weɪk(ə)n	vi. 醒，醒来，睡醒：；觉醒，振奋
wakening	ˈweikənɪŋ	v. 醒来, 睡醒( waken的现在分词 ); 唤醒, 弄醒; （使）觉醒, （使）振奋, 激发
wakens	ˈweikənz	v. 醒来, 睡醒( waken的第三人称单数 ); 唤醒, 弄醒; （使）觉醒, （使）振奋, 激发
waker		唤醒的人
wakes	weiks	v. 醒( wake的第三人称单数 ); 唤醒; 唤起（记忆）; 使再次感觉到
wakest	weɪk	vi. (或英国偶作 woken 或 woke),waking；醒，醒来，苏醒(常与 up 连用)：
wales	weilz	n. 威尔士
waleses	网络	[原型] waleses 是 walese 的复数
waless	weilz	Wales
walk	wɒ:k	n. 走, 散步, 步行, 行走的路程, 竞走, 散步场所
walked		v. 走路；散步（walk的过去分词）
walker	'wɒ:kә	n. 徒步者, 轻便鞋
walkes		(walke 的第三人称 -s形式)  [人名] 沃克
walkest	wɔːk	vi. 走，行走：；步行；(动物)慢步走：
walkies	ˈwɔ:kiz	n. <英><非正>散步（用于对狗发话）
walking	'wɒ:kiŋ	n. 步行, 步态
walks		n. 搭板, 跳板
wall	wɒ:l	n. 墙, 墙壁, 垣, 内壁, 分界物, 屏障
walled	wɔ:ld	a. 有城墙的
waller	'wɔlә	n. 石垛工；煤矿井下充填工
walles		n. (Walles)人名；(瑞典)瓦勒斯
wallet	'wɒlit	n. 皮夹
wallets	ˈwɔlits	n. （放钞票、信用卡的）钱夹( wallet的复数形式 ); 皮夹; （携带文件用的）皮夹; 塑料夹
wallies	ˈwɔliz	n. 笨蛋, 废物( wally的复数形式 )
walling	'wɔ:liŋ	n. 砌墙；墙壁
walls		n. 墙壁；墙体（wall的复数）
walnut	'wɒ:lnәt	n. 胡桃
walnuts	'wɔ:lnʌts	n. 胡桃（树）( walnut的复数形式 ); 胡桃木
wander	'wɒndә	vi. 游荡, 漫步, 徘徊, 迷路, 离题, 蜿蜒
wandered	ˈwɔndəd	v. 漫游( wander的过去式和过去分词 ); 走神; 神志恍惚; （思想）开小差
wanderer	'wɒndәrә	n. 漫游者, 流浪者, 徘徊者
wandering	'wɒndәriŋ	a. 漫游的, 徘徊的, 流浪的, 蜿蜒的
wanders	ˈwɔndəz	v. 漫游( wander的第三人称单数 ); 走神; 神志恍惚; （思想）开小差
want	wɒnt	n. 需要的东西, 缺乏, 贫困, 需要
wanted	'wɔntid. 'wɔ:n-	a. 被通缉的
wanter		缺[贫]乏者
wantest	wɒnt	vt. 不足，不够；没有：；欠缺；缺少：
wanting	'wɒntiŋ	a. 欠缺的, 不足的, 不够格的
wants		n. 需求, 欲望, 必需品
war	wɒ:	n. 战争, 战争状态, 战术, 军事, 冲突, 斗争, 竞争
ward	wɒ:d	n. 病房, 守卫, 保卫, 保护, 监护, 牢房, 行政区, 锁孔内的榫舌
warded	'wɔ:did	有锁孔的, 有钥匙榫槽的
warder	'wɒ:dә	n. 看守, 守卫, 看门人
wardes	人名	(warde 的复数)
wardest	wɔːd	n. 沃德(男子名)
warding		vt. 监护, 守护（ward的现在分词形式）
wardrobe	'wɒ:drәub	n. 衣橱, 衣室, 全部衣服
wardrobed	'wɔːdrəʊb	n. 衣柜，衣橱；(剧院等的)衣帽间，小藏衣室
wardrobes	ˈwɔ:drəubz	n. 衣柜( wardrobe的复数形式 ); （英国）放置衣物的壁橱; （一个人的）全部服装; （剧院或电视公司的）服
wards		n. 受监护的未成年人；守卫；监禁；病房（ward的复数）
ware	wєә	n. 物品, 器具, 货物, 商品, 陶器
wared	weə(r)	n. 成品；陶器；商品；(演员等的)看家本领
warehouse	'wєәhaus	n. 仓库, 货栈, 大商店
warehoused	'weəhaʊs	n. 仓库；货栈；大商店
warehouser	'wεəhauzə	n. =warehouseman
warehouses	ˈwɛəhausiz	n. 仓库, 货栈( warehouse的名词复数 )
wares		n. 货物, 商品
warfare	'wɒ:fєә	n. 战争, 战斗, 交战, 斗争, 竞争
warfared	'wɔːfeə	n. 战争；交战，武装冲突；斗争；竞争；冲突
warfarer	'wɔːfeə	n. 战争；交战, 武装冲突；斗争；竞争；冲突
warfares	网络	[原型] warfares 是 warfare 的复数
waring		n. 华林（一数学问题, 自定义记录中删除将不会付诸循环）；华陵（姓氏）
warlike	'wɒ:laik	a. 准备战斗的, 好战的, 尚武的, 勇于作战的, 军事的
warliker	'wɔːlaɪk	adj. 好战的，挑战的；战斗的；军事的
warlikest	'wɔːlaɪk	adj. 好战的，挑战的；战斗的；军事的
warm	wɒ:m	a. 暖和的, 暖的, 温暖的, 热烈的, 兴奋的, 激烈的, 多情的, 色情的
warmed	wɔ:md	v. （使）变暖, 被加热, 暖和起来( warm的过去式和过去分词 ); （使）变得更友好, 变得更可爱; 亲热
warmer	'wɒ:mә	n. 进行加热的人, 取暖器
warmest		暖和的
warm-hearted		a. 热烈的, 热心的, 富有同情心的, 热情的
warming	'wɔ:miŋ	n. 暖和, 加温, 暖热, 温暖, (非正式)打, 鞭打
warms	wɔ:mz	v. （使）变暖, 被加热, 暖和起来( warm的第三人称单数 ); （使）变得更友好, 变得更可爱
warmth	wɒ:mθ	n. 温暖, 温情, 暖和, 激动, 生气
warmths	网络	[原型] warmths 是 warmth 的复数
warn	wɒ:n	vt. 警告, 提醒, 通知
warned		a. 已警告的
warner	'wɔ:nә	n. 警告者, 告诫者, 预告者
warnes	网络	[原型] warnes 是 warne 的复数
warning	'wɒ:niŋ	n. 警告, 预告, 预兆, 通知
warnings	ˈwɔ:nɪŋz	n. 发出警告( warning的复数形式 ); 征候; <古>（解雇、辞职等的）预先通知; 可引以为戒的事（或人）
warns	wɔ:nz	v. 警告( warn的第三人称单数 ); 提醒; 告诫; 预先通知
warr		n. (Warr)人名；(英)沃尔
warrant	'wɒ:rәnt	n. 授权, 正当理由, 根据, 证明, 批准, 凭证, 令状, 委任状
warranted		a. 担保的；保证的
warranter	'wɒ:rәntә	n. 保证人, 担保人
warrantest	'wɒr(ə)nt	n. ☉授权；批准；认可；权利；正当的理由；根据
warranties		n. 担保；特约条款（warranty的复数）
warranting		vt. 保证, 担保（warrant的现在分词形式）
warrants		n. 认股权证；支付命令；仓单（warrant的复数）
warrantying	'wɒr(ə)ntɪ	n. 授权；批准；依据，根据；正当理由
warred		vi. 进行战斗, 作战（war的过去式与过去分词形式）
warrest	wɔː	n. 战争；战争时期；斗争；对抗；竞争
warring	'wɔ:riŋ	a. 交战的, 敌对的, 冲突的
wars		n. 战争（war的复数形式）
was	wɒz	be的过去式
wash	wɒʃ	n. 洗, 洗涤, 冲洗, 洗的衣服, 冲积物, 洼地
washed	wɒʃd	a. 洗过的
washer	'wɒʃә	n. 洗衣人, 垫圈, 洗衣机
washes		n. 洗涤；洗涤废水；洗涤物
washest	wɔʃ; wɔ:ʃ	沃什湾(靠英国英格兰东部)
washing	'wɒʃiŋ	n. 洗涤, 浸, 洗涤物
washroom	'wɒʃrum	n. 盥洗室
washrooms	ˈwɔʃˌru:mz	n. 洗手间, 厕所( washroom的复数形式 )
wasp	wɒsp	n. 黄蜂, 胡蜂, 易怒的人, 刻毒的人
waspies		妇女紧身胸衣，妇女紧身带
wasps	'wɒsps	n. 黄蜂( wasp的复数形式 ); 胡蜂; 易动怒的人; 刻毒的人
waste	weist	n. 浪费, 废物, 损耗, 消耗, 荒地, 垃圾, 地面风化物
wasted	'weistid	a. 浪费的
wasteful	'weistful	a. 浪费的, 不经济的
waster	'weistә	n. 造成浪费的人, 造成损坏的人, 挥霍者, 浪子, 无用的人, 废品, 次品
wastes		n. 废物, 废料
wastest	weɪst	vt. 毁坏，使毁灭；使荒芜：；消耗；损耗：
watch	wɒtʃ	n. 观察, 手表, 看守, 守护, 监视, 值班人
watched		vt. 注视, 注意（watch的过去式与过去分词形式）
watcher	'wɒtʃә	n. 看守人, 守望者, 哨兵
watches		n. 手表（watch的复数）
watchest	wɒtʃ	n. 值夜班；☉更(旧时夜晚的时刻把一夜分成三更或四更)
watchful	'wɒtʃful	a. 注意的, 警戒的, 警醒的, (时间)醒着换过的
watching	'wɔtʃiŋ	vt. 观看, 守望；监视, 注意（watch现在分词）
water	'wɒ:tә	n. 水, 雨水, 海水, 水位, 水面, 流水
watered	'wɔ:tәd	a. 洒了水的, 用水的, 搀了水的, 有波纹的, 有光泽的, 滥发的
waterer		n. 供给饮水的人, 供牲畜饮水的器具, 供家禽饮水的器具
waterest	'wɔːtə	n. 水；(某一具体形式或用途的)水(如饮用水、洗涤用水等)
waterfall	'wɒtәfɒ:l	n. 瀑布
waterfalled	'wɔːtəfɔːl	n. 瀑布；人工瀑布；波形长发；类似瀑布的东西
waterfalling	网络	[原型] waterfalling 是 waterfal 的现在分词
waterfalls		n. 瀑布；悬瀑（waterfall的复数形式）
watering	'wɔ:tәriŋ	n. 洒水, 冲淡, 搀水, 供水, 浇水, 灌溉, 排水渠
watermelon	'wɒtә.melәn	n. 西瓜
watermelons	ˈwɔ:təˌmelənz	n. 西瓜( watermelon的复数形式 )
waterproof	'wɒtәpru:f	n. 防水材料
waterproofed	ˈwɔ:təpru:ft	v. 使防水, 使不透水( waterproof的过去式和过去分词 )
waterproofer	'wɔ:təpru:fər	防水层[布, 材料]
waterproofing	'wɔ:tә.pru:fiŋ. 'wɔ-	a. 防水的
waterproofs	ˈwɔ:təpru:fs	n. 防水衣物, 雨衣 usually plural( waterproof的名词复数 )
waters	'wɔ:tәz	n. 大片的水, 领海, 近海, 海域, 江水, 湖水, 河水, 矿泉水
watertight	'wɒtәtait	a. 不透水的, 不漏水的, 无懈可击的
watery	'wɒ:tәri	a. 水的, 湿的, 平淡的, 稀薄的, 水淋淋的
watt	wɒt	n. 瓦(特)
watter	'wɔtә	瓦消耗量, 瓦消耗者
wattest		n. 泰国佛寺
watties	网络	[原型] watties 是 watty 的复数
watts		n. 瓦特（功率单位）
wave	weiv	n. 波, 波浪, 波动, 起伏, 高潮, 潮涌, 挥手致意, (气压)突变
waved		a. 波浪形的, 起伏的
waver	'weivә	n. 动摇, 踌躇, 挥动者
wavered	ˈweivəd	v. 摇摆, 摇晃, 动摇( waver的过去式和过去分词 )
waverer		n. 摇晃的人, 犹豫不决的人, 动摇不定的人
waveries	'weɪvərɪ	wavery
wavering		a. 摇摆的, 抖动的, 摇曳的, 犹豫不决的, 动摇的
wavers		n. 匀墨辊；挥动者；烫发师；卷发器；波段开关（waver的复数）
waves	weivz	n. 波（wave的复数形式）
wavest	weiv	n. (美国)在海军服役的女子[Women Accepted for Volunteer Emergency Servi
wax	wæks	n. 蜡, 蜡状物, 一阵发怒, 增加, (月亮)渐盈
waxd		abbr. wide-angle X-ray diffraction 广角X射线衍射
waxed	'wæksid	a. 上过蜡的；防水的
waxer	'wæksә	上蜡工, 打蜡工, 上蜡机操作工, 涂蜡机, 上蜡机 waxer man 涂蜡机操作工
waxes	wæksiz	n. 蜡( wax的名词复数 ); 耳垢, 耳屎
waxest	waks	n. 蜡，蜂蜡；蜡状物，主要指：
waxing	'wæksiŋ	[医] 上蜡, 蜡膜形成
waxs		abbr. wide-angle X-ray scattering 广角X射线散射
way	wei	n. 路, 路线, 路途, 方法, 道路, 情形, 规模, 习惯, 行业, 方面
wayd		Means, 'What Are You Doing'.
wayed		abbr. World Assembly of Youth 世界青年大会
wayes	网络	[原型] wayes 是 waye 的复数
ways	weiz	n. 方法（way的复数）；滑路
we	wi:	pron. 我们
weak	wi:k	a. 不牢固的, 弱的, 虚弱的, 软弱的, 无力的, 无权力的, (论据等)不充分的
weaken	'wi:kәn	vt. 削弱, 减弱, 使虚弱
weakened	ˈwi:kənd	a. 虚弱的
weakener	'wi:kənər	减光板
weakenest	'wiːk(ə)n	vt. (使)变弱；(使)变衰弱：；(使)变稀薄：
weakening	经	[原型] weakening 是 weaken 的现在分词
weakens	ˈwi:kənz	v. （使）削弱, （使）变弱( weaken的第三人称单数 )
weaker	经	[原型] weaker 是 weak 的比较级
weakest	wi:kɪst	a. 弱的( weak的最高级 ); 微弱的; 无说服力的; 淡的
weaking	wiːk	weak
weakness	'wi:knis	n. 虚弱, 薄弱, 弱点
weaknesses	'wi:knəsɪz	n. 虚弱( weakness的复数形式 ); 软弱; 弱点; 偏好
wealth	welθ	n. 财富, 资源, 财产, 丰富, 富裕, 大量
wealthies	'welθɪ	adj. 富有的；充分的；丰裕的
wealths	网络	[原型] wealths 是 wealth 的复数
wealthy	'welθi	a. 富有的, 丰裕的, 充分的
wealthys	'welθɪ	Wealthy
wear	wєә	n. 穿着, 戴, 使用, 耗损, 服装, 耐久性
wearer	'wєәrә	n. 穿用者
weares		(weare 的第三人称 -s形式)  [人名] [英格兰人姓氏] 韦尔 Wear的变体; [地名] [英国、英国] 韦
wearest	weə	vt. ☉穿(衣服等)；戴(首饰等)；佩(武器等)：；(为显示身份等)佩带着：
wearied	ˈwiərid	v. （使）疲乏, （使）厌烦( weary的过去式和过去分词 ); 劳顿
wearies	ˈwiəriz	v. （使）疲乏, （使）厌烦( weary的第三人称单数 )
wearing	'wєәriŋ	a. 穿用的, 使疲惫的, 磨损的
wears	wɛəz	v. 穿着( wear的第三人称单数 ); 磨成; 使疲乏; 同意
wearying	ˈwiəriŋ	v. （使）疲乏, （使）厌烦( weary的现在分词 )
weather	'weðә	n. 天气, 气象, 处境
weathered		a. 风化的, 倾斜的
weatherer		n. 天气；气象；气候；处境 (weather的变形)
weatherest	'weðə	n. 天气，气象条件，大气条件；恶劣天气
weathering	'weðәriŋ	n. 泻水坡, 风化
weathers	ˈweðəz	n. 天气, 气象( weather的名词复数 )
weave	wi:v	n. 编法, 织法, 编织式样
weaved	wiːv	vt. 编织；编排；使迂回前进
weaver	'wi:vә	n. 织布者, 织工
weavers	ˈwi:vəz	n. 织工, 编织者( weaver的复数形式 )
weaves	wi:vz	v. 编, 织, 织成( weave的第三人称单数 ); 编排; 杜撰; （把…）编成
weavest	wiːv	vt. ☉织；尤指：用织布机织布；将(纱、线等)织成(布、绸、呢子等)：
web	web	n. 网, 蛛丝, 蹼, 织物, 圈套, 卷筒纸
webbed	'webd	a. 网状的, 有网的
webber		n. 韦伯（姓氏）
webbing	'webiŋ	n. 带子, 边带
weber	'wi:bә	[计] 韦伯
webs		n. [船]骨架肋板；网；网状物（web的复数）
website		-K
websites	'websɪts	n. [通信]网站( website的复数形式 )
wed	wed	vt. 与...结婚, 使结合
wedding	'wediŋ	n. 婚礼, 结婚, 结婚周年纪念日, 结合
weddinged	'wedɪŋ	n. 婚礼，婚宴；结婚；结合
weddinging	'wedɪŋ	n. 婚礼，婚宴；结婚；结合
weddings		n. 婚礼（wedding的复数形式）
wedge	wedʒ	n. 楔子, 楔形物, 起因, 导致分裂的东西
wedged		a. 楔形的
wedger	'wedʒə	n. 制槽楔机；打槽楔机
wedges	wedʒz	n. 楔( wedge的名词复数 ); 楔形物; （击高尔夫球的）楔形铁头球棒
wednesday	'wenzdi	n. 星期三
wednesdays		adv. 每星期三, 在任何星期三
weed	wi:d	n. 杂草, 野草
weeded		a. 铲除了野草的, 野草丛生的
weeder	'wi:dә	n. 除草者
weedies		(weedy 的复数) a. 尽是杂草的, 似杂草的, 瘦弱的, 蔓生的
weeding		n. 除草；除杂草；（图书馆馆藏）汰旧更新
weeds	wi:dz	n. 丧服
week	wi:k	n. 星期, 周
weekday	'wi:kdei	n. 周日, 平日
weekdays		adv. 在每个周日, 在平时每天
weekend	'wi:kend	n. 周末, 周末休假
weekended		vi. 过周末, 度周末（weekend的过去式与过去分词形式）
weekender	'wi:k.endә	n. 外出度周末的人
weekending		vi. 过周末, 度周末（weekend的现在分词形式）
weekends		adv. 在每周末
weekes	人名	[原型] weekes 是 weeke 的第三人称单数
weeklies	ˈwi:kliz	n. 周刊, 周报( weekly的名词复数 )
weekly	'wi:kli	n. 周刊, 周报
weeks	wi:ks	n. 威克斯（姓氏）
weep	wi:p	n. 哭, 哭泣
weeper	'wi:pә	n. 哭泣者
weepest	wi:p	vi.
weepies	ˈwi:pi:z	n. 要哭的, 眼泪汪汪的( weepy的复数形式 ); （故事、电影等）使人伤心的
weeping	'wi:piŋ	n. 哭泣, 流泪
weeps	wi:ps	v. （通常因悲伤）哭泣( weep的第三人称单数 ); 流泪; 悲哀; 哀悼
wees	wi:z	v. 很小的, 极小的( wee的第三人称单数 ); 很早的
weest		wee（很小的, 极小的）的最高级形式
weigh	wei	vt. 称...重量, 衡量, 把...压弯, 考虑, 权衡, 起锚
weighed	weid	v. 称…的重量( weigh的过去式和过去分词 ); 重达; 权衡, 考虑; 有…重
weigher	'weiә	n. 过秤员, 过磅员
weighest	wei	vt.
weighing	'weiiŋ	[化] 称量
weighs	weiz	v. 称…的重量( weigh的第三人称单数 ); 重达; 权衡, 考虑; 有…重
weight	weit	n. 重, 重量, 体重, 砝码, 重大, 影响, 力量
weighted	'weitid	a. 偏向的, 偏重的, 有利的
weighter		衡器
weighting	'weitiŋ	n. 附加物, 地区生活补贴
weightlessly		失重地
weights		n. 重量；砝码（weight的复数）
welcome	'welkәm	n. 欢迎, 欢迎词
welcomed	ˈwelkəmd	v. 欢迎( welcome的过去式和过去分词 ); 迎接; 乐于接受; 希望有
welcomer		n. 欢迎者
welcomes	ˈwelkəmz	n. 欢迎, 迎接( welcome的名词复数 )
welcomest		adj. 受欢迎的( welcome的最高级 ); 可喜的; 来得正好的; 被允许的
weld	weld	n. 焊接处, 焊接
welded		v. 焊接；使结合（weld的过去分词）
welder	'weldә	n. 焊接工
welding	'weldiŋ	a. 焊的
welds	weldz	n. 焊接点, 焊接处( weld的名词复数 )
welfare	'welfєә	n. 福利, 安宁, 幸福, 福利事业
welfares		健康( welfare的名词复数 )；幸福；福利；<美>政府的福利（制度）
well	wel	n. 井, 泉水, 源泉, 好
we'll	wi:l	(we shall或 we will 的常用口语形式)
well-balanced	wel'bælәnst	a. 匀称的, 营养成分均衡的, 神志健全的, 明智的, 通情达理的
welled	wel	adv. 很好地；充分地；满意地；适当地
weller	'welә	n. 美国威乐（公司名）；韦勒（姓氏）
welles	welz	n. 威尔斯（姓氏）
wellest	wel	adv.
wellied		(welly 的过去分词) n. 长筒雨靴；长筒胶靴
wellies	'welɪz	n. 长统雨靴, 长统胶靴
welling		n. 威林（姓氏）；威灵电机（商品名称）
wells	welz	n. 威尔斯（姓氏）
wellying		(welly 的现在分词) n. 长筒雨靴；长筒胶靴
went	went	go的过去式
wentest	went	vi.
wents	went	v. 去，过去（go的过去式）
wer		abbr. 文字差错率（Word Error Rate）；[医]风团红斑反应（wheal erythema reacti
were	wә:	be的过去式
wes	wes	n. 韦斯（Wesley的昵称, 男子名）
west	west	n. 西方, 西部
wester	'westә	n. 西风
western	'westәn	n. 西方人, 西部片, 西部小说
westerner		-1
westernes		西风[带]
westerns		n. 美国西部地区的人；西部电影或小说；西部片（western的复数形式）
westest	west	n. 西，西方；270°的罗盘方位
westies	网络	[原型] westies 是 westy 的复数
westing	'westiŋ	n. 西向行程, 西行, 西距
wests	网络	[原型] wests 是 west 的复数
westward	'westwәd	n. 朝西的方向
westwards	'westwәdz	adv. 向西
wet	wet	n. 湿气, 潮湿, 水分, 雨天
weter	wet	a. 湿的, 潮的；下雨的, 多雨的；多雾的
wetes	地名	(wete 的复数)
wets		湿胎
wetted		wet的过去式和过去分词
wetter	'wetә	n. 湿润剂
wettest		a. 多雨的；湿的
wetting	'wetiŋ	n. 变湿
whale	hweil	n. 鲸
whaled		v. 捕鲸（whale的过去式与过去分词形式）
whaler	'hweilә	n. 捕鲸者, 捕鲸船
whales	hweilz	n. 鲸, 鲸鱼( whale的名词复数 )
wharf	hwɒ:f	n. 码头
wharfed		v. 靠码头（wharf的过去式与过去分词形式）
wharfes	网络	(wharfe 的复数)
wharfies		n. 码头工人
wharfing		v. 靠码头（wharf的现在分词形式）
wharfs		码头, 停泊处
what	hwɒt	pron. 什么
whatever	hwɒt'evә	pron. 无论什么
whatevered	wɒt'evə	whatever
whatevering	wɒt'evə	whatever
whatevers	wɒt'evə	pron. 无论什么，不管什么；具体指：；到底，究竟
wheat	hwi:t	n. 小麦
wheaties		un. 一种麦片的商标名
wheats	'wi:ts	abbr. wheatcakes 小麦饼
wheel	hwi:l	n. 轮子, 车轮, 轮, 方向盘, 旋转, 机构, 重要人物
wheelchair	'hwi:l.tʃєә	n. 轮椅
wheelchaired	'wiːltʃeə	n.
wheelchairs	'wi:ltʃeərz	n. 轮椅( wheelchair的复数形式 )
wheeled	hwi:ld	a. 有轮的；轮式的
wheeler	'hwi:lә	n. 旋转物, 推车人, 车轮制造人, 辕马, 精明的政客
wheelest	wiːl	n.
wheelied	'wiːlɪ	n.
wheelies		(wheely 的复数) adj. 车轮的；轮状的; 旋转的；转动的, 滚动的
wheeling	'hwi:liŋ	n. 旋转；道路的行车鉴定
wheels	'hwi:ls	n. 旋转；车轮（wheel的复数）
wheelying	'hwi:li	adj.
when	hwen	conj. 当...的时候
whend	hwend; 'hwnd	when did 的缩约形式
whenever	hwen'evә	conj. 每当
whens		conj. 如果；既然；可是；然后
where	hwєә	adv. 在哪里
whereas	hwєәr'æz	conj. 然而, 鉴于
whereases		正式文件的开场白, 前言
whereby	(h)weә'bai	adv. 靠什么, 如何, 为何, 靠那个, 因此, 由此
wheres		地方, 场所（where的复数形式）
wherever	hwєәr'evә	adv. 无论哪里
whether	'hweðә	conj. 是否, 不论
whethering	'weðə	conj. 是否：；不管…还是…：
which	hwitʃ	pron. 哪一个, 那一个
whiches	wɪtʃ	pron.
whichever	hwitʃ'evә	pron. 无论那一个, 任何一个
whies	网络	[原型] whies 是 why 的复数
while	hwail	n. 一会儿, (一段)时间
whiled	hwaild	v. 消磨, 打发（时间）( while的过去式和过去分词 ); （愉快而懒散地）度过（时间）（常与 away 连用）
whiles	hwailz	conj. 当……的时间；尽管
whilst	wailst	conj. 当...的时候, 和...同时, 虽然, 只要, 然而, 而, 尽管
whip	hwip	n. 鞭子, 抽打, 车夫, 搅拌器
whipped	hwipt	a. 受到鞭打的
whipper	'hwipә	n. 鞭打者；抽打者；似用鞭子抽打者
whippest	wɪp	vt.
whipping	'hwipiŋ	n. 鞭打, 缚扎用的绳索, 笞刑
whips		n. 鞭策者, 鞭子（whip的复数）
whisker	'hwiskә	n. 腮须, 胡须, 一丝儿
whiskered	ˈwɪskəd	a. 有须的
whiskeries	'hwiskəri	adj. 年长的；有须的；古老的
whiskering		泛碱
whiskers		n. 腮须, 胡须
whisper	'hwispә	n. 耳语, 密谈, 谣传, 沙沙声
whispered	'wɪspəd	a. <医>耳语的, 低语的
whisperer		n. 低语者, 窃窃私语的人, 传播谣言的人
whisperest	'wɪspə	vi.
whisperies	'hwispəri	whispery
whispering	'(h)wispәriŋ	n. 低语, 私语, 耳语, 流言, 谣言, 沙沙声, 飒飒声
whispers	ˈhwispəz	v. 低声说( whisper的第三人称单数 ); 私语; 小声说; 私下说
whistle	'hwisl	n. 口哨, 汽笛, 啸啸声, 口哨声
whistled	ˈhwisld	v. 吹口哨( whistle的过去式和过去分词 ); 鸣笛; 呼啸着前进; 空指望
whistler	'hwislә	n. 吹口哨的人, 发啸声的东西
whistles	ˈhwislz	n. 哨子( whistle的名词复数 ); 汽笛; 口哨声; 汽笛声
white	hwait	n. 白色, 洁白, 眼白, 白种人, 蛋白
whited	'waitid	a. 刷白的, 弄白的, 漂白的
whiter		a. 白的；苍白的
whites	'waits	[医] 白带
whitest		a. 苍白的；白的（white的最高级）
whitewash	'hwaitwɒʃ	n. 白色涂料, 粉饰, 得零分的惨败
whitewashed	ˈhwaɪtˌwɔʃt	v. 粉饰, 美化, 掩饰( whitewash的过去式和过去分词 )
whitewasher		n. 粉刷匠（whitewash名词形式）
whitewashes	ˈhwaɪtˌwɔʃiz	v. 粉饰, 美化, 掩饰( whitewash的第三人称单数 )
whitewashing	'waɪtwɒʃɪŋ	v. 粉饰, 美化, 掩饰( whitewash的现在分词 ); 喷浆
whiteying	'hwaiti	whitey, Whitey
whitney	'(h)witni	n. 惠特尼（女子名）；惠特尼山（位于美国加利福尼亚州东部）
whitneys	网络	[原型] whitneys 是 whitney 的复数
who	hu:	pron. 谁
whod	hu:d	short. who had；who would
whoes	网络	[原型] whoes 是 who 的复数
whoever	hu'evә	pron. 任何人, 无论谁
whole	hәul	n. 全部, 全体, 整体, 完全之体系
wholes	həulz	n. 整体( whole的复数形式 ); 一体
wholesome	'hәulsәm	a. 有益健康的, 合乎卫生的, 健全的, 有益的, 有生气的, 审慎的
wholesomer	'həʊls(ə)m	adj.
wholesomest	'həʊls(ə)m	adj.
wholest	həʊl	adj.
wholly	'hәuli	adv. 完全地, 整个, 统统, 全部
whom	hu:m	pron. 谁
whoming	'hu:miŋ	n. 专在别人的口语或书面语中寻找 who 和 whom 的误用
whos		abbr. 中国城市小康住宅通用体系
whose	hu:z	pron. 谁的
whoser	huːz	pron.
why	hwai	adv. 为什么
whys	'waɪz	n. 理由, 原因, 目的; 理由, 原因, 缘故( why的复数形式 )
wicked	'wikid	a. 坏的, 邪恶的, 缺德的, 刻毒的, 恶劣的, 淘气的
wickeder		wicked（邪恶的）的比较级形式
wickedest		wicked（邪恶的）的最高级形式
wide	waid	a. 宽的, 广阔的, 普遍的, 宽阔的, 广泛的, 一般的
widely	'waidli	adv. 广泛地
widen	'waidn	vt. 弄宽, 加宽, 扩大
widened	ˈwaidnd	v. 放宽, 加宽, （使）变宽( widen的过去式和过去分词 )
widener		展宽机
widenest	'waɪd(ə)n	vt.
widening	'waidniŋ	[计] 拓宽, 拓展
widens	ˈwaidnz	v. 放宽, 加宽, （使）变宽( widen的第三人称单数 )
wider		a. 宽的；广阔的（wide的比较级形式）
wides		n. 大口径肠衣；广阔的土地；[板球]坏球（wide的复数）
widespread	'waidspred	a. 充分伸展的, 广布的, 普及的, 流传广的
widespreader	'waid'spredә	撒布装置
widespreading	'waid,sprediŋ	adj. 广布的；遍布的；蔓延的；流行的；普及的；=widespread
widest		a. 广阔的；宽的
widow	'widәu	n. 寡妇, 孀妇
widowed		-1
widower	'widәuә	n. 鳏夫
widowing	'wɪdəʊ	vt. 使成寡妇
widows	ˈwidəuz	n. 寡妇, 遗孀( widow的名词复数 )
width	widθ	n. 宽度, 宽广, 广博
widths	widθs	n. 宽度( width的复数形式 ); 阔度; 某一宽度的材料
wield	wi:ld	vt. 挥舞, 运用
wielded	wi:ldid	v. 手持着使用（武器、工具等）( wield的过去式和过去分词 ); 具有; 运用（权力）; 施加（影响）
wielder		n. 行使者
wieldies	'wiːldɪ	wieldy
wielding	wi:ldɪŋ	v. 手持着使用（武器、工具等）( wield的现在分词 ); 具有; 运用（权力）; 施加（影响）
wields	wi:ldz	v. 手持着使用（武器、工具等）( wield的第三人称单数 ); 具有; 运用（权力）; 施加（影响）
wife	waif	n. 妻子, 太太, 夫人
wifed	waɪf	wife
wifes		妻子, 太太；夫人, 老婆；已婚妇女
wild	waild	n. 荒野, 荒地
wilded	waɪld	a. 野的；野生的；非人工栽培的；无人烟的；荒凉的；荒芜的；未开垦的
wilder	'wildә	v. (使)迷失
wildes		(wilde 的复数) n. 王尔德（姓氏）
wildest		狂热的
wildies	人名	(wildy 的复数)
wilding	'waildiŋ	n. 野生植物, 野生苹果树, 野生苹果
wildlife	'waildlaif	n. 野生动植物
wildlifer		n. 强烈唿吁保护野生动植物的人
wilds	waildz	n. 自然环境( wild的复数形式 ); 野生状态; 偏远地区; 人烟稀少的地区
will	wil	n. 意志, 决心, 意愿, 意向, 干劲, 遗嘱
willed	wild	a. 有...意志的
willer	wil	威尔(男子名)[William的昵称]
willes		(wille 的复数)  [人名] 威尔
willest	wɪl	威尔(男子名)[William的昵称]
willied	'wili	Willie
willies	'wiliz	n. 焦虑不安；心惊肉跳；小鸡鸡（儿童用语, willy的复数）
willing	'wiliŋ	a. 乐意的, 自愿的, 甘愿的
willingest	'wɪlɪŋ	vt.
willings	网络	[原型] willings 是 willing 的复数
willow	'wilәu	n. 柳树, 柳木制品
willowed		v. 用打棉机打开和清理（willow的过去式与过去分词形式）
willower	'wɪləʊɜ:	打棉机
willowing		(willow 的现在分词) n. 柳树, 柳木制品
willows	ˈwiləuz	n. 柳树( willow的复数形式 ); 柳木
wills		n. 遗嘱；愿望（will的复数）
willying	'wɪlɪ	n. , vt. -lied,-lying = willow [亦作 willey]
win	win	vt. 赢得, 打胜, 成功
wind	wind	n. 风, 气息, 气味, 呼吸, 风声, 趋势, 空谈, 卷绕, 弯曲
winded	'windid	a. 呼吸...的, 风化的, 气急的
winder	waindә	n. 络纱工, 络筒机, 络纱机, 开发条的钥匙
windest	wind	n.
windies		(windy 的复数) a. 多风的, 风强的, 腹胀的, 吹牛的
winding	'waindiŋ	n. 绕, 卷, 弯曲, 线圈
windings		(winding 的复数) n. 绕, 卷, 弯曲, 线圈
windmill	'windmil	n. 风车
windmilled	'wɪn(d).mɪl	na. 风车
windmiller	'wind,milə	n. 操作风车的人
windmilling	'wɪndmɪlɪŋ	风车状态
windmills	ˈwɪndˌmɪlz	n. 风车( windmill的复数形式 ); 旋转玩具; <口>直升飞机; 假想的敌人（或坏事）
window	'windәu	n. 窗户, 窗子, 窗口
windowed		a. 有窗的
windowing	'windәuiŋ	[计] 开窗口
windows	'windәjz	n. 微软公司生产的“视窗”操作系统
winds	'waɪndz	n. 风( wind的名词复数 ); 呼吸; （随食物或饮料）吞下的气; （管弦乐团的）管乐器
windy	'windi	a. 多风的, 风强的, 腹胀的, 吹牛的
wined		vt. 请…喝酒（wine的过去式与过去分词形式）
winer		n. 维纳（姓氏）
wines		n. 葡萄酒；令人沉醉的东西（wine的复数）
wing	wiŋ	n. 翅膀, 翼, 机翼, 派别
winged	wiŋd	a. 有翼的, 高速的, 迅速的, 飞行的, 翼受伤的
winger	'wiŋә	n. 边锋
winges	网络	[原型] winges 是 winge 的复数
winging		n. 向边装货；沿舷布置重量
wings		n. 舞台两侧, 侧景
winies	'waɪnɪ	酒迷，佳酒品尝迷
wining		vt. 请…喝酒（wine的现在分词形式）
wink	wiŋk	n. 眨眼, 使眼色, 瞬间
winked	wiŋkt	v. 使眼色( wink的过去式和过去分词 ); 递眼色（表示友好或高兴等）; （指光）闪烁; 闪亮
winker	'wiŋkә	n. 使眼色的人, 马眼罩
winkies	网络	[原型] winkies 是 winkie 的复数
winking	'wiŋkiŋ	[医] 瞬目
winks		n. 打瞌睡；眨眼（wink的复数）
winned	wɪn	WIN
winner	'winә	n. 胜利者, 优胜者
winners		n. 成功者（winner的复数）
winning	'winiŋ	n. 胜利, 获得, 成功, 赢得物
wins		abbr. 视窗网际网路名称服务（Windows Internet Name Server）
winter	'wintә	n. 冬季, 萧条期, 衰退期
wintered		v. 过冬（winter的过去式与过去分词形式）
winterer		n. 冬季；年岁；萧条期 (winter的变形)
wintering		n. 越冬
winters		n. 温特斯（加利福尼亚州城市）；温特斯（美国警察剧系列）
wipe	waip	n. 擦拭, 用力打, 凸轮
wiped	waipt	v. 擦( wipe的过去式和过去分词 ); 拭; 擦去; 拭去
wiper	'waipә	n. 揩擦的人, 刮水器, 接触电刷
wipes	waips	n. 抹布( wipe的名词复数 ); （湿）纸巾
wipest	waɪp	vt.
wire	'waiә	n. 电线, 电报, 电信, 铁丝网, 金属丝
wired	'waiәd	a. 以金属丝加强的, 接有电线的, 以铁丝围起的
wirer	'waiәrә	用金属线缠结的工人
wires		n. 电线；线变形器（wire的复数）；小五金；网格
wisdom	'wizdәm	n. 智慧, 明智行为, 学识, 名言, 贤人
wisdoms		n. 明智( wisdom的复数形式 ); 智慧; 知识; 学问
wisely	'waizli	adv. 聪明地, 精明地
wish	wiʃ	n. 希望, 愿望, 祝愿, 命令, 请求
wished	wiʃt	v. <正>希望, 想要, 但愿( wish的过去式和过去分词 ); 祝愿; 盼望, 企求, 想要
wisher		n. 祝愿者, 希望者
wishes	wiʃiz	n. （书信或贺卡等中的）祝愿( wish的名词复数 ); 渴望; 希望的事; 许愿
wishest	wɪʃ	vt.
wishing	'wiʃiŋ	n. 期盼着, 希望；愿望
wit	wit	n. 机智, 智力, 头脑, 理智, 妙语, 机智的人
wited	wait	n. （苏）责难；罚金
wites	wait	n. （苏）责难；罚金
with	wið	prep. 和...在一起, 以, 由于
withdraw	wið'drɒ:	vt. 撤回, 取回, 撤消, 使撤退, 拉开, 移开
withdrawal	wið'drɒ:l	n. 提款, 撤退, 退回, 撤消, 退隐, 戒毒过程
withdrawals	wiðˈdrɔ:əlz	n. 收回, 取回, 撤回( withdrawal的复数形式 ); 撤退, 撤走; 收回[取回, 撤回, 撤退, 撤走]
withdrawer	wɪðd'rɔ:ər	回收者, 回收器
withdrawest	wɪð'drɔː	vt.
withdrawing		v. 拆下；取出；后退；回收（withdraw的现在分词）
withdraws	wiðˈdrɔ:z	v. 取[收]回( withdraw的第三人称单数 ); （使）撤退[出]; 提; 收回
withed	wiθt	v. 用细枝条捆( withe的过去式和过去分词 )
wither	'wiðә	vt. 使凋谢, 使消亡, 使畏缩
withered		a. 枯萎了的, 雕谢了的
witherest	'wɪðə	vi.
withering	'wiðәriŋ	a. 使干枯的, 使萎缩的
withers	'wiðәz	n. 马肩隆（马肩骨间的隆起部）；[古]感情, 情绪
withes		藤条, 细枝( withe的名词复数 )
withies	ˈwiðiz	n. 柳树, 柳条绳索( withy的名词复数 )
within	wi'ðin	n. 内部, 里头
withing	wiθɪŋ	v. 用细枝条捆( withe的现在分词 )
without	wi'ðaut	prep. 没有, 不, 在...之外
withs	wɪð	prep.
withstand	wið'stænd	vt. 抵住, 顶住, 经得起
withstanded	wɪð'stænd	vt.
withstander		n. withstand的变形
withstanding	wiðˈstændɪŋ	v. 经受, 承受( withstand的现在分词 )
withstands	wiðˈstændz	v. 经受, 承受( withstand的第三人称单数 )
witing	wait	n. （苏）责难；罚金
witness	'witnis	n. 证人, 目击者, 证据, 证词
witnessed	ˈwitnist	v. 作证( witness的过去式和过去分词 ); 表示; （摆证据）…就是证据; 是…的迹象
witnesser		n. 证人；目击者；证据 (witness的变形)
witnesses	ˈwitnisiz	n. 目击者( witness的名词复数 ); 证词; 见证（以言行证实信仰）; 见证人
witnessest	ˈwɪtnɪs	n.
witnessing	法	[原型] witnessing 是 witness 的现在分词
wits		n. 机智, 智慧
witted	'witid	a. 有...智能的, 有...才智的
witter	ˈwɪtə(r)	vi. 没完没了地唠叨琐事
witting	'witiŋ	a. 意识到的, 知晓的, 故意的
witty	'witi	a. 富于机智的, 诙谐的
woe	wәu	n. 悲哀, 悲痛, 苦痛
woes	wəʊz	n. 困境( woe的复数形式 ); 悲伤; 我好苦哇; 某人就要倒霉
woke	wәuk	wake的过去式和过去分词
woked	wəʊk	v. 唤醒；激发；使…复活（wake的过去式）
wolf	wulf	n. 狼, 残忍贪婪之人, 极度穷困
wolfed		(wolf 的过去时) n. 狼, 残忍贪婪之人, 极度穷困
wolfer	'wjlfә(r)	n. 捕狼者, 狼吞虎咽的人
wolfes	人名	[原型] wolfes 是 wolfe 的复数
wolfies	'wulfi	wolfy
wolfing	wʊlf	n. 狼；色狼；残忍贪婪之人
wolfs		abbr. Wolfson College, Oxford 牛津沃尔夫森学院
woman	'wumәn	n. 女人, 妇女, 女仆
womaned	'wʊmən	n. 妇女；女性；成年女子
womaning	'wʊmən	n. 妇女；女性；成年女子
wonder	'wʌndә	n. 奇迹, 惊奇, 惊愕
wondered		vt. 对…感到好奇（wonder的过去式与过去分词形式）
wonderer		n. 惊奇；奇迹；惊愕 (wonder的变形)
wonderest	'wʌndə	n.
wonderful	'wʌndәful	a. 令人惊奇的, 奇妙的, 极好的
wonderfuler	'wʌndəfʊl; -f(ə)l	adj.
wonderfulest	'wʌndəfʊl; -f(ə)l	adj.
wonderfuller	'wʌndəfʊl; -f(ə)l	adj.
wonderfullest	'wʌndəfʊl; -f(ə)l	adj.
wondering	'wʌndәriŋ	a. 觉得奇怪的, 疑惑的
wonders		n. 奇观（wonder复数）
wood	wud	n. 木材, 木制品
wooded	'wudid	a. 树木繁茂的
wooden	'wudn	a. 木制的, 呆笨的, 木然的
woodener	'wʊd(ə)n	adj.
woodenest	'wʊd(ə)n	adj.
woodest	wud	n.
woodies	'wʊdi	adj. 树林繁茂的；木本的；木头般的；〈罕〉森林的
woodpecker	'wudpekә	n. 啄木鸟
woodpeckers	ˈwʊdˌpekəz	n. 啄木鸟( woodpecker的复数形式 )
woods	wjdz	n. 森林, 树林
woof	wu:f	n. 纬线, 织物, 基本成分, 低吠声, 低鸣声
woofed	wʊf	n. 纬线；织物；低吠声
woofer	'wu:fә	n. 低音扬声器
woofest		n. 纬线, 织物, 基本成分, 低吠声, 低鸣声
woofing	wʊf	n. 纬线；织物；低吠声
woofs	wʊf	n. 纬线；织物；低吠声
wool	wul	n. 羊毛, 毛织物, 毛线, 绒线
woold	wu:d	[航海]卷缠
wooled	'wʊld	带有羊毛的
wooler	'wulә	毛用动物
woolies		n. wooly的变形
woollen	'wulin	n. 毛织品
woollens	ˈwʊlənz	n. 毛织品, 毛料织物; 羊毛制的( woollen的复数形式 ); 毛线的; 生产羊毛制品的; 销售毛织品的
wools		n. 羊毛( wool的复数形式 ); 毛线, 毛织品
word	wә:d	n. 话, 消息, 词, 诺言, 命令
worded		vt. 措辞, 用词（word的过去式与过去分词形式）
worder	wɜːd	n. ☉词；字
wordes		(worde 的复数)  [人名] 沃德
wordies	'wɜːdɪ	adj.
wording	'wә:diŋ	n. 用词, 措词
words		n. 言语；话语；字（word的复数）
work	wә:k	n. 工作, 劳动, 职业, 行为, 功, 作品, 成果, 产品, 工程
worked	wә:kt	work的过去式和过去分词
worker	'wә:kә	n. 工人, 劳动者
workers		n. 工人, 人员；角色（worker复数形式）
workes		(worke 的复数) n. (Worke)人名；(埃塞)沃克
workest	wə:k	n.
working	'wә:kiŋ	n. 工作, 运转, 劳动
workman	'wә:kmәn	n. 工人, 工匠, 男工
workpiece	'wә:kpi:s	n. 工件
workpieces	'wɜ:kpi:sɪz	n. 工件, 工作部件( workpiece的复数形式 )
workplace		-2
workplaces	ˈwə:kpleisiz	n. 工作场所, 工厂, 车间( workplace的复数形式 )
works		n. 工程, 工厂, 工事, 活动部件, 机件, 著作, 作品, 善行, 德行
workshop	'wә:kʃɒp	n. 工场, 车间, 研讨会
workshopper	'wɜːkʃɒp	workshop
workshopping	'wɜːkʃɒp	n.
workshops	ˈwə:kʃɔps	n. 专题讨论会( workshop的名词复数 ); 车间; 工作坊; 研究会
world	wә:ld	n. 世界, 地球, 宇宙, 万物, 世人, 人间, 领域, 世事, 世故, 社会生活, 大量
worlder	wɜːld	n. ☉地球；宇宙, 万物
worldes	网络	[原型] worldes 是 worlde 的复数
worldest	wɜːld	n. ☉地球；宇宙，万物
worlds	wɜː(r)ldz	n. 世界( world的复数形式 ); 人世; 世间; 尘世
worldwide	'wә:ldwaid	a. 全世界的
worldwider	'wɜːl(d)waɪd; wɜːl(d)'waɪd	adj. 世界范围的，遍及全球的；世界性的
worldwidest	'wɜːl(d)waɪd; wɜːl(d)'waɪd	adj. 世界范围的，遍及全球的；世界性的
worm	wә:m	n. 虫, 蠕虫, 小人物, 螺纹, 蜗杆
wormed		vt.& vi. 蠕动, 曲折行进（worm的过去式与过去分词形式）
worming	'wә:miŋ	[化] 龟裂
worms	wә:mz. vɔ:rms	n. 蠕虫（worm的复数）
worn	wɒ:n	a. 用旧的, 穿旧的
wornest	wɔːn	vt. wear的变形；wear的变形
worn-out	wɔ:n-'aut	a. 磨破的, 磨损的, 穿旧的, 疲惫不堪的
worried	'wʌrid	a. 担心的, 闷闷不乐的
worries		n. 忧虑, 担心；烦恼
worry	'wʌri	n. 担心, 烦恼, 忧虑, 苦恼, 撕咬
worrying	'wʌriiŋ	a. 使人烦恼的, 忧虑重重的
worse	wә:s	n. 更坏的事, 更恶劣的事, 败局
worsed	wəːs	adj.
worser	'wә:sә	[口、方]=worse
worses	网络	[原型] worses 是 worse 的复数
worship	'wә:ʃip	n. 崇拜, 礼拜, 尊敬
worshiped	ˈwə:ʃipt	v. 崇拜, 尊崇( worship的过去式和过去分词 ); 做礼拜; 热爱; 爱慕
worshiper	'wә:ʃipә	n. 参加礼拜者, 崇拜者
worshiping	ˈwə:ʃipɪŋ	v. 崇拜, 尊崇( worship的现在分词 ); 做礼拜; 热爱; 爱慕
worshipped	'wə:ʃip	n. ☉对神的崇拜(或崇敬)；礼拜；礼拜仪式
worshipper		n. 礼拜者, 崇拜者, 爱慕者
worshippest	'wɝʃɪp	n.
worshipping		崇拜, 敬仰, 爱慕（worship的现在分词）
worships	ˈwə:ʃips	n. （对治安官或市长的尊称）阁下( worship的名词复数 )
worst	wә:st	n. 最坏, 最坏的时候
worsted	'wustid	n. 毛线, 精纺毛织物, 精纺毛纱, 绒线
worstest	wə:st	adj.
worsting		vt. 胜过, 击败（worst的现在分词形式）
worsts		vt. 胜过, 击败（worst的第三人称单数形式）
worth	wә:θ	n. 价值, 财产
worthed	wɜːθ	adj. 值…的
worther	wɜːθ	n. 价值；货币价值；物质价值；品格
worthest	wɜːθ	n. 价值；货币价值；物质价值；品格
worthied	ˈwəːði	adj.
worthies	ˈwə:ðiz	n. 应得某事物( worthy的名词复数 ); 值得做某事; 可尊敬的; 有（某人或事物）的典型特征
worthing		n. 沃辛（地名）
worthless	'wә:θlis	a. 无价值的, 无益的, 无足轻重的
worthlesser	ˈwəːθlɪs	adj.
worthlessest	ˈwəːθlɪs	adj.
worths	网络	[原型] worths 是 worth 的复数
worthwhile	'wә:θ'hwail	a. 值得花时间的, 值得做的, 有真实价值的
worthwhiler	wɜːθ'waɪl	adj. 值得花时间的；值得花精力的；有真正价值的
worthwhilest	wɜːθ'waɪl	adj. 值得花时间的；值得花精力的；有真正价值的
worthy	'wә:ði	n. 杰出人物
worthying	ˈwəːði	adj.
would	wud	aux. 将, 愿意
woulded	wʊd; wəd	aux. 将，将要；愿意
wouldest	'wʊdɪst	n. <古>=would
woulding	wʊd; wəd	aux. 将, 将要；愿意
wouldst	wjdst	vbl.will之第二人称单数过去式
wound	wu:nd	n. 创伤, 伤口, 伤疤, 伤害, 痛苦
wounded		-K
wounder	wuːnd	v. wind的变形
woundest	wuːnd	vi.
wounding	法	[原型] wounding 是 wound 的现在分词
wounds		n. 枪伤, 伤处（wound复数）
wow	wau	interj. (非正式)哇
wowed	waʊd	v. <俚>使惊叹, 使佩服( wow的过去式和过去分词 )
wowing	waʊɪŋ	v. <俚>使惊叹, 使佩服( wow的现在分词 )
wows	waʊz	v. <俚>使惊叹, 使佩服( wow的第三人称单数 )
wrap	ræp	n. 外套, 围巾, 包裹物, 限制, 约束, 秘密, 换行
wrapped	ræpt	a. 有包装的
wrapper	'ræpә	n. 包装者, 包裹者, 包装物, 覆盖物, 外包烟叶, 包纸, 书的封皮, 妇女晨衣
wrappest	ræp	vt.
wrapping	'ræpiŋ	n. 用于包裹的材料
wraps		n. 外衣；书刊检查；披肩（wrap的复数形式）
wrath	rɒ:θ	n. 愤怒, 激怒, 愤怒的举动, (自然现象等)严酷
wrathed	rɒθ; rɔːθ	n.
wrathing	rɒθ; rɔːθ	n.
wraths		(wrath 的复数) n. 愤怒, 激怒, 愤怒的举动, (自然现象等)严酷
wreath	ri:θ	n. 花圈, 花环, 圈状物
wreathed	ri:ðd	v. （完全地）笼罩( wreathe的过去式和过去分词 ); 包围; 覆盖; 将…扎成圈（或环）
wreathes	ri:ðz	v. （完全地）笼罩( wreathe的第三人称单数 ); 包围; 覆盖; 将…扎成圈（或环）
wreathing	'ri:ðiŋ	螺旋状纹(注浆成形在制品内表面出现的缺陷)
wreaths	ri:ðz	n. 花环( wreath的名词复数 ); 花圈; （烟、云等的）圈状物; 环状物
wreck	rek	n. 失事, 残骸, 破坏
wrecked	rekt	a. 失事的（船）；迷幻的, 兴奋的
wrecker	'rekә	n. 寻觅失事船只者, 拆卸旧建筑物者, 破坏分子, 打捞者, 打捞船, 救险车
wreckest	rek	n.
wrecking	'rekiŋ	n. 失事, 营救难船
wrecks	reks	n. 沉船( wreck的名词复数 ); （事故中）遭严重毁坏的汽车（或飞机等）; （身体或精神上）受到严重损伤的人; 
wrench	'rentʃ	n. 扳钳, 扳手, 扭伤, 歪曲, 痛苦
wrenched	rentʃt	v. （猛力地）扭( wrench的过去式和过去分词 ); 扭伤; 使感到痛苦; 使悲痛
wrenches	rentʃiz	n. 一拧( wrench的名词复数 ); （身体关节的）扭伤; 扳手; （尤指离别的）悲痛
wrenching	'rentʃiŋ	n. 苗木铲根；修截苗根
wrestle	'resl	n. 摔跤, 角力, 扭斗
wrestled	ˈresld	v. （与某人）搏斗( wrestle的过去式和过去分词 ); 扭成一团; 扭打; <体>（与…）摔跤
wrestler	'reslә	n. 摔跤选手
wrestles	ˈreslz	v. （与某人）搏斗( wrestle的第三人称单数 ); 扭成一团; 扭打; <体>（与…）摔跤
wretched	'retʃid	a. 可怜的, 不幸的, 卑鄙的
wretcheder	'retʃɪd	adj.
wretchedest		肮脏的（wretched的最高级）; 讨厌的; 不幸的，悲惨的，可怜的
wring	riŋ	n. 扭绞, 拧, 挤
wringed	rɪŋ	vt. 拧；绞；紧握；使痛苦；折磨
wringer	'riŋә	n. 绞扭的人, 绞拧机, 勒索者
wringes	网络	(wringe 的复数)
wringest	rɪŋ	vt.
wringing	机	[原型] wringing 是 wring 的现在分词
wrings	riŋz	v. 绞( wring的第三人称单数 ); 握紧（尤指别人的手）; 把（湿衣服）拧干; 绞掉（水）
wrinkle	'riŋkl	n. 皱纹, 妙计, 方法, 技巧
wrinkled	'riŋkld	a. 具皱的, 有皱纹的
wrinkler	'riŋkl	n.
wrinkles		n. 皱纹；皱褶（wrinkle的复数形式）
wrist	rist	n. 手腕, 腕关节
wrister	'rɪstər	护腕
wristies	'risti	wristy
wrists	rɪsts	n. 腕, 腕关节( wrist的复数形式 )
write	rait	vt. 书写, 著述, 写, 写满, 写信给
writed		(writ 的过去时) n. 令状, 文书, 文件, 书面命令
writer	'raitә	n. 作家, 撰稿者, 抄写员
writers		n. 作家；作者（writer的复数）
writes	raits	v. 写( write的第三人称单数 ); 写信
writest	raɪt	vt.
wrong	rɒŋ	a. 错误的, 不正当的, 失常的
wronged	rɒŋd	a. 被委屈, 被伤害, 被错怪
wronger		a. 不确实的( wrong的比较级 ); 不道德的; 出错; 不合要求的
wrongest		不确实的( wrong的最高级 )；不道德的；出错；不合要求的
wronging	rɔŋɪŋ	v. 不公正（或不诚实）对待, 冤枉( wrong的现在分词 )
wrongs	rɔŋz	n. 罪过( wrong的名词复数 ); 不义的行为; 不义行为; 犯罪
wwf		abbr. 世界野生动物基金（World Wildlife Fund）；世界摔跤联合会（World Wrestling 
xerox	'ziәrɒks	v. 静电复印
xeroxed		v. 复印, 影印( Xerox的过去式和过去分词 )
xeroxer	ˈzɪərɒks	n.
xeroxes		(xerox 的复数) vt. 静电复印
xeroxing		n. 复印的
x-ray	'eks'rei	a. X射线的
yacht	jɒt	n. 快艇, 游艇
yachted	jɒt	n. 快艇
yachter	'jɒtər	n. 乘快艇者
yachties		(yachty 的复数) adj.似快艇的, 适合游艇的
yachting	'jɔtiŋ	n. 驾帆船, 风帆比赛, 乘游艇航行, 驾驶快艇
yachts	jɔts	n. 快艇, 帆船, 游艇( yacht的名词复数 )
yak	jæk	n. 牦牛, 饶舌, 连篇废话
yakked		<非正, 贬>没完没了地谈些无关要紧的事, 喋喋不休, 唠叨( yak的过去式和过去分词 )
yakking		(yak 的现在分词) n. 牦牛, 饶舌, 连篇废话
yaks	'jæks	n. 牦牛( yak的复数形式 ); 笑话
yard	jɑ:d	n. 码, 庭院, 工场
yarded	jɑː(r)d	n. 围场；(学校的)运动场；场地；工作场
yarder	'jɑ:dә	蒸汽集材机, 集材绞盘机
yardies		n. 亚迪（牙买加人贩毒运毒集团成员）( Yardie的名词复数 )
yarding	'jɑ:diŋ	堆置成方, 集材(机)
yards		n. 码数（yard复数形式）
yawn	jɒ:n	n. 哈欠
yawned	jɔ:nd	v. 打呵欠( yawn的过去式和过去分词 ); 张开, 裂开
yawner		n. 哈欠；裂口 (yawn的变形)
yawnest	jɔːn	vi.
yawning	'jɔ:niŋ	a. 打着呵欠的, 裂着大口的
yawns	jɔ:nz	n. 乏味或枯燥的事物( yawn的名词复数 )
yeah	jɑ:	adv. (非正式)是, 是的
year	jiә	n. 年, 年度, 年龄
yeared	jɪə; jɜː	n. ☉年(格里历一年有365天,闰年有366天) (calendar year 历年;civil year 民用年)[
yeares	网络	[原型] yeares 是 yeare 的复数
yearlies		每年的, 一年一度的( yearly的名词复数 )；每年, 一年一度
yearly	'jiәli	a. 每年的, 一年一度的
yearn	jә:n	vi. 渴望, 想念, 怀念, 同情
yearned	jə:nd	v. 渴望, 切盼, 向往( yearn的过去式和过去分词 )
yearner		n. 向往型；思念者
yearnest	jɜːn	vi.
yearning	'jә:niŋ	n. 渴望, 热望, 怀念
yearns	jə:nz	v. 渴望, 切盼, 向往( yearn的第三人称单数 )
years		n. 年代；岁月；年；年龄
yeast	ji:st	n. 酵母
yeasted		酵母( yeast的过去分词 )；酵母菌；发面饼；发酵粉
yeasting		酵母( yeast的现在分词 )；酵母菌；发面饼；发酵粉
yeasts	ji:sts	n. 酵母( yeast的复数形式 ); 酵母菌; 发面饼; 发酵粉
yell	jel	vi. 叫喊, 大叫, (齐声)呐喊欢呼
yelled	jeld	v. 叫喊, 号叫, 叫着说( yell的过去式和过去分词 )
yeller		n. yell的变形
yelling	jelɪŋ	v. 叫喊, 号叫, 叫着说( yell的现在分词 )
yellow	'jelәu	n. 黄色
yellowed	ˈjeləud	v. （使某物）变黄或发黄( yellow的过去式和过去分词 )
yellower	'jeləʊ	a. 黄(色)的；(因年代久远、旧纸)泛黄的
yellowest	'jeləʊ	a. 黄(色)的；(因年代久远、旧纸)泛黄的
yellowing		n. 黄变；黄化, 泛黄
yellows	医	[原型] yellows 是 yellow 的第三人称单数
yells	jelz	v. 叫喊, 号叫, 叫着说( yell的第三人称单数 )
yes	jes	adv. 是
yeses	ˈjesɪz	n. 表示同意的答覆, 表示同意的人( yes的复数形式 )
yess	jes	adv. [no的对立面, 用于表示一致、同意、赞成、答应、肯定、确认]是, 是的；[用于进一步强调]不仅…而且：
yessed	jes	adv. 是, 是的
yessing	jes	adv. 是, 是的
yesterday	'jestәdi	n. 昨天
yesterdays	ˈjestədiz	n. 昨天( yesterday的复数形式 )
yet	jet	adv. 还, 尚, 仍然, 已经, 然而
yield	ji:ld	n. 生产量, 投资收益
yielded		vt. 屈服, 投降（yield的过去式与过去分词形式）
yielder	'ji:ldә(r)	n. 让步者, 屈服者,提供产品的人
yieldest	jiːld	vt.
yielding	'ji:ldiŋ	a. 生产的, 屈从的, 柔顺的, 易弯曲的
yields		n. 生产量, 投资效益（yield的复数形式）
yogurt	'jɔ^әt	n. 酸乳酪
yogurts		(yogurt 的复数) n. 酸乳酪
yoke	jәuk	n. 轭, 牛轭, 束缚
yoked	'jəʊkt	vt. 结合（yoke的过去式形式）
yokes	'jəʊks	n. 轭( yoke的名词复数 ); 奴役; 轭形扁担; 上衣抵肩
yokest	jəuk	n.
yolk	jәuk	n. 蛋黄, 卵黄
yolked		(yolk 的过去分词) n. 蛋黄, 卵黄
yolker	jəʊk	n. 蛋黄；【胚胎学】卵黄[亦作 hoke]
yolks		n. 蛋黄( yolk的复数形式 )
you	ju:	pron. 你, 你们
youd		n. (Youd)人名；(葡)约德
youed	juː	pron.
youing	juː	pron. [所有格] your,yours,[宾语]you, [复数] you；你，你们
young	jʌŋ	a. 年轻的, 无经验的, 朝气蓬勃的
younged	jʌŋ	adj.
younger	'jʌŋgә	n. 年纪较小者
youngerer	'jʌŋɡə	adj. young的变形
youngerest	'jʌŋɡə	adj. young的变形
youngers		na. 年幼的人们；孩子们
younges	人名	(younge 的复数)
youngest	'jʌŋ^ist	n. 年纪最小的人, 最小的儿子/女儿
youngs		n. 扬斯（姓氏）
youngster	'jʌŋstә	n. 小孩, 年轻人, 少年
youngsters	'jʌŋstəz	n. 孩子( youngster的复数形式 ); 少年; 青年; 年轻人
your	juә	pron. 你的, 你们的
youres		short. you are
yours	juәz	pron. 你的(东西), 你们的(东西)
yourself	juә'self	pron. 你自己
yourselfs	jɔː'self; jʊə-; jə-	pron.
yous		n. 你们
youth	ju:θ	n. 年轻, 青年时代, 青年们, 青春
youths		年轻, 青年时代, 青年们, 青春
yum	jʌm	int. 极好的；妙的；美味的
yummer	jʌm	yum
zero	'ziәrәu	n. 零, 零点, 零度, 无, 乌有, 最低点
zeroed	ˈziərəud	[医]调了零点的
zeroes		零号, 零, 零点, 最低点, 零度, 零位, 无, 乌有, 无足轻重的人, 没价值的东西
zeroing	ziәrәuiŋ	[计] 调零, 填零, 补零
zeros	'zɪərəʊ	n. 零点, 零度
zimbabwe	zim'bɑ:bwei	n. 津巴布韦
zimbabwes	网络	[原型] zimbabwes 是 zimbabwe 的复数
zinc	ziŋk	n. 锌
zinced	'zɪŋkt	v. <化>锌( zinc的过去式和过去分词 )
zincing	'zɪŋkɪŋ	v. <化>锌( zinc的现在分词 )
zincs	ziŋks	n. <化>锌( zinc的名词复数 )
zip	zip	n. 尖啸声, 拉链, 活力
zipped		a. 用拉链扣上的
zipper	'zipә	n. 拉链
zippered		a. 装有拉链的, 拉链式的
zippering		拉上拉链( zipper的现在分词 )；用拉链扣上
zippers	'zɪpəz	n. <美>拉链( zipper的复数形式 ); 用拉链的人, 装拉链的包
zipping	'zɪpɪŋ	v. 用拉链拉上或扣上( zip的现在分词 ); （使沿某方向）快速移动
zips	zips	n. 拉链( zip的名词复数 ); 能量; 速度; 零
zone	zәun	n. 地带, 带, 地区
zoned	zәund	a. 佩带象征处女的环带的, 划成区带的, 处女(般)的
zoner	'zәunә	区域提纯器
zones		n. 区域；尺度, 地带（zone的复数）
zoo	zu:	n. 动物园
zoom	zu:m	n. 急速上升, 变焦摄影, 嗡嗡声
zoomed	zu:md	v. （飞机、汽车等）急速移动( zoom的过去式 ); （价格、费用等）急升, 猛涨
zoomer	'zu:mər	可变焦距镜头
zoomies	'zuːmɪ	adj. 【摄影术】使用变焦镜头拍摄的
zooming	'zu:miŋ	n. 动能攒升
zooms	zu:mz	n. 嗡嗡声( zoom的名词复数 ); 隆隆声; （车辆等）疾驰的声音; 变焦
zoos	zu:z	n. 动物园( zoo的复数形式 )